profile,POSIX_OPENS_mean,POSIX_OPENS_std,POSIX_OPENS_min,POSIX_OPENS_max,POSIX_OPENS_count,POSIX_READS_mean,POSIX_READS_std,POSIX_READS_min,POSIX_READS_max,POSIX_READS_count,POSIX_WRITES_mean,POSIX_WRITES_std,POSIX_WRITES_min,POSIX_WRITES_max,POSIX_WRITES_count,POSIX_SEEKS_mean,POSIX_SEEKS_std,POSIX_SEEKS_min,POSIX_SEEKS_max,POSIX_SEEKS_count,POSIX_MMAPS_mean,POSIX_MMAPS_std,POSIX_MMAPS_min,POSIX_MMAPS_max,POSIX_MMAPS_count,POSIX_FSYNCS_mean,POSIX_FSYNCS_std,POSIX_FSYNCS_min,POSIX_FSYNCS_max,POSIX_FSYNCS_count,POSIX_BYTES_READ_mean,POSIX_BYTES_READ_std,POSIX_BYTES_READ_min,POSIX_BYTES_READ_max,POSIX_BYTES_READ_count,POSIX_BYTES_WRITTEN_mean,POSIX_BYTES_WRITTEN_std,POSIX_BYTES_WRITTEN_min,POSIX_BYTES_WRITTEN_max,POSIX_BYTES_WRITTEN_count,POSIX_CONSEC_READS_mean,POSIX_CONSEC_READS_std,POSIX_CONSEC_READS_min,POSIX_CONSEC_READS_max,POSIX_CONSEC_READS_count,POSIX_CONSEC_WRITES_mean,POSIX_CONSEC_WRITES_std,POSIX_CONSEC_WRITES_min,POSIX_CONSEC_WRITES_max,POSIX_CONSEC_WRITES_count,POSIX_SEQ_READS_mean,POSIX_SEQ_READS_std,POSIX_SEQ_READS_min,POSIX_SEQ_READS_max,POSIX_SEQ_READS_count,POSIX_SEQ_WRITES_mean,POSIX_SEQ_WRITES_std,POSIX_SEQ_WRITES_min,POSIX_SEQ_WRITES_max,POSIX_SEQ_WRITES_count,POSIX_RW_SWITCHES_mean,POSIX_RW_SWITCHES_std,POSIX_RW_SWITCHES_min,POSIX_RW_SWITCHES_max,POSIX_RW_SWITCHES_count,POSIX_MEM_ALIGNMENT_mean,POSIX_MEM_ALIGNMENT_std,POSIX_MEM_ALIGNMENT_min,POSIX_MEM_ALIGNMENT_max,POSIX_MEM_ALIGNMENT_count,POSIX_FILE_NOT_ALIGNED_mean,POSIX_FILE_NOT_ALIGNED_std,POSIX_FILE_NOT_ALIGNED_min,POSIX_FILE_NOT_ALIGNED_max,POSIX_FILE_NOT_ALIGNED_count,POSIX_FILE_ALIGNMENT_mean,POSIX_FILE_ALIGNMENT_std,POSIX_FILE_ALIGNMENT_min,POSIX_FILE_ALIGNMENT_max,POSIX_FILE_ALIGNMENT_count,POSIX_MAX_READ_TIME_SIZE_mean,POSIX_MAX_READ_TIME_SIZE_std,POSIX_MAX_READ_TIME_SIZE_min,POSIX_MAX_READ_TIME_SIZE_max,POSIX_MAX_READ_TIME_SIZE_count,POSIX_MAX_WRITE_TIME_SIZE_mean,POSIX_MAX_WRITE_TIME_SIZE_std,POSIX_MAX_WRITE_TIME_SIZE_min,POSIX_MAX_WRITE_TIME_SIZE_max,POSIX_MAX_WRITE_TIME_SIZE_count,POSIX_SIZE_READ_1K_10K_mean,POSIX_SIZE_READ_1K_10K_std,POSIX_SIZE_READ_1K_10K_min,POSIX_SIZE_READ_1K_10K_max,POSIX_SIZE_READ_1K_10K_count,POSIX_SIZE_READ_1M_4M_mean,POSIX_SIZE_READ_1M_4M_std,POSIX_SIZE_READ_1M_4M_min,POSIX_SIZE_READ_1M_4M_max,POSIX_SIZE_READ_1M_4M_count,POSIX_SIZE_WRITE_1K_10K_mean,POSIX_SIZE_WRITE_1K_10K_std,POSIX_SIZE_WRITE_1K_10K_min,POSIX_SIZE_WRITE_1K_10K_max,POSIX_SIZE_WRITE_1K_10K_count,POSIX_SIZE_WRITE_1M_4M_mean,POSIX_SIZE_WRITE_1M_4M_std,POSIX_SIZE_WRITE_1M_4M_min,POSIX_SIZE_WRITE_1M_4M_max,POSIX_SIZE_WRITE_1M_4M_count,POSIX_STRIDE1_STRIDE_mean,POSIX_STRIDE1_STRIDE_std,POSIX_STRIDE1_STRIDE_min,POSIX_STRIDE1_STRIDE_max,POSIX_STRIDE1_STRIDE_count,POSIX_STRIDE2_STRIDE_mean,POSIX_STRIDE2_STRIDE_std,POSIX_STRIDE2_STRIDE_min,POSIX_STRIDE2_STRIDE_max,POSIX_STRIDE2_STRIDE_count,POSIX_STRIDE3_STRIDE_mean,POSIX_STRIDE3_STRIDE_std,POSIX_STRIDE3_STRIDE_min,POSIX_STRIDE3_STRIDE_max,POSIX_STRIDE3_STRIDE_count,POSIX_STRIDE4_STRIDE_mean,POSIX_STRIDE4_STRIDE_std,POSIX_STRIDE4_STRIDE_min,POSIX_STRIDE4_STRIDE_max,POSIX_STRIDE4_STRIDE_count,POSIX_STRIDE1_COUNT_mean,POSIX_STRIDE1_COUNT_std,POSIX_STRIDE1_COUNT_min,POSIX_STRIDE1_COUNT_max,POSIX_STRIDE1_COUNT_count,POSIX_STRIDE2_COUNT_mean,POSIX_STRIDE2_COUNT_std,POSIX_STRIDE2_COUNT_min,POSIX_STRIDE2_COUNT_max,POSIX_STRIDE2_COUNT_count,POSIX_STRIDE3_COUNT_mean,POSIX_STRIDE3_COUNT_std,POSIX_STRIDE3_COUNT_min,POSIX_STRIDE3_COUNT_max,POSIX_STRIDE3_COUNT_count,POSIX_STRIDE4_COUNT_mean,POSIX_STRIDE4_COUNT_std,POSIX_STRIDE4_COUNT_min,POSIX_STRIDE4_COUNT_max,POSIX_STRIDE4_COUNT_count,POSIX_F_READ_TIME_mean,POSIX_F_READ_TIME_std,POSIX_F_READ_TIME_min,POSIX_F_READ_TIME_max,POSIX_F_READ_TIME_count,POSIX_F_WRITE_TIME_mean,POSIX_F_WRITE_TIME_std,POSIX_F_WRITE_TIME_min,POSIX_F_WRITE_TIME_max,POSIX_F_WRITE_TIME_count,POSIX_F_META_TIME_mean,POSIX_F_META_TIME_std,POSIX_F_META_TIME_min,POSIX_F_META_TIME_max,POSIX_F_META_TIME_count,POSIX_F_MAX_READ_TIME_mean,POSIX_F_MAX_READ_TIME_std,POSIX_F_MAX_READ_TIME_min,POSIX_F_MAX_READ_TIME_max,POSIX_F_MAX_READ_TIME_count,POSIX_F_MAX_WRITE_TIME_mean,POSIX_F_MAX_WRITE_TIME_std,POSIX_F_MAX_WRITE_TIME_min,POSIX_F_MAX_WRITE_TIME_max,POSIX_F_MAX_WRITE_TIME_count,POSIX_OPEN_DURATION_mean,POSIX_OPEN_DURATION_std,POSIX_OPEN_DURATION_min,POSIX_OPEN_DURATION_max,POSIX_OPEN_DURATION_count,POSIX_READ_DURATION_mean,POSIX_READ_DURATION_std,POSIX_READ_DURATION_min,POSIX_READ_DURATION_max,POSIX_READ_DURATION_count,POSIX_WRITE_DURATION_mean,POSIX_WRITE_DURATION_std,POSIX_WRITE_DURATION_min,POSIX_WRITE_DURATION_max,POSIX_WRITE_DURATION_count,POSIX_CLOSE_DURATION_mean,POSIX_CLOSE_DURATION_std,POSIX_CLOSE_DURATION_min,POSIX_CLOSE_DURATION_max,POSIX_CLOSE_DURATION_count,POSIX_READ_BW_MBps_mean,POSIX_READ_BW_MBps_std,POSIX_READ_BW_MBps_min,POSIX_READ_BW_MBps_max,POSIX_READ_BW_MBps_count,POSIX_WRITE_BW_MBps_mean,POSIX_WRITE_BW_MBps_std,POSIX_WRITE_BW_MBps_min,POSIX_WRITE_BW_MBps_max,POSIX_WRITE_BW_MBps_count,POSIX_TOTAL_BW_MBps_mean,POSIX_TOTAL_BW_MBps_std,POSIX_TOTAL_BW_MBps_min,POSIX_TOTAL_BW_MBps_max,POSIX_TOTAL_BW_MBps_count,POSIX_READ_LATENCY_ms_mean,POSIX_READ_LATENCY_ms_std,POSIX_READ_LATENCY_ms_min,POSIX_READ_LATENCY_ms_max,POSIX_READ_LATENCY_ms_count,POSIX_WRITE_LATENCY_ms_mean,POSIX_WRITE_LATENCY_ms_std,POSIX_WRITE_LATENCY_ms_min,POSIX_WRITE_LATENCY_ms_max,POSIX_WRITE_LATENCY_ms_count,POSIX_OPEN_LATENCY_ms_mean,POSIX_OPEN_LATENCY_ms_std,POSIX_OPEN_LATENCY_ms_min,POSIX_OPEN_LATENCY_ms_max,POSIX_OPEN_LATENCY_ms_count,POSIX_CLOSE_LATENCY_ms_mean,POSIX_CLOSE_LATENCY_ms_std,POSIX_CLOSE_LATENCY_ms_min,POSIX_CLOSE_LATENCY_ms_max,POSIX_CLOSE_LATENCY_ms_count,POSIX_READ_DENSITY_mean,POSIX_READ_DENSITY_std,POSIX_READ_DENSITY_min,POSIX_READ_DENSITY_max,POSIX_READ_DENSITY_count,POSIX_WRITE_DENSITY_mean,POSIX_WRITE_DENSITY_std,POSIX_WRITE_DENSITY_min,POSIX_WRITE_DENSITY_max,POSIX_WRITE_DENSITY_count,POSIX_MEAN_READ_SIZE_mean,POSIX_MEAN_READ_SIZE_std,POSIX_MEAN_READ_SIZE_min,POSIX_MEAN_READ_SIZE_max,POSIX_MEAN_READ_SIZE_count,POSIX_MEAN_WRITE_SIZE_mean,POSIX_MEAN_WRITE_SIZE_std,POSIX_MEAN_WRITE_SIZE_min,POSIX_MEAN_WRITE_SIZE_max,POSIX_MEAN_WRITE_SIZE_count,POSIX_SEQ_READ_RATIO_mean,POSIX_SEQ_READ_RATIO_std,POSIX_SEQ_READ_RATIO_min,POSIX_SEQ_READ_RATIO_max,POSIX_SEQ_READ_RATIO_count,POSIX_SEQ_WRITE_RATIO_mean,POSIX_SEQ_WRITE_RATIO_std,POSIX_SEQ_WRITE_RATIO_min,POSIX_SEQ_WRITE_RATIO_max,POSIX_SEQ_WRITE_RATIO_count,POSIX_SEEK_RATE_mean,POSIX_SEEK_RATE_std,POSIX_SEEK_RATE_min,POSIX_SEEK_RATE_max,POSIX_SEEK_RATE_count,POSIX_OPENS_cv,POSIX_READS_cv,POSIX_WRITES_cv,POSIX_SEEKS_cv,POSIX_MMAPS_cv,POSIX_FSYNCS_cv,POSIX_BYTES_READ_cv,POSIX_BYTES_WRITTEN_cv,POSIX_CONSEC_READS_cv,POSIX_CONSEC_WRITES_cv,POSIX_SEQ_READS_cv,POSIX_SEQ_WRITES_cv,POSIX_RW_SWITCHES_cv,POSIX_MEM_ALIGNMENT_cv,POSIX_FILE_NOT_ALIGNED_cv,POSIX_FILE_ALIGNMENT_cv,POSIX_MAX_READ_TIME_SIZE_cv,POSIX_MAX_WRITE_TIME_SIZE_cv,POSIX_SIZE_READ_1K_10K_cv,POSIX_SIZE_READ_1M_4M_cv,POSIX_SIZE_WRITE_1K_10K_cv,POSIX_SIZE_WRITE_1M_4M_cv,POSIX_STRIDE1_STRIDE_cv,POSIX_STRIDE2_STRIDE_cv,POSIX_STRIDE3_STRIDE_cv,POSIX_STRIDE4_STRIDE_cv,POSIX_STRIDE1_COUNT_cv,POSIX_STRIDE2_COUNT_cv,POSIX_STRIDE3_COUNT_cv,POSIX_STRIDE4_COUNT_cv,POSIX_F_READ_TIME_cv,POSIX_F_WRITE_TIME_cv,POSIX_F_META_TIME_cv,POSIX_F_MAX_READ_TIME_cv,POSIX_F_MAX_WRITE_TIME_cv,POSIX_OPEN_DURATION_cv,POSIX_READ_DURATION_cv,POSIX_WRITE_DURATION_cv,POSIX_CLOSE_DURATION_cv,POSIX_READ_BW_MBps_cv,POSIX_WRITE_BW_MBps_cv,POSIX_TOTAL_BW_MBps_cv,POSIX_READ_LATENCY_ms_cv,POSIX_WRITE_LATENCY_ms_cv,POSIX_OPEN_LATENCY_ms_cv,POSIX_CLOSE_LATENCY_ms_cv,POSIX_READ_DENSITY_cv,POSIX_WRITE_DENSITY_cv,POSIX_MEAN_READ_SIZE_cv,POSIX_MEAN_WRITE_SIZE_cv,POSIX_SEQ_READ_RATIO_cv,POSIX_SEQ_WRITE_RATIO_cv,POSIX_SEEK_RATE_cv
large_contiguous_mixed_freq_102mb,3.0,0.0,3,3,3,6.0,0.0,6,6,3,13.0,0.0,13,13,3,19.0,0.0,19,19,3,-3.0,0.0,-3,-3,3,0.0,0.0,0,0,3,25165824.0,0.0,25165824,25165824,3,54525952.0,0.0,54525952,54525952,3,5.0,0.0,5,5,3,11.0,0.0,11,11,3,5.0,0.0,5,5,3,11.0,0.0,11,11,3,0.0,0.0,0,0,3,8.0,0.0,8,8,3,0.0,0.0,0,0,3,524288.0,0.0,524288,524288,3,4194304.0,0.0,4194304,4194304,3,4194304.0,0.0,4194304,4194304,3,0.0,0.0,0,0,3,6.0,0.0,6,6,3,0.0,0.0,0,0,3,13.0,0.0,13,13,3,0.0,0.0,0,0,3,0.0,0.0,0,0,3,0.0,0.0,0,0,3,0.0,0.0,0,0,3,0.0,0.0,0,0,3,0.0,0.0,0,0,3,0.0,0.0,0,0,3,0.0,0.0,0,0,3,0.088904857635498,0.00011790829267293368,0.088768720626831,0.0889744758605957,3,0.20908745129903153,0.0019630897657746437,0.2068266868591308,0.2103607654571533,3,0.010298887888590432,0.0010142209031885835,0.0091676712036132,0.0111269950866699,3,0.0158127943674723,0.00013024930120119209,0.0156624317169189,0.0158908367156982,3,0.02354296048482253,0.00010547545603942754,0.0234262943267822,0.0236315727233886,3,0.0040260155995687,0.0005574463637203361,0.0034410953521728004,0.0045511722564698,3,0.09289916356404616,0.0011918782120353658,0.0916566848754882,0.0940330028533935,3,0.1165254116058349,0.0018289177937516623,0.1144163608551025,0.1176741123199462,3,0.0250488122304281,0.002252743479055205,0.0228798389434815,0.027376890182495103,3,258.37303327657486,3.320910263385558,255.22953932906205,261.8466948985009,3,446.3285553762675,7.0686350063430545,441.8983833811832,454.48045726478824,3,362.92472639836006,3.7279433117192893,358.98651747142924,366.3989701149427,3,15.483193927341027,0.19864636867256097,15.276114145914699,15.672167142232249,3,8.963493200448838,0.14068598413474256,8.801258527315577,9.051854793842015,3,1.3420051998562335,0.18581545457344545,1.1470317840576,1.5170574188232668,3,8.349604076809367,0.7509144930184012,7.626612981160501,9.125630060831702,3,270923761.74101776,3482226.8003397747,267627569.43151057,274566159.9498905,3,468009411.2822251,7412001.020411175,463364039.25230753,476557299.9568826,3,4194304.0,0.0,4194304.0,4194304.0,3,4194304.0,0.0,4194304.0,4194304.0,3,0.8333333333333334,0.0,0.8333333333333334,0.8333333333333334,3,0.8461538461538461,0.0,0.8461538461538461,0.8461538461538461,3,1.0,0.0,1.0,1.0,3,0.0,0.0,0.0,0.0,-0.0,,0.0,0.0,0.0,0.0,0.0,0.0,,0.0,,0.0,0.0,0.0,,0.0,,0.0,,,,,,,,,0.0013262300374670996,0.009388845449969558,0.09847868179167023,0.008236956617175857,0.004480127132160143,0.13846105409528328,0.012829805633434643,0.015695441608378588,0.08993414371635074,0.012853161265598089,0.015837290536752677,0.010271946330896606,0.012829805633434643,0.01569544160837851,0.13846105409528334,0.08993414371635068,0.012853161265598089,0.015837290536752677,0.0,0.0,0.0,0.0,0.0
large_contiguous_mixed_freq_10gb,3.0,0.0,3,3,3,640.0,0.0,640,640,3,1280.0,0.0,1280,1280,3,1920.0,0.0,1920,1920,3,-3.0,0.0,-3,-3,3,0.0,0.0,0,0,3,2684354560.0,0.0,2684354560,2684354560,3,5368709120.0,0.0,5368709120,5368709120,3,639.0,0.0,639,639,3,1278.0,0.0,1278,1278,3,639.0,0.0,639,639,3,1278.0,0.0,1278,1278,3,0.0,0.0,0,0,3,8.0,0.0,8,8,3,0.0,0.0,0,0,3,524288.0,0.0,524288,524288,3,4194304.0,0.0,4194304,4194304,3,4194304.0,0.0,4194304,4194304,3,0.0,0.0,0,0,3,640.0,0.0,640,640,3,0.0,0.0,0,0,3,1280.0,0.0,1280,1280,3,0.0,0.0,0,0,3,0.0,0.0,0,0,3,0.0,0.0,0,0,3,0.0,0.0,0,0,3,0.0,0.0,0,0,3,0.0,0.0,0,0,3,0.0,0.0,0,0,3,0.0,0.0,0,0,3,9.225676933924357,0.00741736566189578,9.221370220184326,9.234241724014282,3,19.115265528361004,0.11580480772876177,19.03701400756836,19.24829697608948,3,0.0143386522928873,0.00438041481002001,0.0110723972320556,0.0193164348602294,3,0.0158016681671142,0.0004336694360744202,0.0153453350067138,0.0162084102630615,3,0.034813165664672796,0.01926986851011515,0.0235919952392578,0.0570638179779052,3,0.0038776397705078,0.0008934781979093119,0.0032649040222168003,0.0049028396606445,3,9.232354402542114,0.007991737870408869,9.227608680725098,9.241581201553345,3,9.603306214014689,0.09429885748925396,9.540969371795654,9.711791276931764,3,0.37270474433898865,0.08637992533522654,0.31519365310668945,0.47203540802001953,3,277.2858543502577,0.23990525098258192,277.00887371629756,277.4283228272785,3,533.1838046123707,5.207025840197418,527.1941966217335,536.6331030403876,3,407.74521530828287,2.207236660892769,405.2049316668018,409.1945579739069,3,14.425553753972054,0.012487090422513857,14.418138563632965,14.439970627427101,3,7.502582979698976,0.07367098241348045,7.453882321715355,7.587336935102941,3,1.2925465901692668,0.2978260659697706,1.0883013407389335,1.6342798868815,3,124.2349147796629,28.79330844507551,105.06455103556316,157.3451360066732,3,290755292.0111758,251558.88845431182,290464856.7659404,290904681.0369364,3,559083741.1052213,5459962.327410848,552803181.9168308,562700592.6536775,3,4194304.0,0.0,4194304.0,4194304.0,3,4194304.0,0.0,4194304.0,4194304.0,3,0.9984375,0.0,0.9984375,0.9984375,3,0.9984375,0.0,0.9984375,0.9984375,3,1.0,0.0,1.0,1.0,3,0.0,0.0,0.0,0.0,-0.0,,0.0,0.0,0.0,0.0,0.0,0.0,,0.0,,0.0,0.0,0.0,,0.0,,0.0,,,,,,,,,0.00080399148106096,0.006058236939316594,0.3054969686511555,0.027444535063516632,0.5535224430816285,0.2304180508733295,0.000865622951845128,0.009819415874882538,0.2317650275378862,0.0008651910914991793,0.009765911483344793,0.005413274216409748,0.000865622951845128,0.009819415874882645,0.23041805087332945,0.23176502753788614,0.0008651910914991793,0.009765911483344793,0.0,0.0,0.0,0.0,0.0
large_contiguous_mixed_freq_1gb,3.0,0.0,3,3,3,64.0,0.0,64,64,3,128.0,0.0,128,128,3,192.0,0.0,192,192,3,-3.0,0.0,-3,-3,3,0.0,0.0,0,0,3,268435456.0,0.0,268435456,268435456,3,536870912.0,0.0,536870912,536870912,3,63.0,0.0,63,63,3,126.0,0.0,126,126,3,63.0,0.0,63,63,3,126.0,0.0,126,126,3,0.0,0.0,0,0,3,8.0,0.0,8,8,3,0.0,0.0,0,0,3,524288.0,0.0,524288,524288,3,4194304.0,0.0,4194304,4194304,3,4194304.0,0.0,4194304,4194304,3,0.0,0.0,0,0,3,64.0,0.0,64,64,3,0.0,0.0,0,0,3,128.0,0.0,128,128,3,0.0,0.0,0,0,3,0.0,0.0,0,0,3,0.0,0.0,0,0,3,0.0,0.0,0,0,3,0.0,0.0,0,0,3,0.0,0.0,0,0,3,0.0,0.0,0,0,3,0.0,0.0,0,0,3,0.9287106196085612,0.000745547909242395,0.928034782409668,0.9295103549957277,3,1.9290799299875891,0.019857557514166856,1.9162359237670896,1.9519517421722408,3,0.013887325922648033,0.005903213659266462,0.0104322433471679,0.0207035541534423,3,0.015287001927693633,0.00019503883315955092,0.0151336193084716,0.0155065059661865,3,0.033960183461507136,0.01774061151528878,0.0236997604370117,0.0544452667236328,3,0.0049404303232828675,0.0011328290209131225,0.0037894248962402,0.006054162979126001,3,0.9331023693084717,0.0012122524125059487,0.9320733547210692,0.934438705444336,3,0.979468584060669,0.021119324087115456,0.9648239612579346,1.0036780834197998,3,0.04825472831726082,0.021889302742308294,0.033588409423828236,0.07341527938842773,3,274.35391479349613,0.3562660462539209,273.96125450333216,274.656494259092,3,522.8926439871935,11.145184824891428,510.1237223946138,530.6667543086885,3,401.58388996902136,4.250936294724809,396.745152744198,404.7176995752458,3,14.57972452044487,0.01894144394540549,14.563646167516707,14.60060477256775,3,7.652098312973976,0.1649947194305895,7.537687197327614,7.841235026717186,3,1.6468101077609558,0.37760967363770737,1.2631416320800668,2.0180543263753337,3,16.08490943908694,7.296434247436099,11.196136474609412,24.471759796142578,3,287680930.558505,373572.02571675135,287269196.402086,287998208.1242217,3,548292677.0615155,11686573.322945355,534903492.3336546,556444422.5659873,3,4194304.0,0.0,4194304.0,4194304.0,3,4194304.0,0.0,4194304.0,4194304.0,3,0.984375,0.0,0.984375,0.984375,3,0.984375,0.0,0.984375,0.984375,3,1.0,0.0,1.0,1.0,3,0.0,0.0,0.0,0.0,-0.0,,0.0,0.0,0.0,0.0,0.0,0.0,,0.0,,0.0,0.0,0.0,,0.0,,0.0,,,,,,,,,0.0008027774136540328,0.010293797164897471,0.425079219148969,0.012758475081122505,0.5223944545351835,0.22929764145734752,0.0012991633633985485,0.021562022948770056,0.4536198525125349,0.0012985637420996137,0.021314480042990223,0.010585425364181644,0.0012991633633985514,0.021562022948770056,0.22929764145734746,0.45361985251253495,0.0012985637420996137,0.021314480042990223,0.0,0.0,0.0,0.0,0.0
large_contiguous_read_heavy_freq_102mb,1.0,0.0,1,1,3,25.0,0.0,25,25,3,0.0,0.0,0,0,3,25.0,0.0,25,25,3,-1.0,0.0,-1,-1,3,0.0,0.0,0,0,3,104857600.0,0.0,104857600,104857600,3,0.0,0.0,0,0,3,24.0,0.0,24,24,3,0.0,0.0,0,0,3,24.0,0.0,24,24,3,0.0,0.0,0,0,3,0.0,0.0,0,0,3,8.0,0.0,8,8,3,0.0,0.0,0,0,3,524288.0,0.0,524288,524288,3,4194304.0,0.0,4194304,4194304,3,0.0,0.0,0,0,3,0.0,0.0,0,0,3,25.0,0.0,25,25,3,0.0,0.0,0,0,3,0.0,0.0,0,0,3,0.0,0.0,0,0,3,0.0,0.0,0,0,3,0.0,0.0,0,0,3,0.0,0.0,0,0,3,0.0,0.0,0,0,3,0.0,0.0,0,0,3,0.0,0.0,0,0,3,0.0,0.0,0,0,3,0.3623918692270915,0.0001578299180177961,0.3622550964355469,0.3625645637512207,3,0.0,0.0,0.0,0.0,3,0.0031505425771076664,0.0002519167682531035,0.0028645992279052,0.0033397674560546,3,0.0152690410614013,4.0326583914198196e-05,0.0152387619018554,0.0153148174285888,3,0.0,0.0,0.0,0.0,3,0.0014262994130452332,0.0003447401845375683,0.0010302066802978,0.0016586780548095998,3,0.3624953428904216,0.00016336602722207835,0.3623530864715576,0.36267375946044933,3,0.0,0.0,0.0,0.0,3,0.0017075538635253722,0.00012519041526660554,0.0015716552734375,0.0018181800842285156,3,275.865650413546,0.12430688379229403,275.7299015753725,275.9739153149158,3,,,,,0,275.865650413546,0.12430688379229403,275.7299015753725,275.9739153149158,3,14.499813715616865,0.006534641088883269,14.494123458862305,14.506950378417974,3,,,,,0,1.426299413045233,0.34474018453756833,1.0302066802978,1.6586780548095998,3,1.7075538635253722,0.12519041526660551,1.5716552734375,1.8181800842285156,3,289266100.2480344,130345.2149793885,289123757.2742978,289379624.22525316,3,,,,,0,4194304.0,0.0,4194304.0,4194304.0,3,,,,,0,0.96,0.0,0.96,0.96,3,,,,,0,1.0,0.0,1.0,1.0,3,0.0,0.0,,0.0,-0.0,,0.0,,0.0,,0.0,,,0.0,,0.0,0.0,,,0.0,,,,,,,,,,,0.00043552279016197403,,0.0799598044106974,0.00264106853547863,,0.2417025355156865,0.00045067069253759245,,0.07331564639966355,0.00045060660363458615,,0.00045060660363458615,0.0004506706925376017,,0.24170253551568655,0.07331564639966354,0.00045060660363458615,,0.0,,0.0,,0.0
large_contiguous_read_heavy_freq_10gb,1.0,0.0,1,1,3,2560.0,0.0,2560,2560,3,0.0,0.0,0,0,3,2560.0,0.0,2560,2560,3,-1.0,0.0,-1,-1,3,0.0,0.0,0,0,3,10737418240.0,0.0,10737418240,10737418240,3,0.0,0.0,0,0,3,2559.0,0.0,2559,2559,3,0.0,0.0,0,0,3,2559.0,0.0,2559,2559,3,0.0,0.0,0,0,3,0.0,0.0,0,0,3,8.0,0.0,8,8,3,0.0,0.0,0,0,3,524288.0,0.0,524288,524288,3,4194304.0,0.0,4194304,4194304,3,0.0,0.0,0,0,3,0.0,0.0,0,0,3,2560.0,0.0,2560,2560,3,0.0,0.0,0,0,3,0.0,0.0,0,0,3,0.0,0.0,0,0,3,0.0,0.0,0,0,3,0.0,0.0,0,0,3,0.0,0.0,0,0,3,0.0,0.0,0,0,3,0.0,0.0,0,0,3,0.0,0.0,0,0,3,0.0,0.0,0,0,3,36.91528511047363,0.018796684878391753,36.90347671508789,36.93696069717407,3,0.0,0.0,0.0,0.0,3,0.00503937403361,0.0004805150251991069,0.0044875144958496,0.0053651332855224,3,0.017262061436971,0.001890275062492679,0.0151851177215576,0.0188817977905273,3,0.0,0.0,0.0,0.0,3,0.0017476876576741666,1.939463457787271e-05,0.0017259120941162003,0.0017631053924561002,3,36.92620635032654,0.018407969860319832,36.91444706916809,36.94742035865784,3,0.0,0.0,0.0,0.0,3,0.0014662742614722408,0.0005550509464563279,0.0008287429809499258,0.0018420219421386719,3,277.3098757793029,0.13820182006901294,277.15060755521665,277.3981682784764,3,,,,,0,277.3098757793029,0.13820182006901294,277.15060755521665,277.3981682784764,3,14.424299355596304,0.007190613226687435,14.419705886393785,14.432586077600718,3,,,,,0,1.7476876576741667,0.019394634577872633,1.7259120941162003,1.7631053924561002,3,1.4662742614722408,0.5550509464563278,0.8287429809499258,1.8420219421386719,3,290780480.3051583,144915.1116806853,290613475.46781886,290873061.7007717,3,,,,,0,4194304.0,0.0,4194304.0,4194304.0,3,,,,,0,0.999609375,0.0,0.999609375,0.999609375,3,,,,,0,1.0,0.0,1.0,1.0,3,0.0,0.0,,0.0,-0.0,,0.0,,0.0,,0.0,,,0.0,,0.0,0.0,,,0.0,,,,,,,,,,,0.0005091843344062036,,0.09535212548112562,0.10950459592526908,,0.011097311635011034,0.0004985069326017308,,0.3785451064925728,0.0004983660234985677,,0.0004983660234985677,0.0004985069326017308,,0.011097311635010989,0.3785451064925727,0.0004983660234985677,,0.0,,0.0,,0.0
large_contiguous_read_heavy_freq_1gb,1.0,0.0,1,1,3,256.0,0.0,256,256,3,0.0,0.0,0,0,3,256.0,0.0,256,256,3,-1.0,0.0,-1,-1,3,0.0,0.0,0,0,3,1073741824.0,0.0,1073741824,1073741824,3,0.0,0.0,0,0,3,255.0,0.0,255,255,3,0.0,0.0,0,0,3,255.0,0.0,255,255,3,0.0,0.0,0,0,3,0.0,0.0,0,0,3,8.0,0.0,8,8,3,0.0,0.0,0,0,3,524288.0,0.0,524288,524288,3,4194304.0,0.0,4194304,4194304,3,0.0,0.0,0,0,3,0.0,0.0,0,0,3,256.0,0.0,256,256,3,0.0,0.0,0,0,3,0.0,0.0,0,0,3,0.0,0.0,0,0,3,0.0,0.0,0,0,3,0.0,0.0,0,0,3,0.0,0.0,0,0,3,0.0,0.0,0,0,3,0.0,0.0,0,0,3,0.0,0.0,0,0,3,0.0,0.0,0,0,3,3.6942176818847656,0.0041256365994977295,3.689750671386719,3.697884798049927,3,0.0,0.0,0.0,0.0,3,0.0029135545094807337,0.00034297872344449834,0.0025234222412109,0.0031676292419433,3,0.015212853749593034,1.9039680403863502e-05,0.0151910781860351,0.0152263641357421,3,0.0,0.0,0.0,0.0,3,0.0013117790222168001,0.0006262787749486712,0.0006124973297119,0.0018210411071777001,3,3.6952943007151284,0.004111403795837256,3.6908254623413086,3.698916435241699,3,0.0,0.0,0.0,0.0,3,0.001424551010131836,0.00034726736171388503,0.0010528564453125,0.0017406940460200637,3,277.10941592596004,0.3084150336227595,276.83783019366547,277.4447099837705,3,,,,,0,277.10941592596004,0.3084150336227595,276.83783019366547,277.4447099837705,3,14.43474336216847,0.016060171077489294,14.417286962270737,14.448892325162888,3,,,,,0,1.3117790222168002,0.6262787749486712,0.6124973297119,1.8210411071777002,3,1.424551010131836,0.34726736171388506,1.0528564453125,1.7406940460200637,3,290570282.9139795,323396.6022960187,290285504.63315296,290921864.21594214,3,,,,,0,4194304.0,0.0,4194304.0,4194304.0,3,,,,,0,0.99609375,0.0,0.99609375,0.99609375,3,,,,,0,1.0,0.0,1.0,1.0,3,0.0,0.0,,0.0,-0.0,,0.0,,0.0,,0.0,,,0.0,,0.0,0.0,,,0.0,,,,,,,,,,,0.0011167822133840409,,0.11771831360231716,0.0012515521885151128,,0.4774270394188122,0.0011126052382462745,,0.24377320239430877,0.0011129720460497233,,0.0011129720460497233,0.0011126052382462754,,0.4774270394188122,0.24377320239430877,0.0011129720460497233,,0.0,,0.0,,0.0
large_contiguous_read_heavy_seldom_102mb,1.0,0.0,1,1,3,25.0,0.0,25,25,3,0.0,0.0,0,0,3,25.0,0.0,25,25,3,-1.0,0.0,-1,-1,3,0.0,0.0,0,0,3,104857600.0,0.0,104857600,104857600,3,0.0,0.0,0,0,3,24.0,0.0,24,24,3,0.0,0.0,0,0,3,24.0,0.0,24,24,3,0.0,0.0,0,0,3,0.0,0.0,0,0,3,8.0,0.0,8,8,3,0.0,0.0,0,0,3,524288.0,0.0,524288,524288,3,4194304.0,0.0,4194304,4194304,3,0.0,0.0,0,0,3,0.0,0.0,0,0,3,25.0,0.0,25,25,3,0.0,0.0,0,0,3,0.0,0.0,0,0,3,0.0,0.0,0,0,3,0.0,0.0,0,0,3,0.0,0.0,0,0,3,0.0,0.0,0,0,3,0.0,0.0,0,0,3,0.0,0.0,0,0,3,0.0,0.0,0,0,3,0.0,0.0,0,0,3,0.3627016544342041,0.0008733968969931303,0.3617177009582519,0.3633852005004883,3,0.0,0.0,0.0,0.0,3,0.0034065246582030665,0.00033918367584931787,0.0030181407928466,0.0036444664001464,3,0.0156064828236897,0.0004905299502283927,0.0150401592254638,0.0158984661102294,3,0.0,0.0,0.0,0.0,3,0.0017111301422119331,0.0001042565490715016,0.0015935897827149001,0.0017924308776854996,3,0.3628194332122803,0.0008839974813466345,0.3618264198303223,0.363520622253418,3,0.0,0.0,0.0,0.0,3,0.0016740163167317523,0.0003722773337441919,0.0012488365173339844,0.0019414424896240234,3,275.6202866545409,0.6722631757851268,275.08755728935745,276.3756169239791,3,,,,,0,275.6202866545409,0.6722631757851268,275.08755728935745,276.3756169239791,3,14.512777328491211,0.035359899253865616,14.473056793212892,14.54082489013672,3,,,,,0,1.7111301422119334,0.10425654907150159,1.5935897827149001,1.7924308776854996,3,1.6740163167317526,0.37227733374419186,1.2488365173339844,1.9414424896240234,3,289008817.6990719,704919.0318120652,288450210.4722453,289800838.89167833,3,,,,,0,4194304.0,0.0,4194304.0,4194304.0,3,,,,,0,0.96,0.0,0.96,0.96,3,,,,,0,1.0,0.0,1.0,1.0,3,0.0,0.0,,0.0,-0.0,,0.0,,0.0,,0.0,,,0.0,,0.0,0.0,,,0.0,,,,,,,,,,,0.00240803119124335,,0.09956883037160706,0.03143116586677671,,0.06092847440390004,0.0024364667391711093,,0.2223857258876685,0.0024390917807430236,,0.0024390917807430236,0.0024364667391711253,,0.06092847440390002,0.22238572588766845,0.0024390917807430236,,0.0,,0.0,,0.0
large_contiguous_read_heavy_seldom_10gb,1.0,0.0,1,1,3,2560.0,0.0,2560,2560,3,0.0,0.0,0,0,3,2560.0,0.0,2560,2560,3,-1.0,0.0,-1,-1,3,0.0,0.0,0,0,3,10737418240.0,0.0,10737418240,10737418240,3,0.0,0.0,0,0,3,2559.0,0.0,2559,2559,3,0.0,0.0,0,0,3,2559.0,0.0,2559,2559,3,0.0,0.0,0,0,3,0.0,0.0,0,0,3,8.0,0.0,8,8,3,0.0,0.0,0,0,3,524288.0,0.0,524288,524288,3,4194304.0,0.0,4194304,4194304,3,0.0,0.0,0,0,3,0.0,0.0,0,0,3,2560.0,0.0,2560,2560,3,0.0,0.0,0,0,3,0.0,0.0,0,0,3,0.0,0.0,0,0,3,0.0,0.0,0,0,3,0.0,0.0,0,0,3,0.0,0.0,0,0,3,0.0,0.0,0,0,3,0.0,0.0,0,0,3,0.0,0.0,0,0,3,0.0,0.0,0,0,3,36.94054357210795,0.013899513114691623,36.92577791213989,36.95337414741516,3,0.0,0.0,0.0,0.0,3,0.0052284399668375,0.0004909098369918623,0.0047979354858398,0.0057630538940429,3,0.015623092651367132,0.0003293986291500766,0.0152959823608398,0.0159547328948974,3,0.0,0.0,0.0,0.0,3,0.0016673405965169335,9.574645936616266e-05,0.0015952587127686002,0.0017759799957275,3,36.95081043243408,0.013571918530978467,36.936283588409424,36.963165521621704,3,0.0,0.0,0.0,0.0,3,0.0017719268798828125,0.0004342326947470579,0.0012812614440917969,0.0021066665649414062,3,277.12520513639936,0.10179598221663148,277.03254998574414,277.2341720706656,3,,,,,0,277.12520513639936,0.10179598221663148,277.03254998574414,277.2341720706656,3,14.433910325169563,0.005301530676163463,14.428235776722431,14.438736531883478,3,,,,,0,1.6673405965169337,0.09574645936616266,1.5952587127686002,1.7759799957275,3,1.7719268798828125,0.43423269474705795,1.2812614440917969,2.1066665649414062,3,290586839.1011051,106740.82384878657,290489683.13385165,290701099.21317023,3,,,,,0,4194304.0,0.0,4194304.0,4194304.0,3,,,,,0,0.999609375,0.0,0.999609375,0.999609375,3,,,,,0,1.0,0.0,1.0,1.0,3,0.0,0.0,,0.0,-0.0,,0.0,,0.0,,0.0,,,0.0,,0.0,0.0,,,0.0,,,,,,,,,,,0.00037626715176943107,,0.09389222026179186,0.021084086006572578,,0.05742465550600553,0.00036729691100538157,,0.2450624231039241,0.0003673284866547166,,0.0003673284866547166,0.00036729691100538157,,0.05742465550600552,0.24506242310392412,0.0003673284866547166,,0.0,,0.0,,0.0
large_contiguous_read_heavy_seldom_1gb,1.0,0.0,1,1,3,256.0,0.0,256,256,3,0.0,0.0,0,0,3,256.0,0.0,256,256,3,-1.0,0.0,-1,-1,3,0.0,0.0,0,0,3,1073741824.0,0.0,1073741824,1073741824,3,0.0,0.0,0,0,3,255.0,0.0,255,255,3,0.0,0.0,0,0,3,255.0,0.0,255,255,3,0.0,0.0,0,0,3,0.0,0.0,0,0,3,8.0,0.0,8,8,3,0.0,0.0,0,0,3,524288.0,0.0,524288,524288,3,4194304.0,0.0,4194304,4194304,3,0.0,0.0,0,0,3,0.0,0.0,0,0,3,256.0,0.0,256,256,3,0.0,0.0,0,0,3,0.0,0.0,0,0,3,0.0,0.0,0,0,3,0.0,0.0,0,0,3,0.0,0.0,0,0,3,0.0,0.0,0,0,3,0.0,0.0,0,0,3,0.0,0.0,0,0,3,0.0,0.0,0,0,3,0.0,0.0,0,0,3,3.6993331909179688,0.004470828837958374,3.694241523742676,3.702616930007935,3,0.0,0.0,0.0,0.0,3,0.0030043125152587,0.00023984115105868086,0.0027296543121337,0.0031723976135253,3,0.0157645543416341,0.000282196800078495,0.01546311378479,0.0160224437713623,3,0.0,0.0,0.0,0.0,3,0.0017638206481933665,9.09944114851483e-05,0.0017035007476807,0.001868486404419,3,3.7004069487253823,0.004470571450918538,3.6953253746032715,3.7037346363067627,3,0.0,0.0,0.0,0.0,3,0.001060326894124793,0.0001911457424452421,0.0008466243743896484,0.0012149810791024507,3,276.7265901276955,0.3345228942735649,276.4776909128397,277.10685695977077,3,,,,,0,276.7265901276955,0.3345228942735649,276.4776909128397,277.10685695977077,3,14.454714643458525,0.017463169730150534,14.43486474454403,14.467713423073292,3,,,,,0,1.7638206481933665,0.0909944114851482,1.7035007476807,1.868486404419,3,1.060326894124793,0.19114574244524213,0.8466243743896484,1.2149810791024507,3,290168860.9697384,350772.6783857976,289907871.2266218,290567599.6434486,3,,,,,0,4194304.0,0.0,4194304.0,4194304.0,3,,,,,0,0.99609375,0.0,0.99609375,0.99609375,3,,,,,0,1.0,0.0,1.0,1.0,3,0.0,0.0,,0.0,-0.0,,0.0,,0.0,,0.0,,,0.0,,0.0,0.0,,,0.0,,,,,,,,,,,0.0012085499216276227,,0.0798322910284945,0.01790071536200772,,0.05158937876044903,0.0012081296767801285,,0.1802705783512321,0.001208857067617533,,0.001208857067617533,0.0012081296767801283,,0.05158937876044897,0.18027057835123214,0.001208857067617533,,0.0,,0.0,,0.0
large_contiguous_write_heavy_freq_102mb,1.0,0.0,1,1,3,0.0,0.0,0,0,3,25.0,0.0,25,25,3,25.0,0.0,25,25,3,-1.0,0.0,-1,-1,3,0.0,0.0,0,0,3,0.0,0.0,0,0,3,104857600.0,0.0,104857600,104857600,3,0.0,0.0,0,0,3,24.0,0.0,24,24,3,0.0,0.0,0,0,3,24.0,0.0,24,24,3,0.0,0.0,0,0,3,8.0,0.0,8,8,3,0.0,0.0,0,0,3,524288.0,0.0,524288,524288,3,0.0,0.0,0,0,3,4194304.0,0.0,4194304,4194304,3,0.0,0.0,0,0,3,0.0,0.0,0,0,3,0.0,0.0,0,0,3,25.0,0.0,25,25,3,0.0,0.0,0,0,3,0.0,0.0,0,0,3,0.0,0.0,0,0,3,0.0,0.0,0,0,3,0.0,0.0,0,0,3,0.0,0.0,0,0,3,0.0,0.0,0,0,3,0.0,0.0,0,0,3,0.0,0.0,0.0,0.0,3,0.3774130344390869,0.000627382488162582,0.3766899108886719,0.377812385559082,3,0.003854751586914,0.0003075240173324996,0.0036702156066894,0.0042097568511962,3,0.0,0.0,0.0,0.0,3,0.023221174875895163,6.977006496606935e-05,0.0231502056121826,0.023289680480957,3,0.0022814273834228667,0.0003106848412830937,0.0019636154174805004,0.002584457397461,3,0.0,0.0,0.0,0.0,3,0.3775230248769124,0.0006233344358580451,0.3768048286437988,0.3779232501983643,3,0.0015540917714436664,0.00042163335381221746,0.001081705093383789,0.0018923282623291016,3,,,,,0,264.8849880047553,0.4377651048001048,264.60399022159135,265.3893803853878,3,264.8849880047553,0.4377651048001048,264.60399022159135,265.3893803853878,3,,,,,0,15.100920995076498,0.024933377434321564,15.072193145751951,15.116930007934572,3,2.281427383422867,0.31068484128309376,1.9636154174805005,2.584457397461,3,1.5540917714436666,0.42163335381221745,1.081705093383789,1.8923282623291016,3,,,,,0,277752041.1820743,459029.98253087467,277457393.65059537,278280934.9269884,3,,,,,0,4194304.0,0.0,4194304.0,4194304.0,3,,,,,0,0.96,0.0,0.96,0.96,3,1.0,0.0,1.0,1.0,3,0.0,,0.0,0.0,-0.0,,,0.0,,0.0,,0.0,,0.0,,0.0,,0.0,,,,0.0,,,,,,,,,,0.001662323319317789,0.0797779079659694,,0.003004588068388153,0.13618002639074472,,0.0016511163420066287,0.27130531256886015,,0.00165266105904139,0.00165266105904139,,0.0016511163420066127,0.13618002639074475,0.2713053125688601,,0.00165266105904139,,0.0,,0.0,0.0
large_contiguous_write_heavy_freq_10gb,1.0,0.0,1,1,3,0.0,0.0,0,0,3,2560.0,0.0,2560,2560,3,2560.0,0.0,2560,2560,3,-1.0,0.0,-1,-1,3,0.0,0.0,0,0,3,0.0,0.0,0,0,3,10737418240.0,0.0,10737418240,10737418240,3,0.0,0.0,0,0,3,2559.0,0.0,2559,2559,3,0.0,0.0,0,0,3,2559.0,0.0,2559,2559,3,0.0,0.0,0,0,3,8.0,0.0,8,8,3,0.0,0.0,0,0,3,524288.0,0.0,524288,524288,3,0.0,0.0,0,0,3,4194304.0,0.0,4194304,4194304,3,0.0,0.0,0,0,3,0.0,0.0,0,0,3,0.0,0.0,0,0,3,2560.0,0.0,2560,2560,3,0.0,0.0,0,0,3,0.0,0.0,0,0,3,0.0,0.0,0,0,3,0.0,0.0,0,0,3,0.0,0.0,0,0,3,0.0,0.0,0,0,3,0.0,0.0,0,0,3,0.0,0.0,0,0,3,0.0,0.0,0.0,0.0,3,38.24525809288025,0.10187162056520208,38.16917109489441,38.3609926700592,3,0.005733410517374633,0.00026371049262445534,0.0054523944854736,0.0059754848480224,3,0.0,0.0,0.0,0.0,3,0.05908306439717607,0.0013652711451350571,0.0581095218658447,0.0606436729431152,3,0.0026148955027262334,0.0002575166051849959,0.0024523735046386996,0.0029118061065673004,3,0.0,0.0,0.0,0.0,3,38.25536266962688,0.10212087989815517,38.17862796783447,38.37127041816712,3,0.0014015833536783855,0.0005129410658463219,0.0008096694946289062,0.0017158985137939453,3,,,,,0,267.6761601171201,0.7136147325928717,266.8663270307518,268.2128862416745,3,267.6761601171201,0.7136147325928717,266.8663270307518,268.2128862416745,3,,,,,0,14.943501042823,0.03989096871021672,14.91352654993534,14.988777507096533,3,2.6148955027262333,0.2575166051849958,2.4523735046386994,2.9118061065673,3,1.4015833536783855,0.5129410658463219,0.8096694946289062,1.7158985137939453,3,,,,,0,280678797.27096933,748279.281843303,279829625.7325976,281241595.40375006,3,,,,,0,4194304.0,0.0,4194304.0,4194304.0,3,,,,,0,0.999609375,0.0,0.999609375,0.999609375,3,1.0,0.0,1.0,1.0,3,0.0,,0.0,0.0,-0.0,,,0.0,,0.0,,0.0,,0.0,,0.0,,0.0,,,,0.0,,,,,,,,,,0.002663640556897341,0.04599539695008795,,0.02310765629821177,0.09848064862114554,,0.0026694526668083265,0.3659725727336399,,0.002665962976608129,0.002665962976608129,,0.0026694526668083166,0.0984806486211455,0.3659725727336399,,0.002665962976608129,,0.0,,0.0,0.0
large_contiguous_write_heavy_freq_1gb,1.0,0.0,1,1,3,0.0,0.0,0,0,3,256.0,0.0,256,256,3,256.0,0.0,256,256,3,-1.0,0.0,-1,-1,3,0.0,0.0,0,0,3,0.0,0.0,0,0,3,1073741824.0,0.0,1073741824,1073741824,3,0.0,0.0,0,0,3,255.0,0.0,255,255,3,0.0,0.0,0,0,3,255.0,0.0,255,255,3,0.0,0.0,0,0,3,8.0,0.0,8,8,3,0.0,0.0,0,0,3,524288.0,0.0,524288,524288,3,0.0,0.0,0,0,3,4194304.0,0.0,4194304,4194304,3,0.0,0.0,0,0,3,0.0,0.0,0,0,3,0.0,0.0,0,0,3,256.0,0.0,256,256,3,0.0,0.0,0,0,3,0.0,0.0,0,0,3,0.0,0.0,0,0,3,0.0,0.0,0,0,3,0.0,0.0,0,0,3,0.0,0.0,0,0,3,0.0,0.0,0,0,3,0.0,0.0,0,0,3,0.0,0.0,0.0,0.0,3,3.82436474164327,0.004061601957487064,3.820033550262451,3.8280882835388175,3,0.0034319559733072334,0.0008840840071029079,0.0025656223297119,0.0043327808380126,3,0.0,0.0,0.0,0.0,3,0.05528791745503737,0.0014699219350911875,0.0535995960235595,0.0562832355499267,3,0.0018591086069742666,0.000884145150864798,0.0008430480957032,0.002453327178955,3,0.0,0.0,0.0,0.0,3,3.82543937365214,0.004081643889541531,3.8210957050323486,3.829195261001587,3,0.001391172409057469,0.00040425808817060206,0.0009348392486567825,0.0017044544219970703,3,,,,,0,267.6818731985593,0.2856741831099757,267.4191129475483,267.9859597998033,3,267.6818731985593,0.2856741831099757,267.4191129475483,267.9859597998033,3,,,,,0,14.943122553328672,0.0159439214435216,14.926155097782612,14.957793988287449,3,1.8591086069742666,0.884145150864798,0.8430480957032,2.453327178955,3,1.391172409057469,0.40425808817060205,0.9348392486567825,1.7044544219970703,3,,,,,0,280684787.8710525,299551.0922287259,280409263.7780884,281003645.78303856,3,,,,,0,4194304.0,0.0,4194304.0,4194304.0,3,,,,,0,0.99609375,0.0,0.99609375,0.99609375,3,1.0,0.0,1.0,1.0,3,0.0,,0.0,0.0,-0.0,,,0.0,,0.0,,0.0,,0.0,,0.0,,0.0,,,,0.0,,,,,,,,,,0.0010620331040239266,0.25760353978286993,,0.026586675764855756,0.4755747714512282,,0.0010669738795637462,0.2905880576257908,,0.001067215271980969,0.001067215271980969,,0.0010669738795637458,0.4755747714512281,0.2905880576257908,,0.001067215271980969,,0.0,,0.0,0.0
large_contiguous_write_heavy_seldom_102mb,1.0,0.0,1,1,3,0.0,0.0,0,0,3,25.0,0.0,25,25,3,25.0,0.0,25,25,3,-1.0,0.0,-1,-1,3,0.0,0.0,0,0,3,0.0,0.0,0,0,3,104857600.0,0.0,104857600,104857600,3,0.0,0.0,0,0,3,24.0,0.0,24,24,3,0.0,0.0,0,0,3,24.0,0.0,24,24,3,0.0,0.0,0,0,3,8.0,0.0,8,8,3,0.0,0.0,0,0,3,524288.0,0.0,524288,524288,3,0.0,0.0,0,0,3,4194304.0,0.0,4194304,4194304,3,0.0,0.0,0,0,3,0.0,0.0,0,0,3,0.0,0.0,0,0,3,25.0,0.0,25,25,3,0.0,0.0,0,0,3,0.0,0.0,0,0,3,0.0,0.0,0,0,3,0.0,0.0,0,0,3,0.0,0.0,0,0,3,0.0,0.0,0,0,3,0.0,0.0,0,0,3,0.0,0.0,0,0,3,0.0,0.0,0.0,0.0,3,0.3812066713968913,0.0014003831064585625,0.3795969486236572,0.3821444511413574,3,0.005518436431884701,0.0022019753979055545,0.0037803649902343,0.0079946517944335,3,0.0,0.0,0.0,0.0,3,0.023518403371175067,7.935626696297002e-05,0.0234479904174804,0.023604393005371,3,0.002869526545206733,0.0009627104963811677,0.0019147396087647,0.0038399696350097995,3,0.0,0.0,0.0,0.0,3,0.38131229082743334,0.0014031694462352461,0.3797025680541993,0.38227677345275884,3,0.0026324590047200336,0.0013066060839223071,0.0018503665924072266,0.004140853881835882,3,,,,,0,262.2546059343279,0.9669920074552023,261.59057244517066,263.3640338869814,3,262.2546059343279,0.9669920074552023,261.59057244517066,263.3640338869814,3,,,,,0,15.252491633097334,0.0561267778494099,15.18810272216797,15.291070938110353,3,2.869526545206733,0.9627104963811679,1.9147396087647,3.8399696350097994,3,2.6324590047200336,1.3066060839223075,1.8503665924072266,4.140853881835882,3,,,,,0,274993885.6721938,1013964.6112093462,274297596.0922673,276157205.1970754,3,,,,,0,4194304.0,0.0,4194304.0,4194304.0,3,,,,,0,0.96,0.0,0.96,0.96,3,1.0,0.0,1.0,1.0,3,0.0,,0.0,0.0,-0.0,,,0.0,,0.0,,0.0,,0.0,,0.0,,0.0,,,,0.0,,,,,,,,,,0.003673553511870628,0.3990216114809024,,0.0033742199974438605,0.33549454281553265,,0.0036798432150991545,0.4963443235315518,,0.0036872260222470606,0.0036872260222470606,,0.003679843215099158,0.3354945428155327,0.4963443235315519,,0.0036872260222470606,,0.0,,0.0,0.0
large_contiguous_write_heavy_seldom_10gb,1.0,0.0,1,1,3,0.0,0.0,0,0,3,2560.0,0.0,2560,2560,3,2560.0,0.0,2560,2560,3,-1.0,0.0,-1,-1,3,0.0,0.0,0,0,3,0.0,0.0,0,0,3,10737418240.0,0.0,10737418240,10737418240,3,0.0,0.0,0,0,3,2559.0,0.0,2559,2559,3,0.0,0.0,0,0,3,2559.0,0.0,2559,2559,3,0.0,0.0,0,0,3,8.0,0.0,8,8,3,0.0,0.0,0,0,3,524288.0,0.0,524288,524288,3,0.0,0.0,0,0,3,4194304.0,0.0,4194304,4194304,3,0.0,0.0,0,0,3,0.0,0.0,0,0,3,0.0,0.0,0,0,3,2560.0,0.0,2560,2560,3,0.0,0.0,0,0,3,0.0,0.0,0,0,3,0.0,0.0,0,0,3,0.0,0.0,0,0,3,0.0,0.0,0,0,3,0.0,0.0,0,0,3,0.0,0.0,0,0,3,0.0,0.0,0,0,3,0.0,0.0,0.0,0.0,3,38.304561694463096,0.12791658813953904,38.16608190536499,38.41830062866211,3,0.005353530248006134,0.0006457483186210459,0.0046083927154541,0.0057499408721923,3,0.0,0.0,0.0,0.0,3,0.0468506018320719,0.02018758733656442,0.0235953330993652,0.059868574142456,3,0.001630703608195,0.0007288594525881162,0.0007913112640380998,0.002103328704834,3,0.0,0.0,0.0,0.0,3,38.31565030415853,0.12811412120674015,38.17682361602783,38.429319620132446,3,0.0018060207366967045,0.00012939365299618062,0.0016965866088867188,0.0019488334655832773,3,,,,,0,267.25571180271174,0.8944602927492444,266.4632135364542,268.2255627914766,3,267.25571180271174,0.8944602927492444,266.4632135364542,268.2255627914766,3,,,,,0,14.967050900061926,0.0500445785963829,14.912821725010872,15.011452976614237,3,1.630703608195,0.7288594525881161,0.7913112640380998,2.103328704834,3,1.8060207366967045,0.1293936529961806,1.6965866088867188,1.9488334655832773,3,,,,,0,280237925.25924027,937909.5959298317,279406930.597201,281254887.72963536,3,,,,,0,4194304.0,0.0,4194304.0,4194304.0,3,,,,,0,0.999609375,0.0,0.999609375,0.999609375,3,1.0,0.0,1.0,1.0,3,0.0,,0.0,0.0,-0.0,,,0.0,,0.0,,0.0,,0.0,,0.0,,0.0,,,,0.0,,,,,,,,,,0.0033394609540207667,0.12062102737937234,,0.43089280707478267,0.4469601029428512,,0.0033436499234579214,0.07164571832815586,,0.003346833213463873,0.003346833213463873,,0.003343649923457923,0.44696010294285127,0.07164571832815585,,0.003346833213463873,,0.0,,0.0,0.0
large_contiguous_write_heavy_seldom_1gb,1.0,0.0,1,1,3,0.0,0.0,0,0,3,256.0,0.0,256,256,3,256.0,0.0,256,256,3,-1.0,0.0,-1,-1,3,0.0,0.0,0,0,3,0.0,0.0,0,0,3,1073741824.0,0.0,1073741824,1073741824,3,0.0,0.0,0,0,3,255.0,0.0,255,255,3,0.0,0.0,0,0,3,255.0,0.0,255,255,3,0.0,0.0,0,0,3,8.0,0.0,8,8,3,0.0,0.0,0,0,3,524288.0,0.0,524288,524288,3,0.0,0.0,0,0,3,4194304.0,0.0,4194304,4194304,3,0.0,0.0,0,0,3,0.0,0.0,0,0,3,0.0,0.0,0,0,3,256.0,0.0,256,256,3,0.0,0.0,0,0,3,0.0,0.0,0,0,3,0.0,0.0,0,0,3,0.0,0.0,0,0,3,0.0,0.0,0,0,3,0.0,0.0,0,0,3,0.0,0.0,0,0,3,0.0,0.0,0,0,3,0.0,0.0,0.0,0.0,3,3.8280300299326577,0.0037201846064656347,3.825793981552124,3.832324504852295,3,0.0045598347981770666,0.0001754576627602281,0.0044558048248291,0.0047624111175537,3,0.0,0.0,0.0,0.0,3,0.0236296653747558,9.304099856996434e-05,0.0235517024993896,0.0237326622009277,3,0.002489964167277,0.0002258429769938104,0.0022327899932861,0.0026559829711914,3,0.0,0.0,0.0,0.0,3,3.829160213470459,0.0037052330841597864,3.826852560043334,3.833434104919433,3,0.0018660227457685252,0.00021631862778659895,0.0016162395477303804,0.0019910335540775925,3,,,,,0,267.4217274165274,0.2586237746415279,267.1234125782687,267.58282006778035,3,267.4217274165274,0.2586237746415279,267.1234125782687,267.58282006778035,3,,,,,0,14.95765708386898,0.014473566734999154,14.948642812669274,14.974351972341536,3,2.489964167277,0.2258429769938103,2.2327899932861,2.6559829711914,3,1.8660227457685252,0.21631862778659897,1.6162395477303804,1.9910335540775925,3,,,,,0,280412005.24751264,271186.6831185148,280099199.4676707,280580923.13539284,3,,,,,0,4194304.0,0.0,4194304.0,4194304.0,3,,,,,0,0.99609375,0.0,0.99609375,0.99609375,3,1.0,0.0,1.0,1.0,3,0.0,,0.0,0.0,-0.0,,,0.0,,0.0,,0.0,,0.0,,0.0,,0.0,,,,0.0,,,,,,,,,,0.0009718274353587241,0.03847895165640051,,0.003937465770013083,0.0907012960113358,,0.0009676359508607882,0.11592496837304504,,0.0009671008303626127,0.0009671008303626127,,0.0009676359508607875,0.09070129601133575,0.11592496837304504,,0.0009671008303626127,,0.0,,0.0,0.0
large_random_read_heavy_freq_102mb,1.0,0.0,1,1,3,32.0,0.0,32,32,3,0.0,0.0,0,0,3,32.0,0.0,32,32,3,-1.0,0.0,-1,-1,3,0.0,0.0,0,0,3,134217728.0,0.0,134217728,134217728,3,0.0,0.0,0,0,3,1.3333333333333333,1.5275252316519468,0,3,3,0.0,0.0,0,0,3,16.666666666666668,1.5275252316519472,15,18,3,0.0,0.0,0,0,3,0.0,0.0,0,0,3,8.0,0.0,8,8,3,0.0,0.0,0,0,3,524288.0,0.0,524288,524288,3,4194304.0,0.0,4194304,4194304,3,0.0,0.0,0,0,3,0.0,0.0,0,0,3,32.0,0.0,32,32,3,0.0,0.0,0,0,3,0.0,0.0,0,0,3,43341141.333333336,35175518.26375733,20971520,83886080,3,64312661.333333336,47143180.88134509,12582912,104857600,3,43341141.333333336,35672138.388562545,16777216,83886080,3,93672789.33333333,33641699.850890845,58720256,125829120,3,3.0,1.0,2,4,3,2.3333333333333335,0.5773502691896258,2,3,3,2.0,0.0,2,2,3,1.3333333333333333,0.5773502691896257,1,2,3,0.47566596666971844,0.0005260796216240473,0.4750897884368896,0.4761207103729248,3,0.0,0.0,0.0,0.0,3,0.003647883733113533,0.00012491594042574346,0.0035052299499511,0.0037376880645751,3,0.0156178474426269,0.00013558850129915574,0.0154688358306884,0.0157339572906494,3,0.0,0.0,0.0,0.0,3,0.0018414656321207668,7.055632531091131e-05,0.0017974376678466996,0.0019228458404541003,3,0.4758303960164389,0.0005321208036747296,0.47524619102478033,0.4762873649597169,3,0.0,0.0,0.0,0.0,3,0.0017822583516438801,0.00019304211186763946,0.001560211181640625,0.0019102096557617188,3,269.0036362312741,0.3009405094116888,268.7453193532142,269.33408918857765,3,,,,,0,269.0036362312741,0.3009405094116888,268.7453193532142,269.33408918857765,3,14.869699875513716,0.016628775114835313,14.851443469524385,14.883980154991153,3,,,,,0,1.8414656321207667,0.07055632531091131,1.7974376678466997,1.9228458404541002,3,1.7822583516438801,0.19304211186763948,1.560211181640625,1.9102096557617188,3,282070756.86484444,315558.995596871,281799891.98611593,282417261.905002,3,,,,,0,4194304.0,0.0,4194304.0,4194304.0,3,,,,,0,0.5208333333333334,0.04773516348912335,0.46875,0.5625,3,,,,,0,1.0,0.0,1.0,1.0,3,0.0,0.0,,0.0,-0.0,,0.0,,1.1456439237389602,,0.09165151389911683,,,0.0,,0.0,0.0,,,0.0,,,0.8115964919618791,0.7330311000037985,0.8230548917531015,0.3591405795676407,0.3333333333333333,0.24743582965269678,0.0,0.4330127018922193,0.0011059854151586463,,0.03424339961600845,0.00868163822173627,,0.0383153093276324,0.001118299310278501,,0.1083132036887837,0.0011187228307685672,,0.0011187228307685672,0.0011182993102785018,,0.038315309327632406,0.10831320368878371,0.0011187228307685672,,0.0,,0.09165151389911683,,0.0
large_random_read_heavy_freq_10gb,1.0,0.0,1,1,3,4096.0,0.0,4096,4096,3,0.0,0.0,0,0,3,4096.0,0.0,4096,4096,3,-1.0,0.0,-1,-1,3,0.0,0.0,0,0,3,17179869184.0,0.0,17179869184,17179869184,3,0.0,0.0,0,0,3,2.0,1.0,1,3,3,0.0,0.0,0,0,3,2061.3333333333335,39.878983604567175,2025,2104,3,0.0,0.0,0,0,3,0.0,0.0,0,0,3,8.0,0.0,8,8,3,0.0,0.0,0,0,3,524288.0,0.0,524288,524288,3,4194304.0,0.0,4194304,4194304,3,0.0,0.0,0,0,3,0.0,0.0,0,0,3,4096.0,0.0,4096,4096,3,0.0,0.0,0,0,3,0.0,0.0,0,0,3,4385843882.666667,2687119847.136762,1342177280,6429868032,3,5768566101.333333,4407767179.790242,754974720,9034530816,3,6888445269.333333,2125359140.1658947,4534042624,8665432064,3,6418683221.333333,449580348.24301463,5985271808,6882852864,3,5.666666666666667,1.5275252316519465,4,7,3,4.0,1.7320508075688772,3,6,3,3.0,0.0,3,3,3,2.6666666666666665,0.5773502691896258,2,3,3,60.727706591288246,0.028350630276480587,60.69502592086792,60.74570178985596,3,0.0,0.0,0.0,0.0,3,0.006522973378499333,0.00015588497606712357,0.0064239501953125,0.0067026615142822,3,0.017577330271402933,0.0004169992975848923,0.0171198844909667,0.0179362297058105,3,0.0,0.0,0.0,0.0,3,0.0016143321990966667,0.00019574862292360984,0.0014176368713378,0.0018091201782227,3,60.746877908706665,0.028415635345146566,60.71412706375122,60.76498103141785,3,0.0,0.0,0.0,0.0,3,0.0018819967905704023,7.046926182760907e-05,0.0018289089202951914,0.001961946487426758,3,269.7093736281345,0.126195772576286,269.6289823826134,269.8548227959603,3,,,,,0,269.7093736281345,0.126195772576286,269.6289823826134,269.8548227959603,3,14.830780739430338,0.0069374109729361715,14.822784927673638,14.835200447123498,3,,,,,0,1.6143321990966666,0.19574862292360967,1.4176368713378,1.8091201782227,3,1.8819967905704023,0.07046926182760907,1.8289089202951914,1.9619464874267578,3,282810776.16149473,132325.85842495167,282726479.8308312,282963290.66809684,3,,,,,0,4194304.0,0.0,4194304.0,4194304.0,3,,,,,0,0.5032552083333334,0.009736079981583783,0.494384765625,0.513671875,3,,,,,0,1.0,0.0,1.0,1.0,3,0.0,0.0,,0.0,-0.0,,0.0,,0.5,,0.01934620808759727,,,0.0,,0.0,0.0,,,0.0,,,0.6126802319062364,0.7641010092215882,0.30853974403016315,0.070042457734754,0.2695632761738729,0.4330127018922193,0.0,0.2165063509461097,0.0004668483607867328,,0.023897840297944964,0.023723699284601857,,0.12125671719435756,0.00046777112377447533,,0.03744387991557148,0.00046789539005893125,,0.00046789539005893125,0.00046777112377447517,,0.12125671719435746,0.03744387991557148,0.00046789539005893125,,0.0,,0.01934620808759727,,0.0
large_random_read_heavy_freq_1gb,1.0,0.0,1,1,3,512.0,0.0,512,512,3,0.0,0.0,0,0,3,512.0,0.0,512,512,3,-1.0,0.0,-1,-1,3,0.0,0.0,0,0,3,2147483648.0,0.0,2147483648,2147483648,3,0.0,0.0,0,0,3,1.3333333333333333,1.5275252316519465,0,3,3,0.0,0.0,0,0,3,257.0,4.0,253,261,3,0.0,0.0,0,0,3,0.0,0.0,0,0,3,8.0,0.0,8,8,3,0.0,0.0,0,0,3,524288.0,0.0,524288,524288,3,4194304.0,0.0,4194304,4194304,3,0.0,0.0,0,0,3,0.0,0.0,0,0,3,512.0,0.0,512,512,3,0.0,0.0,0,0,3,0.0,0.0,0,0,3,405449386.6666667,406162273.72874457,33554432,838860800,3,588600661.3333334,187309057.53481412,411041792,784334848,3,740993706.6666666,684485911.3209721,322961408,1530920960,3,838860800.0,792035202.6001308,20971520,1602224128,3,4.333333333333333,1.1547005383792517,3,5,3,3.6666666666666665,0.5773502691896258,3,4,3,3.0,0.0,3,3,3,2.6666666666666665,0.5773502691896257,2,3,3,7.582534948984782,0.004523322814335241,7.579662084579468,7.587749004364014,3,0.0,0.0,0.0,0.0,3,0.003586928049723267,0.00045586494796099654,0.0030996799468994,0.0040030479431152,3,0.015621105829874665,0.0003667439904214704,0.0151984691619873,0.0158555507659912,3,0.0,0.0,0.0,0.0,3,0.0014499028523762669,0.000563720668451356,0.0008001327514648,0.0018084049224853,3,7.584983189900716,0.004463833272357132,7.582158327102661,7.590129375457763,3,0.0,0.0,0.0,0.0,3,0.0017705758412679036,0.0001721382691479258,0.0015840530395507812,0.0019233226776123047,3,270.00725267824015,0.15884858317412967,269.82412271154266,270.1077861536286,3,,,,,0,270.00725267824015,0.15884858317412967,269.82412271154266,270.1077861536286,3,14.814420292774836,0.008718424360072493,14.808902982622385,14.824471436440943,3,,,,,0,1.4499028523762665,0.563720668451356,0.8001327514647999,1.8084049224853,3,1.7705758412679036,0.1721382691479258,1.5840530395507812,1.9233226776123047,3,283123124.98433834,166564.8119503962,282931099.29637855,283228541.97382724,3,,,,,0,4194304.0,0.0,4194304.0,4194304.0,3,,,,,0,0.501953125,0.0078125,0.494140625,0.509765625,3,,,,,0,1.0,0.0,1.0,1.0,3,0.0,0.0,,0.0,-0.0,,0.0,,1.14564392373896,,0.01556420233463035,,,0.0,,0.0,0.0,,,0.0,,,1.0017582640041431,0.31822773883826505,0.9237405192010432,0.9441795380117068,0.26646935501059654,0.15745916432444343,0.0,0.21650635094610965,0.0005965449344801061,,0.1270906306571069,0.02347746660291418,,0.38879892368476,0.0005885093164478801,,0.0972216298990379,0.0005883122827201421,,0.0005883122827201421,0.0005885093164478782,,0.3887989236847601,0.0972216298990379,0.0005883122827201421,,0.0,,0.01556420233463035,,0.0
large_strided_mixed_freq_102mb,1.0,0.0,1,1,3,12.0,0.0,12,12,3,13.0,0.0,13,13,3,25.0,0.0,25,25,3,-1.0,0.0,-1,-1,3,1.0,0.0,1,1,3,50331648.0,0.0,50331648,50331648,3,54525952.0,0.0,54525952,54525952,3,2.0,0.0,2,2,3,3.0,0.0,3,3,3,2.0,0.0,2,2,3,3.0,0.0,3,3,3,2.0,0.0,2,2,3,8.0,0.0,8,8,3,0.0,0.0,0,0,3,524288.0,0.0,524288,524288,3,4194304.0,0.0,4194304,4194304,3,4194304.0,0.0,4194304,4194304,3,0.0,0.0,0,0,3,12.0,0.0,12,12,3,0.0,0.0,0,0,3,13.0,0.0,13,13,3,0.0,0.0,0,0,3,0.0,0.0,0,0,3,0.0,0.0,0,0,3,0.0,0.0,0,0,3,0.0,0.0,0,0,3,0.0,0.0,0,0,3,0.0,0.0,0,0,3,0.0,0.0,0,0,3,0.17605463663736973,0.0002736553384416508,0.1757619380950927,0.1763041019439697,3,0.21295968691507972,0.0016356247201066152,0.2117395401000976,0.2148182392120361,3,0.003436485926310167,0.0005163579698651929,0.0028903484344482,0.0039167404174804,3,0.014911333719889267,4.374076748099234e-05,0.0148608684539794,0.0149383544921875,3,0.0235375563303629,2.2156685516778033e-05,0.0235219001770019,0.0235629081726074,3,0.0017800331115722665,0.0006218417273460874,0.0012402534484862995,0.00246000289917,3,0.17609731356302902,0.00027073081424570835,0.17580676078796392,0.17634248733520513,3,0.37863532702128094,0.0003644231166199999,0.3782706260681152,0.3789994716644287,3,0.001638333002726237,0.00020221568919495097,0.001438379287719782,0.001842737197875921,3,272.57698991475644,0.4192159107263215,272.19758961864915,273.0270427875728,3,137.33539477745413,0.13218081487843758,137.2033574918582,137.46771865557534,3,180.26707191752268,0.118497789304549,180.13403852802418,180.3613070903861,3,14.674776130252418,0.022560901187142414,14.650563398996994,14.695207277933761,3,29.125794386252377,0.028032547432306196,29.09774046677809,29.15380551264836,3,1.7800331115722665,0.6218417273460874,1.2402534484862995,2.46000289917,3,1.638333002726237,0.20221568919495098,1.438379287719782,1.842737197875921,3,285817689.77685565,439579.74280576326,285419859.73196465,286289604.4180219,3,144006598.91416374,138601.63014197256,143868147.78538272,144145350.55698857,3,4194304.0,0.0,4194304.0,4194304.0,3,4194304.0,0.0,4194304.0,4194304.0,3,0.16666666666666666,0.0,0.16666666666666666,0.16666666666666666,3,0.23076923076923075,0.0,0.23076923076923078,0.23076923076923078,3,1.0,0.0,1.0,1.0,3,0.0,0.0,0.0,0.0,-0.0,0.0,0.0,0.0,0.0,0.0,0.0,0.0,0.0,0.0,,0.0,0.0,0.0,,0.0,,0.0,,,,,,,,,0.0015543773436953842,0.007680442922320977,0.15025755406471814,0.002933390688094476,0.0009413332975520668,0.349342786548969,0.0015373932104240078,0.0009624646476780487,0.12342770905454373,0.0015379724857091704,0.000962467214607208,0.0006573457262276114,0.0015373932104240113,0.0009624646476779976,0.349342786548969,0.12342770905454373,0.0015379724857091704,0.000962467214607208,0.0,0.0,0.0,0.0,0.0
large_strided_mixed_freq_10gb,1.0,0.0,1,1,3,1280.0,0.0,1280,1280,3,1280.0,0.0,1280,1280,3,2560.0,0.0,2560,2560,3,-1.0,0.0,-1,-1,3,1.0,0.0,1,1,3,5368709120.0,0.0,5368709120,5368709120,3,5368709120.0,0.0,5368709120,5368709120,3,319.0,0.0,319,319,3,319.0,0.0,319,319,3,319.0,0.0,319,319,3,319.0,0.0,319,319,3,2.0,0.0,2,2,3,8.0,0.0,8,8,3,0.0,0.0,0,0,3,524288.0,0.0,524288,524288,3,4194304.0,0.0,4194304,4194304,3,4194304.0,0.0,4194304,4194304,3,0.0,0.0,0,0,3,1280.0,0.0,1280,1280,3,0.0,0.0,0,0,3,1280.0,0.0,1280,1280,3,0.0,0.0,0,0,3,0.0,0.0,0,0,3,0.0,0.0,0,0,3,0.0,0.0,0,0,3,0.0,0.0,0,0,3,0.0,0.0,0,0,3,0.0,0.0,0,0,3,0.0,0.0,0,0,3,18.6564519405365,0.021005712792388078,18.63277792930603,18.672860145568848,3,19.118024190266926,0.10334831754555328,19.04416012763977,19.23612856864929,3,0.005797147750854467,0.0018653446053257326,0.0045492649078369,0.0079414844512939,3,0.015268325805664,0.0001729442095183587,0.0150744915008544,0.015406847000122,3,0.04720950126647944,0.02055284236436298,0.0236001014709472,0.0611038208007812,3,0.0014173984527588333,0.0007465883941819656,0.0007467269897461003,0.0022218227386475,3,18.66139515240987,0.02098312439989429,18.63774847984314,18.677792072296143,3,37.77490552266439,0.10462656975773645,37.70861554145814,37.89552021026611,3,0.0024601618448893228,0.0011689328698377079,0.0016334056854248047,0.003797531127922582,3,274.3634265231035,0.30865640391798066,274.12233631159467,274.71129388495166,3,135.54040899112508,0.37482081386419114,135.10831812286253,135.77798936614093,3,181.4439923207336,0.36536982640201593,181.033344682391,181.7331105185217,3,14.579214962820211,0.01639306593741737,14.560740999877453,14.592025056481361,3,29.511644939581554,0.0817395076232309,29.45985589176417,29.6058751642704,3,1.4173984527588332,0.7465883941819655,0.7467269897461003,2.2218227386475,3,2.4601618448893228,1.168932869837708,1.6334056854248047,3.797531127922582,3,287690904.3298898,323649.6973947005,287438102.9202667,288055669.69670707,3,142124419.89827797,393028.1097184581,141671339.7839987,142373540.9775906,3,4194304.0,0.0,4194304.0,4194304.0,3,4194304.0,0.0,4194304.0,4194304.0,3,0.24921874999999996,0.0,0.24921875,0.24921875,3,0.24921874999999996,0.0,0.24921875,0.24921875,3,1.0,0.0,1.0,1.0,3,0.0,0.0,0.0,0.0,-0.0,0.0,0.0,0.0,0.0,0.0,0.0,0.0,0.0,0.0,,0.0,0.0,0.0,,0.0,,0.0,,,,,,,,,0.0011259221667302738,0.005405805355041259,0.321769374439489,0.011326992344779714,0.43535393963071345,0.5267314866393435,0.0011244134872297905,0.002769737430447365,0.47514470329097214,0.0011249910668832874,0.0027653805728794405,0.0020136782801613053,0.0011244134872297874,0.0027697374304473414,0.5267314866393435,0.47514470329097214,0.0011249910668832874,0.0027653805728794405,0.0,0.0,0.0,0.0,0.0
large_strided_mixed_freq_1gb,1.0,0.0,1,1,3,128.0,0.0,128,128,3,128.0,0.0,128,128,3,256.0,0.0,256,256,3,-1.0,0.0,-1,-1,3,1.0,0.0,1,1,3,536870912.0,0.0,536870912,536870912,3,536870912.0,0.0,536870912,536870912,3,31.0,0.0,31,31,3,31.0,0.0,31,31,3,31.0,0.0,31,31,3,31.0,0.0,31,31,3,2.0,0.0,2,2,3,8.0,0.0,8,8,3,0.0,0.0,0,0,3,524288.0,0.0,524288,524288,3,4194304.0,0.0,4194304,4194304,3,4194304.0,0.0,4194304,4194304,3,0.0,0.0,0,0,3,128.0,0.0,128,128,3,0.0,0.0,0,0,3,128.0,0.0,128,128,3,0.0,0.0,0,0,3,0.0,0.0,0,0,3,0.0,0.0,0,0,3,0.0,0.0,0,0,3,0.0,0.0,0,0,3,0.0,0.0,0,0,3,0.0,0.0,0,0,3,0.0,0.0,0,0,3,1.8708959420522053,0.0032663291504157694,1.867987871170044,1.874429941177368,3,1.9282241662343342,0.006035982596104307,1.921269178390503,1.9320943355560305,3,0.0036076704661050997,0.0010339625637757258,0.0024139881134033,0.0042250156402587,3,0.016412655512491835,0.0023740797712157907,0.0149455070495605,0.0191516876220703,3,0.02352857589721673,0.00011261612684451385,0.0234060287475585,0.0236275196075439,3,0.0015480518341064338,0.0008372414245833295,0.000584602355957,0.0020990371704101007,3,1.871391773223877,0.003306727820756087,1.8684322834014893,1.8749608993530273,3,3.790573755900065,0.003602289857816189,3.7866296768188477,3.7936902046203613,3,0.0018608570098876953,0.00022043960577630705,0.0016300678253169387,0.002069234848022461,3,273.5937351833691,0.48320949409931574,273.0723612298637,274.02652188598546,3,135.07198153454164,0.12840261145516224,134.9609410321464,135.2125884224654,3,180.85594331483682,0.07480014425774052,180.77588489417207,180.9240447274604,3,14.620248228311539,0.02583381109965694,14.597127214074135,14.648132026195526,3,29.613857467969257,0.028142889514188967,29.583044350147247,29.638204723596573,3,1.5480518341064338,0.8372414245833294,0.584602355957,2.0990371704101007,3,1.8608570098876953,0.22043960577630706,1.6300678253169387,2.069234848022461,3,286883824.46363646,506681.8784846841,286337124.24896556,287337634.2131191,3,141633238.10956353,134639.8967092082,141516803.70372394,141780675.11767507,3,4194304.0,0.0,4194304.0,4194304.0,3,4194304.0,0.0,4194304.0,4194304.0,3,0.2421875,0.0,0.2421875,0.2421875,3,0.2421875,0.0,0.2421875,0.2421875,3,1.0,0.0,1.0,1.0,3,0.0,0.0,0.0,0.0,-0.0,0.0,0.0,0.0,0.0,0.0,0.0,0.0,0.0,0.0,,0.0,0.0,0.0,,0.0,,0.0,,,,,,,,,0.0017458636137897112,0.00313033240730101,0.28660116645631684,0.1446493390060405,0.004786355423144652,0.540835523809577,0.0017669885419339712,0.000950328390842993,0.11846133507571913,0.0017661570129720151,0.0009506235860049639,0.00041358963872991045,0.0017669885419339718,0.0009503283908429927,0.5408355238095769,0.11846133507571913,0.0017661570129720151,0.0009506235860049639,0.0,0.0,0.0,0.0,0.0
large_strided_read_heavy_freq_102mb,1.0,0.0,1,1,3,25.0,0.0,25,25,3,0.0,0.0,0,0,3,25.0,0.0,25,25,3,-1.0,0.0,-1,-1,3,1.0,0.0,1,1,3,104857600.0,0.0,104857600,104857600,3,0.0,0.0,0,0,3,6.0,0.0,6,6,3,0.0,0.0,0,0,3,6.0,0.0,6,6,3,0.0,0.0,0,0,3,0.0,0.0,0,0,3,8.0,0.0,8,8,3,0.0,0.0,0,0,3,524288.0,0.0,524288,524288,3,4194304.0,0.0,4194304,4194304,3,0.0,0.0,0,0,3,0.0,0.0,0,0,3,25.0,0.0,25,25,3,0.0,0.0,0,0,3,0.0,0.0,0,0,3,0.0,0.0,0,0,3,0.0,0.0,0,0,3,0.0,0.0,0,0,3,0.0,0.0,0,0,3,0.0,0.0,0,0,3,0.0,0.0,0,0,3,0.0,0.0,0,0,3,0.0,0.0,0,0,3,0.36859154701232905,0.0009063435481882731,0.3680012226104736,0.3696351051330566,3,0.0065449078877766334,0.0019105770286630972,0.0053706169128417,0.0087494850158691,3,0.0030202070871988666,0.0005207857708945761,0.0025990009307861,0.0036025047302246,3,0.015290657679239867,1.6928278775027196e-05,0.0152719020843505,0.0153048038482666,3,0.0,0.0,0.0,0.0,3,0.0014544328053792,0.0005914400119939352,0.0007717609405517999,0.0018122196197509002,3,0.3686928749084473,0.0009121864613424624,0.3680908679962159,0.3697423934936524,3,0.0,0.0,0.0,0.0,3,0.001546700795491555,0.0004510148785959258,0.0010259151458740234,0.0018081665039063055,3,271.22956347957165,0.6701252816422546,270.4585726703172,271.67204811239174,3,,,,,0,271.22956347957165,0.6701252816422546,270.4585726703172,271.67204811239174,3,14.747714996337892,0.0364874584536985,14.723634719848635,14.789695739746096,3,,,,,0,1.4544328053792002,0.5914400119939353,0.7717609405517999,1.8122196197509002,3,1.5467007954915548,0.4510148785959258,1.0259151458740234,1.8081665039063055,3,284404810.7551553,702677.2873233088,283596368.29635054,284868789.5214993,3,,,,,0,4194304.0,0.0,4194304.0,4194304.0,3,,,,,0,0.24,0.0,0.24,0.24,3,,,,,0,1.0,0.0,1.0,1.0,3,0.0,0.0,,0.0,-0.0,0.0,0.0,,0.0,,0.0,,,0.0,,0.0,0.0,,,0.0,,,,,,,,,,,0.0024589374214758018,0.2919180928781777,0.17243379538506617,0.001107099454460401,,0.40664650151351256,0.002474109274742491,,0.2915980129515543,0.0024706940978162463,,0.0024706940978162463,0.0024741092747424913,,0.40664650151351256,0.29159801295155435,0.0024706940978162463,,0.0,,0.0,,0.0
large_strided_read_heavy_freq_10gb,1.0,0.0,1,1,3,2560.0,0.0,2560,2560,3,0.0,0.0,0,0,3,2560.0,0.0,2560,2560,3,-1.0,0.0,-1,-1,3,1.0,0.0,1,1,3,10737418240.0,0.0,10737418240,10737418240,3,0.0,0.0,0,0,3,639.0,0.0,639,639,3,0.0,0.0,0,0,3,639.0,0.0,639,639,3,0.0,0.0,0,0,3,0.0,0.0,0,0,3,8.0,0.0,8,8,3,0.0,0.0,0,0,3,524288.0,0.0,524288,524288,3,4194304.0,0.0,4194304,4194304,3,0.0,0.0,0,0,3,0.0,0.0,0,0,3,2560.0,0.0,2560,2560,3,0.0,0.0,0,0,3,0.0,0.0,0,0,3,0.0,0.0,0,0,3,0.0,0.0,0,0,3,0.0,0.0,0,0,3,0.0,0.0,0,0,3,0.0,0.0,0,0,3,0.0,0.0,0,0,3,0.0,0.0,0,0,3,0.0,0.0,0,0,3,37.667171239852905,0.04299102376148799,37.61754083633423,37.69290590286255,3,0.0033585230509439335,0.0014833560446716695,0.0021166801452636,0.0050010681152343,3,0.004833777745564733,0.0010810626210475663,0.0036120414733886,0.0056664943695068,3,0.020983775456746363,0.006402432560175309,0.0168070793151855,0.0283548831939697,3,0.0,0.0,0.0,0.0,3,0.0013839403788248664,0.0005320590556612939,0.000802755355835,0.0018470287322997995,3,37.67718585332235,0.04320897100534101,37.62731671333313,37.703468322753906,3,0.0,0.0,0.0,0.0,3,0.0014573733011881511,0.0005328501273083229,0.0008440017700266367,0.001806020736694336,3,271.7827447147749,0.3118916434445772,271.59305113105995,272.14271158409457,3,,,,,0,271.7827447147749,0.3118916434445772,271.59305113105995,272.14271158409457,3,14.717650723954042,0.016878504298961667,14.698170591145754,14.727917313575745,3,,,,,0,1.3839403788248665,0.5320590556612937,0.802755355835,1.8470287322997996,3,1.4573733011881511,0.5328501273083229,0.8440017700266367,1.806020736694336,3,284984863.3220398,327042.091916541,284785955.1828023,285362315.94200355,3,,,,,0,4194304.0,0.0,4194304.0,4194304.0,3,,,,,0,0.249609375,0.0,0.249609375,0.249609375,3,,,,,0,1.0,0.0,1.0,1.0,3,0.0,0.0,,0.0,-0.0,0.0,0.0,,0.0,,0.0,,,0.0,,0.0,0.0,,,0.0,,,,,,,,,,,0.0011413393240425312,0.4416691569988669,0.2236475646898542,0.30511347080379203,,0.38445229563507405,0.0011468205500685205,,0.36562363731646985,0.0011475770611261396,,0.0011475770611261396,0.0011468205500685432,,0.3844522956350739,0.36562363731646985,0.0011475770611261396,,0.0,,0.0,,0.0
large_strided_read_heavy_freq_1gb,1.0,0.0,1,1,3,256.0,0.0,256,256,3,0.0,0.0,0,0,3,256.0,0.0,256,256,3,-1.0,0.0,-1,-1,3,1.0,0.0,1,1,3,1073741824.0,0.0,1073741824,1073741824,3,0.0,0.0,0,0,3,63.0,0.0,63,63,3,0.0,0.0,0,0,3,63.0,0.0,63,63,3,0.0,0.0,0,0,3,0.0,0.0,0,0,3,8.0,0.0,8,8,3,0.0,0.0,0,0,3,524288.0,0.0,524288,524288,3,4194304.0,0.0,4194304,4194304,3,0.0,0.0,0,0,3,0.0,0.0,0,0,3,256.0,0.0,256,256,3,0.0,0.0,0,0,3,0.0,0.0,0,0,3,0.0,0.0,0,0,3,0.0,0.0,0,0,3,0.0,0.0,0,0,3,0.0,0.0,0,0,3,0.0,0.0,0,0,3,0.0,0.0,0,0,3,0.0,0.0,0,0,3,0.0,0.0,0,0,3,3.7615510622660318,0.0009078883802855911,3.7609355449676514,3.762593746185303,3,0.006789207458496066,0.003058195188484721,0.0049219131469726,0.0103185176849365,3,0.002731720606485967,0.00016664765124787986,0.0026283264160156,0.0029239654541015,3,0.015089432398478167,0.00012366005060675424,0.0149569511413574,0.0152018070220947,3,0.0,0.0,0.0,0.0,3,0.0008003711700439332,0.0002309305176010361,0.0005362033843993998,0.0009639263153075998,3,3.7626124223073325,0.0009104164567127142,3.762024879455567,3.7636611461639404,3,0.0,0.0,0.0,0.0,3,0.0017317930857343455,0.0001589739496274505,0.0015645027160648972,0.0018808841705326707,3,272.1513472637628,0.06584180827822336,272.0755031423851,272.19384050118015,3,,,,,0,272.1513472637628,0.06584180827822336,272.0755031423851,272.19384050118015,3,14.697704774638018,0.0035563142840340217,14.695409685373308,14.701801352202892,3,,,,,0,0.8003711700439332,0.23093051760103608,0.5362033843993997,0.9639263153075999,3,1.7317930857343455,0.1589739496274505,1.5645027160648972,1.8808841705326707,3,285371371.1084473,69040.13995714634,285291842.7830296,285415928.4973655,3,,,,,0,4194304.0,0.0,4194304.0,4194304.0,3,,,,,0,0.24609375,0.0,0.24609375,0.24609375,3,,,,,0,1.0,0.0,1.0,1.0,3,0.0,0.0,,0.0,-0.0,0.0,0.0,,0.0,,0.0,,,0.0,,0.0,0.0,,,0.0,,,,,,,,,,,0.00024136011056531066,0.4504495122855131,0.06100464698044366,0.008195142623073476,,0.2885292802192764,0.00024196392148049706,,0.09179731166326927,0.00024193085553389162,,0.00024193085553389162,0.00024196392148049582,,0.2885292802192764,0.09179731166326927,0.00024193085553389162,,0.0,,0.0,,0.0
small_contiguous_mixed_freq_102mb,1.0,0.0,1,1,3,13107.0,0.0,13107,13107,3,0.0,0.0,0,0,3,13107.0,0.0,13107,13107,3,-1.0,0.0,-1,-1,3,0.0,0.0,0,0,3,53686272.0,0.0,53686272,53686272,3,0.0,0.0,0,0,3,13106.0,0.0,13106,13106,3,0.0,0.0,0,0,3,13106.0,0.0,13106,13106,3,0.0,0.0,0,0,3,0.0,0.0,0,0,3,8.0,0.0,8,8,3,13004.0,0.0,13004,13004,3,524288.0,0.0,524288,524288,3,4096.0,0.0,4096,4096,3,0.0,0.0,0,0,3,13107.0,0.0,13107,13107,3,0.0,0.0,0,0,3,0.0,0.0,0,0,3,0.0,0.0,0,0,3,0.0,0.0,0,0,3,0.0,0.0,0,0,3,0.0,0.0,0,0,3,0.0,0.0,0,0,3,0.0,0.0,0,0,3,0.0,0.0,0,0,3,0.0,0.0,0,0,3,0.0,0.0,0,0,3,0.26036850611368817,0.011708229375576125,0.2468550205230713,0.2674744129180908,3,0.0,0.0,0.0,0.0,3,0.0046022733052571005,0.0006397162053533776,0.0038840770721435,0.0051109790802001,3,0.011585235595703068,0.0002602490323714354,0.0113825798034667,0.0118787288665771,3,0.0,0.0,0.0,0.0,3,0.0014917850494384668,0.00045409639703510724,0.0009675025939942,0.0017609596252440999,3,0.2642563978830974,0.011478099229122974,0.2510075569152833,0.27119374275207525,3,0.0,0.0,0.0,0.0,3,0.00175452232360838,0.00012147373961166048,0.001624822616577093,0.001865625381469671,3,193.99852498812038,8.64247496213884,188.79203565108145,203.97481007824825,3,,,,,0,193.99852498812038,8.64247496213884,188.79203565108145,203.97481007824825,3,0.020161470808201524,0.000875722837348208,0.019150649036032908,0.020690756294504863,3,,,,,0,1.4917850494384666,0.4540963970351072,0.9675025939942,1.7609596252440998,3,1.75452232360838,0.1214737396116605,1.624822616577093,1.865625381469671,3,203422197.33794332,9062291.825899696,197962797.57486838,213883090.45260924,3,,,,,0,4096.0,0.0,4096.0,4096.0,3,,,,,0,0.9999237048905165,0.0,0.9999237048905165,0.9999237048905165,3,,,,,0,1.0,0.0,1.0,1.0,3,0.0,0.0,,0.0,-0.0,,0.0,,0.0,,0.0,,,0.0,0.0,0.0,0.0,,0.0,,,,,,,,,,,,0.04496791701245082,,0.1390000469165185,0.022463853257154394,,0.30439800774651604,0.043435463894428365,,0.06923465035305766,0.0445491787252922,,0.0445491787252922,0.04343546389442833,,0.30439800774651604,0.06923465035305768,0.0445491787252922,,0.0,,0.0,,0.0
small_contiguous_mixed_freq_10gb,1.0,0.0,1,1,3,1310720.0,0.0,1310720,1310720,3,0.0,0.0,0,0,3,1310720.0,0.0,1310720,1310720,3,-1.0,0.0,-1,-1,3,0.0,0.0,0,0,3,5368709120.0,0.0,5368709120,5368709120,3,0.0,0.0,0,0,3,1310719.0,0.0,1310719,1310719,3,0.0,0.0,0,0,3,1310719.0,0.0,1310719,1310719,3,0.0,0.0,0,0,3,0.0,0.0,0,0,3,8.0,0.0,8,8,3,1300480.0,0.0,1300480,1300480,3,524288.0,0.0,524288,524288,3,4096.0,0.0,4096,4096,3,0.0,0.0,0,0,3,1310720.0,0.0,1310720,1310720,3,0.0,0.0,0,0,3,0.0,0.0,0,0,3,0.0,0.0,0,0,3,0.0,0.0,0,0,3,0.0,0.0,0,0,3,0.0,0.0,0,0,3,0.0,0.0,0,0,3,0.0,0.0,0,0,3,0.0,0.0,0,0,3,0.0,0.0,0,0,3,0.0,0.0,0,0,3,21.64933451016744,0.3393937101345995,21.274778842926025,21.936457872390747,3,0.0,0.0,0.0,0.0,3,0.14782253901163733,0.0038298730164233906,0.1443641185760498,0.1519386768341064,3,0.011700709660847934,0.0003143756983377672,0.0115084648132324,0.0120635032653808,3,0.0,0.0,0.0,0.0,3,0.0014571348826090665,0.00023891782147939913,0.0011813640594483,0.0016016960144043,3,22.048577388127644,0.34263904766976566,21.673492193222046,22.34513759613037,3,0.0,0.0,0.0,0.0,3,0.0016837120056140502,0.0005209959864652416,0.00108838081359508,0.002056360244747424,3,232.2521128828257,3.6279007115233357,229.1326235058252,236.233273085598,3,,,,,0,232.2521128828257,3.6279007115233357,229.1326235058252,236.233273085598,3,0.016821729574682347,0.0002614128476484416,0.016535562281205785,0.017047987057594582,3,,,,,0,1.4571348826090667,0.23891782147939913,1.1813640594483001,1.6016960144043,3,1.6837120056140502,0.5209959864652417,1.08838081359508,2.056360244747424,3,243533991.51822186,3804129.6164862933,240262969.82524416,247708540.559004,3,,,,,0,4096.0,0.0,4096.0,4096.0,3,,,,,0,0.9999992370605467,0.0,0.9999992370605468,0.9999992370605468,3,,,,,0,1.0,0.0,1.0,1.0,3,0.0,0.0,,0.0,-0.0,,0.0,,0.0,,0.0,,,0.0,0.0,0.0,0.0,,0.0,,,,,,,,,,,,0.015676865724219186,,0.02590858634975742,0.026868088128851567,,0.16396410814872941,0.015540188450174764,,0.3094329580878853,0.015620528340913997,,0.015620528340913997,0.015540188450174748,,0.16396410814872941,0.3094329580878853,0.015620528340913997,,0.0,,0.0,,0.0
small_contiguous_mixed_freq_1gb,1.0,0.0,1,1,3,131072.0,0.0,131072,131072,3,0.0,0.0,0,0,3,131072.0,0.0,131072,131072,3,-1.0,0.0,-1,-1,3,0.0,0.0,0,0,3,536870912.0,0.0,536870912,536870912,3,0.0,0.0,0,0,3,131071.0,0.0,131071,131071,3,0.0,0.0,0,0,3,131071.0,0.0,131071,131071,3,0.0,0.0,0,0,3,0.0,0.0,0,0,3,8.0,0.0,8,8,3,130048.0,0.0,130048,130048,3,524288.0,0.0,524288,524288,3,4096.0,0.0,4096,4096,3,0.0,0.0,0,0,3,131072.0,0.0,131072,131072,3,0.0,0.0,0,0,3,0.0,0.0,0,0,3,0.0,0.0,0,0,3,0.0,0.0,0,0,3,0.0,0.0,0,0,3,0.0,0.0,0,0,3,0.0,0.0,0,0,3,0.0,0.0,0,0,3,0.0,0.0,0,0,3,0.0,0.0,0,0,3,0.0,0.0,0,0,3,2.1910467942555747,0.045361677856890735,2.156222105026245,2.242342948913574,3,0.0,0.0,0.0,0.0,3,0.0170180002848307,0.0013538405683991607,0.0154585838317871,0.017892837524414,3,0.012026866277058833,0.0005897130333489774,0.0113821029663085,0.0125389099121093,3,0.0,0.0,0.0,0.0,3,0.0012377897898356333,0.0005828071007502189,0.0008928775787354001,0.0019106864929198998,3,2.231207768122355,0.04431226412416889,2.1964046955108643,2.2810921669006348,3,0.0,0.0,0.0,0.0,3,0.0015687147776282846,0.00041026679022674564,0.0010972023010249465,0.0018441677093501418,3,229.53195314591048,4.5184002887038135,224.45388548050846,233.10822502176146,3,,,,,0,229.53195314591048,4.5184002887038135,224.45388548050846,233.10822502176146,3,0.017022764344195213,0.0003380757455762397,0.01675723797234241,0.017403352103428915,3,,,,,0,1.2377897898356334,0.5828071007502189,0.8928775787354002,1.9106864929198997,3,1.5687147776282846,0.4102667902267456,1.0972023010249465,1.8441677093501418,3,240681697.30192623,4737886.10112789,235356957.42160964,244431690.16041854,3,,,,,0,4096.0,0.0,4096.0,4096.0,3,,,,,0,0.9999923706054688,0.0,0.9999923706054688,0.9999923706054688,3,,,,,0,1.0,0.0,1.0,1.0,3,0.0,0.0,,0.0,-0.0,,0.0,,0.0,,0.0,,,0.0,0.0,0.0,0.0,,0.0,,,,,,,,,,,,0.02070319902606312,,0.07955344610059331,0.04903297498816055,,0.47084497346484827,0.01986021416618647,,0.2615305191725303,0.019685277917848437,,0.019685277917848437,0.01986021416618647,,0.47084497346484827,0.26153051917253023,0.019685277917848437,,0.0,,0.0,,0.0
small_contiguous_read_heavy_freq_102mb,1.0,0.0,1,1,3,26214.0,0.0,26214,26214,3,0.0,0.0,0,0,3,26214.0,0.0,26214,26214,3,-1.0,0.0,-1,-1,3,0.0,0.0,0,0,3,107372544.0,0.0,107372544,107372544,3,0.0,0.0,0,0,3,26213.0,0.0,26213,26213,3,0.0,0.0,0,0,3,26213.0,0.0,26213,26213,3,0.0,0.0,0,0,3,0.0,0.0,0,0,3,8.0,0.0,8,8,3,26009.0,0.0,26009,26009,3,524288.0,0.0,524288,524288,3,4096.0,0.0,4096,4096,3,0.0,0.0,0,0,3,26214.0,0.0,26214,26214,3,0.0,0.0,0,0,3,0.0,0.0,0,0,3,0.0,0.0,0,0,3,0.0,0.0,0,0,3,0.0,0.0,0,0,3,0.0,0.0,0,0,3,0.0,0.0,0,0,3,0.0,0.0,0,0,3,0.0,0.0,0,0,3,0.0,0.0,0,0,3,0.0,0.0,0,0,3,0.47243348757425946,0.008804433926185011,0.4671263694763183,0.4825966358184814,3,0.0,0.0,0.0,0.0,3,0.0060824553171793,0.0005612925482335541,0.0057365894317626,0.0067300796508789,3,0.011647462844848569,0.0003286591248955195,0.0113370418548583,0.0119917392730712,3,0.0,0.0,0.0,0.0,3,0.0015741189320882664,0.0002109746234707681,0.0014088153839112,0.0018117427825928,3,0.4804689884185791,0.007972077839278712,0.4755764007568359,0.4896681308746338,3,0.0,0.0,0.0,0.0,3,0.0015670458475748512,0.00035694871098573974,0.0011565685272216797,0.0018045902252197266,3,213.16059914710658,3.5034693277453766,209.11803534589498,215.31437921865415,3,,,,,0,213.16059914710658,3.5034693277453766,209.11803534589498,215.31437921865415,3,0.018328717037406697,0.00030411527577930546,0.01814207678175158,0.018679641827826117,3,,,,,0,1.5741189320882665,0.210974623470768,1.4088153839112,1.8117427825927999,3,1.5670458475748514,0.3569487109857397,1.1565685272216797,1.8045902252197266,3,223515088.41127643,3673653.853809936,219276153.03085718,225773490.5035795,3,,,,,0,4096.0,0.0,4096.0,4096.0,3,,,,,0,0.9999618524452583,0.0,0.9999618524452583,0.9999618524452583,3,,,,,0,1.0,0.0,1.0,1.0,3,0.0,0.0,,0.0,-0.0,,0.0,,0.0,,0.0,,,0.0,0.0,0.0,0.0,,0.0,,,,,,,,,,,,0.01863634597833433,,0.09228058719120191,0.028217228874087254,,0.1340271177546183,0.016592283854818802,,0.22778447199751747,0.016435820417860427,,0.016435820417860427,0.016592283854818802,,0.13402711775461823,0.22778447199751742,0.016435820417860427,,0.0,,0.0,,0.0
small_contiguous_read_heavy_freq_10gb,1.0,0.0,1,1,3,2621440.0,0.0,2621440,2621440,3,0.0,0.0,0,0,3,2621440.0,0.0,2621440,2621440,3,-1.0,0.0,-1,-1,3,0.0,0.0,0,0,3,10737418240.0,0.0,10737418240,10737418240,3,0.0,0.0,0,0,3,2621439.0,0.0,2621439,2621439,3,0.0,0.0,0,0,3,2621439.0,0.0,2621439,2621439,3,0.0,0.0,0,0,3,0.0,0.0,0,0,3,8.0,0.0,8,8,3,2600960.0,0.0,2600960,2600960,3,524288.0,0.0,524288,524288,3,4096.0,0.0,4096,4096,3,0.0,0.0,0,0,3,2621440.0,0.0,2621440,2621440,3,0.0,0.0,0,0,3,0.0,0.0,0,0,3,0.0,0.0,0,0,3,0.0,0.0,0,0,3,0.0,0.0,0,0,3,0.0,0.0,0,0,3,0.0,0.0,0,0,3,0.0,0.0,0,0,3,0.0,0.0,0,0,3,0.0,0.0,0,0,3,0.0,0.0,0,0,3,44.593539794286094,0.8070382679604869,43.74533200263977,45.35188674926758,3,0.0,0.0,0.0,0.0,3,0.2891269524892171,0.009786096046695687,0.2804374694824219,0.2997276782989502,3,0.012265761693318633,0.0007640413929390056,0.0114791393280029,0.0130050182342529,3,0.0,0.0,0.0,0.0,3,0.0013551712036132667,0.0003488357137887354,0.0009527206420898,0.0015709400177002,3,45.394067684809364,0.793805265818335,44.56382465362549,46.14556574821472,3,0.0,0.0,0.0,0.0,3,0.0017858346303304036,0.00020373175661299694,0.0015506744384765625,0.001909017562866211,3,225.62625690186428,3.9562785760754418,221.9064786391998,229.78279085313935,3,,,,,0,225.62625690186428,3.9562785760754418,221.9064786391998,229.78279085313935,3,0.017316462587283848,0.00030281267769559296,0.01699975000519771,0.017603136348043336,3,,,,,0,1.3551712036132668,0.34883571378873535,0.9527206420897999,1.5709400177002,3,1.7858346303304036,0.20373175661299694,1.5506744384765625,1.909017562866211,3,236586277.95712924,4148458.7641868824,232685807.74557757,240944719.70162144,3,,,,,0,4096.0,0.0,4096.0,4096.0,3,,,,,0,0.9999996185302734,0.0,0.9999996185302734,0.9999996185302734,3,,,,,0,1.0,0.0,1.0,1.0,3,0.0,0.0,,0.0,-0.0,,0.0,,0.0,,0.0,,,0.0,0.0,0.0,0.0,,0.0,,,,,,,,,,,,0.01809764983186859,,0.033847055635744146,0.062290578607539046,,0.2574108074748353,0.017486982469384946,,0.11408209537033326,0.017534655010459255,,0.017534655010459255,0.01748698246938495,,0.25741080747483525,0.11408209537033326,0.017534655010459255,,0.0,,0.0,,0.0
small_contiguous_read_heavy_freq_1gb,1.0,0.0,1,1,3,262144.0,0.0,262144,262144,3,0.0,0.0,0,0,3,262144.0,0.0,262144,262144,3,-1.0,0.0,-1,-1,3,0.0,0.0,0,0,3,1073741824.0,0.0,1073741824,1073741824,3,0.0,0.0,0,0,3,262143.0,0.0,262143,262143,3,0.0,0.0,0,0,3,262143.0,0.0,262143,262143,3,0.0,0.0,0,0,3,0.0,0.0,0,0,3,8.0,0.0,8,8,3,260096.0,0.0,260096,260096,3,524288.0,0.0,524288,524288,3,4096.0,0.0,4096,4096,3,0.0,0.0,0,0,3,262144.0,0.0,262144,262144,3,0.0,0.0,0,0,3,0.0,0.0,0,0,3,0.0,0.0,0,0,3,0.0,0.0,0,0,3,0.0,0.0,0,0,3,0.0,0.0,0,0,3,0.0,0.0,0,0,3,0.0,0.0,0,0,3,0.0,0.0,0,0,3,0.0,0.0,0,0,3,0.0,0.0,0,0,3,4.426094134648641,0.04795642418151569,4.396564960479736,4.4814276695251465,3,0.0,0.0,0.0,0.0,3,0.030285437901814764,0.0008951035350008899,0.0292699337005615,0.0309598445892334,3,0.012277126312255799,0.0006702449200247291,0.0115983486175537,0.0129384994506835,3,0.0,0.0,0.0,0.0,3,0.0013982454935709664,0.0005433065784801634,0.0007748603820800999,0.0017709732055663997,3,4.505323489507039,0.04744536250216196,4.476184844970703,4.560070753097535,3,0.0,0.0,0.0,0.0,3,0.001597007115681966,0.00042439312962942,0.001107931137084961,0.0018682479858398438,3,227.3033804760329,2.3793469961170644,224.55791926132375,228.76624524354335,3,,,,,0,227.3033804760329,2.3793469961170644,224.55791926132375,228.76624524354335,3,0.017186445196178585,0.00018098969460358418,0.017075290088541806,0.0173952894328977,3,,,,,0,1.3982454935709665,0.5433065784801635,0.7748603820800999,1.7709732055663998,3,1.597007115681966,0.42439312962942,1.107931137084961,1.8682479858398438,3,238344869.4860367,2494926.155800447,235466044.7473618,239878794.3724937,3,,,,,0,4096.0,0.0,4096.0,4096.0,3,,,,,0,0.9999961853027344,0.0,0.9999961853027344,0.9999961853027344,3,,,,,0,1.0,0.0,1.0,1.0,3,0.0,0.0,,0.0,-0.0,,0.0,,0.0,,0.0,,,0.0,0.0,0.0,0.0,,0.0,,,,,,,,,,,,0.010834930917103651,,0.02955557512170737,0.05459298071696538,,0.38856308207553575,0.010530955793221702,,0.26574279191498307,0.010467714959337989,,0.010467714959337989,0.010530955793221703,,0.3885630820755358,0.26574279191498307,0.010467714959337989,,0.0,,0.0,,0.0
small_contiguous_write_heavy_freq_102mb,1.0,0.0,1,1,3,0.0,0.0,0,0,3,26214.0,0.0,26214,26214,3,26214.0,0.0,26214,26214,3,-1.0,0.0,-1,-1,3,0.0,0.0,0,0,3,0.0,0.0,0,0,3,107372544.0,0.0,107372544,107372544,3,0.0,0.0,0,0,3,26213.0,0.0,26213,26213,3,0.0,0.0,0,0,3,26213.0,0.0,26213,26213,3,0.0,0.0,0,0,3,8.0,0.0,8,8,3,26009.0,0.0,26009,26009,3,524288.0,0.0,524288,524288,3,0.0,0.0,0,0,3,4096.0,0.0,4096,4096,3,0.0,0.0,0,0,3,0.0,0.0,0,0,3,26214.0,0.0,26214,26214,3,0.0,0.0,0,0,3,0.0,0.0,0,0,3,0.0,0.0,0,0,3,0.0,0.0,0,0,3,0.0,0.0,0,0,3,0.0,0.0,0,0,3,0.0,0.0,0,0,3,0.0,0.0,0,0,3,0.0,0.0,0,0,3,0.0,0.0,0.0,0.0,3,7.291070222854614,0.21976779521079262,7.045459032058716,7.469141006469727,3,0.007186889648437466,0.0009947841433063877,0.0063505172729492,0.0082869529724121,3,0.0,0.0,0.0,0.0,3,0.009196996688842699,0.00010051061103285922,0.0090918540954589,0.0092921257019042,3,0.0018335183461507668,0.0010357011289686864,0.0006780624389649001,0.002678394317627,3,0.0,0.0,0.0,0.0,3,7.305938084920247,0.22017281513112502,7.05983829498291,7.484235048294067,3,0.0015808741251630565,0.000389545704862098,0.0011329650878915132,0.0018405914306640625,3,,,,,0,14.024383048335514,0.42812602294303015,13.681884232556321,14.504360188075367,3,14.024383048335514,0.42812602294303015,13.681884232556321,14.504360188075367,3,,,,,0,0.27870367303426596,0.00839905451785782,0.2693155678257004,0.28550526620485495,3,1.8335183461507665,1.0357011289686862,0.6780624389649001,2.6783943176269998,3,1.5808741251630565,0.389545704862098,1.1329650878915132,1.8405914306640625,3,,,,,0,14705631.47929146,448922.6726335108,14346495.441036977,15208923.988571316,3,,,,,0,4096.0,0.0,4096.0,4096.0,3,,,,,0,0.9999618524452583,0.0,0.9999618524452583,0.9999618524452583,3,1.0,0.0,1.0,1.0,3,0.0,,0.0,0.0,-0.0,,,0.0,,0.0,,0.0,,0.0,0.0,0.0,,0.0,,,0.0,,,,,,,,,,,0.030142048902767074,0.13841650449199094,,0.01092863403493374,0.5648708839717945,,0.03013614577237804,0.2464115887923202,,0.030527262516110636,0.030527262516110636,,0.030136145772378022,0.5648708839717945,0.2464115887923202,,0.030527262516110636,,0.0,,0.0,0.0
small_contiguous_write_heavy_freq_10gb,1.0,0.0,1,1,3,0.0,0.0,0,0,3,2621440.0,0.0,2621440,2621440,3,2621440.0,0.0,2621440,2621440,3,-1.0,0.0,-1,-1,3,0.0,0.0,0,0,3,0.0,0.0,0,0,3,10737418240.0,0.0,10737418240,10737418240,3,0.0,0.0,0,0,3,2621439.0,0.0,2621439,2621439,3,0.0,0.0,0,0,3,2621439.0,0.0,2621439,2621439,3,0.0,0.0,0,0,3,8.0,0.0,8,8,3,2600960.0,0.0,2600960,2600960,3,524288.0,0.0,524288,524288,3,0.0,0.0,0,0,3,4096.0,0.0,4096,4096,3,0.0,0.0,0,0,3,0.0,0.0,0,0,3,2621440.0,0.0,2621440,2621440,3,0.0,0.0,0,0,3,0.0,0.0,0,0,3,0.0,0.0,0,0,3,0.0,0.0,0,0,3,0.0,0.0,0,0,3,0.0,0.0,0,0,3,0.0,0.0,0,0,3,0.0,0.0,0,0,3,0.0,0.0,0,0,3,0.0,0.0,0.0,0.0,3,803.801288763682,67.23648061243249,757.4207429885864,880.9116697311401,3,0.3851339817047119,0.005702090638744673,0.3785498142242431,0.3884458541870117,3,0.0,0.0,0.0,0.0,3,0.19842179616292313,0.019464296510871854,0.1761491298675537,0.2121667861938476,3,0.0022564729054768665,0.00017628572573957172,0.0020656585693359,0.002413272857666,3,0.0,0.0,0.0,0.0,3,805.302496512731,67.25206126575969,758.9128007888794,882.4309780597687,3,0.001655896504720052,0.00034092767515765253,0.001270294189453125,0.0019173622131347656,3,,,,,0,12.772546322528315,1.0208675289008227,11.604307027519637,13.49298626845622,3,12.772546322528315,1.0208675289008227,11.604307027519637,13.49298626845622,3,,,,,0,0.30719852314481005,0.025654625421813838,0.28950225860171486,0.3366207039107394,3,2.256472905476867,0.17628572573957169,2.0656585693359,2.413272857666,3,1.655896504720052,0.34092767515765254,1.270294189453125,1.9173622131347656,3,,,,,0,13392985.53269145,1070457.189984709,12167997.84568843,14148421.569432748,3,,,,,0,4096.0,0.0,4096.0,4096.0,3,,,,,0,0.9999996185302734,0.0,0.9999996185302734,0.9999996185302734,3,1.0,0.0,1.0,1.0,3,0.0,,0.0,0.0,-0.0,,,0.0,,0.0,,0.0,,0.0,0.0,0.0,,0.0,,,0.0,,,,,,,,,,,0.08364813735973002,0.014805472665656787,,0.09809555647248461,0.0781244593328351,,0.08351155194102458,0.2058870673293016,,0.07992670397289604,0.07992670397289604,,0.08351155194102455,0.07812445933283507,0.2058870673293016,,0.07992670397289604,,0.0,,0.0,0.0
small_contiguous_write_heavy_freq_1gb,1.0,0.0,1,1,3,0.0,0.0,0,0,3,262144.0,0.0,262144,262144,3,262144.0,0.0,262144,262144,3,-1.0,0.0,-1,-1,3,0.0,0.0,0,0,3,0.0,0.0,0,0,3,1073741824.0,0.0,1073741824,1073741824,3,0.0,0.0,0,0,3,262143.0,0.0,262143,262143,3,0.0,0.0,0,0,3,262143.0,0.0,262143,262143,3,0.0,0.0,0,0,3,8.0,0.0,8,8,3,260096.0,0.0,260096,260096,3,524288.0,0.0,524288,524288,3,0.0,0.0,0,0,3,4096.0,0.0,4096,4096,3,0.0,0.0,0,0,3,0.0,0.0,0,0,3,262144.0,0.0,262144,262144,3,0.0,0.0,0,0,3,0.0,0.0,0,0,3,0.0,0.0,0,0,3,0.0,0.0,0,0,3,0.0,0.0,0,0,3,0.0,0.0,0,0,3,0.0,0.0,0,0,3,0.0,0.0,0,0,3,0.0,0.0,0,0,3,0.0,0.0,0.0,0.0,3,72.53890768686931,0.019492324900489334,72.51864075660706,72.55751991271973,3,0.0455257892608642,0.007743900114850014,0.040877342224121,0.0544652938842773,3,0.0,0.0,0.0,0.0,3,0.12762586275736487,0.07340080932961093,0.0823843479156494,0.2123157978057861,3,0.0064419905344644994,0.007416108356156107,0.0018970966339110999,0.0149998664855957,3,0.0,0.0,0.0,0.0,3,72.68695712089539,0.020470896873005972,72.66599917411804,72.7069034576416,3,0.0017273426055908203,6.490767930135576e-05,0.0016663074493408203,0.0017955303192138672,3,,,,,0,14.08781017541242,0.003967646161063496,14.083944595392834,14.091872562659612,3,14.08781017541242,0.003967646161063496,14.083944595392834,14.091872562659612,3,,,,,0,0.27727873657568125,7.809027432634725e-05,0.2771987883534166,0.2773548258119263,3,6.441990534464501,7.416108356156106,1.8970966339111,14.9998664855957,3,1.7273426055908203,0.06490767930135576,1.6663074493408203,1.7955303192138672,3,,,,,0,14772139.642493254,4160.378540983316,14768086.288058637,14776399.364263365,3,,,,,0,4096.0,0.0,4096.0,4096.0,3,,,,,0,0.9999961853027344,0.0,0.9999961853027344,0.9999961853027344,3,1.0,0.0,1.0,1.0,3,0.0,,0.0,0.0,-0.0,,,0.0,,0.0,,0.0,,0.0,0.0,0.0,,0.0,,,0.0,,,,,,,,,,,0.0002687154455734623,0.1700991952160834,,0.5751248825573577,1.1512137927679496,,0.00028163095118919463,0.03757660992745254,,0.0002816368272755594,0.0002816368272755594,,0.00028163095118919463,1.151213792767949,0.03757660992745254,,0.0002816368272755594,,0.0,,0.0,0.0
small_contiguous_write_heavy_seldom_102mb,1.0,0.0,1,1,3,0.0,0.0,0,0,3,26214.0,0.0,26214,26214,3,26214.0,0.0,26214,26214,3,-1.0,0.0,-1,-1,3,0.0,0.0,0,0,3,0.0,0.0,0,0,3,107372544.0,0.0,107372544,107372544,3,0.0,0.0,0,0,3,26213.0,0.0,26213,26213,3,0.0,0.0,0,0,3,26213.0,0.0,26213,26213,3,0.0,0.0,0,0,3,8.0,0.0,8,8,3,26009.0,0.0,26009,26009,3,524288.0,0.0,524288,524288,3,0.0,0.0,0,0,3,4096.0,0.0,4096,4096,3,0.0,0.0,0,0,3,0.0,0.0,0,0,3,26214.0,0.0,26214,26214,3,0.0,0.0,0,0,3,0.0,0.0,0,0,3,0.0,0.0,0,0,3,0.0,0.0,0,0,3,0.0,0.0,0,0,3,0.0,0.0,0,0,3,0.0,0.0,0,0,3,0.0,0.0,0,0,3,0.0,0.0,0,0,3,0.0,0.0,0.0,0.0,3,8.218265771865845,0.5190298863505324,7.787255048751831,8.794415473937988,3,0.0080050627390543,0.0004978875460883418,0.0074849128723144,0.0084772109985351,3,0.0,0.0,0.0,0.0,3,0.013366699218749967,0.007103206147617019,0.0092654228210449,0.0215687751770019,3,0.0022840499877929666,0.00027223988083527925,0.0019817352294921996,0.0025098323822021,3,0.0,0.0,0.0,0.0,3,8.233375628789267,0.5195539048920618,7.801775217056274,8.810045719146729,3,0.0019992192586263022,0.00021221615270561239,0.001798868179321289,0.0022215843200683594,3,,,,,0,12.46933178445113,0.7689986160045431,11.622917833157114,13.125017659588051,3,12.46933178445113,0.7689986160045431,11.622917833157114,13.125017659588051,3,,,,,0,0.3140831475085552,0.01981971102815526,0.2976186471754129,0.33608170134839127,3,2.2840499877929665,0.2722398808352792,1.9817352294921997,2.5098323822021,3,1.999219258626302,0.21221615270561245,1.798868179321289,2.2215843200683594,3,,,,,0,13075042.045212628,806353.4927755798,12187512.689820554,13762578.5174202,3,,,,,0,4096.0,0.0,4096.0,4096.0,3,,,,,0,0.9999618524452583,0.0,0.9999618524452583,0.9999618524452583,3,1.0,0.0,1.0,1.0,3,0.0,,0.0,0.0,-0.0,,,0.0,,0.0,,0.0,,0.0,0.0,0.0,,0.0,,,0.0,,,,,,,,,,,0.06315564630768734,0.062196582627553655,,0.5314106370893038,0.11919173498402257,,0.06310338897637094,0.10614951401149954,,0.06167119692520016,0.06167119692520016,,0.06310338897637097,0.11919173498402255,0.10614951401149958,,0.06167119692520016,,0.0,,0.0,0.0
small_contiguous_write_heavy_seldom_10gb,1.0,0.0,1,1,3,0.0,0.0,0,0,3,2621440.0,0.0,2621440,2621440,3,2621440.0,0.0,2621440,2621440,3,-1.0,0.0,-1,-1,3,0.0,0.0,0,0,3,0.0,0.0,0,0,3,10737418240.0,0.0,10737418240,10737418240,3,0.0,0.0,0,0,3,2621439.0,0.0,2621439,2621439,3,0.0,0.0,0,0,3,2621439.0,0.0,2621439,2621439,3,0.0,0.0,0,0,3,8.0,0.0,8,8,3,2600960.0,0.0,2600960,2600960,3,524288.0,0.0,524288,524288,3,0.0,0.0,0,0,3,4096.0,0.0,4096,4096,3,0.0,0.0,0,0,3,0.0,0.0,0,0,3,2621440.0,0.0,2621440,2621440,3,0.0,0.0,0,0,3,0.0,0.0,0,0,3,0.0,0.0,0,0,3,0.0,0.0,0,0,3,0.0,0.0,0,0,3,0.0,0.0,0,0,3,0.0,0.0,0,0,3,0.0,0.0,0,0,3,0.0,0.0,0,0,3,0.0,0.0,0.0,0.0,3,804.1416765848795,24.026866427030043,776.4055104255676,818.5746715068817,3,0.38273223241170246,0.0068007346056666975,0.3749384880065918,0.3874616622924804,3,0.0,0.0,0.0,0.0,3,0.21032794316609696,0.003116041501177297,0.206737995147705,0.2123324871063232,3,0.0012966791788737665,0.0010072369890512147,0.0006754398345947999,0.0024588108062744995,3,0.0,0.0,0.0,0.0,3,805.6448928515116,24.046075965224215,777.8864543437958,820.0858843326569,3,0.0051237742106119795,0.005978381694662282,0.001573801040649414,0.012026071548461914,3,,,,,0,12.717999824913173,0.3862341569604862,12.486497079915939,13.163874936783918,3,12.717999824913173,0.3862341569604862,12.486497079915939,13.163874936783918,3,,,,,0,0.3073291369825408,0.009172850023355179,0.2967401330352004,0.3128379380541446,3,1.2966791788737664,1.0072369890512147,0.6754398345947998,2.4588108062744993,3,5.1237742106119795,5.978381694662282,1.573801040649414,12.026071548461914,3,,,,,0,13335789.384408155,404995.86736899876,13093041.162069935,13803323.325713133,3,,,,,0,4096.0,0.0,4096.0,4096.0,3,,,,,0,0.9999996185302734,0.0,0.9999996185302734,0.9999996185302734,3,1.0,0.0,1.0,1.0,3,0.0,,0.0,0.0,-0.0,,,0.0,,0.0,,0.0,,0.0,0.0,0.0,,0.0,,,0.0,,,,,,,,,,,0.029878897123041898,0.017768910036171696,,0.014815157008008891,0.7767819561397235,,0.029846991122993622,1.1667925729982995,,0.030369095948868913,0.030369095948868913,,0.0298469911229936,0.7767819561397236,1.1667925729982995,,0.030369095948868913,,0.0,,0.0,0.0
small_contiguous_write_heavy_seldom_1gb,1.0,0.0,1,1,3,0.0,0.0,0,0,3,262144.0,0.0,262144,262144,3,262144.0,0.0,262144,262144,3,-1.0,0.0,-1,-1,3,0.0,0.0,0,0,3,0.0,0.0,0,0,3,1073741824.0,0.0,1073741824,1073741824,3,0.0,0.0,0,0,3,262143.0,0.0,262143,262143,3,0.0,0.0,0,0,3,262143.0,0.0,262143,262143,3,0.0,0.0,0,0,3,8.0,0.0,8,8,3,260096.0,0.0,260096,260096,3,524288.0,0.0,524288,524288,3,0.0,0.0,0,0,3,4096.0,0.0,4096,4096,3,0.0,0.0,0,0,3,0.0,0.0,0,0,3,262144.0,0.0,262144,262144,3,0.0,0.0,0,0,3,0.0,0.0,0,0,3,0.0,0.0,0,0,3,0.0,0.0,0,0,3,0.0,0.0,0,0,3,0.0,0.0,0,0,3,0.0,0.0,0,0,3,0.0,0.0,0,0,3,0.0,0.0,0,0,3,0.0,0.0,0.0,0.0,3,85.19212349255879,3.7615031640412373,81.24782538414001,88.7393250465393,3,0.04199179013570146,0.0007299676993856133,0.0415174961090087,0.0428323745727539,3,0.0,0.0,0.0,0.0,3,0.09413448969523107,0.09639113711804982,0.0270371437072753,0.2045903205871582,3,0.0022538503011067332,0.00011348332002947481,0.0021817684173583997,0.0023846626281737995,3,0.0,0.0,0.0,0.0,3,85.34444117546082,3.7579921176774156,81.40475487709045,88.88961243629456,3,0.0018715063730875652,8.850993393369057e-05,0.0017693042755126953,0.0019228458404541016,3,,,,,0,12.014084384180718,0.5331487883959114,11.519906229019513,12.579117786744689,3,12.014084384180718,0.5331487883959114,11.519906229019513,12.579117786744689,3,,,,,0,0.32556320638832403,0.01433560225554434,0.31053449583851034,0.33908696150319884,3,2.2538503011067332,0.11348332002947469,2.1817684173583998,2.3846626281737997,3,1.8715063730875652,0.08850993393369058,1.7693042755126953,1.9228458404541016,3,,,,,0,12597680.54722668,559047.0239410312,12079497.194000365,13190161.0123536,3,,,,,0,4096.0,0.0,4096.0,4096.0,3,,,,,0,0.9999961853027344,0.0,0.9999961853027344,0.9999961853027344,3,1.0,0.0,1.0,1.0,3,0.0,,0.0,0.0,-0.0,,,0.0,,0.0,,0.0,,0.0,0.0,0.0,,0.0,,,0.0,,,,,,,,,,,0.04415318001047116,0.017383581338795893,,1.023972588900464,0.0503508684555269,,0.04403323832130212,0.04729341839625641,,0.04437698049615195,0.04437698049615195,,0.04403323832130212,0.05035086845552684,0.04729341839625642,,0.04437698049615195,,0.0,,0.0,0.0
small_nd_strided_read_heavy_freq_102mb,1.0,0.0,1,1,3,26214.0,0.0,26214,26214,3,0.0,0.0,0,0,3,26214.0,0.0,26214,26214,3,-1.0,0.0,-1,-1,3,1.0,0.0,1,1,3,107372544.0,0.0,107372544,107372544,3,0.0,0.0,0,0,3,26175.0,0.0,26175,26175,3,0.0,0.0,0,0,3,26212.0,0.0,26212,26212,3,0.0,0.0,0,0,3,0.0,0.0,0,0,3,8.0,0.0,8,8,3,25990.0,0.0,25990,25990,3,524288.0,0.0,524288,524288,3,4096.0,0.0,4096,4096,3,0.0,0.0,0,0,3,26214.0,0.0,26214,26214,3,0.0,0.0,0,0,3,0.0,0.0,0,0,3,0.0,0.0,0,0,3,258048.0,0.0,258048,258048,3,0.0,0.0,0,0,3,0.0,0.0,0,0,3,0.0,0.0,0,0,3,37.0,0.0,37,37,3,0.0,0.0,0,0,3,0.0,0.0,0,0,3,0.0,0.0,0,0,3,6.4474741617838545,0.9124928115005646,5.804053544998169,7.491784334182739,3,0.006679614384969001,0.0010626552596415004,0.005455732345581,0.0073678493499755,3,0.0065209865570067665,0.00048418540240133376,0.0062274932861328,0.0070798397064208,3,0.0091901620229085,2.2141287046145568e-05,0.0091705322265625,0.009214162826538,3,0.0,0.0,0.0,0.0,3,0.0009604295094807997,0.00038430710906000996,0.000619888305664,0.0013771057128906996,3,6.461429039637248,0.9131578999169847,5.817561388015747,7.506504058837891,3,0.0,0.0,0.0,0.0,3,0.0015106995900469045,0.000246456357785312,0.0012261867523184478,0.0016584396362304688,3,16.046572477595756,2.112629420680355,13.641295161819,17.601608418080836,3,,,,,0,16.046572477595756,2.112629420680355,13.641295161819,17.601608418080836,3,0.24648771799943725,0.03483474097493646,0.22192574151276978,0.28635477450361985,3,,,,,0,0.9604295094807997,0.3843071090600099,0.6198883056640001,1.3771057128906996,3,1.5106995900469045,0.246456357785312,1.2261867523184478,1.6584396362304688,3,16826050.782267448,2215252.507419324,14303934.71559952,18456624.14859753,3,,,,,0,4096.0,0.0,4096.0,4096.0,3,,,,,0,0.9999237048905165,0.0,0.9999237048905165,0.9999237048905165,3,,,,,0,1.0,0.0,1.0,1.0,3,0.0,0.0,,0.0,-0.0,0.0,0.0,,0.0,,0.0,,,0.0,0.0,0.0,0.0,,0.0,,,,0.0,,,,0.0,,,,0.14152717616290544,0.15908931240593346,0.07425032978807157,0.00240923794280814,,0.40014087995668024,0.1413244491760681,,0.16314054720678117,0.1316561168205865,,0.1316561168205865,0.14132444917606804,,0.4001408799566802,0.16314054720678117,0.1316561168205865,,0.0,,0.0,,0.0
small_nd_strided_read_heavy_freq_10gb,1.0,0.0,1,1,3,2621440.0,0.0,2621440,2621440,3,0.0,0.0,0,0,3,2621440.0,0.0,2621440,2621440,3,-1.0,0.0,-1,-1,3,1.0,0.0,1,1,3,10737418240.0,0.0,10737418240,10737418240,3,0.0,0.0,0,0,3,2621439.0,0.0,2621439,2621439,3,0.0,0.0,0,0,3,2621439.0,0.0,2621439,2621439,3,0.0,0.0,0,0,3,0.0,0.0,0,0,3,8.0,0.0,8,8,3,2600960.0,0.0,2600960,2600960,3,524288.0,0.0,524288,524288,3,4096.0,0.0,4096,4096,3,0.0,0.0,0,0,3,2621440.0,0.0,2621440,2621440,3,0.0,0.0,0,0,3,0.0,0.0,0,0,3,0.0,0.0,0,0,3,0.0,0.0,0,0,3,0.0,0.0,0,0,3,0.0,0.0,0,0,3,0.0,0.0,0,0,3,0.0,0.0,0,0,3,0.0,0.0,0,0,3,0.0,0.0,0,0,3,0.0,0.0,0,0,3,510.4968368212382,167.05125000501306,317.6112961769104,608.5195710659027,3,0.010213613510131767,0.0018029702267467842,0.0090315341949462,0.0122888088226318,3,0.37827475865681964,0.012318862186901314,0.364262580871582,0.387401819229126,3,0.010218540827433233,0.001716686822299268,0.0090491771697998,0.0121893882751464,3,0.0,0.0,0.0,0.0,3,0.0009117921193440998,0.0004740493062003012,0.0004925727844238999,0.0014262199401855,3,511.7719549338023,167.11720281669866,318.81036782264715,609.8430006504059,3,0.0,0.0,0.0,0.0,3,0.0017982323964436848,0.00014924019130088093,0.0016279220581054688,0.0019061565399169922,3,21.92995031170531,8.824438222594615,16.79120689928211,32.11940712573209,3,,,,,0,21.92995031170531,8.824438222594615,16.79120689928211,32.11940712573209,3,0.19522550771095362,0.0637501536623759,0.12161650383859526,0.23263664270416484,3,,,,,0,0.9117921193440998,0.4740493062003012,0.4925727844238999,1.4262199401855,3,1.7982323964436848,0.14924019130088093,1.6279220581054688,1.9061565399169922,3,22995219.578046706,9253094.133695371,17606856.565621637,33679639.44627165,3,,,,,0,4096.0,0.0,4096.0,4096.0,3,,,,,0,0.9999996185302734,0.0,0.9999996185302734,0.9999996185302734,3,,,,,0,1.0,0.0,1.0,1.0,3,0.0,0.0,,0.0,-0.0,0.0,0.0,,0.0,,0.0,,,0.0,0.0,0.0,0.0,,0.0,,,,,,,,,,,,0.32723268384033055,0.17652618487651428,0.03256591116637866,0.16799725629030715,,0.5199094137173612,0.32654623061225635,,0.08299271640085519,0.4023920755481371,,0.4023920755481371,0.32654623061225635,,0.5199094137173613,0.08299271640085519,0.4023920755481371,,0.0,,0.0,,0.0
small_nd_strided_read_heavy_freq_1gb,1.0,0.0,1,1,3,262144.0,0.0,262144,262144,3,0.0,0.0,0,0,3,262144.0,0.0,262144,262144,3,-1.0,0.0,-1,-1,3,1.0,0.0,1,1,3,1073741824.0,0.0,1073741824,1073741824,3,0.0,0.0,0,0,3,262143.0,0.0,262143,262143,3,0.0,0.0,0,0,3,262143.0,0.0,262143,262143,3,0.0,0.0,0,0,3,0.0,0.0,0,0,3,8.0,0.0,8,8,3,260096.0,0.0,260096,260096,3,524288.0,0.0,524288,524288,3,4096.0,0.0,4096,4096,3,0.0,0.0,0,0,3,262144.0,0.0,262144,262144,3,0.0,0.0,0,0,3,0.0,0.0,0,0,3,0.0,0.0,0,0,3,0.0,0.0,0,0,3,0.0,0.0,0,0,3,0.0,0.0,0,0,3,0.0,0.0,0,0,3,0.0,0.0,0,0,3,0.0,0.0,0,0,3,0.0,0.0,0,0,3,0.0,0.0,0,0,3,54.59181237220764,6.611482413996478,47.96441984176636,61.18726897239685,3,0.011007706324259401,0.001649222023395908,0.0091099739074707,0.0120940208435058,3,0.040263175964355434,0.00061943794359826,0.0395851135253906,0.0407993793487548,3,0.010086456934610966,0.0014968527025720592,0.0091612339019775,0.0118134021759033,3,0.0,0.0,0.0,0.0,3,0.0008885860443115334,0.0006133018005310343,0.0004420280456542999,0.0015878677368164002,3,54.71663784980774,6.614572073059111,48.08694052696228,61.315980195999146,3,0.0,0.0,0.0,0.0,3,0.0017324288686092852,0.0004143540911347338,0.0012772083282470703,0.0020875930786132812,3,18.899787961660763,2.3034276806191842,16.70037723814804,21.294762960139764,3,,,,,0,18.899787961660763,2.3034276806191842,16.70037723814804,21.294762960139764,3,0.20872740878985496,0.02523259000037808,0.183437120540475,0.2339019019927946,3,,,,,0,0.8885860443115335,0.6133018005310343,0.44202804565429993,1.5878677368164003,3,1.7324288686092852,0.41435409113473376,1.2772083282470703,2.0875930786132812,3,19817864.061686397,2415318.9836329417,17511614.76286832,22329177.365691513,3,,,,,0,4096.0,0.0,4096.0,4096.0,3,,,,,0,0.9999961853027344,0.0,0.9999961853027344,0.9999961853027344,3,,,,,0,1.0,0.0,1.0,1.0,3,0.0,0.0,,0.0,-0.0,0.0,0.0,,0.0,,0.0,,,0.0,0.0,0.0,0.0,,0.0,,,,,,,,,,,,0.12110758237735926,0.1498243116970935,0.015384726335216125,0.14840223006710263,,0.6901996767304777,0.12088776527562818,,0.23917524040531507,0.12187584777627194,,0.12187584777627194,0.1208877652756282,,0.6901996767304777,0.23917524040531504,0.12187584777627194,,0.0,,0.0,,0.0
small_random_mixed_freq_102mb,1.0,0.0,1,1,3,16384.0,0.0,16384,16384,3,0.0,0.0,0,0,3,16384.0,0.0,16384,16384,3,-1.0,0.0,-1,-1,3,0.0,0.0,0,0,3,67108864.0,0.0,67108864,67108864,3,0.0,0.0,0,0,3,2.0,2.0,0,4,3,0.0,0.0,0,0,3,8184.333333333333,41.5852537966686,8137,8215,3,0.0,0.0,0,0,3,0.0,0.0,0,0,3,8.0,0.0,8,8,3,16256.0,0.0,16256,16256,3,524288.0,0.0,524288,524288,3,4096.0,0.0,4096,4096,3,0.0,0.0,0,0,3,16384.0,0.0,16384,16384,3,0.0,0.0,0,0,3,0.0,0.0,0,0,3,0.0,0.0,0,0,3,11273557.333333334,7375246.195674104,4956160,19378176,3,9521834.666666666,9818548.874162888,3239936,20836352,3,16123221.333333334,19478695.56161062,1830912,38309888,3,18664106.666666668,24737542.787827678,1867776,47071232,3,4.666666666666667,1.1547005383792515,4,6,3,3.6666666666666665,0.5773502691896258,3,4,3,3.3333333333333335,0.5773502691896257,3,4,3,3.0,1.0,2,4,3,3.351146618525187,0.812389974333044,2.6933813095092773,4.2592408657073975,3,0.0,0.0,0.0,0.0,3,0.0057015419006347,0.0005118753612718682,0.0051558017730712,0.0061709880828857,3,0.0055079460144042336,0.0028755213722326187,0.0035688877105712,0.0088117122650146,3,0.0,0.0,0.0,0.0,3,0.0014338493347168001,0.00036664010334546874,0.0010344982147217,0.0017552375793457,3,3.361703554789225,0.8129343402027818,2.703526496887207,4.270416498184204,3,0.0,0.0,0.0,0.0,3,0.0017964839935302734,9.136534676761337e-05,0.0016956329345703125,0.0018737316131591797,3,19.743555873452454,4.401706822528129,14.986828574499237,23.67278444420222,3,,,,,0,19.743555873452454,4.401706822528129,14.986828574499237,23.67278444420222,3,0.2051821017327408,0.04961757447526745,0.16501016216352582,0.26064553821925074,3,,,,,0,1.4338493347168002,0.3666401033454687,1.0344982147217001,1.7552375793457,3,1.7964839935302734,0.09136534676761338,1.6956329345703125,1.8737316131591797,3,20702618.84356128,4615524.133139255,15714828.759334112,24822713.62136379,3,,,,,0,4096.0,0.0,4096.0,4096.0,3,,,,,0,0.4995320638020833,0.002538162463175574,0.49664306640625,0.50140380859375,3,,,,,0,1.0,0.0,1.0,1.0,3,0.0,0.0,,0.0,-0.0,,0.0,,1.0,,0.0050810801690223525,,,0.0,0.0,0.0,0.0,,0.0,,,,0.6542075387213568,1.0311614534260858,1.2081143810474237,1.3254072766315637,0.24743582965269673,0.15745916432444343,0.1732050807568877,0.3333333333333333,0.24242149533002838,,0.08977840910278777,0.5220678206926197,,0.25570336747959915,0.2418221377803052,,0.050857868534676554,0.22294397477035757,,0.22294397477035757,0.24182213778030523,,0.25570336747959915,0.050857868534676554,0.22294397477035757,,0.0,,0.0050810801690223525,,0.0
small_random_read_heavy_freq_102mb,1.0,0.0,1,1,3,32768.0,0.0,32768,32768,3,0.0,0.0,0,0,3,32768.0,0.0,32768,32768,3,-1.0,0.0,-1,-1,3,0.0,0.0,0,0,3,134217728.0,0.0,134217728,134217728,3,0.0,0.0,0,0,3,1.3333333333333333,1.5275252316519468,0,3,3,0.0,0.0,0,0,3,16392.0,60.530983801686226,16344,16460,3,0.0,0.0,0,0,3,0.0,0.0,0,0,3,8.0,0.0,8,8,3,32512.0,0.0,32512,32512,3,524288.0,0.0,524288,524288,3,4096.0,0.0,4096,4096,3,0.0,0.0,0,0,3,32768.0,0.0,32768,32768,3,0.0,0.0,0,0,3,0.0,0.0,0,0,3,0.0,0.0,0,0,3,45320874.666666664,33627571.870455906,9916416,76832768,3,30793728.0,7430743.473060552,22216704,35287040,3,52883456.0,60392460.214658715,12644352,122327040,3,23412736.0,31077395.01294354,1961984,59052032,3,3.3333333333333335,0.5773502691896258,3,4,3,3.0,0.0,3,3,3,2.6666666666666665,0.5773502691896258,2,3,3,2.6666666666666665,0.5773502691896258,2,3,3,6.890525817871094,0.8964628062311701,6.077459335327148,7.851890325546265,3,0.0,0.0,0.0,0.0,3,0.008138259251912366,0.0004617442430358225,0.0076527595520019,0.0085718631744384,3,0.011030515034993435,0.0016277641930023874,0.0091581344604492,0.0121090412139892,3,0.0,0.0,0.0,0.0,3,0.0017170906066894334,0.00012840185254363282,0.0016012191772461,0.0018551349639892001,3,6.911081314086914,0.8972052232283306,6.09712815284729,7.873114109039307,3,0.0,0.0,0.0,0.0,3,0.0016124248504638672,0.00028077409291986973,0.0013234615325927734,0.0018842220306396484,3,18.725953012537946,2.374175827705133,16.257861657694026,20.99349017950778,3,,,,,0,18.725953012537946,2.374175827705133,16.257861657694026,20.99349017950778,3,0.21090946393087506,0.027380530494028648,0.18606958474265411,0.2402683749096468,3,,,,,0,1.7170906066894336,0.12840185254363276,1.6012191772461,1.8551349639892,3,1.6124248504638672,0.28077409291986977,1.3234615325927734,1.8842220306396484,3,19635584.90607499,2489503.7927117376,17047603.54557817,22013269.95846755,3,,,,,0,4096.0,0.0,4096.0,4096.0,3,,,,,0,0.500244140625,0.001847259027151069,0.498779296875,0.5023193359375,3,,,,,0,1.0,0.0,1.0,1.0,3,0.0,0.0,,0.0,-0.0,,0.0,,1.1456439237389602,,0.003692714970820292,,,0.0,0.0,0.0,0.0,,0.0,,,,0.7419885895359575,0.2413070438584296,1.1419915561997067,1.327371350915311,0.17320508075688776,0.0,0.2165063509461097,0.2165063509461097,0.13010078329670094,,0.05673747035366558,0.14756919217628864,,0.07477872864914961,0.1298212511838849,,0.1741315837690642,0.12678531373626248,,0.12678531373626248,0.1298212511838849,,0.07477872864914957,0.17413158376906424,0.12678531373626248,,0.0,,0.003692714970820292,,0.0
small_random_read_heavy_seldom_102mb,1.0,0.0,1,1,3,32768.0,0.0,32768,32768,3,0.0,0.0,0,0,3,32768.0,0.0,32768,32768,3,-1.0,0.0,-1,-1,3,0.0,0.0,0,0,3,134217728.0,0.0,134217728,134217728,3,0.0,0.0,0,0,3,0.6666666666666666,1.1547005383792517,0,2,3,0.0,0.0,0,0,3,16362.0,9.16515138991168,16354,16372,3,0.0,0.0,0,0,3,0.0,0.0,0,0,3,8.0,0.0,8,8,3,32512.0,0.0,32512,32512,3,524288.0,0.0,524288,524288,3,4096.0,0.0,4096,4096,3,0.0,0.0,0,0,3,32768.0,0.0,32768,32768,3,0.0,0.0,0,0,3,0.0,0.0,0,0,3,0.0,0.0,0,0,3,18427904.0,7709824.321949755,12128256,27025408,3,25524906.666666668,20619524.914254386,7278592,47894528,3,28016640.0,7121770.925830176,20746240,34979840,3,20165973.333333332,6373937.113260322,13279232,25858048,3,4.0,1.0,3,5,3,3.6666666666666665,0.5773502691896258,3,4,3,3.0,0.0,3,3,3,3.0,0.0,3,3,3,6.203158855438232,0.6776431773941175,5.434264898300171,6.713311195373535,3,0.0,0.0,0.0,0.0,3,0.011185089747110966,0.0064023368324470885,0.0072436332702636,0.0185723304748535,3,0.011941035588582302,0.00031711439690469695,0.0116999149322509,0.0123002529144287,3,0.0,0.0,0.0,0.0,3,0.0016686121622721667,0.00011030366271169103,0.0015823841094970998,0.0017929077148438,3,6.222571611404419,0.6774160871684339,5.454002618789673,6.732827663421631,3,0.0,0.0,0.0,0.0,3,0.005022764205932617,0.006234122030014955,0.0011365413665771484,0.012213468551635742,3,20.743573808103843,2.389042356303872,19.01132873122587,23.469002299160092,3,,,,,0,20.743573808103843,2.389042356303872,19.01132873122587,23.469002299160092,3,0.1898978152894415,0.020673098363294493,0.16644295101286843,0.20546959422063082,3,,,,,0,1.6686121622721668,0.11030366271169109,1.5823841094970998,1.7929077148438002,3,5.022764205932617,6.234122030014955,1.1365413665771484,12.213468551635742,3,21751213.649406295,2505092.477803689,19934823.035673898,24609032.554844093,3,,,,,0,4096.0,0.0,4096.0,4096.0,3,,,,,0,0.49932861328125,0.000279698223569082,0.49908447265625,0.4996337890625,3,,,,,0,1.0,0.0,1.0,1.0,3,0.0,0.0,,0.0,-0.0,,0.0,,1.7320508075688776,,0.000560148599799027,,,0.0,0.0,0.0,0.0,,0.0,,,,0.41837771251411743,0.8078197967000488,0.2541978954589193,0.3160738640234403,0.25,0.15745916432444343,0.0,0.0,0.10924162885173191,,0.5723992365909062,0.0265566913817687,,0.0661050333958308,0.10886432964899906,,1.241173539990499,0.11517023914994583,,0.11517023914994583,0.10886432964899906,,0.06610503339583083,1.2411735399904993,0.11517023914994583,,0.0,,0.000560148599799027,,0.0
small_random_write_heavy_freq_102mb,1.0,0.0,1,1,3,0.0,0.0,0,0,3,32768.0,0.0,32768,32768,3,32768.0,0.0,32768,32768,3,-1.0,0.0,-1,-1,3,0.0,0.0,0,0,3,0.0,0.0,0,0,3,134217728.0,0.0,134217728,134217728,3,0.0,0.0,0,0,3,0.6666666666666666,0.5773502691896258,0,1,3,0.0,0.0,0,0,3,16402.333333333332,71.43061901827055,16344,16482,3,0.0,0.0,0,0,3,8.0,0.0,8,8,3,32512.0,0.0,32512,32512,3,524288.0,0.0,524288,524288,3,0.0,0.0,0,0,3,4096.0,0.0,4096,4096,3,0.0,0.0,0,0,3,0.0,0.0,0,0,3,32768.0,0.0,32768,32768,3,0.0,0.0,0,0,3,47887701.333333336,31672675.98670509,12677120,74055680,3,38552917.333333336,31658965.809418686,8204288,71376896,3,17384789.333333332,18430710.321695723,5730304,38633472,3,12404053.333333334,10520526.630472705,5480448,24510464,3,5.0,1.0,4,6,3,3.6666666666666665,0.5773502691896258,3,4,3,3.6666666666666665,0.5773502691896258,3,4,3,3.6666666666666665,0.5773502691896258,3,4,3,0.0,0.0,0.0,0.0,3,9.810844818751017,0.5491855737006148,9.302690744400024,10.393463134765623,3,0.008687337239583301,0.0006835585955494047,0.0080611705780029,0.0094165802001953,3,0.0,0.0,0.0,0.0,3,0.02084167798360187,0.019810424154089932,0.0093410015106201,0.0437166690826416,3,0.002228260040283233,0.0002515156682107287,0.002039909362793,0.0025138854980469,3,0.0,0.0,0.0,0.0,3,9.832792043685913,0.5498914949426226,9.323813915252686,10.416046380996704,3,0.0015435218811041078,0.00047935607306825144,0.0010156631469726562,0.0019516944885253906,3,,,,,0,13.0445893951316,0.7224856802076012,12.288731762324561,13.72828771181359,3,13.0445893951316,0.7224856802076012,12.288731762324561,13.72828771181359,3,,,,,0,0.30007299938006327,0.016781356657184526,0.28454021958168596,0.31787250918569043,3,2.2282600402832333,0.2515156682107289,2.039909362793,2.5138854980469003,3,1.5435218811041078,0.4793560730682514,1.0156631469726562,1.9516944885253906,3,,,,,0,13678243.369589513,757581.1446093656,12885669.196411239,14395153.015702646,3,,,,,0,4096.0,0.0,4096.0,4096.0,3,,,,,0,0.5005594889322916,0.0021798894964071822,0.498779296875,0.50299072265625,3,1.0,0.0,1.0,1.0,3,0.0,,0.0,0.0,-0.0,,,0.0,,0.8660254037844388,,0.004354905949454583,,0.0,0.0,0.0,,0.0,,,0.0,,0.6613947862362438,0.8211821049932827,1.060162994690822,0.8481523214835719,0.2,0.15745916432444343,0.15745916432444343,0.15745916432444343,,0.055977398873028925,0.07868447795888633,,0.9505196352077159,0.11287536627850611,,0.05592424740597795,0.3105599466626024,,0.05538585066366609,0.05538585066366609,,0.05592424740597795,0.11287536627850618,0.3105599466626024,,0.05538585066366609,,0.0,,0.004354905949454583,0.0
small_strided_read_heavy_freq_102mb,1.0,0.0,1,1,3,26214.0,0.0,26214,26214,3,0.0,0.0,0,0,3,26214.0,0.0,26214,26214,3,-1.0,0.0,-1,-1,3,1.0,0.0,1,1,3,107372544.0,0.0,107372544,107372544,3,0.0,0.0,0,0,3,0.0,0.0,0,0,3,0.0,0.0,0,0,3,26198.0,0.0,26198,26198,3,0.0,0.0,0,0,3,0.0,0.0,0,0,3,8.0,0.0,8,8,3,25804.0,0.0,25804,25804,3,524288.0,0.0,524288,524288,3,4096.0,0.0,4096,4096,3,0.0,0.0,0,0,3,26214.0,0.0,26214,26214,3,0.0,0.0,0,0,3,0.0,0.0,0,0,3,0.0,0.0,0,0,3,61440.0,0.0,61440,61440,3,0.0,0.0,0,0,3,0.0,0.0,0,0,3,0.0,0.0,0,0,3,26198.0,0.0,26198,26198,3,0.0,0.0,0,0,3,0.0,0.0,0,0,3,0.0,0.0,0,0,3,4.819069147109985,0.4954725142623266,4.272020101547241,5.237666130065918,3,0.006879250208536767,0.0031138875855409053,0.0049169063568115,0.0104696750640869,3,0.0065553983052571005,0.00037996549361936745,0.0061995983123779,0.0069556236267089,3,0.0009529590606688667,9.146980911046033e-05,0.0008683204650878,0.0010499954223632,3,0.0,0.0,0.0,0.0,3,0.0011324087778727334,0.00027214479107720026,0.0008559226989745998,0.0013999938964844002,3,4.831406195958455,0.4962106827067416,4.283563852310181,5.2506773471832275,3,0.0,0.0,0.0,0.0,3,0.0017464160919189453,7.961467170271432e-05,0.0016567707061767578,0.0018088817596435547,3,21.3506173501306,2.2847584017580505,19.50194817339758,23.904963490803393,3,,,,,0,21.3506173501306,2.2847584017580505,19.50194817339758,23.904963490803393,3,0.1843063323399121,0.018929224181992138,0.1634074865457458,0.20030050153289186,3,,,,,0,1.1324087778727334,0.27214479107720013,0.8559226989745998,1.3999938964844,3,1.7464160919189453,0.07961467170271432,1.6567707061767578,1.8088817596435547,3,22387744.938530546,2395742.8258818495,20449274.80786854,25066170.99733266,3,,,,,0,4096.0,0.0,4096.0,4096.0,3,,,,,0,0.9993896391241321,0.0,0.9993896391241321,0.9993896391241321,3,,,,,0,1.0,0.0,1.0,1.0,3,0.0,0.0,,0.0,-0.0,0.0,0.0,,,,0.0,,,0.0,0.0,0.0,0.0,,0.0,,,,0.0,,,,0.0,,,,0.10281498337899206,0.4526492700725937,0.057962228369045736,0.0959850353343187,,0.24032380920645377,0.10270522961241169,,0.04558745883704867,0.10701135073942368,,0.10701135073942368,0.10270522961241174,,0.24032380920645363,0.045587458837048664,0.10701135073942368,,0.0,,0.0,,0.0
small_strided_read_heavy_freq_10gb,1.0,0.0,1,1,3,2621440.0,0.0,2621440,2621440,3,0.0,0.0,0,0,3,2621440.0,0.0,2621440,2621440,3,-1.0,0.0,-1,-1,3,1.0,0.0,1,1,3,10737418240.0,0.0,10737418240,10737418240,3,0.0,0.0,0,0,3,0.0,0.0,0,0,3,0.0,0.0,0,0,3,2621424.0,0.0,2621424,2621424,3,0.0,0.0,0,0,3,0.0,0.0,0,0,3,8.0,0.0,8,8,3,2293760.0,0.0,2293760,2293760,3,524288.0,0.0,524288,524288,3,4096.0,0.0,4096,4096,3,0.0,0.0,0,0,3,2621440.0,0.0,2621440,2621440,3,0.0,0.0,0,0,3,0.0,0.0,0,0,3,0.0,0.0,0,0,3,61440.0,0.0,61440,61440,3,0.0,0.0,0,0,3,0.0,0.0,0,0,3,0.0,0.0,0,0,3,2621424.0,0.0,2621424,2621424,3,0.0,0.0,0,0,3,0.0,0.0,0,0,3,0.0,0.0,0,0,3,570.6019707520803,80.89649038972352,487.2416424751282,648.7860238552094,3,0.002842267354329367,0.001304386484696799,0.0020699501037597,0.0043482780456542,3,0.3901449839274089,0.01168629061187473,0.377516508102417,0.4005775451660156,3,0.010228236516316666,0.0018391672603173613,0.008124828338623,0.011533498764038,3,0.0,0.0,0.0,0.0,3,0.0009562969207764001,0.0005114560893679757,0.0003705024719239001,0.0013141632080078004,3,571.9137086073557,80.95014381117605,488.48269510269165,650.1309313774109,3,0.0,0.0,0.0,0.0,3,0.004793485005696614,0.004890103534254827,0.0019273757934570312,0.010439872741699219,3,18.152197139236737,2.630077098969256,15.750673450200026,20.962871566713922,3,,,,,0,18.152197139236737,2.630077098969256,15.750673450200026,20.962871566713922,3,0.2181677660397933,0.030880029224844383,0.18634136013133684,0.24800526862236438,3,,,,,0,0.9562969207764,0.5114560893679757,0.3705024719239001,1.3141632080078003,3,4.793485005696614,4.890103534254827,1.9273757934570312,10.439872741699219,3,19033958.2674723,2757835.7241287865,16515778.163716942,21981164.015938617,3,,,,,0,4096.0,0.0,4096.0,4096.0,3,,,,,0,0.999993896484375,0.0,0.999993896484375,0.999993896484375,3,,,,,0,1.0,0.0,1.0,1.0,3,0.0,0.0,,0.0,-0.0,0.0,0.0,,,,0.0,,,0.0,0.0,0.0,0.0,,0.0,,,,0.0,,,,0.0,,,,0.14177394144485364,0.4589246267455966,0.029953712320569276,0.17981274263490257,,0.5348297984194426,0.14154258342275886,,1.0201562179590402,0.1448902895222658,,0.1448902895222658,0.14154258342275888,,0.5348297984194426,1.0201562179590404,0.1448902895222658,,0.0,,0.0,,0.0
small_strided_read_heavy_freq_1gb,1.0,0.0,1,1,3,262144.0,0.0,262144,262144,3,0.0,0.0,0,0,3,262144.0,0.0,262144,262144,3,-1.0,0.0,-1,-1,3,1.0,0.0,1,1,3,1073741824.0,0.0,1073741824,1073741824,3,0.0,0.0,0,0,3,0.0,0.0,0,0,3,0.0,0.0,0,0,3,262128.0,0.0,262128,262128,3,0.0,0.0,0,0,3,0.0,0.0,0,0,3,8.0,0.0,8,8,3,229376.0,0.0,229376,229376,3,524288.0,0.0,524288,524288,3,4096.0,0.0,4096,4096,3,0.0,0.0,0,0,3,262144.0,0.0,262144,262144,3,0.0,0.0,0,0,3,0.0,0.0,0,0,3,0.0,0.0,0,0,3,61440.0,0.0,61440,61440,3,0.0,0.0,0,0,3,0.0,0.0,0,0,3,0.0,0.0,0,0,3,262128.0,0.0,262128,262128,3,0.0,0.0,0,0,3,0.0,0.0,0,0,3,0.0,0.0,0,0,3,53.62494627634684,3.0758726032347936,50.74007415771485,56.86157488822937,3,0.0027227401733398,0.0012720380616209513,0.0019257068634033,0.0041897296905517,3,0.04022653897603347,0.001547810336746704,0.0392596721649169,0.0420117378234863,3,0.005221366882324167,0.002487235582023921,0.0025181770324707,0.0074131488800048,3,0.0,0.0,0.0,0.0,3,0.0009950002034505,0.00031819881043275135,0.0006346702575683,0.0012373924255370998,3,53.74971111615499,3.0772216248126356,50.86388063430786,56.98797583580018,3,0.0,0.0,0.0,0.0,3,0.0024589697519914466,0.001467319777400332,0.0015566349029541016,0.0041520595550466055,3,19.092624978780012,1.0841963618075035,17.968702783030192,20.13216426332419,3,,,,,0,19.092624978780012,1.0841963618075035,17.968702783030192,20.13216426332419,3,0.2050388760229301,0.01173866891789488,0.1940303063747706,0.2173918755943305,3,,,,,0,0.9950002034505,0.3181988104327513,0.6346702575683,1.2373924255370998,3,2.4589697519914466,1.467319777400332,1.5566349029541016,4.1520595550466055,3,20020068.32974923,1136862.2842786647,18841550.489418667,21110104.274579424,3,,,,,0,4096.0,0.0,4096.0,4096.0,3,,,,,0,0.99993896484375,0.0,0.99993896484375,0.99993896484375,3,,,,,0,1.0,0.0,1.0,1.0,3,0.0,0.0,,0.0,-0.0,0.0,0.0,,,,0.0,,,0.0,0.0,0.0,0.0,,0.0,,,,0.0,,,,0.0,,,,0.057358987128561745,0.4671903966733002,0.03847734297173497,0.47635717582764225,,0.3197977340399422,0.057250942580187134,,0.5967213611358957,0.05678613407074745,,0.05678613407074745,0.057250942580187134,,0.3197977340399421,0.5967213611358957,0.05678613407074745,,0.0,,0.0,,0.0
small_strided_write_heavy_freq_102mb,1.0,0.0,1,1,3,0.0,0.0,0,0,3,26214.0,0.0,26214,26214,3,26214.0,0.0,26214,26214,3,-1.0,0.0,-1,-1,3,1.0,0.0,1,1,3,0.0,0.0,0,0,3,107372544.0,0.0,107372544,107372544,3,0.0,0.0,0,0,3,0.0,0.0,0,0,3,0.0,0.0,0,0,3,26198.0,0.0,26198,26198,3,0.0,0.0,0,0,3,8.0,0.0,8,8,3,25804.0,0.0,25804,25804,3,524288.0,0.0,524288,524288,3,0.0,0.0,0,0,3,4096.0,0.0,4096,4096,3,0.0,0.0,0,0,3,0.0,0.0,0,0,3,26214.0,0.0,26214,26214,3,0.0,0.0,0,0,3,61440.0,0.0,61440,61440,3,0.0,0.0,0,0,3,0.0,0.0,0,0,3,0.0,0.0,0,0,3,26198.0,0.0,26198,26198,3,0.0,0.0,0,0,3,0.0,0.0,0,0,3,0.0,0.0,0,0,3,0.0,0.0,0.0,0.0,3,7.824008782704671,0.5221103571027474,7.403744697570801,8.408483982086182,3,0.007079839706420866,0.0008394052860490449,0.0063965320587158,0.00801682472229,3,0.0,0.0,0.0,0.0,3,0.017970561981201134,0.015550172973004272,0.0086939334869384,0.0359230041503906,3,0.0015908082326253,0.0005951958467960688,0.0011069774627685,0.0022554397583007995,3,0.0,0.0,0.0,0.0,3,7.828038056691487,0.5216143981661538,7.408834934234619,8.4121835231781,3,0.0016220410664876301,0.0003866276375951384,0.0011975765228271484,0.0019540786743164062,3,,,,,0,13.118767385231342,0.8508524852733267,12.172634752661,13.82112550879478,3,13.118767385231342,0.8508524852733267,12.172634752661,13.82112550879478,3,,,,,0,0.2986205102880708,0.019898313808123673,0.28262893622623864,0.3209042314480087,3,1.5908082326253001,0.5951958467960689,1.1069774627685,2.2554397583007995,3,1.6220410664876301,0.38662763759513846,1.1975765228271484,1.9540786743164062,3,,,,,0,13756024.62973634,892183.4955979638,12763932.658406261,14492500.501509996,3,,,,,0,4096.0,0.0,4096.0,4096.0,3,,,,,0,0.9993896391241321,0.0,0.9993896391241321,0.9993896391241321,3,1.0,0.0,1.0,1.0,3,0.0,,0.0,0.0,-0.0,0.0,,0.0,,,,0.0,,0.0,0.0,0.0,,0.0,,,0.0,,0.0,,,,0.0,,,,,0.06673182144898614,0.1185627529515632,,0.8653136718412695,0.3741468233501791,,0.06663411628668214,0.2383587232056599,,0.06485765470856562,0.06485765470856562,,0.06663411628668216,0.3741468233501791,0.23835872320565993,,0.06485765470856562,,0.0,,0.0,0.0
small_strided_write_heavy_freq_10gb,1.0,0.0,1,1,3,0.0,0.0,0,0,3,2621440.0,0.0,2621440,2621440,3,2621440.0,0.0,2621440,2621440,3,-1.0,0.0,-1,-1,3,1.0,0.0,1,1,3,0.0,0.0,0,0,3,10737418240.0,0.0,10737418240,10737418240,3,0.0,0.0,0,0,3,0.0,0.0,0,0,3,0.0,0.0,0,0,3,2621424.0,0.0,2621424,2621424,3,0.0,0.0,0,0,3,8.0,0.0,8,8,3,2293760.0,0.0,2293760,2293760,3,524288.0,0.0,524288,524288,3,0.0,0.0,0,0,3,4096.0,0.0,4096,4096,3,0.0,0.0,0,0,3,0.0,0.0,0,0,3,2621440.0,0.0,2621440,2621440,3,0.0,0.0,0,0,3,61440.0,0.0,61440,61440,3,0.0,0.0,0,0,3,0.0,0.0,0,0,3,0.0,0.0,0,0,3,2621424.0,0.0,2621424,2621424,3,0.0,0.0,0,0,3,0.0,0.0,0,0,3,0.0,0.0,0,0,3,0.0,0.0,0.0,0.0,3,678.3934241135915,23.255118622621325,662.6121861934662,705.0993278026581,3,0.38438256581624347,0.0030373693935842275,0.3823151588439941,0.3878698348999023,3,0.0,0.0,0.0,0.0,3,0.045225461324055936,0.00087356155268211,0.0443935394287109,0.0461354255676269,3,0.0018707911173502997,0.00024118774315224595,0.0016582012176514001,0.0021328926086426,3,0.0,0.0,0.0,0.0,3,679.694078207016,23.27719029821933,663.9031465053558,706.4260098934174,3,0.0016966660817464192,9.449028917446176e-05,0.0015883445739746094,0.0017621517181396484,3,,,,,0,15.077172700676842,0.5068364448660871,14.495502510652134,15.423936539390075,3,15.077172700676842,0.5068364448660871,14.495502510652134,15.423936539390075,3,,,,,0,0.2592827141597809,0.008879543418205006,0.25325895176138147,0.26948013683067984,3,1.8707911173502998,0.24118774315224603,1.6582012176514,2.1328926086426,3,1.6966660817464192,0.09449028917446176,1.5883445739746094,1.7621517181396484,3,,,,,0,15809561.44178492,531456.5320119022,15199636.040609572,16173169.680727487,3,,,,,0,4096.0,0.0,4096.0,4096.0,3,,,,,0,0.999993896484375,0.0,0.999993896484375,0.999993896484375,3,1.0,0.0,1.0,1.0,3,0.0,,0.0,0.0,-0.0,0.0,,0.0,,,,0.0,,0.0,0.0,0.0,,0.0,,,0.0,,0.0,,,,0.0,,,,,0.03427969345812444,0.007901943698029898,,0.019315702418660628,0.1289228609839953,,0.03424656922070424,0.055691741699227366,,0.03361614640411556,0.03361614640411556,,0.03424656922070423,0.12892286098399536,0.05569174169922736,,0.03361614640411556,,0.0,,0.0,0.0
small_strided_write_heavy_freq_1gb,1.0,0.0,1,1,3,0.0,0.0,0,0,3,262144.0,0.0,262144,262144,3,262144.0,0.0,262144,262144,3,-1.0,0.0,-1,-1,3,1.0,0.0,1,1,3,0.0,0.0,0,0,3,1073741824.0,0.0,1073741824,1073741824,3,0.0,0.0,0,0,3,0.0,0.0,0,0,3,0.0,0.0,0,0,3,262128.0,0.0,262128,262128,3,0.0,0.0,0,0,3,8.0,0.0,8,8,3,229376.0,0.0,229376,229376,3,524288.0,0.0,524288,524288,3,0.0,0.0,0,0,3,4096.0,0.0,4096,4096,3,0.0,0.0,0,0,3,0.0,0.0,0,0,3,262144.0,0.0,262144,262144,3,0.0,0.0,0,0,3,61440.0,0.0,61440,61440,3,0.0,0.0,0,0,3,0.0,0.0,0,0,3,0.0,0.0,0,0,3,262128.0,0.0,262128,262128,3,0.0,0.0,0,0,3,0.0,0.0,0,0,3,0.0,0.0,0,0,3,0.0,0.0,0.0,0.0,3,69.8947639465332,4.441795559678461,65.46704125404358,74.35049986839294,3,0.043490648269653265,0.002429090096649377,0.0415551662445068,0.0462164878845214,3,0.0,0.0,0.0,0.0,3,0.04278500874837237,0.0019884167005225707,0.0405185222625732,0.0442361831665039,3,0.002342859903971366,0.0001524465124504194,0.0022087097167968004,0.0025086402893066987,3,0.0,0.0,0.0,0.0,3,70.02159945170085,4.437719294761679,65.59632635116577,74.47166109085083,3,0.002632776896158854,0.0017008249767629013,0.0016453266143798828,0.004596710205078125,3,,,,,0,14.663355023636967,0.930685843551569,13.750196853414927,15.610630304478958,3,14.663355023636967,0.930685843551569,13.750196853414927,15.610630304478958,3,,,,,0,0.26711120396309224,0.01692855565933868,0.2502301267668372,0.28408684192982037,3,2.3428599039713665,0.15244651245041924,2.2087097167968004,2.508640289306699,3,2.632776896158854,1.7008249767629013,1.6453266143798828,4.596710205078125,3,,,,,0,15375642.157265157,975894.83908793,14418126.41576641,16368932.282149328,3,,,,,0,4096.0,0.0,4096.0,4096.0,3,,,,,0,0.99993896484375,0.0,0.99993896484375,0.99993896484375,3,1.0,0.0,1.0,1.0,3,0.0,,0.0,0.0,-0.0,0.0,,0.0,,,,0.0,,0.0,0.0,0.0,,0.0,,,0.0,,0.0,,,,0.0,,,,,0.06354976122497907,0.05585315908809614,,0.04647461245635983,0.06506855667810454,,0.06337643426472579,0.6460194098650578,,0.06347018414621526,0.06347018414621526,,0.06337643426472579,0.06506855667810446,0.6460194098650578,,0.06347018414621526,,0.0,,0.0,0.0
