run_id,mode,host,target_id,media,device,mount,workload,rw,block_size,jobs,repetition,session,attempt,completion_reason,io_bytes,gib,fio_runtime_ms,seconds,bw_bytes_s,bw_mib_s,iops,total_ios,clat_mean_ns,clat_p50_ns,clat_p95_ns,clat_p99_ns,clat_p99_9_ns,command_wall_seconds,preparation_generation,artifact
2e90dcabc5f04ad598eec9a51499f661,full,colva1,104,nvme,/dev/nvme1n1p1,/mnt/nvme0,rand_read_128k,randread,128k,4,1,1,1,time_limit,346349371392,322.56298828125,60003,60.003,5772200912,5504.799758911133,44036.298185,2642310,2880476.40388885,2211840,7176192,10289152,13041664,65.33679496869445,1,raw/104__rand_read_128k__r1/attempt-1
2e90dcabc5f04ad598eec9a51499f661,full,colva1,104,nvme,/dev/nvme1n1p1,/mnt/nvme0,rand_read_4k,randread,4k,4,1,1,1,time_limit,251589611520,234.31108474731445,60001,60.001,4193090305,3998.8425302505493,1023701.604972,61423120,123034.59269646031,93696,296960,505856,831488,65.33022858947515,1,raw/104__rand_read_4k__r1/attempt-1
2e90dcabc5f04ad598eec9a51499f661,full,colva1,104,nvme,/dev/nvme1n1p1,/mnt/nvme0,rand_write_4k,randwrite,4k,4,1,1,1,time_limit,249790517248,232.63554763793945,60001,60.001,4163105900,3970.247173309326,1016381.176981,60983887,124142.99020341462,119296,138240,181248,749568,65.33181355521083,1,raw/104__rand_write_4k__r1/attempt-1
2e90dcabc5f04ad598eec9a51499f661,full,colva1,104,nvme,/dev/nvme1n1p1,/mnt/nvme0,seq_read,read,1m,4,1,1,1,time_limit,140119113728,130.49609375,60057,60.057,2333146072,2225.0614852905273,2222.99674,133504,57287748.12351726,78118912,98041856,114819072,143654912,65.39895681291819,1,raw/104__seq_read__r1/attempt-1
2e90dcabc5f04ad598eec9a51499f661,full,colva1,104,nvme,/dev/nvme1n1p1,/mnt/nvme0,seq_write,write,1m,4,1,1,1,time_limit,309916073984,288.6318359375,60027,60.027,5163272850,4924.0807056427,4921.998162999999,295434,25838493.261910595,30277632,42205184,47448064,58458112,65.3905621431768,1,raw/104__seq_write__r1/attempt-1
2e90dcabc5f04ad598eec9a51499f661,full,colva1,104,nvme,/dev/nvme1n1p1,/mnt/nvme0,rand_read_4k,randread,4k,4,2,1,1,time_limit,251744256000,234.45510864257812,60001,60.001,4195667670,4001.3004970550537,1024330.794487,61460872,122945.16151810672,93696,301056,514048,831488,65.32712135091424,1,raw/104__rand_read_4k__r2/attempt-1
2e90dcabc5f04ad598eec9a51499f661,full,colva1,104,nvme,/dev/nvme1n1p1,/mnt/nvme0,rand_write_4k,randwrite,4k,4,2,1,1,time_limit,249557446656,232.41848373413086,60001,60.001,4159221456,3966.542678833008,1015432.8094540001,60926984,124254.24690870948,119296,138240,189440,749568,65.33120056241751,1,raw/104__rand_write_4k__r2/attempt-1
2e90dcabc5f04ad598eec9a51499f661,full,colva1,104,nvme,/dev/nvme1n1p1,/mnt/nvme0,seq_read,read,1m,4,2,1,1,time_limit,140143230976,130.5185546875,60058,60.058,2333639697,2225.5322427749634,2223.450759,133526,57268261.24585759,57409536,98041856,114819072,137363456,65.40012220107019,1,raw/104__seq_read__r2/attempt-1
2e90dcabc5f04ad598eec9a51499f661,full,colva1,104,nvme,/dev/nvme1n1p1,/mnt/nvme0,seq_write,write,1m,4,2,1,1,time_limit,309241839616,288.00390625,60028,60.028,5151852296,4913.1892166137695,4911.106761999999,294791,25918156.262562543,25559040,42205184,45350912,55312384,65.38627742603421,1,raw/104__seq_write__r2/attempt-1
2e90dcabc5f04ad598eec9a51499f661,full,colva1,104,nvme,/dev/nvme1n1p1,/mnt/nvme0,rand_read_128k,randread,128k,4,2,1,1,time_limit,295516110848,275.2208251953125,60004,60.004,4924940182,4696.7889614105225,37572.228518,2254484,3383996.215023335,2736128,6127616,6520832,6914048,65.3384712561965,1,raw/104__rand_read_128k__r2/attempt-1
2e90dcabc5f04ad598eec9a51499f661,full,colva1,104,nvme,/dev/nvme1n1p1,/mnt/nvme0,rand_write_4k,randwrite,4k,4,3,1,1,time_limit,249838043136,232.6798095703125,60001,60.001,4163897985,3971.002564430237,1016574.540423,60995489,124151.00046536728,120320,138240,154624,749568,65.33086468651891,1,raw/104__rand_write_4k__r3/attempt-1
2e90dcabc5f04ad598eec9a51499f661,full,colva1,104,nvme,/dev/nvme1n1p1,/mnt/nvme0,seq_read,read,1m,4,3,1,1,time_limit,140319391744,130.6826171875,60057,60.057,2336597502,2228.3530254364014,2226.271513,133694,57186230.650151595,65273856,96993280,114819072,152043520,65.40263154171407,1,raw/104__seq_read__r3/attempt-1
2e90dcabc5f04ad598eec9a51499f661,full,colva1,104,nvme,/dev/nvme1n1p1,/mnt/nvme0,seq_write,write,1m,4,3,1,1,time_limit,312211406848,290.76953125,60029,60.029,5201484001,4960.521698951721,4958.439201,297623,25650558.17309933,37486592,41680896,45875200,56360960,65.3886394482106,1,raw/104__seq_write__r3/attempt-1
2e90dcabc5f04ad598eec9a51499f661,full,colva1,104,nvme,/dev/nvme1n1p1,/mnt/nvme0,rand_read_128k,randread,128k,4,3,1,1,time_limit,287381127168,267.64453125,60003,60.003,4789445978,4567.5716190338135,36538.506409,2192420,3472818.781723053,987136,11862016,12648448,13434880,65.3463635277003,1,raw/104__rand_read_128k__r3/attempt-1
2e90dcabc5f04ad598eec9a51499f661,full,colva1,104,nvme,/dev/nvme1n1p1,/mnt/nvme0,rand_read_4k,randread,4k,4,3,1,1,time_limit,241841356800,225.23231506347656,60001,60.001,4030622101,3843.900776863098,984036.499391,59043174,128089.65301725421,99840,497664,987136,1564672,65.3319231979549,1,raw/104__rand_read_4k__r3/attempt-1
2e90dcabc5f04ad598eec9a51499f661,full,colva1,104,nvme,/dev/nvme1n1p1,/mnt/nvme0,seq_read,read,1m,4,4,1,1,time_limit,248561795072,231.4912109375,60022,60.022,4141230446,3949.3851146698,3947.28586,236921,32194109.0070618,31326208,57933824,64225280,79167488,65.34568822197616,1,raw/104__seq_read__r4/attempt-1
2e90dcabc5f04ad598eec9a51499f661,full,colva1,104,nvme,/dev/nvme1n1p1,/mnt/nvme0,seq_write,write,1m,4,4,1,1,time_limit,310550462464,289.22265625,60025,60.025,5173941796,4934.255405426025,4932.189491,296040,25794953.289078083,25559040,42205184,46399488,61603840,65.38844187743962,1,raw/104__seq_write__r4/attempt-1
2e90dcabc5f04ad598eec9a51499f661,full,colva1,104,nvme,/dev/nvme1n1p1,/mnt/nvme0,rand_read_128k,randread,128k,4,4,1,1,time_limit,298121166848,277.64697265625,60004,60.004,4968376609,4738.213166236877,37903.622143,2274359,3348117.894004175,1417216,10813440,11730944,12517376,65.34240651503205,1,raw/104__rand_read_128k__r4/attempt-1
2e90dcabc5f04ad598eec9a51499f661,full,colva1,104,nvme,/dev/nvme1n1p1,/mnt/nvme0,rand_read_4k,randread,4k,4,4,1,1,time_limit,249627856896,232.48405838012695,60001,60.001,4160394940,3967.6618003845215,1015719.3046779999,60944174,124030.38037612171,93696,333824,626688,1073152,65.33556761033833,1,raw/104__rand_read_4k__r4/attempt-1
2e90dcabc5f04ad598eec9a51499f661,full,colva1,104,nvme,/dev/nvme1n1p1,/mnt/nvme0,rand_write_4k,randwrite,4k,4,4,1,1,time_limit,249851912192,232.6927261352539,60001,60.001,4164129132,3971.223003387451,1016631.022817,60998878,124105.5447509915,119296,138240,187392,757760,65.32967772334814,1,raw/104__rand_write_4k__r4/attempt-1
2e90dcabc5f04ad598eec9a51499f661,full,colva1,104,nvme,/dev/nvme1n1p1,/mnt/nvme0,seq_write,write,1m,4,5,1,1,time_limit,309700067328,288.4306640625,60032,60.032,5159589953,4920.568421363831,4918.502601,295229,25869534.88541976,25559040,42205184,46399488,58458112,65.390733608976,1,raw/104__seq_write__r5/attempt-1
2e90dcabc5f04ad598eec9a51499f661,full,colva1,104,nvme,/dev/nvme1n1p1,/mnt/nvme0,rand_read_128k,randread,128k,4,5,1,1,time_limit,338472599552,315.2271728515625,60003,60.003,5640927944,5379.608100891113,43034.781594,2582216,2947915.3984996527,2834432,5079040,6389760,7569408,65.34092489629984,1,raw/104__rand_read_128k__r5/attempt-1
2e90dcabc5f04ad598eec9a51499f661,full,colva1,104,nvme,/dev/nvme1n1p1,/mnt/nvme0,rand_read_4k,randread,4k,4,5,1,1,time_limit,250096689152,232.92069244384766,60001,60.001,4168208681,3975.113564491272,1017626.9728839999,61058636,123791.82413208322,93696,329728,626688,1073152,65.32893708907068,1,raw/104__rand_read_4k__r5/attempt-1
2e90dcabc5f04ad598eec9a51499f661,full,colva1,104,nvme,/dev/nvme1n1p1,/mnt/nvme0,rand_write_4k,randwrite,4k,4,5,1,1,time_limit,249471250432,232.33820724487305,60001,60.001,4157784876,3965.172649383545,1015082.1152979999,60905942,124308.81721140034,120320,138240,185344,749568,65.33228037506342,1,raw/104__rand_write_4k__r5/attempt-1
2e90dcabc5f04ad598eec9a51499f661,full,colva1,104,nvme,/dev/nvme1n1p1,/mnt/nvme0,seq_read,read,1m,4,5,1,1,time_limit,140188319744,130.560546875,60057,60.057,2334592001,2226.4404306411743,2224.375435,133570,57246570.70617384,57409536,98041856,117964800,139460608,65.39947518520057,1,raw/104__seq_read__r5/attempt-1
2e90dcabc5f04ad598eec9a51499f661,full,colva1,103,hdd,/dev/sdd1,/mnt/hdd4,rand_read_128k,randread,128k,4,1,1,1,time_limit,2390097920,2.2259521484375,60273,60.273,39670671,37.832900047302246,300.538683,18107,411377216.6214986,383778816,775946240,1098907648,1501560832,65.59922359697521,1,raw/103__rand_read_128k__r1/attempt-1
2e90dcabc5f04ad598eec9a51499f661,full,colva1,103,hdd,/dev/sdd1,/mnt/hdd4,rand_read_4k,randread,4k,4,1,1,1,time_limit,96563200,0.08993148803710938,60245,60.245,1603438,1.5291576385498047,389.33960599999995,23447,317734484.9454002,299892736,616562688,826277888,1216348160,65.5480783097446,1,raw/103__rand_read_4k__r1/attempt-1
2e90dcabc5f04ad598eec9a51499f661,full,colva1,103,hdd,/dev/sdd1,/mnt/hdd4,rand_write_4k,randwrite,4k,4,1,1,1,time_limit,95367168,0.08881759643554688,60155,60.155,1585659,1.512202262878418,384.99590800000004,23155,321216451.52145123,312475648,471859200,1061158912,1417674752,65.4988465923816,1,raw/103__rand_write_4k__r1/attempt-1
2e90dcabc5f04ad598eec9a51499f661,full,colva1,103,hdd,/dev/sdd1,/mnt/hdd4,seq_read,read,1m,4,1,1,1,time_limit,11394875392,10.6123046875,60135,60.135,189622541,180.8381471633911,178.70810799999998,10739,689589108.7332664,708837376,775946240,884998144,1249902592,65.49831427074969,1,raw/103__seq_read__r1/attempt-1
2e90dcabc5f04ad598eec9a51499f661,full,colva1,103,hdd,/dev/sdd1,/mnt/hdd4,seq_write,write,1m,4,1,1,1,time_limit,11916017664,11.09765625,60213,60.213,198094845,188.91796588897705,186.790096,11236,660248417.1500137,675282944,717225984,1182793728,1317011456,65.6011002715677,1,raw/103__seq_write__r1/attempt-1
2e90dcabc5f04ad598eec9a51499f661,full,colva1,103,hdd,/dev/sdd1,/mnt/hdd4,rand_read_4k,randread,4k,4,2,1,1,time_limit,95232000,0.08869171142578125,60221,60.221,1581714,1.5084400177001953,384.035348,23122,322262982.62110245,304087040,608174080,817889280,1199570944,65.548365611583,1,raw/103__rand_read_4k__r2/attempt-1
2e90dcabc5f04ad598eec9a51499f661,full,colva1,103,hdd,/dev/sdd1,/mnt/hdd4,rand_write_4k,randwrite,4k,4,2,1,1,time_limit,95494144,0.08893585205078125,60175,60.175,1587625,1.5140771865844727,385.47621,23186,320761411.0619499,316669952,471859200,960495616,1350565888,65.49675715714693,1,raw/103__rand_write_4k__r2/attempt-1
2e90dcabc5f04ad598eec9a51499f661,full,colva1,103,hdd,/dev/sdd1,/mnt/hdd4,seq_read,read,1m,4,2,1,1,time_limit,11384389632,10.6025390625,60230,60.23,189274305,180.50604343414307,178.377925,10729,691161076.4744029,700448768,767557632,834666496,994050048,65.5497832018882,1,raw/103__seq_read__r2/attempt-1
2e90dcabc5f04ad598eec9a51499f661,full,colva1,103,hdd,/dev/sdd1,/mnt/hdd4,seq_write,write,1m,4,2,1,1,time_limit,11919163392,11.1005859375,60176,60.176,198131487,188.9529104232788,186.825173,11239,660017902.4059972,700448768,742391808,1182793728,1333788672,65.55276094190776,1,raw/103__seq_write__r2/attempt-1
2e90dcabc5f04ad598eec9a51499f661,full,colva1,103,hdd,/dev/sdd1,/mnt/hdd4,rand_read_128k,randread,128k,4,2,1,1,time_limit,2401370112,2.2364501953125,60363,60.363,39798973,37.9552583694458,301.52068,18193,410096632.00896615,383778816,759169024,1035993088,1384120320,65.70002766512334,1,raw/103__rand_read_128k__r2/attempt-1
2e90dcabc5f04ad598eec9a51499f661,full,colva1,103,hdd,/dev/sdd1,/mnt/hdd4,rand_write_4k,randwrite,4k,4,3,1,1,time_limit,96256000,0.0896453857421875,60172,60.172,1600352,1.526214599609375,388.583032,23372,318274592.58020246,312475648,467664896,943718400,1350565888,65.49722883105278,1,raw/103__rand_write_4k__r3/attempt-1
2e90dcabc5f04ad598eec9a51499f661,full,colva1,103,hdd,/dev/sdd1,/mnt/hdd4,seq_read,read,1m,4,3,1,1,time_limit,11402215424,10.619140625,60256,60.256,189428597,180.65318775177002,178.52672099999998,10746,690882128.7404587,725614592,792723456,884998144,1199570944,65.65041817910969,1,raw/103__seq_read__r3/attempt-1
2e90dcabc5f04ad598eec9a51499f661,full,colva1,103,hdd,/dev/sdd1,/mnt/hdd4,seq_write,write,1m,4,3,1,1,time_limit,11959009280,11.1376953125,60166,60.166,198843770,189.6321964263916,187.503929,11277,657796958.0557717,658505728,683671552,1132462080,1283457024,65.50316365621984,1,raw/103__seq_write__r3/attempt-1
2e90dcabc5f04ad598eec9a51499f661,full,colva1,103,hdd,/dev/sdd1,/mnt/hdd4,rand_read_128k,randread,128k,4,3,1,1,time_limit,2391277568,2.22705078125,60268,60.268,39691067,37.85235118865967,300.694241,18116,411208585.5905013,383778816,792723456,1098907648,1451229184,65.59901126287878,1,raw/103__rand_read_128k__r3/attempt-1
2e90dcabc5f04ad598eec9a51499f661,full,colva1,103,hdd,/dev/sdd1,/mnt/hdd4,rand_read_4k,randread,4k,4,3,1,1,time_limit,96825344,0.09017562866210938,60262,60.262,1607551,1.5330801010131836,390.343981,23511,317021408.0128036,299892736,616562688,868220928,1283457024,65.59805499576032,1,raw/103__rand_read_4k__r3/attempt-1
2e90dcabc5f04ad598eec9a51499f661,full,colva1,103,hdd,/dev/sdd1,/mnt/hdd4,seq_read,read,1m,4,4,1,1,time_limit,11416895488,10.6328125,60248,60.248,189755878,180.96530723571777,178.837869,10760,688871953.7361541,708837376,767557632,801112064,868220928,65.54945824295282,1,raw/103__seq_read__r4/attempt-1
2e90dcabc5f04ad598eec9a51499f661,full,colva1,103,hdd,/dev/sdd1,/mnt/hdd4,seq_write,write,1m,4,4,1,1,time_limit,11941183488,11.12109375,60197,60.197,198481091,189.2863187789917,187.158731,11260,658886987.3634272,675282944,717225984,1166016512,1317011456,65.55229651369154,1,raw/103__seq_write__r4/attempt-1
2e90dcabc5f04ad598eec9a51499f661,full,colva1,103,hdd,/dev/sdd1,/mnt/hdd4,rand_read_128k,randread,128k,4,4,1,1,time_limit,2409889792,2.244384765625,60295,60.295,39989221,38.13669300079346,302.96955,18258,408055042.7277914,383778816,801112064,1052770304,1501560832,65.64889430254698,1,raw/103__rand_read_128k__r4/attempt-1
2e90dcabc5f04ad598eec9a51499f661,full,colva1,103,hdd,/dev/sdd1,/mnt/hdd4,rand_read_4k,randread,4k,4,4,1,1,time_limit,96993280,0.09033203125,60218,60.218,1611732,1.5370674133300781,391.36252299999995,23552,316085020.50608677,299892736,616562688,851443712,1317011456,65.54843502119184,1,raw/103__rand_read_4k__r4/attempt-1
2e90dcabc5f04ad598eec9a51499f661,full,colva1,103,hdd,/dev/sdd1,/mnt/hdd4,rand_write_4k,randwrite,4k,4,4,1,1,time_limit,96505856,0.08987808227539062,60172,60.172,1604058,1.5297489166259766,389.488638,23433,317524365.4306628,312475648,471859200,893386752,1317011456,65.49789630435407,1,raw/103__rand_write_4k__r4/attempt-1
2e90dcabc5f04ad598eec9a51499f661,full,colva1,103,hdd,/dev/sdd1,/mnt/hdd4,seq_write,write,1m,4,5,1,1,time_limit,11923357696,11.1044921875,60200,60.2,198200450,189.01867866516113,186.89095000000003,11243,659954306.185564,700448768,742391808,1283457024,1350565888,65.55186000466347,1,raw/103__seq_write__r5/attempt-1
2e90dcabc5f04ad598eec9a51499f661,full,colva1,103,hdd,/dev/sdd1,/mnt/hdd4,rand_read_128k,randread,128k,4,5,1,1,time_limit,2416181248,2.250244140625,60298,60.298,40080479,38.22372341156006,303.66648399999997,18306,407946336.3072559,379584512,759169024,1027604480,1501560832,65.64970003254712,1,raw/103__rand_read_128k__r5/attempt-1
2e90dcabc5f04ad598eec9a51499f661,full,colva1,103,hdd,/dev/sdd1,/mnt/hdd4,rand_read_4k,randread,4k,4,5,1,1,time_limit,97095680,0.09042739868164062,60236,60.236,1612576,1.537872314453125,391.569801,23577,315949705.6853953,299892736,608174080,843055104,1132462080,65.54735565930605,1,raw/103__rand_read_4k__r5/attempt-1
2e90dcabc5f04ad598eec9a51499f661,full,colva1,103,hdd,/dev/sdd1,/mnt/hdd4,rand_write_4k,randwrite,4k,4,5,1,1,time_limit,96698368,0.090057373046875,60165,60.165,1607578,1.5331058502197266,390.347778,23480,316829437.0152105,312475648,459276288,859832320,1249902592,65.49909370392561,1,raw/103__rand_write_4k__r5/attempt-1
2e90dcabc5f04ad598eec9a51499f661,full,colva1,103,hdd,/dev/sdd1,/mnt/hdd4,seq_read,read,1m,4,5,1,1,time_limit,11385438208,10.603515625,60182,60.182,189328139,180.55738353729248,178.428877,10730,691099490.7403176,708837376,775946240,817889280,859832320,65.55035139620304,1,raw/103__seq_read__r5/attempt-1
2e90dcabc5f04ad598eec9a51499f661,full,colva1,105,nvme,/dev/nvme0n1p1,/mnt/nvme1,rand_read_128k,randread,128k,4,1,1,1,time_limit,340942258176,317.5272216796875,60003,60.003,5682086863,5418.8603048324585,43348.799226,2601058,2927824.9052382912,2441216,8093696,10420224,12517376,65.34466163255274,1,raw/105__rand_read_128k__r1/attempt-1
2e90dcabc5f04ad598eec9a51499f661,full,colva1,105,nvme,/dev/nvme0n1p1,/mnt/nvme1,rand_read_4k,randread,4k,4,1,1,1,time_limit,237170921472,220.88263320922852,60001,60.001,3952782809,3769.6674432754517,965032.7994550001,57902933,130667.60866003195,109056,261120,423936,815104,65.33032282069325,1,raw/105__rand_read_4k__r1/attempt-1
2e90dcabc5f04ad598eec9a51499f661,full,colva1,105,nvme,/dev/nvme0n1p1,/mnt/nvme1,rand_write_4k,randwrite,4k,4,1,1,1,time_limit,224449601536,209.03498077392578,60001,60.001,3740764344,3567.470878601074,913270.4788259999,54797142,138323.69854961266,134144,154624,201728,659456,65.33131439238787,1,raw/105__rand_write_4k__r1/attempt-1
2e90dcabc5f04ad598eec9a51499f661,full,colva1,105,nvme,/dev/nvme0n1p1,/mnt/nvme1,seq_read,read,1m,4,1,1,1,time_limit,140146376704,130.521484375,60067,60.067,2333588792,2225.4836959838867,2223.4189399999996,133530,57256337.63738488,57409536,101187584,115867648,143654912,65.39882881194353,1,raw/105__seq_read__r1/attempt-1
2e90dcabc5f04ad598eec9a51499f661,full,colva1,105,nvme,/dev/nvme0n1p1,/mnt/nvme1,seq_write,write,1m,4,1,1,1,time_limit,299245764608,278.6943359375,60031,60.031,4985351449,4754.401635169983,4752.319161,285258,26761806.617944065,31326208,45350912,51642368,65273856,65.39047059975564,1,raw/105__seq_write__r1/attempt-1
2e90dcabc5f04ad598eec9a51499f661,full,colva1,105,nvme,/dev/nvme0n1p1,/mnt/nvme1,rand_read_4k,randread,4k,4,2,1,1,time_limit,190985494528,177.86910247802734,60001,60.001,3183038524,3035.582088470459,777106.931551,46627193,162761.8062327529,114176,464896,888832,1581056,65.3315460383892,1,raw/105__rand_read_4k__r2/attempt-1
2e90dcabc5f04ad598eec9a51499f661,full,colva1,105,nvme,/dev/nvme0n1p1,/mnt/nvme1,rand_write_4k,randwrite,4k,4,2,1,1,time_limit,225737166848,210.2341194152832,60001,60.001,3762223408,3587.935836791992,918509.4581759999,55111486,137534.43749417455,134144,154624,201728,651264,65.33149472996593,1,raw/105__rand_write_4k__r2/attempt-1
2e90dcabc5f04ad598eec9a51499f661,full,colva1,105,nvme,/dev/nvme0n1p1,/mnt/nvme1,seq_read,read,1m,4,2,1,1,time_limit,140209291264,130.580078125,60058,60.058,2334955873,2226.7874460220337,2224.722433,133590,57219989.38600434,57409536,99090432,115867648,139460608,65.39461270160973,1,raw/105__seq_read__r2/attempt-1
2e90dcabc5f04ad598eec9a51499f661,full,colva1,105,nvme,/dev/nvme0n1p1,/mnt/nvme1,seq_write,write,1m,4,2,1,1,time_limit,297163292672,276.7548828125,60033,60.033,4950590056,4721.250587463379,4719.168151,283272,26965022.331071045,28704768,45350912,48496640,60555264,65.38661285489798,1,raw/105__seq_write__r2/attempt-1
2e90dcabc5f04ad598eec9a51499f661,full,colva1,105,nvme,/dev/nvme0n1p1,/mnt/nvme1,rand_read_128k,randread,128k,4,2,1,1,time_limit,297684959232,277.24072265625,60004,60.004,4961085246,4731.259580612183,37847.993467,2271031,3354749.702796357,3129344,6258688,6914048,7503872,65.34207619540393,1,raw/105__rand_read_128k__r2/attempt-1
2e90dcabc5f04ad598eec9a51499f661,full,colva1,105,nvme,/dev/nvme0n1p1,/mnt/nvme1,rand_write_4k,randwrite,4k,4,3,1,1,time_limit,225257705472,209.7875862121582,60001,60.001,3754232518,3580.3151302337646,916558.574023,54994431,137822.7227684427,134144,152576,197632,675840,65.33088907413185,1,raw/105__rand_write_4k__r3/attempt-1
2e90dcabc5f04ad598eec9a51499f661,full,colva1,105,nvme,/dev/nvme0n1p1,/mnt/nvme1,seq_read,read,1m,4,3,1,1,time_limit,140077170688,130.45703125,60058,60.058,2332707955,2224.6436643600464,2222.5619970000002,133463,57311479.539484724,85458944,96993280,114819072,132644864,65.39748062193394,1,raw/105__seq_read__r3/attempt-1
2e90dcabc5f04ad598eec9a51499f661,full,colva1,105,nvme,/dev/nvme0n1p1,/mnt/nvme1,seq_write,write,1m,4,3,1,1,time_limit,296223768576,275.8798828125,60033,60.033,4934554438,4705.957830429077,4703.8589,282375,27035499.471491855,28966912,43778048,49545216,63176704,65.39007593691349,1,raw/105__seq_write__r3/attempt-1
2e90dcabc5f04ad598eec9a51499f661,full,colva1,105,nvme,/dev/nvme0n1p1,/mnt/nvme1,rand_read_128k,randread,128k,4,3,1,1,time_limit,298761060352,278.242919921875,60004,60.004,4979060555,4748.402171134949,37985.134179999994,2279241,3340298.7620139485,2703360,7503872,12517376,17432576,65.34042563848197,1,raw/105__rand_read_128k__r3/attempt-1
2e90dcabc5f04ad598eec9a51499f661,full,colva1,105,nvme,/dev/nvme0n1p1,/mnt/nvme1,rand_read_4k,randread,4k,4,3,1,1,time_limit,186924912640,174.0873908996582,60001,60.001,3115363286,2971.0419521331787,760584.656922,45635840,166362.19005127696,115200,456704,831488,1417216,65.32805727422237,1,raw/105__rand_read_4k__r3/attempt-1
2e90dcabc5f04ad598eec9a51499f661,full,colva1,105,nvme,/dev/nvme0n1p1,/mnt/nvme1,seq_read,read,1m,4,4,1,1,time_limit,245287092224,228.44140625,60033,60.033,4085954863,3896.670210838318,3894.5713239999995,233798,32574360.42731283,30801920,55312384,70778880,86507520,65.35188271477818,1,raw/105__seq_read__r4/attempt-1
2e90dcabc5f04ad598eec9a51499f661,full,colva1,105,nvme,/dev/nvme0n1p1,/mnt/nvme1,seq_write,write,1m,4,4,1,1,time_limit,292122787840,272.060546875,60029,60.029,4866421794,4640.981477737427,4638.915786,278466,27420884.15348468,38010880,47448064,52166656,64749568,65.39186015725136,1,raw/105__seq_write__r4/attempt-1
2e90dcabc5f04ad598eec9a51499f661,full,colva1,105,nvme,/dev/nvme0n1p1,/mnt/nvme1,rand_read_128k,randread,128k,4,4,1,1,time_limit,282305757184,262.917724609375,60004,60.004,4704782299,4486.83004283905,35892.540497,2153696,3541953.3837957676,3194880,6520832,7241728,7831552,65.33687831275165,1,raw/105__rand_read_128k__r4/attempt-1
2e90dcabc5f04ad598eec9a51499f661,full,colva1,105,nvme,/dev/nvme0n1p1,/mnt/nvme1,rand_read_4k,randread,4k,4,4,1,1,time_limit,185419812864,172.6856575012207,60001,60.001,3090278708,2947.1194343566895,754460.492325,45268384,167732.38501436872,103936,684032,1482752,2670592,65.3296872023493,1,raw/105__rand_read_4k__r4/attempt-1
2e90dcabc5f04ad598eec9a51499f661,full,colva1,105,nvme,/dev/nvme0n1p1,/mnt/nvme1,rand_write_4k,randwrite,4k,4,4,1,1,time_limit,225069137920,209.61196899414062,60001,60.001,3751089778,3577.317979812622,915791.320144,54948395,137963.64297245358,134144,154624,199680,675840,65.33139270544052,1,raw/105__rand_write_4k__r4/attempt-1
2e90dcabc5f04ad598eec9a51499f661,full,colva1,105,nvme,/dev/nvme0n1p1,/mnt/nvme1,seq_write,write,1m,4,5,1,1,time_limit,280671289344,261.3955078125,60033,60.033,4675838392,4459.226982116699,4457.144571,267544,28545771.112161558,28966912,47448064,52166656,65273856,65.39137115702033,1,raw/105__seq_write__r5/attempt-1
2e90dcabc5f04ad598eec9a51499f661,full,colva1,105,nvme,/dev/nvme0n1p1,/mnt/nvme1,rand_read_128k,randread,128k,4,5,1,1,time_limit,274564775936,255.7083740234375,60003,60.003,4575850804,4363.871387481689,34908.887888000005,2094638,3639950.881175002,1630208,13697024,16318464,17956864,65.33991371653974,1,raw/105__rand_read_128k__r5/attempt-1
2e90dcabc5f04ad598eec9a51499f661,full,colva1,105,nvme,/dev/nvme0n1p1,/mnt/nvme1,rand_read_4k,randread,4k,4,5,1,1,time_limit,185938440192,173.1686668395996,60001,60.001,3098922353,2955.3626565933228,756570.757154,45395002,167247.35679560015,113152,528384,1036288,1875968,65.3293655179441,1,raw/105__rand_read_4k__r5/attempt-1
2e90dcabc5f04ad598eec9a51499f661,full,colva1,105,nvme,/dev/nvme0n1p1,/mnt/nvme1,rand_write_4k,randwrite,4k,4,5,1,1,time_limit,225734524928,210.23165893554688,60001,60.001,3762179378,3587.893846511841,918498.741688,55110843,137527.44285830078,134144,154624,197632,659456,65.3323056474328,1,raw/105__rand_write_4k__r5/attempt-1
2e90dcabc5f04ad598eec9a51499f661,full,colva1,105,nvme,/dev/nvme0n1p1,/mnt/nvme1,seq_read,read,1m,4,5,1,1,time_limit,140003770368,130.388671875,60058,60.058,2331627684,2223.613437652588,2221.5316629999998,133393,57314799.24627421,57409536,101187584,115867648,139460608,65.39711890369654,1,raw/105__seq_read__r5/attempt-1
2e90dcabc5f04ad598eec9a51499f661,full,colva1,106,nvme,/dev/nvme2n1p1,/mnt/nvme2,rand_read_128k,randread,128k,4,1,1,1,time_limit,346240319488,322.46142578125,60003,60.003,5770383470,5503.066511154175,44022.465544000006,2641480,2884751.836672636,2179072,7372800,10420224,13041664,65.33547411300242,1,raw/106__rand_read_128k__r1/attempt-1
2e90dcabc5f04ad598eec9a51499f661,full,colva1,106,nvme,/dev/nvme2n1p1,/mnt/nvme2,rand_read_4k,randread,4k,4,1,1,1,time_limit,241845288960,225.23597717285156,60001,60.001,4030687635,3843.9632749557495,984052.4991250001,59044134,128095.36218547651,109056,248832,382976,610304,65.33237065561116,1,raw/106__rand_read_4k__r1/attempt-1
2e90dcabc5f04ad598eec9a51499f661,full,colva1,106,nvme,/dev/nvme2n1p1,/mnt/nvme2,rand_write_4k,randwrite,4k,4,1,1,1,time_limit,225894002688,210.38018417358398,60001,60.001,3764837296,3590.4286346435547,919147.6475389999,55149778,137432.68389320667,134144,154624,203776,301056,65.33086566068232,1,raw/106__rand_write_4k__r1/attempt-1
2e90dcabc5f04ad598eec9a51499f661,full,colva1,106,nvme,/dev/nvme2n1p1,/mnt/nvme2,seq_read,read,1m,4,1,1,1,time_limit,140217679872,130.587890625,60058,60.058,2335031742,2226.859800338745,2224.778205,133597,57234556.480124116,57409536,95944704,111673344,133693440,65.39995336346328,1,raw/106__seq_read__r1/attempt-1
2e90dcabc5f04ad598eec9a51499f661,full,colva1,106,nvme,/dev/nvme2n1p1,/mnt/nvme2,seq_write,write,1m,4,1,1,1,time_limit,313369034752,291.84765625,60028,60.028,5220767405,4978.911786079407,4976.81261,298726,25566023.81396384,29491200,41680896,47448064,59506688,65.33920119702816,1,raw/106__seq_write__r1/attempt-1
2e90dcabc5f04ad598eec9a51499f661,full,colva1,106,nvme,/dev/nvme2n1p1,/mnt/nvme2,rand_read_4k,randread,4k,4,2,1,1,time_limit,241568514048,224.97821044921875,60001,60.001,4026074797,3839.5641298294067,982926.351228,58976564,128261.45401684452,111104,246784,370688,585728,65.3344132937491,1,raw/106__rand_read_4k__r2/attempt-1
2e90dcabc5f04ad598eec9a51499f661,full,colva1,106,nvme,/dev/nvme2n1p1,/mnt/nvme2,rand_write_4k,randwrite,4k,4,2,1,1,time_limit,225806491648,210.2986831665039,60001,60.001,3763378802,3589.037706375122,918791.536808,55128411,137457.21453979847,134144,156672,201728,296960,65.3310354091227,1,raw/106__rand_write_4k__r2/attempt-1
2e90dcabc5f04ad598eec9a51499f661,full,colva1,106,nvme,/dev/nvme2n1p1,/mnt/nvme2,seq_read,read,1m,4,2,1,1,time_limit,139777277952,130.177734375,60060,60.06,2327493128,2219.6704177856445,2217.605638,133178,57412251.11181613,57409536,98041856,115867648,143654912,65.39845883473754,1,raw/106__seq_read__r2/attempt-1
2e90dcabc5f04ad598eec9a51499f661,full,colva1,106,nvme,/dev/nvme2n1p1,/mnt/nvme2,seq_write,write,1m,4,2,1,1,time_limit,313051316224,291.5517578125,60026,60.026,5215685564,4974.0653648376465,4971.94946,298422,25584056.206578158,37486592,41680896,46399488,58458112,65.38817684166133,1,raw/106__seq_write__r2/attempt-1
2e90dcabc5f04ad598eec9a51499f661,full,colva1,106,nvme,/dev/nvme2n1p1,/mnt/nvme2,rand_read_128k,randread,128k,4,2,1,1,time_limit,267627134976,249.2471923828125,60004,60.004,4460154904,4253.535179138184,34026.214918,2041709,3729998.3416664624,815104,13303808,14090240,14745600,65.34173751994967,1,raw/106__rand_read_128k__r2/attempt-1
2e90dcabc5f04ad598eec9a51499f661,full,colva1,106,nvme,/dev/nvme2n1p1,/mnt/nvme2,rand_write_4k,randwrite,4k,4,3,1,1,time_limit,225756258304,210.25189971923828,60001,60.001,3762541594,3588.239282608032,918587.1735469999,55116149,137532.8773367443,134144,152576,197632,292864,65.32810787670314,1,raw/106__rand_write_4k__r3/attempt-1
2e90dcabc5f04ad598eec9a51499f661,full,colva1,106,nvme,/dev/nvme2n1p1,/mnt/nvme2,seq_read,read,1m,4,3,1,1,time_limit,139978604544,130.365234375,60057,60.057,2330895821,2222.91547870636,2220.8340049999997,133369,57345797.9845814,76021760,96993280,113770496,139460608,65.39941270463169,1,raw/106__seq_read__r3/attempt-1
2e90dcabc5f04ad598eec9a51499f661,full,colva1,106,nvme,/dev/nvme2n1p1,/mnt/nvme2,seq_write,write,1m,4,3,1,1,time_limit,312283758592,290.8369140625,60026,60.026,5202912434,4961.883958816528,4959.818026999999,297693,25645029.587132744,25034752,41680896,48496640,58982400,65.38679604232311,1,raw/106__seq_write__r3/attempt-1
2e90dcabc5f04ad598eec9a51499f661,full,colva1,106,nvme,/dev/nvme2n1p1,/mnt/nvme2,rand_read_128k,randread,128k,4,3,1,1,time_limit,328301281280,305.75439453125,60004,60.004,5471368351,5217.903471946716,41741.161249,2504616,3043199.3763070735,2867200,4816896,7241728,9764864,65.33723823167384,1,raw/106__rand_read_128k__r3/attempt-1
2e90dcabc5f04ad598eec9a51499f661,full,colva1,106,nvme,/dev/nvme2n1p1,/mnt/nvme2,rand_read_4k,randread,4k,4,3,1,1,time_limit,242086838272,225.4609375,60001,60.001,4034713391,3847.802535057068,985035.349411,59103106,127973.24299084954,108032,257024,403456,667648,65.32926931418478,1,raw/106__rand_read_4k__r3/attempt-1
2e90dcabc5f04ad598eec9a51499f661,full,colva1,106,nvme,/dev/nvme2n1p1,/mnt/nvme2,seq_read,read,1m,4,4,1,1,time_limit,293335990272,273.1904296875,60025,60.025,4886896962,4660.50811958313,4658.442315,279623,27247471.93991828,26607616,42729472,54263808,68681728,65.34935219027102,1,raw/106__seq_read__r4/attempt-1
2e90dcabc5f04ad598eec9a51499f661,full,colva1,106,nvme,/dev/nvme2n1p1,/mnt/nvme2,seq_write,write,1m,4,4,1,1,time_limit,314474233856,292.876953125,60025,60.025,5239565762,4996.839296340942,4994.756648,299781,25467925.80011693,32899072,41680896,45875200,59506688,65.38777842745185,1,raw/106__seq_write__r4/attempt-1
2e90dcabc5f04ad598eec9a51499f661,full,colva1,106,nvme,/dev/nvme2n1p1,/mnt/nvme2,rand_read_128k,randread,128k,4,4,1,1,time_limit,316680306688,294.9315185546875,60003,60.003,5277741223,5033.246253013611,40263.903471000005,2415955,3154733.3792695217,2506752,6455296,7176192,7766016,65.34013454802334,1,raw/106__rand_read_128k__r4/attempt-1
2e90dcabc5f04ad598eec9a51499f661,full,colva1,106,nvme,/dev/nvme2n1p1,/mnt/nvme2,rand_read_4k,randread,4k,4,4,1,1,time_limit,238902538240,222.4953269958496,60001,60.001,3981642608,3797.1902923583984,972078.59869,58325688,129741.72191114059,113152,321536,577536,937984,65.33210466615856,1,raw/106__rand_read_4k__r4/attempt-1
2e90dcabc5f04ad598eec9a51499f661,full,colva1,106,nvme,/dev/nvme2n1p1,/mnt/nvme2,rand_write_4k,randwrite,4k,4,4,1,1,time_limit,226750967808,211.17829513549805,60001,60.001,3779119810,3604.0495014190674,922634.589424,55358998,136976.41953461964,134144,144384,189440,296960,65.32809686847031,1,raw/106__rand_write_4k__r4/attempt-1
2e90dcabc5f04ad598eec9a51499f661,full,colva1,106,nvme,/dev/nvme2n1p1,/mnt/nvme2,seq_write,write,1m,4,5,1,1,time_limit,313150930944,291.64453125,60029,60.029,5217063173,4975.379155158997,4973.296657,298519,25594253.737263724,37486592,41680896,45875200,62128128,65.38798545859754,1,raw/106__seq_write__r5/attempt-1
2e90dcabc5f04ad598eec9a51499f661,full,colva1,106,nvme,/dev/nvme2n1p1,/mnt/nvme2,rand_read_128k,randread,128k,4,5,1,1,time_limit,322491514880,300.3436279296875,60004,60.004,5374567402,5125.586893081665,41002.628605,2460291,3101032.7178143035,2867200,4751360,5668864,6651904,65.33616739325225,1,raw/106__rand_read_128k__r5/attempt-1
2e90dcabc5f04ad598eec9a51499f661,full,colva1,106,nvme,/dev/nvme2n1p1,/mnt/nvme2,rand_read_4k,randread,4k,4,5,1,1,time_limit,242066452480,225.44195175170898,60001,60.001,4034373633,3847.4785165786743,984952.384127,59098128,127982.3269951193,109056,252928,391168,626688,65.33165100775659,1,raw/106__rand_read_4k__r5/attempt-1
2e90dcabc5f04ad598eec9a51499f661,full,colva1,106,nvme,/dev/nvme2n1p1,/mnt/nvme2,rand_write_4k,randwrite,4k,4,5,1,1,time_limit,226490310656,210.93553924560547,60001,60.001,3774775595,3599.9065351486206,921573.990434,55295361,137137.20049113347,134144,144384,187392,301056,65.33092391863465,1,raw/106__rand_write_4k__r5/attempt-1
2e90dcabc5f04ad598eec9a51499f661,full,colva1,106,nvme,/dev/nvme2n1p1,/mnt/nvme2,seq_read,read,1m,4,5,1,1,time_limit,139883184128,130.2763671875,60058,60.058,2329626695,2221.7051458358765,2219.6234210000002,133278,57354717.21935404,57933824,99090432,115867648,133693440,65.40184682048857,1,raw/106__seq_read__r5/attempt-1
2e90dcabc5f04ad598eec9a51499f661,full,colva1,101,hdd,/dev/sdb1,/mnt/hdd2,rand_read_128k,randread,128k,4,1,1,1,time_limit,2365849600,2.203369140625,60273,60.273,39287118,37.46711540222168,297.61137199999996,17922,415445878.24599165,387973120,784334848,1098907648,1837105152,65.59926097095013,1,raw/101__rand_read_128k__r1/attempt-1
2e90dcabc5f04ad598eec9a51499f661,full,colva1,101,hdd,/dev/sdb1,/mnt/hdd2,rand_read_4k,randread,4k,4,1,1,1,time_limit,96366592,0.08974838256835938,60195,60.195,1601304,1.5271224975585938,388.816921,23399,318244068.4775023,299892736,608174080,859832320,1249902592,65.49767074920237,1,raw/101__rand_read_4k__r1/attempt-1
2e90dcabc5f04ad598eec9a51499f661,full,colva1,101,hdd,/dev/sdb1,/mnt/hdd2,rand_write_4k,randwrite,4k,4,1,1,1,time_limit,96141312,0.08953857421875,60170,60.17,1598417,1.524369239807129,388.11101099999996,23344,318615953.6564645,312475648,471859200,1069547520,1300234240,65.49809021130204,1,raw/101__rand_write_4k__r1/attempt-1
2e90dcabc5f04ad598eec9a51499f661,full,colva1,101,hdd,/dev/sdb1,/mnt/hdd2,seq_read,read,1m,4,1,1,1,time_limit,11101274112,10.3388671875,60223,60.223,184542422,175.9933681488037,173.865576,10459,708577251.0904276,742391808,809500672,851443712,1132462080,65.54963660240173,1,raw/101__seq_read__r1/attempt-1
2e90dcabc5f04ad598eec9a51499f661,full,colva1,101,hdd,/dev/sdb1,/mnt/hdd2,seq_write,write,1m,4,1,1,1,time_limit,11620319232,10.822265625,60180,60.18,193202451,184.252215385437,182.124053,10954,676923918.736652,683671552,708837376,1182793728,1317011456,65.55167741328478,1,raw/101__seq_write__r1/attempt-1
2e90dcabc5f04ad598eec9a51499f661,full,colva1,101,hdd,/dev/sdb1,/mnt/hdd2,rand_read_4k,randread,4k,4,2,1,1,time_limit,96006144,0.08941268920898438,60259,60.259,1593587,1.5197629928588867,386.935079,23311,319726167.1988441,299892736,608174080,826277888,1132462080,65.59786693006754,1,raw/101__rand_read_4k__r2/attempt-1
2e90dcabc5f04ad598eec9a51499f661,full,colva1,101,hdd,/dev/sdb1,/mnt/hdd2,rand_write_4k,randwrite,4k,4,2,1,1,time_limit,96985088,0.09032440185546875,60167,60.167,1612565,1.5378618240356445,391.565074,23550,315876548.40950376,308281344,446693376,943718400,1266679808,65.49817754328251,1,raw/101__rand_write_4k__r2/attempt-1
2e90dcabc5f04ad598eec9a51499f661,full,colva1,101,hdd,/dev/sdb1,/mnt/hdd2,seq_read,read,1m,4,2,1,1,time_limit,11113857024,10.3505859375,60291,60.291,184597020,176.04543685913086,173.919377,10471,711628534.1088808,725614592,792723456,952107008,1010827264,65.85093708336353,1,raw/101__seq_read__r2/attempt-1
2e90dcabc5f04ad598eec9a51499f661,full,colva1,101,hdd,/dev/sdb1,/mnt/hdd2,seq_write,write,1m,4,2,1,1,time_limit,11606687744,10.8095703125,60193,60.193,192958454,184.01952171325684,181.89155499999998,10941,677806712.6453701,675282944,708837376,1182793728,1367343104,65.55216437578201,1,raw/101__seq_write__r2/attempt-1
2e90dcabc5f04ad598eec9a51499f661,full,colva1,101,hdd,/dev/sdb1,/mnt/hdd2,rand_read_128k,randread,128k,4,2,1,1,time_limit,2400583680,2.2357177734375,60274,60.274,39844543,37.998717308044434,301.865225,18187,409476374.6154054,383778816,775946240,1019215872,1451229184,65.64921222627163,1,raw/101__rand_read_128k__r2/attempt-1
2e90dcabc5f04ad598eec9a51499f661,full,colva1,101,hdd,/dev/sdb1,/mnt/hdd2,rand_write_4k,randwrite,4k,4,3,1,1,time_limit,96919552,0.09026336669921875,60182,60.182,1610841,1.5362176895141602,391.14463,23534,316241164.5664011,312475648,455081984,926941184,1283457024,65.49728199653327,1,raw/101__rand_write_4k__r3/attempt-1
2e90dcabc5f04ad598eec9a51499f661,full,colva1,101,hdd,/dev/sdb1,/mnt/hdd2,seq_read,read,1m,4,3,1,1,time_limit,11061428224,10.3017578125,60210,60.21,184015741,175.49108600616455,173.361691,10421,711054459.9008963,708837376,784334848,1061158912,1216348160,65.54999480396509,1,raw/101__seq_read__r3/attempt-1
2e90dcabc5f04ad598eec9a51499f661,full,colva1,101,hdd,/dev/sdb1,/mnt/hdd2,seq_write,write,1m,4,3,1,1,time_limit,11629756416,10.8310546875,60180,60.18,193347697,184.39073276519775,182.262695,10963,676260276.4488816,683671552,708837376,1182793728,1300234240,65.55321085266769,1,raw/101__seq_write__r3/attempt-1
2e90dcabc5f04ad598eec9a51499f661,full,colva1,101,hdd,/dev/sdb1,/mnt/hdd2,rand_read_128k,randread,128k,4,3,1,1,time_limit,2415132672,2.249267578125,60249,60.249,40091343,38.234084129333496,303.747879,18298,407064456.27493423,379584512,792723456,1061158912,1551892480,65.59836705215275,1,raw/101__rand_read_128k__r3/attempt-1
2e90dcabc5f04ad598eec9a51499f661,full,colva1,101,hdd,/dev/sdb1,/mnt/hdd2,rand_read_4k,randread,4k,4,3,1,1,time_limit,97595392,0.09089279174804688,60237,60.237,1620807,1.5457220077514648,393.579556,23699,314296994.43502283,295698432,608174080,809500672,1166016512,65.54810278862715,1,raw/101__rand_read_4k__r3/attempt-1
2e90dcabc5f04ad598eec9a51499f661,full,colva1,101,hdd,/dev/sdb1,/mnt/hdd2,seq_read,read,1m,4,4,1,1,time_limit,11076108288,10.3154296875,60252,60.252,184070584,175.54338836669922,173.41619599999999,10435,710628299.0371697,717225984,775946240,801112064,1266679808,65.60042664781213,1,raw/101__seq_read__r4/attempt-1
2e90dcabc5f04ad598eec9a51499f661,full,colva1,101,hdd,/dev/sdb1,/mnt/hdd2,seq_write,write,1m,4,4,1,1,time_limit,11625562112,10.8271484375,60171,60.171,193278934,184.3251552581787,182.19708100000003,10959,676669923.5313934,700448768,742391808,1199570944,1400897536,65.50202870368958,1,raw/101__seq_write__r4/attempt-1
2e90dcabc5f04ad598eec9a51499f661,full,colva1,101,hdd,/dev/sdb1,/mnt/hdd2,rand_read_128k,randread,128k,4,4,1,1,time_limit,2389966848,2.225830078125,60288,60.288,39653843,37.81685161590576,300.41107,18106,411472900.33074886,383778816,784334848,1098907648,1468006400,65.5995901171118,1,raw/101__rand_read_128k__r4/attempt-1
2e90dcabc5f04ad598eec9a51499f661,full,colva1,101,hdd,/dev/sdb1,/mnt/hdd2,rand_read_4k,randread,4k,4,4,1,1,time_limit,96489472,0.08986282348632812,60225,60.225,1602575,1.528334617614746,389.127935,23429,317966589.4342018,299892736,624951296,859832320,1434451968,65.54911723546684,1,raw/101__rand_read_4k__r4/attempt-1
2e90dcabc5f04ad598eec9a51499f661,full,colva1,101,hdd,/dev/sdb1,/mnt/hdd2,rand_write_4k,randwrite,4k,4,4,1,1,time_limit,97046528,0.09038162231445312,60162,60.162,1613594,1.5388431549072266,391.816192,23565,315688967.82458556,308281344,471859200,1019215872,1417674752,65.49785188958049,1,raw/101__rand_write_4k__r4/attempt-1
2e90dcabc5f04ad598eec9a51499f661,full,colva1,101,hdd,/dev/sdb1,/mnt/hdd2,seq_write,write,1m,4,5,1,1,time_limit,11599347712,10.802734375,60215,60.215,192750519,183.8212194442749,181.694216,10934,678704903.5566516,700448768,734003200,1249902592,1333788672,65.55188443139195,1,raw/101__seq_write__r5/attempt-1
2e90dcabc5f04ad598eec9a51499f661,full,colva1,101,hdd,/dev/sdb1,/mnt/hdd2,rand_read_128k,randread,128k,4,5,1,1,time_limit,2405302272,2.2401123046875,60305,60.305,39896546,38.04831123352051,302.26338,18223,409061100.423014,383778816,775946240,1052770304,1551892480,65.64848952926695,1,raw/101__rand_read_128k__r5/attempt-1
2e90dcabc5f04ad598eec9a51499f661,full,colva1,101,hdd,/dev/sdb1,/mnt/hdd2,rand_read_4k,randread,4k,4,5,1,1,time_limit,96911360,0.0902557373046875,60209,60.209,1610249,1.5356531143188477,391.00092299999994,23532,316401422.8282277,299892736,599785472,834666496,1216348160,65.54813495278358,1,raw/101__rand_read_4k__r5/attempt-1
2e90dcabc5f04ad598eec9a51499f661,full,colva1,101,hdd,/dev/sdb1,/mnt/hdd2,rand_write_4k,randwrite,4k,4,5,1,1,time_limit,97296384,0.09061431884765625,60162,60.162,1617790,1.5428447723388672,392.840247,23626,314814321.0915095,308281344,455081984,935329792,1367343104,65.4970952924341,1,raw/101__rand_write_4k__r5/attempt-1
2e90dcabc5f04ad598eec9a51499f661,full,colva1,101,hdd,/dev/sdb1,/mnt/hdd2,seq_read,read,1m,4,5,1,1,time_limit,11093934080,10.33203125,60298,60.298,184242373,175.70721912384033,173.581503,10452,711784771.902343,734003200,801112064,876609536,1019215872,65.65071450173855,1,raw/101__seq_read__r5/attempt-1
279c400c3cb54df3b70568b49747a3c0,full,colva2,204,hdd,/dev/sdd1,/mnt/hdd4,rand_read_128k,randread,128k,1,1,1,1,time_limit,2591424512,2.4134521484375,60152,60.152,43081269,41.08549976348877,328.684001,19771,97286430.695918,54263808,333447168,541065216,918552576,60.54692574299406,1,raw/204__rand_read_128k__r1/attempt-1
279c400c3cb54df3b70568b49747a3c0,full,colva2,204,hdd,/dev/sdd1,/mnt/hdd4,rand_read_4k,randread,4k,1,1,1,1,time_limit,109699072,0.10216522216796875,60155,60.155,1823606,1.739126205444336,445.216524,26782,71826514.605817,43253760,233832448,392167424,633339904,60.494178734952584,1,raw/204__rand_read_4k__r1/attempt-1
279c400c3cb54df3b70568b49747a3c0,full,colva2,204,hdd,/dev/sdd1,/mnt/hdd4,rand_write_4k,randwrite,4k,1,1,1,1,time_limit,105558016,0.09830856323242188,60077,60.077,1757045,1.6756486892700195,428.96616,25771,74560998.675915,72876032,84410368,107479040,734003200,60.44509142090101,1,raw/204__rand_write_4k__r1/attempt-1
279c400c3cb54df3b70568b49747a3c0,full,colva2,204,hdd,/dev/sdd1,/mnt/hdd4,seq_read,read,1m,1,1,1,1,time_limit,10526654464,9.8037109375,60195,60.195,174875894,166.77464866638184,166.774649,10039,191694337.545174,189792256,198180864,254803968,1904214016,60.544877668027766,1,raw/204__seq_read__r1/attempt-1
279c400c3cb54df3b70568b49747a3c0,full,colva2,204,hdd,/dev/sdd1,/mnt/hdd4,seq_write,write,1m,1,1,1,1,time_limit,10654580736,9.9228515625,60195,60.195,177001092,168.80139541625977,168.801395,10161,189210316.148214,187695104,217055232,238026752,734003200,60.54878032708075,1,raw/204__seq_write__r1/attempt-1
279c400c3cb54df3b70568b49747a3c0,full,colva2,204,hdd,/dev/sdd1,/mnt/hdd4,rand_read_4k,randread,4k,1,2,1,1,time_limit,109424640,0.10190963745117188,60103,60.103,1820618,1.736276626586914,444.486964,26715,71947036.290585,43253760,235929600,387973120,633339904,60.44616104604211,1,raw/204__rand_read_4k__r2/attempt-1
279c400c3cb54df3b70568b49747a3c0,full,colva2,204,hdd,/dev/sdd1,/mnt/hdd4,rand_write_4k,randwrite,4k,1,2,1,1,time_limit,106000384,0.09872055053710938,60072,60.072,1764555,1.6828107833862305,430.799707,25879,74239769.534604,72876032,84410368,109576192,675282944,60.43488305795472,1,raw/204__rand_write_4k__r2/attempt-1
279c400c3cb54df3b70568b49747a3c0,full,colva2,204,hdd,/dev/sdd1,/mnt/hdd4,seq_read,read,1m,1,2,1,1,time_limit,9846128640,9.169921875,60189,60.189,163586845,156.00857257843018,156.008573,9390,204907701.478913,189792256,200278016,1853882368,2566914048,60.54777047003154,1,raw/204__seq_read__r2/attempt-1
279c400c3cb54df3b70568b49747a3c0,full,colva2,204,hdd,/dev/sdd1,/mnt/hdd4,seq_write,write,1m,1,2,1,1,time_limit,10650386432,9.9189453125,60191,60.191,176943171,168.7461576461792,168.746158,10157,189295417.275869,185597952,219152384,238026752,734003200,60.594298303942196,1,raw/204__seq_write__r2/attempt-1
279c400c3cb54df3b70568b49747a3c0,full,colva2,204,hdd,/dev/sdd1,/mnt/hdd4,rand_read_128k,randread,128k,1,2,1,1,time_limit,2592735232,2.4146728515625,60114,60.114,43130306,41.13226509094238,329.058123,19781,97179010.060462,56360960,329252864,541065216,926941184,60.445289853960276,1,raw/204__rand_read_128k__r2/attempt-1
279c400c3cb54df3b70568b49747a3c0,full,colva2,204,hdd,/dev/sdd1,/mnt/hdd4,rand_write_4k,randwrite,4k,1,3,1,1,time_limit,106045440,0.09876251220703125,60074,60.074,1765246,1.6834697723388672,430.968472,25890,74212060.717845,72876032,84410368,110624768,666894336,60.44451951200608,1,raw/204__rand_write_4k__r3/attempt-1
279c400c3cb54df3b70568b49747a3c0,full,colva2,204,hdd,/dev/sdd1,/mnt/hdd4,seq_read,read,1m,1,3,1,1,time_limit,10540285952,9.81640625,60196,60.196,175099441,166.9878396987915,166.98784,10052,191429466.584362,189792256,198180864,346030080,1920991232,60.54351242003031,1,raw/204__seq_read__r3/attempt-1
279c400c3cb54df3b70568b49747a3c0,full,colva2,204,hdd,/dev/sdd1,/mnt/hdd4,seq_write,write,1m,1,3,1,1,time_limit,10660872192,9.9287109375,60197,60.197,177099725,168.89545917510986,168.89546,10167,189115900.075932,187695104,212860928,238026752,742391808,60.54669972800184,1,raw/204__seq_write__r3/attempt-1
279c400c3cb54df3b70568b49747a3c0,full,colva2,204,hdd,/dev/sdd1,/mnt/hdd4,rand_read_128k,randread,128k,1,3,1,1,time_limit,2604531712,2.4256591796875,60133,60.133,43312851,41.30635356903076,330.450834,19871,96766961.646118,54263808,329252864,541065216,918552576,60.496213720995,1,raw/204__rand_read_128k__r3/attempt-1
279c400c3cb54df3b70568b49747a3c0,full,colva2,204,hdd,/dev/sdd1,/mnt/hdd4,rand_read_4k,randread,4k,1,3,1,1,time_limit,110223360,0.10265350341796875,60108,60.108,1833755,1.748805046081543,447.694151,26910,71432093.369788,42205184,235929600,387973120,641728512,60.44560316402931,1,raw/204__rand_read_4k__r3/attempt-1
279c400c3cb54df3b70568b49747a3c0,full,colva2,204,hdd,/dev/sdd1,/mnt/hdd4,seq_read,read,1m,1,4,1,1,time_limit,10571743232,9.845703125,60198,60.198,175616187,167.48064708709717,167.480647,10082,190914257.074093,189792256,198180864,206569472,379584512,60.54635656904429,1,raw/204__seq_read__r4/attempt-1
279c400c3cb54df3b70568b49747a3c0,full,colva2,204,hdd,/dev/sdd1,/mnt/hdd4,seq_write,write,1m,1,4,1,1,time_limit,10653532160,9.921875,60190,60.19,176998374,168.79880332946777,168.798804,10160,189216502.987106,187695104,206569472,240123904,759169024,60.54753756802529,1,raw/204__seq_write__r4/attempt-1
279c400c3cb54df3b70568b49747a3c0,full,colva2,204,hdd,/dev/sdd1,/mnt/hdd4,rand_read_128k,randread,128k,1,4,1,1,time_limit,2586312704,2.40869140625,60144,60.144,43002006,41.00990867614746,328.079276,19732,97469601.748429,55836672,325058560,541065216,859832320,60.495632259058766,1,raw/204__rand_read_128k__r4/attempt-1
279c400c3cb54df3b70568b49747a3c0,full,colva2,204,hdd,/dev/sdd1,/mnt/hdd4,rand_read_4k,randread,4k,1,4,1,1,time_limit,110317568,0.10274124145507812,60128,60.128,1834712,1.7497177124023438,447.927754,26933,71394463.798982,42729472,235929600,392167424,616562688,60.44448280101642,1,raw/204__rand_read_4k__r4/attempt-1
279c400c3cb54df3b70568b49747a3c0,full,colva2,204,hdd,/dev/sdd1,/mnt/hdd4,rand_write_4k,randwrite,4k,1,4,1,1,time_limit,105181184,0.09795761108398438,60073,60.073,1750889,1.6697778701782227,427.463253,25679,74820258.350442,72876032,87556096,114819072,717225984,60.39930284500588,1,raw/204__rand_write_4k__r4/attempt-1
279c400c3cb54df3b70568b49747a3c0,full,colva2,204,hdd,/dev/sdd1,/mnt/hdd4,seq_write,write,1m,1,5,1,1,time_limit,10527703040,9.8046875,60188,60.188,174913654,166.81065940856934,166.81066,10040,191408693.000896,187695104,214958080,254803968,985661440,60.546663240063936,1,raw/204__seq_write__r5/attempt-1
279c400c3cb54df3b70568b49747a3c0,full,colva2,204,hdd,/dev/sdd1,/mnt/hdd4,rand_read_128k,randread,128k,1,5,1,1,time_limit,2583166976,2.40576171875,60119,60.119,42967563,40.97706127166748,327.816497,19708,97546074.797747,54788096,333447168,541065216,910163968,60.44511176098604,1,raw/204__rand_read_128k__r5/attempt-1
279c400c3cb54df3b70568b49747a3c0,full,colva2,204,hdd,/dev/sdd1,/mnt/hdd4,rand_read_4k,randread,4k,1,5,1,1,time_limit,110538752,0.10294723510742188,60098,60.098,1839308,1.7541007995605469,449.049885,26987,71217119.348945,42729472,233832448,387973120,633339904,60.446650478988886,1,raw/204__rand_read_4k__r5/attempt-1
279c400c3cb54df3b70568b49747a3c0,full,colva2,204,hdd,/dev/sdd1,/mnt/hdd4,rand_write_4k,randwrite,4k,1,5,1,1,time_limit,106500096,0.09918594360351562,60070,60.07,1772933,1.690800666809082,432.845014,26001,73892273.088189,72876032,83361792,104333312,683671552,60.44428427901585,1,raw/204__rand_write_4k__r5/attempt-1
279c400c3cb54df3b70568b49747a3c0,full,colva2,204,hdd,/dev/sdd1,/mnt/hdd4,seq_read,read,1m,1,5,1,1,time_limit,10544480256,9.8203125,60199,60.199,175160388,167.04596328735352,167.045964,10056,191365428.11237,189792256,198180864,217055232,375390208,60.5482286689803,1,raw/204__seq_read__r5/attempt-1
279c400c3cb54df3b70568b49747a3c0,full,colva2,203,hdd,/dev/sdc1,/mnt/hdd3,rand_read_128k,randread,128k,1,1,1,1,time_limit,2712666112,2.5263671875,60169,60.169,45084114,42.995561599731445,343.9645,20696,92965348.49971,52690944,316669952,534773760,834666496,60.49571165593807,1,raw/203__rand_read_128k__r1/attempt-1
279c400c3cb54df3b70568b49747a3c0,full,colva2,203,hdd,/dev/sdc1,/mnt/hdd3,rand_read_4k,randread,4k,1,1,1,1,time_limit,112484352,0.10475921630859375,60099,60.099,1871650,1.7849445343017578,456.946039,27462,69985941.92659,42205184,229638144,375390208,599785472,60.44542517897207,1,raw/203__rand_read_4k__r1/attempt-1
279c400c3cb54df3b70568b49747a3c0,full,colva2,203,hdd,/dev/sdc1,/mnt/hdd3,rand_write_4k,randwrite,4k,1,1,1,1,time_limit,107098112,0.09974288940429688,60071,60.071,1782858,1.700265884399414,435.268266,26147,73480710.090068,71827456,84410368,101187584,759169024,60.394882533932105,1,raw/203__rand_write_4k__r1/attempt-1
279c400c3cb54df3b70568b49747a3c0,full,colva2,203,hdd,/dev/sdc1,/mnt/hdd3,seq_read,read,1m,1,1,1,1,byte_limit,10737418240,10.0,55153,55.153,194684210,185.66533088684082,185.665331,10240,172183393.277345,164626432,181403648,417333248,1904214016,55.49343698902521,1,raw/203__seq_read__r1/attempt-1
279c400c3cb54df3b70568b49747a3c0,full,colva2,203,hdd,/dev/sdc1,/mnt/hdd3,seq_write,write,1m,1,1,1,1,byte_limit,10737418240,10.0,52891,52.891,203010308,193.60571670532227,193.605717,10240,165038792.434571,166723584,181403648,185597952,624951296,53.243072774028406,1,raw/203__seq_write__r1/attempt-1
279c400c3cb54df3b70568b49747a3c0,full,colva2,203,hdd,/dev/sdc1,/mnt/hdd3,rand_read_4k,randread,4k,1,2,1,1,time_limit,112824320,0.10507583618164062,60109,60.109,1876995,1.7900419235229492,458.250844,27545,69787693.206898,42205184,227540992,375390208,591396864,60.445121650001965,1,raw/203__rand_read_4k__r2/attempt-1
279c400c3cb54df3b70568b49747a3c0,full,colva2,203,hdd,/dev/sdc1,/mnt/hdd3,rand_write_4k,randwrite,4k,1,2,1,1,time_limit,107524096,0.10013961791992188,60071,60.071,1789950,1.7070293426513672,436.999551,26251,73189210.10232,71827456,83361792,95944704,717225984,60.44559639599174,1,raw/203__rand_write_4k__r2/attempt-1
279c400c3cb54df3b70568b49747a3c0,full,colva2,203,hdd,/dev/sdc1,/mnt/hdd3,seq_read,read,1m,1,2,1,1,byte_limit,10737418240,10.0,53626,53.626,200227841,190.95214939117432,190.95215,10240,167408143.932325,166723584,177209344,212860928,759169024,53.99327418196481,1,raw/203__seq_read__r2/attempt-1
279c400c3cb54df3b70568b49747a3c0,full,colva2,203,hdd,/dev/sdc1,/mnt/hdd3,seq_write,write,1m,1,2,1,1,byte_limit,10737418240,10.0,53092,53.092,202241735,192.87274837493896,192.872749,10240,165571979.208301,166723584,181403648,231735296,641728512,53.444364364026114,1,raw/203__seq_write__r2/attempt-1
279c400c3cb54df3b70568b49747a3c0,full,colva2,203,hdd,/dev/sdc1,/mnt/hdd3,rand_read_128k,randread,128k,1,2,1,1,time_limit,2717908992,2.53125,60112,60.112,45214083,43.11950969696045,344.956082,20736,92698463.169802,52690944,316669952,530579456,859832320,60.446520789992064,1,raw/203__rand_read_128k__r2/attempt-1
279c400c3cb54df3b70568b49747a3c0,full,colva2,203,hdd,/dev/sdc1,/mnt/hdd3,rand_write_4k,randwrite,4k,1,3,1,1,time_limit,108179456,0.10074996948242188,60073,60.073,1800799,1.7173757553100586,439.648428,26411,72748866.732536,70778880,81264640,90701824,801112064,60.393996593076736,1,raw/203__rand_write_4k__r3/attempt-1
279c400c3cb54df3b70568b49747a3c0,full,colva2,203,hdd,/dev/sdc1,/mnt/hdd3,seq_read,read,1m,1,3,1,1,byte_limit,10737418240,10.0,54071,54.071,198579982,189.38062858581543,189.380629,10240,168766227.89707,164626432,170917888,267386880,1904214016,54.442872241023,1,raw/203__seq_read__r3/attempt-1
279c400c3cb54df3b70568b49747a3c0,full,colva2,203,hdd,/dev/sdc1,/mnt/hdd3,seq_write,write,1m,1,3,1,1,byte_limit,10737418240,10.0,53150,53.15,202021039,192.66227626800537,192.662277,10240,165716631.619238,166723584,181403648,233832448,650117120,53.538650750997476,1,raw/203__seq_write__r3/attempt-1
279c400c3cb54df3b70568b49747a3c0,full,colva2,203,hdd,/dev/sdc1,/mnt/hdd3,rand_read_128k,randread,128k,1,3,1,1,time_limit,2726559744,2.539306640625,60143,60.143,45334614,43.23445701599121,345.875663,20802,92449569.639747,51642368,325058560,534773760,851443712,60.49588285398204,1,raw/203__rand_read_128k__r3/attempt-1
279c400c3cb54df3b70568b49747a3c0,full,colva2,203,hdd,/dev/sdc1,/mnt/hdd3,rand_read_4k,randread,4k,1,3,1,1,time_limit,114028544,0.10619735717773438,60116,60.116,1896808,1.8089370727539062,463.08803,27839,69060428.160171,41156608,227540992,383778816,608174080,60.44826415996067,1,raw/203__rand_read_4k__r3/attempt-1
279c400c3cb54df3b70568b49747a3c0,full,colva2,203,hdd,/dev/sdc1,/mnt/hdd3,seq_read,read,1m,1,4,1,1,byte_limit,10737418240,10.0,54956,54.956,195382091,186.33088207244873,186.330883,10240,171597179.891504,166723584,170917888,170917888,1887436800,55.29302773298696,1,raw/203__seq_read__r4/attempt-1
279c400c3cb54df3b70568b49747a3c0,full,colva2,203,hdd,/dev/sdc1,/mnt/hdd3,seq_write,write,1m,1,4,1,1,byte_limit,10737418240,10.0,53057,53.057,202375148,192.99998092651367,192.999981,10240,165472461.43828,166723584,181403648,229638144,650117120,53.441440304974094,1,raw/203__seq_write__r4/attempt-1
279c400c3cb54df3b70568b49747a3c0,full,colva2,203,hdd,/dev/sdc1,/mnt/hdd3,rand_read_128k,randread,128k,1,4,1,1,time_limit,2721447936,2.5345458984375,60156,60.156,45239842,43.14407539367676,345.152603,20763,92643220.306362,51642368,320864256,541065216,851443712,60.494713686057366,1,raw/203__rand_read_128k__r4/attempt-1
279c400c3cb54df3b70568b49747a3c0,full,colva2,203,hdd,/dev/sdc1,/mnt/hdd3,rand_read_4k,randread,4k,1,4,1,1,time_limit,113659904,0.10585403442382812,60104,60.104,1891053,1.8034486770629883,461.683083,27749,69268403.449997,41156608,229638144,379584512,591396864,60.44517799094319,1,raw/203__rand_read_4k__r4/attempt-1
279c400c3cb54df3b70568b49747a3c0,full,colva2,203,hdd,/dev/sdc1,/mnt/hdd3,rand_write_4k,randwrite,4k,1,4,1,1,time_limit,108064768,0.10064315795898438,60066,60.066,1799100,1.7157554626464844,439.23351,26383,72813373.163211,70778880,82313216,94896128,708837376,60.445662952028215,1,raw/203__rand_write_4k__r4/attempt-1
279c400c3cb54df3b70568b49747a3c0,full,colva2,203,hdd,/dev/sdc1,/mnt/hdd3,seq_write,write,1m,1,5,1,1,byte_limit,10737418240,10.0,53241,53.241,201675743,192.33297634124756,192.332976,10240,166105029.650781,166723584,181403648,225443840,624951296,53.64415064896457,1,raw/203__seq_write__r5/attempt-1
279c400c3cb54df3b70568b49747a3c0,full,colva2,203,hdd,/dev/sdc1,/mnt/hdd3,rand_read_128k,randread,128k,1,5,1,1,time_limit,2710831104,2.524658203125,60153,60.153,45065601,42.977906227111816,343.823251,20682,93003199.268011,52690944,320864256,530579456,834666496,60.49558598001022,1,raw/203__rand_read_128k__r5/attempt-1
279c400c3cb54df3b70568b49747a3c0,full,colva2,203,hdd,/dev/sdc1,/mnt/hdd3,rand_read_4k,randread,4k,1,5,1,1,time_limit,113831936,0.10601425170898438,60095,60.095,1894199,1.8064489364624023,462.451119,27791,69153586.301501,41156608,227540992,367001600,574619648,60.445801566005684,1,raw/203__rand_read_4k__r5/attempt-1
279c400c3cb54df3b70568b49747a3c0,full,colva2,203,hdd,/dev/sdc1,/mnt/hdd3,rand_write_4k,randwrite,4k,1,5,1,1,time_limit,109088768,0.10159683227539062,60067,60.067,1816118,1.731985092163086,443.388216,26633,72133359.015845,70778880,80216064,92798976,675282944,60.44520020892378,1,raw/203__rand_write_4k__r5/attempt-1
279c400c3cb54df3b70568b49747a3c0,full,colva2,203,hdd,/dev/sdc1,/mnt/hdd3,seq_read,read,1m,1,5,1,1,byte_limit,10737418240,10.0,53645,53.645,200156924,190.88451766967773,190.884519,10240,167467434.356153,166723584,175112192,202375168,1535115264,53.99581755499821,1,raw/203__seq_read__r5/attempt-1
279c400c3cb54df3b70568b49747a3c0,full,colva2,205,nvme,/dev/nvme1n1p1,/mnt/nvme1,rand_read_128k,randread,128k,1,1,1,1,byte_limit,10737418240,10.0,1896,1.896,5663195274,5400.843881607056,43206.751055,81920,732222.22052,460800,2375680,3227648,4046848,2.2660509810084477,1,raw/205__rand_read_128k__r1/attempt-1
279c400c3cb54df3b70568b49747a3c0,full,colva2,205,nvme,/dev/nvme1n1p1,/mnt/nvme1,rand_read_4k,randread,4k,1,1,1,1,byte_limit,10737418240,10.0,4807,4.807,2233704647,2130.226752281189,545338.048679,2621440,57120.811909,52992,82432,105984,181248,5.16577061789576,1,raw/205__rand_read_4k__r1/attempt-1
279c400c3cb54df3b70568b49747a3c0,full,colva2,205,nvme,/dev/nvme1n1p1,/mnt/nvme1,rand_write_4k,randwrite,4k,1,1,1,1,byte_limit,10737418240,10.0,7551,7.551,1421986258,1356.1117725372314,347164.613958,2621440,89642.925404,86528,101888,132096,354304,7.917044499889016,1,raw/205__rand_write_4k__r1/attempt-1
279c400c3cb54df3b70568b49747a3c0,full,colva2,205,nvme,/dev/nvme1n1p1,/mnt/nvme1,seq_read,read,1m,1,1,1,1,byte_limit,10737418240,10.0,4628,4.628,2320099014,2212.6188411712646,2212.618842,10240,14347164.414258,14352384,14483456,14614528,23461888,5.003298592986539,1,raw/205__seq_read__r1/attempt-1
279c400c3cb54df3b70568b49747a3c0,full,colva2,205,nvme,/dev/nvme1n1p1,/mnt/nvme1,seq_write,write,1m,1,1,1,1,byte_limit,10737418240,10.0,2189,2.189,4905170507,4677.935130119324,4677.93513,10240,6752921.154687,6586368,7438336,10813440,12648448,2.6168062050128356,1,raw/205__seq_write__r1/attempt-1
279c400c3cb54df3b70568b49747a3c0,full,colva2,205,nvme,/dev/nvme1n1p1,/mnt/nvme1,rand_read_4k,randread,4k,1,2,1,1,byte_limit,10737418240,10.0,4830,4.83,2223067958,2120.082815170288,542741.200828,2621440,57393.14935400001,52992,82432,105984,250880,5.165625493042171,1,raw/205__rand_read_4k__r2/attempt-1
279c400c3cb54df3b70568b49747a3c0,full,colva2,205,nvme,/dev/nvme1n1p1,/mnt/nvme1,rand_write_4k,randwrite,4k,1,2,1,1,byte_limit,10737418240,10.0,7518,7.518,1428228018,1362.0643787384033,348688.480979,2621440,89245.262873,87552,100864,115200,220160,7.866980227991007,1,raw/205__rand_write_4k__r2/attempt-1
279c400c3cb54df3b70568b49747a3c0,full,colva2,205,nvme,/dev/nvme1n1p1,/mnt/nvme1,seq_read,read,1m,1,2,1,1,byte_limit,10737418240,10.0,4628,4.628,2320099014,2212.6188411712646,2212.618842,10240,14352361.952051003,14352384,14483456,14614528,23461888,4.968719544936903,1,raw/205__seq_read__r2/attempt-1
279c400c3cb54df3b70568b49747a3c0,full,colva2,205,nvme,/dev/nvme1n1p1,/mnt/nvme1,seq_write,write,1m,1,2,1,1,byte_limit,10737418240,10.0,2190,2.19,4902930703,4675.79908657074,4675.799087,10240,6753882.228613001,6586368,6717440,11075584,12386304,2.566337665077299,1,raw/205__seq_write__r2/attempt-1
279c400c3cb54df3b70568b49747a3c0,full,colva2,205,nvme,/dev/nvme1n1p1,/mnt/nvme1,rand_read_128k,randread,128k,1,2,1,1,byte_limit,10737418240,10.0,1891,1.891,5678169349,5415.124272346497,43320.994183,81920,729336.048315,456704,2375680,3325952,3981312,2.215671480051242,1,raw/205__rand_read_128k__r2/attempt-1
279c400c3cb54df3b70568b49747a3c0,full,colva2,205,nvme,/dev/nvme1n1p1,/mnt/nvme1,rand_write_4k,randwrite,4k,1,3,1,1,byte_limit,10737418240,10.0,7501,7.501,1431464903,1365.151312828064,349478.736169,2621440,89051.086605,86528,99840,115200,254976,7.867256391909905,1,raw/205__rand_write_4k__r3/attempt-1
279c400c3cb54df3b70568b49747a3c0,full,colva2,205,nvme,/dev/nvme1n1p1,/mnt/nvme1,seq_read,read,1m,1,3,1,1,byte_limit,10737418240,10.0,4627,4.627,2320600440,2213.097038269043,2213.097039,10240,14340398.921289,14352384,14483456,14614528,23461888,4.970061213942245,1,raw/205__seq_read__r3/attempt-1
279c400c3cb54df3b70568b49747a3c0,full,colva2,205,nvme,/dev/nvme1n1p1,/mnt/nvme1,seq_write,write,1m,1,3,1,1,byte_limit,10737418240,10.0,2192,2.192,4898457226,4671.532846450806,4671.532847,10240,6763805.023828,6586368,6782976,10944512,15138816,2.5664700749330223,1,raw/205__seq_write__r3/attempt-1
279c400c3cb54df3b70568b49747a3c0,full,colva2,205,nvme,/dev/nvme1n1p1,/mnt/nvme1,rand_read_128k,randread,128k,1,3,1,1,byte_limit,10737418240,10.0,1896,1.896,5663195274,5400.843881607056,43206.751055,81920,731469.971606,452608,2408448,3424256,4227072,2.26549768995028,1,raw/205__rand_read_128k__r3/attempt-1
279c400c3cb54df3b70568b49747a3c0,full,colva2,205,nvme,/dev/nvme1n1p1,/mnt/nvme1,rand_read_4k,randread,4k,1,3,1,1,byte_limit,10737418240,10.0,4814,4.814,2230456634,2127.1292057037354,544545.076859,2621440,57205.22801099999,52992,82432,103936,138240,5.166160368942656,1,raw/205__rand_read_4k__r3/attempt-1
279c400c3cb54df3b70568b49747a3c0,full,colva2,205,nvme,/dev/nvme1n1p1,/mnt/nvme1,seq_read,read,1m,1,4,1,1,byte_limit,10737418240,10.0,1638,1.638,6555200390,6251.526250839233,6251.526252,10240,5037561.6375,5013504,5275648,5406720,8028160,1.967159733059816,1,raw/205__seq_read__r4/attempt-1
279c400c3cb54df3b70568b49747a3c0,full,colva2,205,nvme,/dev/nvme1n1p1,/mnt/nvme1,seq_write,write,1m,1,4,1,1,byte_limit,10737418240,10.0,2178,2.178,4929944095,4701.561064720154,4701.561065,10240,6723890.815332,6520832,6651904,13172736,13172736,2.5164333049906418,1,raw/205__seq_write__r4/attempt-1
279c400c3cb54df3b70568b49747a3c0,full,colva2,205,nvme,/dev/nvme1n1p1,/mnt/nvme1,rand_read_128k,randread,128k,1,4,1,1,byte_limit,10737418240,10.0,1899,1.899,5654248678,5392.311742782593,43138.493944,81920,731680.111719,464896,2342912,3227648,3883008,2.2661049669841304,1,raw/205__rand_read_128k__r4/attempt-1
279c400c3cb54df3b70568b49747a3c0,full,colva2,205,nvme,/dev/nvme1n1p1,/mnt/nvme1,rand_read_4k,randread,4k,1,4,1,1,byte_limit,10737418240,10.0,4791,4.791,2241164316,2137.340847015381,547159.25694,2621440,56931.32797600001,52992,82432,104960,142336,5.115775428013876,1,raw/205__rand_read_4k__r4/attempt-1
279c400c3cb54df3b70568b49747a3c0,full,colva2,205,nvme,/dev/nvme1n1p1,/mnt/nvme1,rand_write_4k,randwrite,4k,1,4,1,1,byte_limit,10737418240,10.0,7560,7.56,1420293417,1354.497353553772,346751.322751,2621440,89760.302492,87552,100864,118272,317440,7.917703842977062,1,raw/205__rand_write_4k__r4/attempt-1
279c400c3cb54df3b70568b49747a3c0,full,colva2,205,nvme,/dev/nvme1n1p1,/mnt/nvme1,seq_write,write,1m,1,5,1,1,byte_limit,10737418240,10.0,2190,2.19,4902930703,4675.79908657074,4675.799087,10240,6761062.433397999,6586368,6717440,10944512,12648448,2.56674258003477,1,raw/205__seq_write__r5/attempt-1
279c400c3cb54df3b70568b49747a3c0,full,colva2,205,nvme,/dev/nvme1n1p1,/mnt/nvme1,rand_read_128k,randread,128k,1,5,1,1,byte_limit,10737418240,10.0,1900,1.9,5651272757,5389.473683357239,43115.789474,81920,732802.213074,440320,2375680,3293184,4046848,2.2652107590110973,1,raw/205__rand_read_128k__r5/attempt-1
279c400c3cb54df3b70568b49747a3c0,full,colva2,205,nvme,/dev/nvme1n1p1,/mnt/nvme1,rand_read_4k,randread,4k,1,5,1,1,byte_limit,10737418240,10.0,4806,4.806,2234169421,2130.6699953079224,545451.518935,2621440,57101.73278599999,52992,82432,104960,142336,5.1156104180263355,1,raw/205__rand_read_4k__r5/attempt-1
279c400c3cb54df3b70568b49747a3c0,full,colva2,205,nvme,/dev/nvme1n1p1,/mnt/nvme1,rand_write_4k,randwrite,4k,1,5,1,1,byte_limit,10737418240,10.0,7562,7.562,1419917778,1354.1391162872314,346659.613859,2621440,89792.830594,87552,100864,119296,193536,7.968802302959375,1,raw/205__rand_write_4k__r5/attempt-1
279c400c3cb54df3b70568b49747a3c0,full,colva2,205,nvme,/dev/nvme1n1p1,/mnt/nvme1,seq_read,read,1m,1,5,1,1,byte_limit,10737418240,10.0,4622,4.622,2323110826,2215.491128921509,2215.491129,10240,14339842.15459,14352384,14483456,14614528,23461888,4.9695764960488304,1,raw/205__seq_read__r5/attempt-1
279c400c3cb54df3b70568b49747a3c0,full,colva2,206,nvme,/dev/nvme2n1p1,/mnt/nvme2,rand_read_128k,randread,128k,1,1,1,1,byte_limit,10737418240,10.0,1896,1.896,5663195274,5400.843881607056,43206.751055,81920,731695.465918,452608,2375680,3260416,4014080,2.215513647068292,1,raw/206__rand_read_128k__r1/attempt-1
279c400c3cb54df3b70568b49747a3c0,full,colva2,206,nvme,/dev/nvme2n1p1,/mnt/nvme2,rand_read_4k,randread,4k,1,1,1,1,byte_limit,10737418240,10.0,4790,4.79,2241632200,2137.7870559692383,547273.48643,2621440,56919.644915,52480,82432,105984,150528,5.115608992986381,1,raw/206__rand_read_4k__r1/attempt-1
279c400c3cb54df3b70568b49747a3c0,full,colva2,206,nvme,/dev/nvme2n1p1,/mnt/nvme2,rand_write_4k,randwrite,4k,1,1,1,1,byte_limit,10737418240,10.0,7497,7.497,1432228656,1365.8796844482422,349665.199413,2621440,89013.727594,86528,99840,117248,195584,7.816761453985237,1,raw/206__rand_write_4k__r1/attempt-1
279c400c3cb54df3b70568b49747a3c0,full,colva2,206,nvme,/dev/nvme2n1p1,/mnt/nvme2,seq_read,read,1m,1,1,1,1,byte_limit,10737418240,10.0,4628,4.628,2320099014,2212.6188411712646,2212.618842,10240,14363366.414160002,14352384,14483456,14614528,23461888,4.969046246027574,1,raw/206__seq_read__r1/attempt-1
279c400c3cb54df3b70568b49747a3c0,full,colva2,206,nvme,/dev/nvme2n1p1,/mnt/nvme2,seq_write,write,1m,1,1,1,1,byte_limit,10737418240,10.0,2187,2.187,4909656259,4682.213076591492,4682.213077,10240,6746184.918358999,6586368,6651904,10813440,12648448,2.5667946609901264,1,raw/206__seq_write__r1/attempt-1
279c400c3cb54df3b70568b49747a3c0,full,colva2,206,nvme,/dev/nvme2n1p1,/mnt/nvme2,rand_read_4k,randread,4k,1,2,1,1,byte_limit,10737418240,10.0,4787,4.787,2243037025,2139.1268014907837,547616.461249,2621440,56882.129009000004,52480,82432,105984,160768,5.115428338991478,1,raw/206__rand_read_4k__r2/attempt-1
279c400c3cb54df3b70568b49747a3c0,full,colva2,206,nvme,/dev/nvme2n1p1,/mnt/nvme2,rand_write_4k,randwrite,4k,1,2,1,1,byte_limit,10737418240,10.0,7446,7.446,1442038442,1375.2350254058838,352060.166532,2621440,88404.380025,86528,99840,116224,205824,7.76643969793804,1,raw/206__rand_write_4k__r2/attempt-1
279c400c3cb54df3b70568b49747a3c0,full,colva2,206,nvme,/dev/nvme2n1p1,/mnt/nvme2,seq_read,read,1m,1,2,1,1,byte_limit,10737418240,10.0,4628,4.628,2320099014,2212.6188411712646,2212.618842,10240,14354372.213477,14352384,14483456,14614528,23461888,4.967746359063312,1,raw/206__seq_read__r2/attempt-1
279c400c3cb54df3b70568b49747a3c0,full,colva2,206,nvme,/dev/nvme2n1p1,/mnt/nvme2,seq_write,write,1m,1,2,1,1,byte_limit,10737418240,10.0,2195,2.195,4891762296,4665.148063659668,4665.148064,10240,6772917.983887,6586368,6848512,11468800,15269888,2.5664557409472764,1,raw/206__seq_write__r2/attempt-1
279c400c3cb54df3b70568b49747a3c0,full,colva2,206,nvme,/dev/nvme2n1p1,/mnt/nvme2,rand_read_128k,randread,128k,1,2,1,1,byte_limit,10737418240,10.0,1894,1.894,5669175417,5406.546990394592,43252.375924,81920,730725.989587,460800,2342912,3358720,4112384,2.266005999990739,1,raw/206__rand_read_128k__r2/attempt-1
279c400c3cb54df3b70568b49747a3c0,full,colva2,206,nvme,/dev/nvme2n1p1,/mnt/nvme2,rand_write_4k,randwrite,4k,1,3,1,1,byte_limit,10737418240,10.0,7518,7.518,1428228018,1362.0643787384033,348688.480979,2621440,89258.552739,86528,100864,121344,197632,7.867967237019911,1,raw/206__rand_write_4k__r3/attempt-1
279c400c3cb54df3b70568b49747a3c0,full,colva2,206,nvme,/dev/nvme2n1p1,/mnt/nvme2,seq_read,read,1m,1,3,1,1,byte_limit,10737418240,10.0,4628,4.628,2320099014,2212.6188411712646,2212.618842,10240,14342314.586816002,14352384,14483456,14614528,23461888,4.968439374933951,1,raw/206__seq_read__r3/attempt-1
279c400c3cb54df3b70568b49747a3c0,full,colva2,206,nvme,/dev/nvme2n1p1,/mnt/nvme2,seq_write,write,1m,1,3,1,1,byte_limit,10737418240,10.0,2195,2.195,4891762296,4665.148063659668,4665.148064,10240,6774995.612891001,6586368,7241728,10944512,12648448,2.5666026920080185,1,raw/206__seq_write__r3/attempt-1
279c400c3cb54df3b70568b49747a3c0,full,colva2,206,nvme,/dev/nvme2n1p1,/mnt/nvme2,rand_read_128k,randread,128k,1,3,1,1,byte_limit,10737418240,10.0,1897,1.897,5660209931,5397.9968366622925,43183.974697,81920,731688.480432,456704,2375680,3293184,4046848,2.2656278959475458,1,raw/206__rand_read_128k__r3/attempt-1
279c400c3cb54df3b70568b49747a3c0,full,colva2,206,nvme,/dev/nvme2n1p1,/mnt/nvme2,rand_read_4k,randread,4k,1,3,1,1,byte_limit,10737418240,10.0,4775,4.775,2248673976,2144.502616882324,548992.670157,2621440,56743.189125,52480,82432,105984,154624,5.115694293985143,1,raw/206__rand_read_4k__r3/attempt-1
279c400c3cb54df3b70568b49747a3c0,full,colva2,206,nvme,/dev/nvme2n1p1,/mnt/nvme2,seq_read,read,1m,1,4,1,1,byte_limit,10737418240,10.0,1652,1.652,6499647845,6198.547215461731,6198.547215,10240,5067702.371777,5079040,5275648,5537792,13828096,2.0008109899936244,1,raw/206__seq_read__r4/attempt-1
279c400c3cb54df3b70568b49747a3c0,full,colva2,206,nvme,/dev/nvme2n1p1,/mnt/nvme2,seq_write,write,1m,1,4,1,1,byte_limit,10737418240,10.0,2192,2.192,4898457226,4671.532846450806,4671.532847,10240,6767979.129199,6586368,6717440,13172736,13303808,2.566423041978851,1,raw/206__seq_write__r4/attempt-1
279c400c3cb54df3b70568b49747a3c0,full,colva2,206,nvme,/dev/nvme2n1p1,/mnt/nvme2,rand_read_128k,randread,128k,1,4,1,1,byte_limit,10737418240,10.0,1897,1.897,5660209931,5397.9968366622925,43183.974697,81920,732133.337256,460800,2375680,3260416,4046848,2.2651429179823026,1,raw/206__rand_read_128k__r4/attempt-1
279c400c3cb54df3b70568b49747a3c0,full,colva2,206,nvme,/dev/nvme2n1p1,/mnt/nvme2,rand_read_4k,randread,4k,1,4,1,1,byte_limit,10737418240,10.0,4778,4.778,2247262084,2143.1561317443848,548647.969862,2621440,56778.03768600001,52480,82432,104960,140288,5.115101170958951,1,raw/206__rand_read_4k__r4/attempt-1
279c400c3cb54df3b70568b49747a3c0,full,colva2,206,nvme,/dev/nvme2n1p1,/mnt/nvme2,rand_write_4k,randwrite,4k,1,4,1,1,byte_limit,10737418240,10.0,7520,7.52,1427848170,1361.702127456665,348595.744681,2621440,89279.120341,86528,100864,125440,228352,7.866320810979232,1,raw/206__rand_write_4k__r4/attempt-1
279c400c3cb54df3b70568b49747a3c0,full,colva2,206,nvme,/dev/nvme2n1p1,/mnt/nvme2,seq_write,write,1m,1,5,1,1,byte_limit,10737418240,10.0,2191,2.191,4900692943,4673.6649923324585,4673.664993,10240,6760794.373242,6586368,6717440,11206656,12648448,2.566232447978109,1,raw/206__seq_write__r5/attempt-1
279c400c3cb54df3b70568b49747a3c0,full,colva2,206,nvme,/dev/nvme2n1p1,/mnt/nvme2,rand_read_128k,randread,128k,1,5,1,1,byte_limit,10737418240,10.0,1904,1.904,5639400336,5378.151260375977,43025.210084,81920,734121.43147,440320,2408448,3293184,3981312,2.265981317963451,1,raw/206__rand_read_128k__r5/attempt-1
279c400c3cb54df3b70568b49747a3c0,full,colva2,206,nvme,/dev/nvme2n1p1,/mnt/nvme2,rand_read_4k,randread,4k,1,5,1,1,byte_limit,10737418240,10.0,4778,4.778,2247262084,2143.1561317443848,548647.969862,2621440,56777.692272,52480,82432,104960,142336,5.1157236020080745,1,raw/206__rand_read_4k__r5/attempt-1
279c400c3cb54df3b70568b49747a3c0,full,colva2,206,nvme,/dev/nvme2n1p1,/mnt/nvme2,rand_write_4k,randwrite,4k,1,5,1,1,byte_limit,10737418240,10.0,7446,7.446,1442038442,1375.2350254058838,352060.166532,2621440,88405.126492,86528,98816,115200,160768,7.767177885980345,1,raw/206__rand_write_4k__r5/attempt-1
279c400c3cb54df3b70568b49747a3c0,full,colva2,206,nvme,/dev/nvme2n1p1,/mnt/nvme2,seq_read,read,1m,1,5,1,1,byte_limit,10737418240,10.0,4627,4.627,2320600440,2213.097038269043,2213.097039,10240,14342784.770117,14352384,14483456,14614528,23461888,4.968628271017224,1,raw/206__seq_read__r5/attempt-1
279c400c3cb54df3b70568b49747a3c0,full,colva2,201,hdd,/dev/sda1,/mnt/hdd1,rand_read_128k,randread,128k,1,1,1,1,time_limit,2680553472,2.4964599609375,60134,60.134,44576337,42.51130771636963,340.090465,20451,94024136.15168,53739520,320864256,517996544,817889280,60.49740275100339,1,raw/201__rand_read_128k__r1/attempt-1
279c400c3cb54df3b70568b49747a3c0,full,colva2,201,hdd,/dev/sda1,/mnt/hdd1,rand_read_4k,randread,4k,1,1,1,1,time_limit,111538176,0.10387802124023438,60104,60.104,1855752,1.7697830200195312,453.064688,27231,70586040.146194,41680896,238026752,392167424,591396864,60.445875960052945,1,raw/201__rand_read_4k__r1/attempt-1
279c400c3cb54df3b70568b49747a3c0,full,colva2,201,hdd,/dev/sda1,/mnt/hdd1,rand_write_4k,randwrite,4k,1,1,1,1,time_limit,108802048,0.10132980346679688,60071,60.071,1811224,1.7273178100585938,442.193404,26563,72328203.170613,70778880,83361792,94896128,633339904,60.44712725398131,1,raw/201__rand_write_4k__r1/attempt-1
279c400c3cb54df3b70568b49747a3c0,full,colva2,201,hdd,/dev/sda1,/mnt/hdd1,seq_read,read,1m,1,1,1,1,byte_limit,10737418240,10.0,52650,52.65,203939567,194.49192714691162,194.491928,10240,164343824.249901,164626432,166723584,183500800,325058560,52.99245207000058,1,raw/201__seq_read__r1/attempt-1
279c400c3cb54df3b70568b49747a3c0,full,colva2,201,hdd,/dev/sda1,/mnt/hdd1,seq_write,write,1m,1,1,1,1,byte_limit,10737418240,10.0,52222,52.222,205611011,196.08594036102295,196.085941,10240,162857648.170507,162529280,177209344,223346688,624951296,52.59139772190247,1,raw/201__seq_write__r1/attempt-1
279c400c3cb54df3b70568b49747a3c0,full,colva2,201,hdd,/dev/sda1,/mnt/hdd1,rand_read_4k,randread,4k,1,2,1,1,time_limit,111337472,0.10369110107421875,60095,60.095,1852691,1.7668638229370117,452.317164,27182,70703069.860091,41156608,235929600,392167424,633339904,60.44624172698241,1,raw/201__rand_read_4k__r2/attempt-1
279c400c3cb54df3b70568b49747a3c0,full,colva2,201,hdd,/dev/sda1,/mnt/hdd1,rand_write_4k,randwrite,4k,1,2,1,1,time_limit,109408256,0.10189437866210938,60070,60.07,1821346,1.7369709014892578,444.664558,26711,71926447.998689,69730304,82313216,93847552,750780416,60.39576564205345,1,raw/201__rand_write_4k__r2/attempt-1
279c400c3cb54df3b70568b49747a3c0,full,colva2,201,hdd,/dev/sda1,/mnt/hdd1,seq_read,read,1m,1,2,1,1,byte_limit,10737418240,10.0,54574,54.574,196749702,187.6351375579834,187.635138,10240,170362706.59209,162529280,166723584,231735296,1904214016,54.94369352795184,1,raw/201__seq_read__r2/attempt-1
279c400c3cb54df3b70568b49747a3c0,full,colva2,201,hdd,/dev/sda1,/mnt/hdd1,seq_write,write,1m,1,2,1,1,byte_limit,10737418240,10.0,52098,52.098,206100392,196.55265045166016,196.552651,10240,162568354.412989,162529280,181403648,193986560,616562688,52.4909059839556,1,raw/201__seq_write__r2/attempt-1
279c400c3cb54df3b70568b49747a3c0,full,colva2,201,hdd,/dev/sda1,/mnt/hdd1,rand_read_128k,randread,128k,1,2,1,1,time_limit,2699165696,2.5137939453125,60136,60.136,44884357,42.80505847930908,342.440468,20593,93379740.288545,53739520,320864256,517996544,784334848,60.494949665036984,1,raw/201__rand_read_128k__r2/attempt-1
279c400c3cb54df3b70568b49747a3c0,full,colva2,201,hdd,/dev/sda1,/mnt/hdd1,rand_write_4k,randwrite,4k,1,3,1,1,time_limit,110006272,0.10245132446289062,60075,60.075,1831148,1.7463188171386719,447.057844,26857,71545380.854192,69730304,81264640,92798976,683671552,60.44508803298231,1,raw/201__rand_write_4k__r3/attempt-1
279c400c3cb54df3b70568b49747a3c0,full,colva2,201,hdd,/dev/sda1,/mnt/hdd1,seq_read,read,1m,1,3,1,1,byte_limit,10737418240,10.0,53003,53.003,202581330,193.19661140441895,193.196612,10240,165402450.442773,164626432,166723584,244318208,1149239296,53.44325237895828,1,raw/201__seq_read__r3/attempt-1
279c400c3cb54df3b70568b49747a3c0,full,colva2,201,hdd,/dev/sda1,/mnt/hdd1,seq_write,write,1m,1,3,1,1,byte_limit,10737418240,10.0,52222,52.222,205611011,196.08594036102295,196.085941,10240,162870957.008202,162529280,177209344,223346688,641728512,52.590722221066244,1,raw/201__seq_write__r3/attempt-1
279c400c3cb54df3b70568b49747a3c0,full,colva2,201,hdd,/dev/sda1,/mnt/hdd1,rand_read_128k,randread,128k,1,3,1,1,time_limit,2710175744,2.5240478515625,60171,60.171,45041228,42.95466232299805,343.6373,20677,93051281.591768,53215232,316669952,526385152,868220928,60.54527850099839,1,raw/201__rand_read_128k__r3/attempt-1
279c400c3cb54df3b70568b49747a3c0,full,colva2,201,hdd,/dev/sda1,/mnt/hdd1,rand_read_4k,randread,4k,1,3,1,1,time_limit,112484352,0.10475921630859375,60100,60.1,1871619,1.7849149703979492,456.938436,27462,69986622.949385,41156608,235929600,392167424,591396864,60.44522908900399,1,raw/201__rand_read_4k__r3/attempt-1
279c400c3cb54df3b70568b49747a3c0,full,colva2,201,hdd,/dev/sda1,/mnt/hdd1,seq_read,read,1m,1,4,1,1,byte_limit,10737418240,10.0,52494,52.494,204545628,195.0699119567871,195.069913,10240,163898913.680956,164626432,166723584,170917888,287309824,52.842492041992955,1,raw/201__seq_read__r4/attempt-1
279c400c3cb54df3b70568b49747a3c0,full,colva2,201,hdd,/dev/sda1,/mnt/hdd1,seq_write,write,1m,1,4,1,1,byte_limit,10737418240,10.0,52208,52.208,205666147,196.13852214813232,196.138523,10240,162808102.192773,160432128,187695104,229638144,641728512,52.59077089605853,1,raw/201__seq_write__r4/attempt-1
279c400c3cb54df3b70568b49747a3c0,full,colva2,201,hdd,/dev/sda1,/mnt/hdd1,rand_read_128k,randread,128k,1,4,1,1,time_limit,2709651456,2.5235595703125,60145,60.145,45051981,42.96491718292236,343.719345,20673,93032173.840564,53215232,320864256,530579456,834666496,60.49596820806619,1,raw/201__rand_read_128k__r4/attempt-1
279c400c3cb54df3b70568b49747a3c0,full,colva2,201,hdd,/dev/sda1,/mnt/hdd1,rand_read_4k,randread,4k,1,4,1,1,time_limit,112943104,0.10518646240234375,60147,60.147,1877784,1.7907943725585938,458.44348,27574,69756717.40919,41156608,231735296,387973120,608174080,60.49633161397651,1,raw/201__rand_read_4k__r4/attempt-1
279c400c3cb54df3b70568b49747a3c0,full,colva2,201,hdd,/dev/sda1,/mnt/hdd1,rand_write_4k,randwrite,4k,1,4,1,1,time_limit,110735360,0.10313034057617188,60067,60.067,1843530,1.758127212524414,450.080743,27035,71060561.432439,69730304,79167488,92798976,666894336,60.38657704205252,1,raw/201__rand_write_4k__r4/attempt-1
279c400c3cb54df3b70568b49747a3c0,full,colva2,201,hdd,/dev/sda1,/mnt/hdd1,seq_write,write,1m,1,5,1,1,byte_limit,10737418240,10.0,52482,52.482,204592398,195.11451530456543,195.114515,10240,163628288.866504,162529280,177209344,227540992,692060160,52.89361768902745,1,raw/201__seq_write__r5/attempt-1
279c400c3cb54df3b70568b49747a3c0,full,colva2,201,hdd,/dev/sda1,/mnt/hdd1,rand_read_128k,randread,128k,1,5,1,1,time_limit,2690121728,2.50537109375,60129,60.129,44739172,42.66659927368164,341.332801,20524,93683739.395001,52690944,325058560,541065216,834666496,60.49566753196996,1,raw/201__rand_read_128k__r5/attempt-1
279c400c3cb54df3b70568b49747a3c0,full,colva2,201,hdd,/dev/sda1,/mnt/hdd1,rand_read_4k,randread,4k,1,5,1,1,time_limit,112558080,0.104827880859375,60111,60.111,1872503,1.7857580184936523,457.154265,27480,69954644.555969,41156608,233832448,383778816,633339904,60.4456672440283,1,raw/201__rand_read_4k__r5/attempt-1
279c400c3cb54df3b70568b49747a3c0,full,colva2,201,hdd,/dev/sda1,/mnt/hdd1,rand_write_4k,randwrite,4k,1,5,1,1,time_limit,111099904,0.1034698486328125,60067,60.067,1849599,1.7639150619506836,451.562422,27124,70829410.949417,68681728,80216064,92798976,658505728,60.446438279002905,1,raw/201__rand_write_4k__r5/attempt-1
279c400c3cb54df3b70568b49747a3c0,full,colva2,201,hdd,/dev/sda1,/mnt/hdd1,seq_read,read,1m,1,5,1,1,byte_limit,10737418240,10.0,54678,54.678,196375475,187.27824687957764,187.278247,10240,170708028.472364,164626432,168820736,238026752,3607101440,55.02637789794244,1,raw/201__seq_read__r5/attempt-1
279c400c3cb54df3b70568b49747a3c0,full,colva2,202,hdd,/dev/sdb1,/mnt/hdd2,rand_read_128k,randread,128k,1,1,1,1,time_limit,2693660672,2.5086669921875,60132,60.132,44795793,42.72059726715088,341.764784,20551,93563004.986376,53739520,316669952,522190848,851443712,60.49505735200364,1,raw/202__rand_read_128k__r1/attempt-1
279c400c3cb54df3b70568b49747a3c0,full,colva2,202,hdd,/dev/sdb1,/mnt/hdd2,rand_read_4k,randread,4k,1,1,1,1,time_limit,112017408,0.1043243408203125,60108,60.108,1863602,1.7772693634033203,454.981034,27348,70287366.219247,41680896,229638144,387973120,624951296,60.44433106400538,1,raw/202__rand_read_4k__r1/attempt-1
279c400c3cb54df3b70568b49747a3c0,full,colva2,202,hdd,/dev/sdb1,/mnt/hdd2,rand_write_4k,randwrite,4k,1,1,1,1,time_limit,112300032,0.10458755493164062,60072,60.072,1869423,1.782820701599121,456.402317,27417,70078445.297078,68681728,79167488,90701824,750780416,60.39613649097737,1,raw/202__rand_write_4k__r1/attempt-1
279c400c3cb54df3b70568b49747a3c0,full,colva2,202,hdd,/dev/sdb1,/mnt/hdd2,seq_read,read,1m,1,1,1,1,byte_limit,10737418240,10.0,51831,51.831,207162089,197.56516361236572,197.565164,10240,161816436.450293,158334976,173015040,263192576,1887436800,52.19127991993446,1,raw/202__seq_read__r1/attempt-1
279c400c3cb54df3b70568b49747a3c0,full,colva2,202,hdd,/dev/sdb1,/mnt/hdd2,seq_write,write,1m,1,1,1,1,byte_limit,10737418240,10.0,51035,51.035,210393225,200.64661502838135,200.646615,10240,159244828.326856,158334976,173015040,179306496,583008256,51.388426820980385,1,raw/202__seq_write__r1/attempt-1
279c400c3cb54df3b70568b49747a3c0,full,colva2,202,hdd,/dev/sdb1,/mnt/hdd2,rand_read_4k,randread,4k,1,2,1,1,time_limit,110546944,0.10295486450195312,60121,60.121,1838740,1.7535591125488281,448.911362,26989,71243057.126866,41680896,235929600,396361728,616562688,60.44433583400678,1,raw/202__rand_read_4k__r2/attempt-1
279c400c3cb54df3b70568b49747a3c0,full,colva2,202,hdd,/dev/sdb1,/mnt/hdd2,rand_write_4k,randwrite,4k,1,2,1,1,time_limit,112545792,0.10481643676757812,60067,60.067,1873670,1.7868709564208984,457.439193,27477,69920056.182261,68681728,78118912,91750400,675282944,60.44443016499281,1,raw/202__rand_write_4k__r2/attempt-1
279c400c3cb54df3b70568b49747a3c0,full,colva2,202,hdd,/dev/sdb1,/mnt/hdd2,seq_read,read,1m,1,2,1,1,byte_limit,10737418240,10.0,51793,51.793,207314081,197.71011447906494,197.710115,10240,161718026.275001,160432128,168820736,212860928,1602224128,52.1411634410033,1,raw/202__seq_read__r2/attempt-1
279c400c3cb54df3b70568b49747a3c0,full,colva2,202,hdd,/dev/sdb1,/mnt/hdd2,seq_write,write,1m,1,2,1,1,byte_limit,10737418240,10.0,51507,51.507,208465222,198.80792808532715,198.807929,10240,160739020.173925,160432128,166723584,175112192,708837376,51.841151372063905,1,raw/202__seq_write__r2/attempt-1
279c400c3cb54df3b70568b49747a3c0,full,colva2,202,hdd,/dev/sdb1,/mnt/hdd2,rand_read_128k,randread,128k,1,2,1,1,time_limit,2682650624,2.4984130859375,60147,60.147,44601569,42.53537082672119,340.282973,20467,93973943.545708,52166656,325058560,541065216,826277888,60.4950399689842,1,raw/202__rand_read_128k__r2/attempt-1
279c400c3cb54df3b70568b49747a3c0,full,colva2,202,hdd,/dev/sdb1,/mnt/hdd2,rand_write_4k,randwrite,4k,1,3,1,1,time_limit,113668096,0.10586166381835938,60068,60.068,1892323,1.8046598434448242,461.993075,27751,69232055.842817,68681728,78118912,85458944,692060160,60.393918539979495,1,raw/202__rand_write_4k__r3/attempt-1
279c400c3cb54df3b70568b49747a3c0,full,colva2,202,hdd,/dev/sdb1,/mnt/hdd2,seq_read,read,1m,1,3,1,1,byte_limit,10737418240,10.0,51806,51.806,207262059,197.66050243377686,197.660503,10240,161746909.647364,160432128,166723584,219152384,1904214016,52.14098188793287,1,raw/202__seq_read__r3/attempt-1
279c400c3cb54df3b70568b49747a3c0,full,colva2,202,hdd,/dev/sdb1,/mnt/hdd2,seq_write,write,1m,1,3,1,1,byte_limit,10737418240,10.0,51170,51.17,209838152,200.11725616455078,200.117256,10240,159591231.838965,158334976,177209344,219152384,624951296,51.53970733110327,1,raw/202__seq_write__r3/attempt-1
279c400c3cb54df3b70568b49747a3c0,full,colva2,202,hdd,/dev/sdb1,/mnt/hdd2,rand_read_128k,randread,128k,1,3,1,1,time_limit,2698641408,2.5133056640625,60122,60.122,44886088,42.80670928955078,342.453678,20589,93382932.07402,51642368,320864256,541065216,851443712,60.49399705801625,1,raw/202__rand_read_128k__r3/attempt-1
279c400c3cb54df3b70568b49747a3c0,full,colva2,202,hdd,/dev/sdb1,/mnt/hdd2,rand_read_4k,randread,4k,1,3,1,1,time_limit,112193536,0.10448837280273438,60125,60.125,1866004,1.7795600891113281,455.567568,27391,70200413.314811,41156608,233832448,392167424,591396864,60.4924238929525,1,raw/202__rand_read_4k__r3/attempt-1
279c400c3cb54df3b70568b49747a3c0,full,colva2,202,hdd,/dev/sdb1,/mnt/hdd2,seq_read,read,1m,1,4,1,1,byte_limit,10737418240,10.0,52942,52.942,202814745,193.4192132949829,193.419213,10240,165245965.374512,160432128,166723584,225443840,1870659584,53.279151665978134,1,raw/202__seq_read__r4/attempt-1
279c400c3cb54df3b70568b49747a3c0,full,colva2,202,hdd,/dev/sdb1,/mnt/hdd2,seq_write,write,1m,1,4,1,1,byte_limit,10737418240,10.0,51016,51.016,210471582,200.721342086792,200.721342,10240,159190326.572559,158334976,179306496,193986560,608174080,51.342119751963764,1,raw/202__seq_write__r4/attempt-1
279c400c3cb54df3b70568b49747a3c0,full,colva2,202,hdd,/dev/sdb1,/mnt/hdd2,rand_read_128k,randread,128k,1,4,1,1,time_limit,2693267456,2.50830078125,60130,60.13,44790744,42.715782165527344,341.72626,20548,93576096.916343,51642368,325058560,541065216,834666496,60.444349728990346,1,raw/202__rand_read_128k__r4/attempt-1
279c400c3cb54df3b70568b49747a3c0,full,colva2,202,hdd,/dev/sdb1,/mnt/hdd2,rand_read_4k,randread,4k,1,4,1,1,time_limit,112300032,0.10458755493164062,60144,60.144,1867185,1.780686378479004,455.855946,27417,70151848.005909,41156608,233832448,392167424,650117120,60.49493873596657,1,raw/202__rand_read_4k__r4/attempt-1
279c400c3cb54df3b70568b49747a3c0,full,colva2,202,hdd,/dev/sdb1,/mnt/hdd2,rand_write_4k,randwrite,4k,1,4,1,1,time_limit,113172480,0.10540008544921875,60066,60.066,1884135,1.7968511581420898,459.994007,27630,69530650.698444,67633152,78118912,96993280,633339904,60.394026608904824,1,raw/202__rand_write_4k__r4/attempt-1
279c400c3cb54df3b70568b49747a3c0,full,colva2,202,hdd,/dev/sdb1,/mnt/hdd2,seq_write,write,1m,1,5,1,1,byte_limit,10737418240,10.0,51541,51.541,208327704,198.6767807006836,198.676782,10240,160689469.436719,160432128,177209344,231735296,683671552,51.93959493399598,1,raw/202__seq_write__r5/attempt-1
279c400c3cb54df3b70568b49747a3c0,full,colva2,202,hdd,/dev/sdb1,/mnt/hdd2,rand_read_128k,randread,128k,1,5,1,1,time_limit,2699427840,2.5140380859375,60117,60.117,44902903,42.82274532318115,342.581965,20595,93341579.212771,52166656,320864256,541065216,859832320,60.4474432640709,1,raw/202__rand_read_128k__r5/attempt-1
279c400c3cb54df3b70568b49747a3c0,full,colva2,202,hdd,/dev/sdb1,/mnt/hdd2,rand_read_4k,randread,4k,1,5,1,1,time_limit,112177152,0.10447311401367188,60140,60.14,1865266,1.7788562774658203,455.387429,27387,70225809.982035,41156608,231735296,400556032,624951296,60.4436806619633,1,raw/202__rand_read_4k__r5/attempt-1
279c400c3cb54df3b70568b49747a3c0,full,colva2,202,hdd,/dev/sdb1,/mnt/hdd2,rand_write_4k,randwrite,4k,1,5,1,1,time_limit,113467392,0.10567474365234375,60065,60.065,1889076,1.8015632629394531,461.200366,27702,69349751.331673,67633152,77070336,87556096,767557632,60.39368260593619,1,raw/202__rand_write_4k__r5/attempt-1
279c400c3cb54df3b70568b49747a3c0,full,colva2,202,hdd,/dev/sdb1,/mnt/hdd2,seq_read,read,1m,1,5,1,1,byte_limit,10737418240,10.0,51926,51.926,206783080,197.2037124633789,197.203713,10240,162118255.624023,158334976,168820736,476053504,1904214016,52.29163511900697,1,raw/202__seq_read__r5/attempt-1
279c400c3cb54df3b70568b49747a3c0,full,colva2,207,nvme,/dev/nvme3n1p1,/mnt/nvme3,rand_read_128k,randread,128k,1,1,1,1,byte_limit,10737418240,10.0,1899,1.899,5654248678,5392.311742782593,43138.493944,81920,732160.087329,464896,2342912,3325952,4227072,2.215159757062793,1,raw/207__rand_read_128k__r1/attempt-1
279c400c3cb54df3b70568b49747a3c0,full,colva2,207,nvme,/dev/nvme3n1p1,/mnt/nvme3,rand_read_4k,randread,4k,1,1,1,1,byte_limit,10737418240,10.0,4821,4.821,2227218054,2124.0406551361084,543754.407799,2621440,57283.38766600001,53504,82432,104960,138240,5.165211459971033,1,raw/207__rand_read_4k__r1/attempt-1
279c400c3cb54df3b70568b49747a3c0,full,colva2,207,nvme,/dev/nvme3n1p1,/mnt/nvme3,rand_write_4k,randwrite,4k,1,1,1,1,byte_limit,10737418240,10.0,7548,7.548,1422551436,1356.6507682800293,347302.596714,2621440,89627.593603,87552,100864,116224,173056,7.866667603026144,1,raw/207__rand_write_4k__r1/attempt-1
279c400c3cb54df3b70568b49747a3c0,full,colva2,207,nvme,/dev/nvme3n1p1,/mnt/nvme3,seq_read,read,1m,1,1,1,1,byte_limit,10737418240,10.0,4634,4.634,2317095002,2209.7539920806885,2209.753992,10240,14360247.147558998,14352384,14483456,14614528,23461888,5.00316838209983,1,raw/207__seq_read__r1/attempt-1
279c400c3cb54df3b70568b49747a3c0,full,colva2,207,nvme,/dev/nvme3n1p1,/mnt/nvme3,seq_write,write,1m,1,1,1,1,byte_limit,10737418240,10.0,2187,2.187,4909656259,4682.213076591492,4682.213077,10240,6747451.614258001,6586368,6651904,10813440,12648448,2.566568705951795,1,raw/207__seq_write__r1/attempt-1
279c400c3cb54df3b70568b49747a3c0,full,colva2,207,nvme,/dev/nvme3n1p1,/mnt/nvme3,rand_read_4k,randread,4k,1,2,1,1,byte_limit,10737418240,10.0,4827,4.827,2224449604,2121.4004554748535,543078.516677,2621440,57345.754936,53504,82432,104960,152576,5.165339458035305,1,raw/207__rand_read_4k__r2/attempt-1
279c400c3cb54df3b70568b49747a3c0,full,colva2,207,nvme,/dev/nvme3n1p1,/mnt/nvme3,rand_write_4k,randwrite,4k,1,2,1,1,byte_limit,10737418240,10.0,7570,7.57,1418417204,1352.7080574035645,346293.26288,2621440,89882.079857,87552,100864,118272,236544,7.917221221956424,1,raw/207__rand_write_4k__r2/attempt-1
279c400c3cb54df3b70568b49747a3c0,full,colva2,207,nvme,/dev/nvme3n1p1,/mnt/nvme3,seq_read,read,1m,1,2,1,1,byte_limit,10737418240,10.0,4627,4.627,2320600440,2213.097038269043,2213.097039,10240,14353668.213184003,14352384,14483456,14614528,23461888,4.969375018961728,1,raw/207__seq_read__r2/attempt-1
279c400c3cb54df3b70568b49747a3c0,full,colva2,207,nvme,/dev/nvme3n1p1,/mnt/nvme3,seq_write,write,1m,1,2,1,1,byte_limit,10737418240,10.0,2197,2.197,4887309167,4660.901228904724,4660.901229,10240,6778594.057813001,6586368,7176192,11206656,12517376,2.565853222971782,1,raw/207__seq_write__r2/attempt-1
279c400c3cb54df3b70568b49747a3c0,full,colva2,207,nvme,/dev/nvme3n1p1,/mnt/nvme3,rand_read_128k,randread,128k,1,2,1,1,byte_limit,10737418240,10.0,1898,1.898,5657227734,5395.152791976929,43161.222339,81920,731974.528601,460800,2342912,3260416,3981312,2.2654994059121236,1,raw/207__rand_read_128k__r2/attempt-1
279c400c3cb54df3b70568b49747a3c0,full,colva2,207,nvme,/dev/nvme3n1p1,/mnt/nvme3,rand_write_4k,randwrite,4k,1,3,1,1,byte_limit,10737418240,10.0,7550,7.55,1422174601,1356.2913904190063,347210.596026,2621440,89642.419836,87552,101888,117248,183296,7.866690278984606,1,raw/207__rand_write_4k__r3/attempt-1
279c400c3cb54df3b70568b49747a3c0,full,colva2,207,nvme,/dev/nvme3n1p1,/mnt/nvme3,seq_read,read,1m,1,3,1,1,byte_limit,10737418240,10.0,4626,4.626,2321102083,2213.575442314148,2213.575443,10240,14341954.537012,14352384,14483456,14614528,23461888,5.002540544024669,1,raw/207__seq_read__r3/attempt-1
279c400c3cb54df3b70568b49747a3c0,full,colva2,207,nvme,/dev/nvme3n1p1,/mnt/nvme3,seq_write,write,1m,1,3,1,1,byte_limit,10737418240,10.0,2188,2.188,4907412358,4680.073125839233,4680.073126,10240,6752564.985058999,6586368,6717440,10813440,12648448,2.5660038409987465,1,raw/207__seq_write__r3/attempt-1
279c400c3cb54df3b70568b49747a3c0,full,colva2,207,nvme,/dev/nvme3n1p1,/mnt/nvme3,rand_read_128k,randread,128k,1,3,1,1,byte_limit,10737418240,10.0,1886,1.886,5693222820,5429.480381011963,43435.843054,81920,727814.330591,448512,2375680,3325952,4112384,2.215370017103851,1,raw/207__rand_read_128k__r3/attempt-1
279c400c3cb54df3b70568b49747a3c0,full,colva2,207,nvme,/dev/nvme3n1p1,/mnt/nvme3,rand_read_4k,randread,4k,1,3,1,1,byte_limit,10737418240,10.0,4823,4.823,2226294472,2123.1598587036133,543528.923906,2621440,57311.12864999999,53504,82432,104960,140288,5.165032978053205,1,raw/207__rand_read_4k__r3/attempt-1
279c400c3cb54df3b70568b49747a3c0,full,colva2,207,nvme,/dev/nvme3n1p1,/mnt/nvme3,seq_read,read,1m,1,4,1,1,byte_limit,10737418240,10.0,1644,1.644,6531276301,6228.710461616516,6228.710462,10240,5062397.971387,5079040,5341184,5472256,8093696,1.9664445189991966,1,raw/207__seq_read__r4/attempt-1
279c400c3cb54df3b70568b49747a3c0,full,colva2,207,nvme,/dev/nvme3n1p1,/mnt/nvme3,seq_write,write,1m,1,4,1,1,byte_limit,10737418240,10.0,2189,2.189,4905170507,4677.935130119324,4677.93513,10240,6757191.644336,6586368,6717440,11862016,13303808,2.6164656889159232,1,raw/207__seq_write__r4/attempt-1
279c400c3cb54df3b70568b49747a3c0,full,colva2,207,nvme,/dev/nvme3n1p1,/mnt/nvme3,rand_read_128k,randread,128k,1,4,1,1,byte_limit,10737418240,10.0,1899,1.899,5654248678,5392.311742782593,43138.493944,81920,731394.057336,464896,2342912,3227648,4046848,2.264909441000782,1,raw/207__rand_read_128k__r4/attempt-1
279c400c3cb54df3b70568b49747a3c0,full,colva2,207,nvme,/dev/nvme3n1p1,/mnt/nvme3,rand_read_4k,randread,4k,1,4,1,1,byte_limit,10737418240,10.0,4847,4.847,2215270938,2112.646997451782,540837.631525,2621440,57597.20553200001,53504,82432,105984,152576,5.165241930051707,1,raw/207__rand_read_4k__r4/attempt-1
279c400c3cb54df3b70568b49747a3c0,full,colva2,207,nvme,/dev/nvme3n1p1,/mnt/nvme3,rand_write_4k,randwrite,4k,1,4,1,1,byte_limit,10737418240,10.0,7648,7.648,1403951129,1338.912133216858,342761.506276,2621440,90832.448053,88576,102912,123392,272384,8.002212221035734,1,raw/207__rand_write_4k__r4/attempt-1
279c400c3cb54df3b70568b49747a3c0,full,colva2,207,nvme,/dev/nvme3n1p1,/mnt/nvme3,seq_write,write,1m,1,5,1,1,byte_limit,10737418240,10.0,2194,2.194,4893991905,4667.274384498596,4667.274385,10240,6770578.486035,6586368,6848512,11206656,17956864,2.5662163149099797,1,raw/207__seq_write__r5/attempt-1
279c400c3cb54df3b70568b49747a3c0,full,colva2,207,nvme,/dev/nvme3n1p1,/mnt/nvme3,rand_read_128k,randread,128k,1,5,1,1,byte_limit,10737418240,10.0,1902,1.902,5645330304,5383.8065185546875,43070.452156,81920,733528.73197,440320,2408448,3293184,3948544,2.2654275989625603,1,raw/207__rand_read_128k__r5/attempt-1
279c400c3cb54df3b70568b49747a3c0,full,colva2,207,nvme,/dev/nvme3n1p1,/mnt/nvme3,rand_read_4k,randread,4k,1,5,1,1,byte_limit,10737418240,10.0,4848,4.848,2214813993,2112.211220741272,540726.072607,2621440,57601.776729,53504,83456,105984,154624,5.2154951869742945,1,raw/207__rand_read_4k__r5/attempt-1
279c400c3cb54df3b70568b49747a3c0,full,colva2,207,nvme,/dev/nvme3n1p1,/mnt/nvme3,rand_write_4k,randwrite,4k,1,5,1,1,byte_limit,10737418240,10.0,7584,7.584,1415798818,1350.2109699249268,345654.008439,2621440,90054.159934,87552,101888,118272,177152,7.9167150660650805,1,raw/207__rand_write_4k__r5/attempt-1
279c400c3cb54df3b70568b49747a3c0,full,colva2,207,nvme,/dev/nvme3n1p1,/mnt/nvme3,seq_read,read,1m,1,5,1,1,byte_limit,10737418240,10.0,4628,4.628,2320099014,2212.6188411712646,2212.618842,10240,14353720.331836,14352384,14483456,14614528,23461888,4.968864010996185,1,raw/207__seq_read__r5/attempt-1
cdd562023e52431ab5ddfd1a5366f72b,full,colva3,304,hdd,/dev/sdd1,/mnt/hdd4,rand_read_128k,randread,128k,1,1,1,1,time_limit,2525495296,2.35205078125,60121,60.121,42006874,40.06087684631348,320.487018,19268,99833294.227475,56360960,341835776,583008256,901775360,60.47492607298773,1,raw/304__rand_read_128k__r1/attempt-1
cdd562023e52431ab5ddfd1a5366f72b,full,colva3,304,hdd,/dev/sdd1,/mnt/hdd4,rand_read_4k,randread,4k,1,1,1,1,time_limit,105594880,0.0983428955078125,60121,60.121,1756372,1.6750068664550781,428.801916,25780,74617054.271218,44302336,246415360,413138944,666894336,60.426448495010845,1,raw/304__rand_read_4k__r1/attempt-1
cdd562023e52431ab5ddfd1a5366f72b,full,colva3,304,hdd,/dev/sdd1,/mnt/hdd4,rand_write_4k,randwrite,4k,1,1,1,1,time_limit,105566208,0.09831619262695312,60069,60.069,1757415,1.6760015487670898,429.056585,25773,74574064.580996,72876032,85458944,94896128,624951296,60.375368815031834,1,raw/304__rand_write_4k__r1/attempt-1
cdd562023e52431ab5ddfd1a5366f72b,full,colva3,304,hdd,/dev/sdd1,/mnt/hdd4,seq_read,read,1m,1,1,1,1,time_limit,10164895744,9.466796875,60182,60.182,168902591,161.07806301116943,161.078063,9694,198493456.070146,189792256,193986560,404750336,1920991232,60.47644305007998,1,raw/304__seq_read__r1/attempt-1
cdd562023e52431ab5ddfd1a5366f72b,full,colva3,304,hdd,/dev/sdd1,/mnt/hdd4,seq_write,write,1m,1,1,1,1,time_limit,10652483584,9.9208984375,60189,60.189,176983893,168.7849931716919,168.784994,10159,189356498.889359,189792256,208666624,252706816,734003200,60.5258275460219,1,raw/304__seq_write__r1/attempt-1
cdd562023e52431ab5ddfd1a5366f72b,full,colva3,304,hdd,/dev/sdd1,/mnt/hdd4,rand_read_4k,randread,4k,1,2,1,1,time_limit,105435136,0.09819412231445312,60121,60.121,1753715,1.6724729537963867,428.153224,25741,74730512.177809,44826624,244318208,408944640,616562688,60.47559188795276,1,raw/304__rand_read_4k__r2/attempt-1
cdd562023e52431ab5ddfd1a5366f72b,full,colva3,304,hdd,/dev/sdd1,/mnt/hdd4,rand_write_4k,randwrite,4k,1,2,1,1,time_limit,105410560,0.09817123413085938,60083,60.083,1754415,1.673140525817871,428.324152,25735,74701316.933903,72876032,86507520,96993280,784334848,60.42479697801173,1,raw/304__rand_write_4k__r2/attempt-1
cdd562023e52431ab5ddfd1a5366f72b,full,colva3,304,hdd,/dev/sdd1,/mnt/hdd4,seq_read,read,1m,1,2,1,1,time_limit,10200547328,9.5,60185,60.185,169486538,161.6349582672119,161.634959,9728,197872697.927426,189792256,193986560,383778816,1954545664,60.52476609905716,1,raw/304__seq_read__r2/attempt-1
cdd562023e52431ab5ddfd1a5366f72b,full,colva3,304,hdd,/dev/sdd1,/mnt/hdd4,seq_write,write,1m,1,2,1,1,time_limit,10647240704,9.916015625,60189,60.189,176896786,168.7019214630127,168.701922,10154,189459428.307071,189792256,208666624,325058560,725614592,60.52630218002014,1,raw/304__seq_write__r2/attempt-1
cdd562023e52431ab5ddfd1a5366f72b,full,colva3,304,hdd,/dev/sdd1,/mnt/hdd4,rand_read_128k,randread,128k,1,2,1,1,time_limit,2532048896,2.358154296875,60118,60.118,42117982,40.16683769226074,321.334708,19318,99569680.037581,56885248,337641472,557842432,910163968,60.47475439705886,1,raw/304__rand_read_128k__r2/attempt-1
cdd562023e52431ab5ddfd1a5366f72b,full,colva3,304,hdd,/dev/sdd1,/mnt/hdd4,rand_write_4k,randwrite,4k,1,3,1,1,time_limit,105930752,0.09865570068359375,60070,60.07,1763455,1.6817617416381836,430.531047,25862,74319261.499304,72876032,84410368,101187584,700448768,60.42544000502676,1,raw/304__rand_write_4k__r3/attempt-1
cdd562023e52431ab5ddfd1a5366f72b,full,colva3,304,hdd,/dev/sdd1,/mnt/hdd4,seq_read,read,1m,1,3,1,1,time_limit,10481565696,9.76171875,60191,60.191,174138420,166.07133865356445,166.07134,9996,192608120.876452,189792256,200278016,320864256,1971322880,60.5261516229948,1,raw/304__seq_read__r3/attempt-1
cdd562023e52431ab5ddfd1a5366f72b,full,colva3,304,hdd,/dev/sdd1,/mnt/hdd4,seq_write,write,1m,1,3,1,1,time_limit,10654580736,9.9228515625,60177,60.177,177054036,168.85188674926758,168.851887,10161,189271885.579274,189792256,208666624,233832448,708837376,60.52503419399727,1,raw/304__seq_write__r3/attempt-1
cdd562023e52431ab5ddfd1a5366f72b,full,colva3,304,hdd,/dev/sdd1,/mnt/hdd4,rand_read_128k,randread,128k,1,3,1,1,time_limit,2511208448,2.3387451171875,60147,60.147,41751183,39.817030906677246,318.536253,19159,100441801.326374,56885248,341835776,566231040,859832320,60.475711225066334,1,raw/304__rand_read_128k__r3/attempt-1
cdd562023e52431ab5ddfd1a5366f72b,full,colva3,304,hdd,/dev/sdd1,/mnt/hdd4,rand_read_4k,randread,4k,1,3,1,1,time_limit,106864640,0.09952545166015625,60108,60.108,1777877,1.6955156326293945,434.05204,26090,73714293.19862,43778048,244318208,408944640,658505728,60.42514538299292,1,raw/304__rand_read_4k__r3/attempt-1
cdd562023e52431ab5ddfd1a5366f72b,full,colva3,304,hdd,/dev/sdd1,/mnt/hdd4,seq_read,read,1m,1,4,1,1,time_limit,10582228992,9.85546875,60189,60.189,175816660,167.67183303833008,167.671834,10092,190801272.679251,191889408,193986560,206569472,337641472,60.52531885099597,1,raw/304__seq_read__r4/attempt-1
cdd562023e52431ab5ddfd1a5366f72b,full,colva3,304,hdd,/dev/sdd1,/mnt/hdd4,seq_write,write,1m,1,4,1,1,time_limit,10675552256,9.9423828125,60189,60.189,177367164,169.15050888061523,169.150509,10181,189042111.317552,189792256,206569472,210763776,700448768,60.52608314808458,1,raw/304__seq_write__r4/attempt-1
cdd562023e52431ab5ddfd1a5366f72b,full,colva3,304,hdd,/dev/sdd1,/mnt/hdd4,rand_read_128k,randread,128k,1,4,1,1,time_limit,2556690432,2.381103515625,60155,60.155,42501711,40.532790184020996,324.262322,19506,98668685.863632,55836672,337641472,566231040,893386752,60.47538072394673,1,raw/304__rand_read_128k__r4/attempt-1
cdd562023e52431ab5ddfd1a5366f72b,full,colva3,304,hdd,/dev/sdd1,/mnt/hdd4,rand_read_4k,randread,4k,1,4,1,1,time_limit,108994560,0.10150909423828125,60118,60.118,1813010,1.7290210723876953,442.629495,26610,72286008.715633,42205184,242221056,400556032,641728512,60.475708061945625,1,raw/304__rand_read_4k__r4/attempt-1
cdd562023e52431ab5ddfd1a5366f72b,full,colva3,304,hdd,/dev/sdd1,/mnt/hdd4,rand_write_4k,randwrite,4k,1,4,1,1,time_limit,105930752,0.09865570068359375,60069,60.069,1763484,1.6817893981933594,430.538214,25862,74316896.679298,72876032,85458944,104333312,767557632,60.4250801570015,1,raw/304__rand_write_4k__r4/attempt-1
cdd562023e52431ab5ddfd1a5366f72b,full,colva3,304,hdd,/dev/sdd1,/mnt/hdd4,seq_write,write,1m,1,5,1,1,time_limit,10617880576,9.888671875,60172,60.172,176458827,168.28425121307373,168.284252,10126,189866884.963757,189792256,208666624,254803968,801112064,60.525525092030875,1,raw/304__seq_write__r5/attempt-1
cdd562023e52431ab5ddfd1a5366f72b,full,colva3,304,hdd,/dev/sdd1,/mnt/hdd4,rand_read_128k,randread,128k,1,5,1,1,time_limit,2575171584,2.3983154296875,60149,60.149,42813206,40.82985496520996,326.638847,19647,97952082.882374,55836672,333447168,557842432,868220928,60.476481740013696,1,raw/304__rand_read_128k__r5/attempt-1
cdd562023e52431ab5ddfd1a5366f72b,full,colva3,304,hdd,/dev/sdd1,/mnt/hdd4,rand_read_4k,randread,4k,1,5,1,1,time_limit,108863488,0.10138702392578125,60092,60.092,1811613,1.7276887893676758,442.288491,26578,72343309.954022,43253760,240123904,400556032,650117120,60.425513114081696,1,raw/304__rand_read_4k__r5/attempt-1
cdd562023e52431ab5ddfd1a5366f72b,full,colva3,304,hdd,/dev/sdd1,/mnt/hdd4,rand_write_4k,randwrite,4k,1,5,1,1,time_limit,105181184,0.09795761108398438,60072,60.072,1750918,1.6698055267333984,427.470369,25679,74850303.299739,71827456,85458944,122159104,868220928,60.42572332103737,1,raw/304__rand_write_4k__r5/attempt-1
cdd562023e52431ab5ddfd1a5366f72b,full,colva3,304,hdd,/dev/sdd1,/mnt/hdd4,seq_read,read,1m,1,5,1,1,time_limit,9912188928,9.2314453125,60191,60.191,164678920,157.05005645751953,157.050057,9453,203649561.507351,189792256,193986560,425721856,2231369728,60.525644058943726,1,raw/304__seq_read__r5/attempt-1
cdd562023e52431ab5ddfd1a5366f72b,full,colva3,303,hdd,/dev/sdc1,/mnt/hdd3,rand_read_128k,randread,128k,1,1,1,1,time_limit,2670460928,2.487060546875,60174,60.174,44378983,42.32309627532959,338.584771,20374,94493924.378276,52166656,329252864,541065216,884998144,60.52487562398892,1,raw/303__rand_read_128k__r1/attempt-1
cdd562023e52431ab5ddfd1a5366f72b,full,colva3,303,hdd,/dev/sdc1,/mnt/hdd3,rand_read_4k,randread,4k,1,1,1,1,time_limit,111296512,0.1036529541015625,60097,60.097,1851947,1.7661542892456055,452.135714,27172,70766674.971,41680896,235929600,387973120,633339904,60.42700142401736,1,raw/303__rand_read_4k__r1/attempt-1
cdd562023e52431ab5ddfd1a5366f72b,full,colva3,303,hdd,/dev/sdc1,/mnt/hdd3,rand_write_4k,randwrite,4k,1,1,1,1,time_limit,105877504,0.09860610961914062,60068,60.068,1762627,1.6809720993041992,430.328961,25849,74353835.560757,72876032,84410368,116916224,725614592,60.375388787011616,1,raw/303__rand_write_4k__r1/attempt-1
cdd562023e52431ab5ddfd1a5366f72b,full,colva3,303,hdd,/dev/sdc1,/mnt/hdd3,seq_read,read,1m,1,1,1,1,byte_limit,10737418240,10.0,54406,54.406,197357244,188.21453475952148,188.214535,10240,169923606.69209,168820736,175112192,238026752,1904214016,54.77474868297577,1,raw/303__seq_read__r1/attempt-1
cdd562023e52431ab5ddfd1a5366f72b,full,colva3,303,hdd,/dev/sdc1,/mnt/hdd3,seq_write,write,1m,1,1,1,1,byte_limit,10737418240,10.0,53395,53.395,201094076,191.77825546264648,191.778256,10240,166729056.725684,166723584,181403648,189792256,641728512,53.72527465096209,1,raw/303__seq_write__r1/attempt-1
cdd562023e52431ab5ddfd1a5366f72b,full,colva3,303,hdd,/dev/sdc1,/mnt/hdd3,rand_read_4k,randread,4k,1,2,1,1,time_limit,110542848,0.1029510498046875,60124,60.124,1838581,1.7534074783325195,448.872331,26988,71280081.333221,41680896,235929600,387973120,616562688,60.4762050419813,1,raw/303__rand_read_4k__r2/attempt-1
cdd562023e52431ab5ddfd1a5366f72b,full,colva3,303,hdd,/dev/sdc1,/mnt/hdd3,rand_write_4k,randwrite,4k,1,2,1,1,time_limit,105250816,0.0980224609375,60073,60.073,1752048,1.6708831787109375,427.746242,25696,74803341.125116,72876032,83361792,133693440,817889280,60.42373748496175,1,raw/303__rand_write_4k__r2/attempt-1
cdd562023e52431ab5ddfd1a5366f72b,full,colva3,303,hdd,/dev/sdc1,/mnt/hdd3,seq_read,read,1m,1,2,1,1,byte_limit,10737418240,10.0,54730,54.73,196188895,187.10031032562256,187.100311,10240,170962711.190625,166723584,175112192,308281344,2021654528,55.07399396004621,1,raw/303__seq_read__r2/attempt-1
cdd562023e52431ab5ddfd1a5366f72b,full,colva3,303,hdd,/dev/sdc1,/mnt/hdd3,seq_write,write,1m,1,2,1,1,byte_limit,10737418240,10.0,53544,53.544,200534480,191.2445831298828,191.244584,10240,167101373.289259,166723584,181403648,221249536,666894336,53.87515922810417,1,raw/303__seq_write__r2/attempt-1
cdd562023e52431ab5ddfd1a5366f72b,full,colva3,303,hdd,/dev/sdc1,/mnt/hdd3,rand_read_128k,randread,128k,1,2,1,1,time_limit,2681339904,2.4971923828125,60168,60.168,44564218,42.4997501373291,339.998006,20457,94101385.055042,52690944,325058560,530579456,859832320,60.47529924090486,1,raw/303__rand_read_128k__r2/attempt-1
cdd562023e52431ab5ddfd1a5366f72b,full,colva3,303,hdd,/dev/sdc1,/mnt/hdd3,rand_write_4k,randwrite,4k,1,3,1,1,time_limit,106430464,0.09912109375,60070,60.07,1771773,1.6896944046020508,432.562011,25984,73969417.992342,71827456,82313216,98041856,775946240,60.424387814011425,1,raw/303__rand_write_4k__r3/attempt-1
cdd562023e52431ab5ddfd1a5366f72b,full,colva3,303,hdd,/dev/sdc1,/mnt/hdd3,seq_read,read,1m,1,3,1,1,byte_limit,10737418240,10.0,54223,54.223,198023315,188.8497495651245,188.84975,10240,169367156.925293,166723584,175112192,295698432,1434451968,54.57435960089788,1,raw/303__seq_read__r3/attempt-1
cdd562023e52431ab5ddfd1a5366f72b,full,colva3,303,hdd,/dev/sdc1,/mnt/hdd3,seq_write,write,1m,1,3,1,1,byte_limit,10737418240,10.0,53402,53.402,201067717,191.75311756134033,191.753118,10240,166756751.705176,166723584,181403648,187695104,616562688,53.72689771198202,1,raw/303__seq_write__r3/attempt-1
cdd562023e52431ab5ddfd1a5366f72b,full,colva3,303,hdd,/dev/sdc1,/mnt/hdd3,rand_read_128k,randread,128k,1,3,1,1,time_limit,2677538816,2.49365234375,60175,60.175,44495867,42.43456554412842,339.476527,20428,94245833.014392,53215232,325058560,534773760,859832320,60.525736659998074,1,raw/303__rand_read_128k__r3/attempt-1
cdd562023e52431ab5ddfd1a5366f72b,full,colva3,303,hdd,/dev/sdc1,/mnt/hdd3,rand_read_4k,randread,4k,1,3,1,1,time_limit,111697920,0.10402679443359375,60111,60.111,1858194,1.7721118927001953,453.660728,27270,70527992.721085,41156608,235929600,387973120,608174080,60.47438387700822,1,raw/303__rand_read_4k__r3/attempt-1
cdd562023e52431ab5ddfd1a5366f72b,full,colva3,303,hdd,/dev/sdc1,/mnt/hdd3,seq_read,read,1m,1,4,1,1,byte_limit,10737418240,10.0,55294,55.294,194187764,185.1918830871582,185.191883,10240,172750624.246875,168820736,173015040,193986560,1568669696,55.62473940802738,1,raw/303__seq_read__r4/attempt-1
cdd562023e52431ab5ddfd1a5366f72b,full,colva3,303,hdd,/dev/sdc1,/mnt/hdd3,seq_write,write,1m,1,4,1,1,byte_limit,10737418240,10.0,53588,53.588,200369826,191.08755683898926,191.087557,10240,167236020.134668,166723584,181403648,238026752,658505728,53.92478077590931,1,raw/303__seq_write__r4/attempt-1
cdd562023e52431ab5ddfd1a5366f72b,full,colva3,303,hdd,/dev/sdc1,/mnt/hdd3,rand_read_128k,randread,128k,1,4,1,1,time_limit,2671378432,2.4879150390625,60170,60.17,44397181,42.34045124053955,338.723616,20381,94454800.75482,52690944,325058560,530579456,843055104,60.47532405599486,1,raw/303__rand_read_128k__r4/attempt-1
cdd562023e52431ab5ddfd1a5366f72b,full,colva3,303,hdd,/dev/sdc1,/mnt/hdd3,rand_read_4k,randread,4k,1,4,1,1,time_limit,111673344,0.10400390625,60112,60.112,1857754,1.7716922760009766,453.553367,27264,70545040.333552,41680896,233832448,383778816,624951296,60.424756339984015,1,raw/303__rand_read_4k__r4/attempt-1
cdd562023e52431ab5ddfd1a5366f72b,full,colva3,303,hdd,/dev/sdc1,/mnt/hdd3,rand_write_4k,randwrite,4k,1,4,1,1,time_limit,106889216,0.09954833984375,60070,60.07,1779410,1.6969776153564453,434.426502,26096,73651407.6209,71827456,82313216,94896128,725614592,60.37480871297885,1,raw/303__rand_write_4k__r4/attempt-1
cdd562023e52431ab5ddfd1a5366f72b,full,colva3,303,hdd,/dev/sdc1,/mnt/hdd3,seq_write,write,1m,1,5,1,1,byte_limit,10737418240,10.0,53727,53.727,199851438,190.59318351745605,190.593184,10240,167718318.939845,166723584,181403648,227540992,692060160,54.04170469194651,1,raw/303__seq_write__r5/attempt-1
cdd562023e52431ab5ddfd1a5366f72b,full,colva3,303,hdd,/dev/sdc1,/mnt/hdd3,rand_read_128k,randread,128k,1,5,1,1,time_limit,2677932032,2.4940185546875,60198,60.198,44485398,42.42458152770996,339.396658,20431,94267093.720327,52690944,329252864,549453824,893386752,60.52542040508706,1,raw/303__rand_read_128k__r5/attempt-1
cdd562023e52431ab5ddfd1a5366f72b,full,colva3,303,hdd,/dev/sdc1,/mnt/hdd3,rand_read_4k,randread,4k,1,5,1,1,time_limit,111218688,0.10358047485351562,60108,60.108,1850314,1.764596939086914,451.736874,27153,70828728.238316,41156608,233832448,392167424,608174080,60.42641778406687,1,raw/303__rand_read_4k__r5/attempt-1
cdd562023e52431ab5ddfd1a5366f72b,full,colva3,303,hdd,/dev/sdc1,/mnt/hdd3,rand_write_4k,randwrite,4k,1,5,1,1,time_limit,107700224,0.10030364990234375,60069,60.069,1792941,1.7098817825317383,437.729944,26294,73095420.917243,71827456,81264640,92798976,641728512,60.425731815979816,1,raw/303__rand_write_4k__r5/attempt-1
cdd562023e52431ab5ddfd1a5366f72b,full,colva3,303,hdd,/dev/sdc1,/mnt/hdd3,seq_read,read,1m,1,5,1,1,byte_limit,10737418240,10.0,54245,54.245,197943003,188.7731580734253,188.773159,10240,169417274.194629,168820736,173015040,283115520,683671552,54.57433139102068,1,raw/303__seq_read__r5/attempt-1
cdd562023e52431ab5ddfd1a5366f72b,full,colva3,305,nvme,/dev/nvme1n1p1,/mnt/nvme1,rand_read_128k,randread,128k,1,1,1,1,byte_limit,10737418240,10.0,1891,1.891,5678169349,5415.124272346497,43320.994183,81920,735383.268091,452608,2408448,3325952,4079616,2.2647985980147496,1,raw/305__rand_read_128k__r1/attempt-1
cdd562023e52431ab5ddfd1a5366f72b,full,colva3,305,nvme,/dev/nvme1n1p1,/mnt/nvme1,rand_read_4k,randread,4k,1,1,1,1,byte_limit,10737418240,10.0,4718,4.718,2275841085,2170.4111909866333,555625.264943,2621440,56078.139407,51968,81408,103936,136192,5.032484608935192,1,raw/305__rand_read_4k__r1/attempt-1
cdd562023e52431ab5ddfd1a5366f72b,full,colva3,305,nvme,/dev/nvme1n1p1,/mnt/nvme1,rand_write_4k,randwrite,4k,1,1,1,1,byte_limit,10737418240,10.0,7444,7.444,1442425878,1375.604513168335,352154.755508,2621440,88388.392512,86528,98816,113152,171008,7.76596548804082,1,raw/305__rand_write_4k__r1/attempt-1
cdd562023e52431ab5ddfd1a5366f72b,full,colva3,305,nvme,/dev/nvme1n1p1,/mnt/nvme1,seq_read,read,1m,1,1,1,1,byte_limit,10737418240,10.0,4628,4.628,2320099014,2212.6188411712646,2212.618842,10240,14437838.506445,14483456,14614528,14614528,23461888,4.9662249609827995,1,raw/305__seq_read__r1/attempt-1
cdd562023e52431ab5ddfd1a5366f72b,full,colva3,305,nvme,/dev/nvme1n1p1,/mnt/nvme1,seq_write,write,1m,1,1,1,1,byte_limit,10737418240,10.0,2207,2.207,4865164585,4639.782509803772,4639.78251,10240,6856552.232422,6651904,7176192,10944512,14614528,2.5651555539807305,1,raw/305__seq_write__r1/attempt-1
cdd562023e52431ab5ddfd1a5366f72b,full,colva3,305,nvme,/dev/nvme1n1p1,/mnt/nvme1,rand_read_4k,randread,4k,1,2,1,1,byte_limit,10737418240,10.0,4784,4.784,2244443612,2140.4682273864746,547959.866221,2621440,56845.660819,52992,82432,103936,136192,5.114740028977394,1,raw/305__rand_read_4k__r2/attempt-1
cdd562023e52431ab5ddfd1a5366f72b,full,colva3,305,nvme,/dev/nvme1n1p1,/mnt/nvme1,rand_write_4k,randwrite,4k,1,2,1,1,byte_limit,10737418240,10.0,7472,7.472,1437020642,1370.4496784210205,350835.117773,2621440,88737.714895,87552,98816,113152,166912,7.815984669025056,1,raw/305__rand_write_4k__r2/attempt-1
cdd562023e52431ab5ddfd1a5366f72b,full,colva3,305,nvme,/dev/nvme1n1p1,/mnt/nvme1,seq_read,read,1m,1,2,1,1,byte_limit,10737418240,10.0,4630,4.63,2319096812,2211.6630668640137,2211.663067,10240,14442995.970313001,14483456,14614528,14614528,23461888,4.96615690307226,1,raw/305__seq_read__r2/attempt-1
cdd562023e52431ab5ddfd1a5366f72b,full,colva3,305,nvme,/dev/nvme1n1p1,/mnt/nvme1,seq_write,write,1m,1,2,1,1,byte_limit,10737418240,10.0,2206,2.206,4867370009,4641.885766029358,4641.885766,10240,6854864.711035,6651904,6848512,11468800,15269888,2.564997996087186,1,raw/305__seq_write__r2/attempt-1
cdd562023e52431ab5ddfd1a5366f72b,full,colva3,305,nvme,/dev/nvme1n1p1,/mnt/nvme1,rand_read_128k,randread,128k,1,2,1,1,byte_limit,10737418240,10.0,1887,1.887,5690205744,5426.603073120117,43412.824589,81920,733619.470776,444416,2408448,3391488,4227072,2.2143555489601567,1,raw/305__rand_read_128k__r2/attempt-1
cdd562023e52431ab5ddfd1a5366f72b,full,colva3,305,nvme,/dev/nvme1n1p1,/mnt/nvme1,rand_write_4k,randwrite,4k,1,3,1,1,byte_limit,10737418240,10.0,7437,7.437,1443783547,1376.899287223816,352486.217561,2621440,88302.605873,86528,98816,113152,168960,7.766540477052331,1,raw/305__rand_write_4k__r3/attempt-1
cdd562023e52431ab5ddfd1a5366f72b,full,colva3,305,nvme,/dev/nvme1n1p1,/mnt/nvme1,seq_read,read,1m,1,3,1,1,byte_limit,10737418240,10.0,4619,4.619,2324619666,2216.930070877075,2216.930071,10240,14408073.649316002,14352384,14614528,14614528,23461888,4.966466387966648,1,raw/305__seq_read__r3/attempt-1
cdd562023e52431ab5ddfd1a5366f72b,full,colva3,305,nvme,/dev/nvme1n1p1,/mnt/nvme1,seq_write,write,1m,1,3,1,1,byte_limit,10737418240,10.0,2196,2.196,4889534717,4663.023678779602,4663.023679,10240,6820872.397655999,6651904,6848512,10944512,12648448,2.564737111912109,1,raw/305__seq_write__r3/attempt-1
cdd562023e52431ab5ddfd1a5366f72b,full,colva3,305,nvme,/dev/nvme1n1p1,/mnt/nvme1,rand_read_128k,randread,128k,1,3,1,1,byte_limit,10737418240,10.0,1886,1.886,5693222820,5429.480381011963,43435.843054,81920,733256.033984,440320,2441216,3424256,4145152,2.2146222388837487,1,raw/305__rand_read_128k__r3/attempt-1
cdd562023e52431ab5ddfd1a5366f72b,full,colva3,305,nvme,/dev/nvme1n1p1,/mnt/nvme1,rand_read_4k,randread,4k,1,3,1,1,byte_limit,10737418240,10.0,4734,4.734,2268149184,2163.0756225585938,553747.359527,2621440,56256.29693199999,52480,81408,103936,136192,5.064468692988157,1,raw/305__rand_read_4k__r3/attempt-1
cdd562023e52431ab5ddfd1a5366f72b,full,colva3,305,nvme,/dev/nvme1n1p1,/mnt/nvme1,seq_read,read,1m,1,4,1,1,byte_limit,10737418240,10.0,1638,1.638,6555200390,6251.526250839233,6251.526252,10240,5092098.925586,5079040,5341184,5472256,8978432,1.9655559710226953,1,raw/305__seq_read__r4/attempt-1
cdd562023e52431ab5ddfd1a5366f72b,full,colva3,305,nvme,/dev/nvme1n1p1,/mnt/nvme1,seq_write,write,1m,1,4,1,1,byte_limit,10737418240,10.0,2202,2.202,4876211734,4650.317892074585,4650.317893,10240,6840346.011133,6651904,6782976,13303808,15532032,2.5656637939391658,1,raw/305__seq_write__r4/attempt-1
cdd562023e52431ab5ddfd1a5366f72b,full,colva3,305,nvme,/dev/nvme1n1p1,/mnt/nvme1,rand_read_128k,randread,128k,1,4,1,1,byte_limit,10737418240,10.0,1874,1.874,5729678890,5464.247598648071,43713.98079,81920,728609.118188,444416,2408448,3424256,4112384,2.2144171739928424,1,raw/305__rand_read_128k__r4/attempt-1
cdd562023e52431ab5ddfd1a5366f72b,full,colva3,305,nvme,/dev/nvme1n1p1,/mnt/nvme1,rand_read_4k,randread,4k,1,4,1,1,byte_limit,10737418240,10.0,4732,4.732,2269107827,2163.9898557662964,553981.403212,2621440,56238.484039,52480,81408,103936,134144,5.064524845103733,1,raw/305__rand_read_4k__r4/attempt-1
cdd562023e52431ab5ddfd1a5366f72b,full,colva3,305,nvme,/dev/nvme1n1p1,/mnt/nvme1,rand_write_4k,randwrite,4k,1,4,1,1,byte_limit,10737418240,10.0,7429,7.429,1445338301,1378.3820161819458,352865.796204,2621440,88215.143979,86528,97792,112128,171008,7.8160250269575045,1,raw/305__rand_write_4k__r4/attempt-1
cdd562023e52431ab5ddfd1a5366f72b,full,colva3,305,nvme,/dev/nvme1n1p1,/mnt/nvme1,seq_write,write,1m,1,5,1,1,byte_limit,10737418240,10.0,2197,2.197,4887309167,4660.901228904724,4660.901229,10240,6824429.251269999,6651904,7045120,11075584,12648448,2.5144674150506034,1,raw/305__seq_write__r5/attempt-1
cdd562023e52431ab5ddfd1a5366f72b,full,colva3,305,nvme,/dev/nvme1n1p1,/mnt/nvme1,rand_read_128k,randread,128k,1,5,1,1,byte_limit,10737418240,10.0,1896,1.896,5663195274,5400.843881607056,43206.751055,81920,737029.867529,432128,2441216,3325952,4112384,2.2145883640041575,1,raw/305__rand_read_128k__r5/attempt-1
cdd562023e52431ab5ddfd1a5366f72b,full,colva3,305,nvme,/dev/nvme1n1p1,/mnt/nvme1,rand_read_4k,randread,4k,1,5,1,1,byte_limit,10737418240,10.0,4766,4.766,2252920318,2148.5522441864014,550029.374738,2621440,56644.648808000005,52480,82432,103936,136192,5.16490839002654,1,raw/305__rand_read_4k__r5/attempt-1
cdd562023e52431ab5ddfd1a5366f72b,full,colva3,305,nvme,/dev/nvme1n1p1,/mnt/nvme1,rand_write_4k,randwrite,4k,1,5,1,1,byte_limit,10737418240,10.0,7445,7.445,1442232134,1375.4197444915771,352107.454668,2621440,88412.039298,86528,97792,113152,168960,7.765802287030965,1,raw/305__rand_write_4k__r5/attempt-1
cdd562023e52431ab5ddfd1a5366f72b,full,colva3,305,nvme,/dev/nvme1n1p1,/mnt/nvme1,seq_read,read,1m,1,5,1,1,byte_limit,10737418240,10.0,4625,4.625,2321603943,2214.0540533065796,2214.054054,10240,14427506.405859,14352384,14483456,14614528,23461888,4.966019126004539,1,raw/305__seq_read__r5/attempt-1
cdd562023e52431ab5ddfd1a5366f72b,full,colva3,306,nvme,/dev/nvme2n1p1,/mnt/nvme2,rand_read_128k,randread,128k,1,1,1,1,byte_limit,10737418240,10.0,1885,1.885,5696243098,5432.36074256897,43458.885942,81920,733093.407117,444416,2408448,3391488,4227072,2.214230858022347,1,raw/306__rand_read_128k__r1/attempt-1
cdd562023e52431ab5ddfd1a5366f72b,full,colva3,306,nvme,/dev/nvme2n1p1,/mnt/nvme2,rand_read_4k,randread,4k,1,1,1,1,byte_limit,10737418240,10.0,4741,4.741,2264800303,2159.881880760193,552929.761654,2621440,56339.86766199999,51968,82432,104960,136192,5.114513283013366,1,raw/306__rand_read_4k__r1/attempt-1
cdd562023e52431ab5ddfd1a5366f72b,full,colva3,306,nvme,/dev/nvme2n1p1,/mnt/nvme2,rand_write_4k,randwrite,4k,1,1,1,1,byte_limit,10737418240,10.0,7444,7.444,1442425878,1375.604513168335,352154.755508,2621440,88404.87411,86528,97792,113152,168960,7.765907488996163,1,raw/306__rand_write_4k__r1/attempt-1
cdd562023e52431ab5ddfd1a5366f72b,full,colva3,306,nvme,/dev/nvme2n1p1,/mnt/nvme2,seq_read,read,1m,1,1,1,1,byte_limit,10737418240,10.0,4626,4.626,2321102083,2213.575442314148,2213.575443,10240,14430946.753809,14352384,14614528,14614528,23461888,4.9659037119708955,1,raw/306__seq_read__r1/attempt-1
cdd562023e52431ab5ddfd1a5366f72b,full,colva3,306,nvme,/dev/nvme2n1p1,/mnt/nvme2,seq_write,write,1m,1,1,1,1,byte_limit,10737418240,10.0,2204,2.204,4871786860,4646.098003387451,4646.098004,10240,6847571.655957,6651904,6848512,11468800,14876672,2.565046687028371,1,raw/306__seq_write__r1/attempt-1
cdd562023e52431ab5ddfd1a5366f72b,full,colva3,306,nvme,/dev/nvme2n1p1,/mnt/nvme2,rand_read_4k,randread,4k,1,2,1,1,byte_limit,10737418240,10.0,4743,4.743,2263845296,2158.9711151123047,552696.605524,2621440,56360.628206999994,52480,81408,103936,134144,5.0648574399529025,1,raw/306__rand_read_4k__r2/attempt-1
cdd562023e52431ab5ddfd1a5366f72b,full,colva3,306,nvme,/dev/nvme2n1p1,/mnt/nvme2,rand_write_4k,randwrite,4k,1,2,1,1,byte_limit,10737418240,10.0,7374,7.374,1456118557,1388.6628694534302,355497.694603,2621440,87557.59715,86528,96768,112128,168960,7.715930637088604,1,raw/306__rand_write_4k__r2/attempt-1
cdd562023e52431ab5ddfd1a5366f72b,full,colva3,306,nvme,/dev/nvme2n1p1,/mnt/nvme2,seq_read,read,1m,1,2,1,1,byte_limit,10737418240,10.0,4627,4.627,2320600440,2213.097038269043,2213.097039,10240,14432996.606543,14352384,14614528,14614528,23461888,4.966260840068571,1,raw/306__seq_read__r2/attempt-1
cdd562023e52431ab5ddfd1a5366f72b,full,colva3,306,nvme,/dev/nvme2n1p1,/mnt/nvme2,seq_write,write,1m,1,2,1,1,byte_limit,10737418240,10.0,2199,2.199,4882864138,4656.662118911743,4656.662119,10240,6830480.055664,6651904,6848512,10944512,13434880,2.514741430990398,1,raw/306__seq_write__r2/attempt-1
cdd562023e52431ab5ddfd1a5366f72b,full,colva3,306,nvme,/dev/nvme2n1p1,/mnt/nvme2,rand_read_128k,randread,128k,1,2,1,1,byte_limit,10737418240,10.0,1892,1.892,5675168202,5412.262155532837,43298.097252,81920,735324.306519,448512,2408448,3325952,4014080,2.214116954943165,1,raw/306__rand_read_128k__r2/attempt-1
cdd562023e52431ab5ddfd1a5366f72b,full,colva3,306,nvme,/dev/nvme2n1p1,/mnt/nvme2,rand_write_4k,randwrite,4k,1,3,1,1,byte_limit,10737418240,10.0,7386,7.386,1453752808,1386.4067153930664,354920.119144,2621440,87693.704419,86528,96768,112128,154624,7.715732370968908,1,raw/306__rand_write_4k__r3/attempt-1
cdd562023e52431ab5ddfd1a5366f72b,full,colva3,306,nvme,/dev/nvme2n1p1,/mnt/nvme2,seq_read,read,1m,1,3,1,1,byte_limit,10737418240,10.0,4626,4.626,2321102083,2213.575442314148,2213.575443,10240,14428946.608691001,14352384,14614528,14614528,23461888,4.965970208053477,1,raw/306__seq_read__r3/attempt-1
cdd562023e52431ab5ddfd1a5366f72b,full,colva3,306,nvme,/dev/nvme2n1p1,/mnt/nvme2,seq_write,write,1m,1,3,1,1,byte_limit,10737418240,10.0,2210,2.21,4858560289,4633.484162330627,4633.484163,10240,6867103.446387,6651904,6848512,12517376,15269888,2.5648968869354576,1,raw/306__seq_write__r3/attempt-1
cdd562023e52431ab5ddfd1a5366f72b,full,colva3,306,nvme,/dev/nvme2n1p1,/mnt/nvme2,rand_read_128k,randread,128k,1,3,1,1,byte_limit,10737418240,10.0,1890,1.89,5681173671,5417.989417076111,43343.915344,81920,734982.985974,448512,2408448,3293184,3981312,2.2144740879302844,1,raw/306__rand_read_128k__r3/attempt-1
cdd562023e52431ab5ddfd1a5366f72b,full,colva3,306,nvme,/dev/nvme2n1p1,/mnt/nvme2,rand_read_4k,randread,4k,1,3,1,1,byte_limit,10737418240,10.0,4735,4.735,2267670166,2162.6187953948975,553630.411827,2621440,56275.09767,52480,81408,103936,136192,5.065128766931593,1,raw/306__rand_read_4k__r3/attempt-1
cdd562023e52431ab5ddfd1a5366f72b,full,colva3,306,nvme,/dev/nvme2n1p1,/mnt/nvme2,seq_read,read,1m,1,4,1,1,byte_limit,10737418240,10.0,1643,1.643,6535251515,6232.501521110535,6232.501522,10240,5108988.077246,5079040,5341184,5472256,8847360,1.9650980629958212,1,raw/306__seq_read__r4/attempt-1
cdd562023e52431ab5ddfd1a5366f72b,full,colva3,306,nvme,/dev/nvme2n1p1,/mnt/nvme2,seq_write,write,1m,1,4,1,1,byte_limit,10737418240,10.0,2197,2.197,4887309167,4660.901228904724,4660.901229,10240,6824805.178418,6651904,6782976,11075584,13303808,2.564993806066923,1,raw/306__seq_write__r4/attempt-1
cdd562023e52431ab5ddfd1a5366f72b,full,colva3,306,nvme,/dev/nvme2n1p1,/mnt/nvme2,rand_read_128k,randread,128k,1,4,1,1,byte_limit,10737418240,10.0,1892,1.892,5675168202,5412.262155532837,43298.097252,81920,735320.730847,448512,2441216,3325952,4014080,2.214272248093039,1,raw/306__rand_read_128k__r4/attempt-1
cdd562023e52431ab5ddfd1a5366f72b,full,colva3,306,nvme,/dev/nvme2n1p1,/mnt/nvme2,rand_read_4k,randread,4k,1,4,1,1,byte_limit,10737418240,10.0,4744,4.744,2263368094,2158.516019821167,552580.10118,2621440,56384.493237,52480,82432,104960,138240,5.064841791987419,1,raw/306__rand_read_4k__r4/attempt-1
cdd562023e52431ab5ddfd1a5366f72b,full,colva3,306,nvme,/dev/nvme2n1p1,/mnt/nvme2,rand_write_4k,randwrite,4k,1,4,1,1,byte_limit,10737418240,10.0,7397,7.397,1451590947,1384.345004081726,354392.321211,2621440,87833.858402,86528,96768,112128,171008,7.715957239968702,1,raw/306__rand_write_4k__r4/attempt-1
cdd562023e52431ab5ddfd1a5366f72b,full,colva3,306,nvme,/dev/nvme2n1p1,/mnt/nvme2,seq_write,write,1m,1,5,1,1,byte_limit,10737418240,10.0,2193,2.193,4896223547,4669.40264415741,4669.402645,10240,6814168.227734001,6651904,6848512,10813440,12910592,2.5148635909426957,1,raw/306__seq_write__r5/attempt-1
cdd562023e52431ab5ddfd1a5366f72b,full,colva3,306,nvme,/dev/nvme2n1p1,/mnt/nvme2,rand_read_128k,randread,128k,1,5,1,1,byte_limit,10737418240,10.0,1896,1.896,5663195274,5400.843881607056,43206.751055,81920,736979.814514,436224,2441216,3325952,4112384,2.264278374030255,1,raw/306__rand_read_128k__r5/attempt-1
cdd562023e52431ab5ddfd1a5366f72b,full,colva3,306,nvme,/dev/nvme2n1p1,/mnt/nvme2,rand_read_4k,randread,4k,1,5,1,1,byte_limit,10737418240,10.0,4738,4.738,2266234326,2161.2494716644287,553279.864922,2621440,56307.830923,52480,82432,104960,136192,5.064855791977607,1,raw/306__rand_read_4k__r5/attempt-1
cdd562023e52431ab5ddfd1a5366f72b,full,colva3,306,nvme,/dev/nvme2n1p1,/mnt/nvme2,rand_write_4k,randwrite,4k,1,5,1,1,byte_limit,10737418240,10.0,7408,7.408,1449435507,1382.2894163131714,353866.090713,2621440,87967.07285,86528,95744,112128,158720,7.715624195989221,1,raw/306__rand_write_4k__r5/attempt-1
cdd562023e52431ab5ddfd1a5366f72b,full,colva3,306,nvme,/dev/nvme2n1p1,/mnt/nvme2,seq_read,read,1m,1,5,1,1,byte_limit,10737418240,10.0,4629,4.629,2319597805,2212.140851020813,2212.140851,10240,14439409.348145002,14483456,14614528,14614528,23461888,4.966073976014741,1,raw/306__seq_read__r5/attempt-1
cdd562023e52431ab5ddfd1a5366f72b,full,colva3,301,hdd,/dev/sda1,/mnt/hdd1,rand_read_128k,randread,128k,1,1,1,1,time_limit,2689204224,2.5045166015625,60136,60.136,44718707,42.64708232879639,341.176666,20517,93773298.648682,53739520,320864256,517996544,792723456,60.47515695402399,1,raw/301__rand_read_128k__r1/attempt-1
cdd562023e52431ab5ddfd1a5366f72b,full,colva3,301,hdd,/dev/sda1,/mnt/hdd1,rand_read_4k,randread,4k,1,1,1,1,time_limit,111456256,0.10380172729492188,60105,60.105,1854359,1.7684545516967773,452.724399,27211,70674038.585242,42205184,233832448,387973120,616562688,60.4259013030678,1,raw/301__rand_read_4k__r1/attempt-1
cdd562023e52431ab5ddfd1a5366f72b,full,colva3,301,hdd,/dev/sda1,/mnt/hdd1,rand_write_4k,randwrite,4k,1,1,1,1,time_limit,105046016,0.09783172607421875,60080,60.08,1748435,1.6674375534057617,426.864181,25646,74955779.131209,72876032,87556096,104333312,683671552,60.42507400899194,1,raw/301__rand_write_4k__r1/attempt-1
cdd562023e52431ab5ddfd1a5366f72b,full,colva3,301,hdd,/dev/sda1,/mnt/hdd1,seq_read,read,1m,1,1,1,1,byte_limit,10737418240,10.0,53910,53.91,199173033,189.94620609283447,189.946207,10240,168352354.64004,166723584,175112192,225443840,633339904,54.22429712500889,1,raw/301__seq_read__r1/attempt-1
cdd562023e52431ab5ddfd1a5366f72b,full,colva3,301,hdd,/dev/sda1,/mnt/hdd1,seq_write,write,1m,1,1,1,1,byte_limit,10737418240,10.0,52963,52.963,202734328,193.34252166748047,193.342522,10240,165287179.806055,164626432,181403648,231735296,633339904,53.324228812009096,1,raw/301__seq_write__r1/attempt-1
cdd562023e52431ab5ddfd1a5366f72b,full,colva3,301,hdd,/dev/sda1,/mnt/hdd1,rand_read_4k,randread,4k,1,2,1,1,time_limit,111030272,0.10340499877929688,60094,60.094,1847609,1.7620172500610352,451.076647,27107,70930638.085919,42729472,229638144,383778816,616562688,60.42486658098642,1,raw/301__rand_read_4k__r2/attempt-1
cdd562023e52431ab5ddfd1a5366f72b,full,colva3,301,hdd,/dev/sda1,/mnt/hdd1,rand_write_4k,randwrite,4k,1,2,1,1,time_limit,105656320,0.09840011596679688,60076,60.076,1758710,1.677236557006836,429.372794,25795,74517082.614964,71827456,84410368,135266304,792723456,60.42421836708672,1,raw/301__rand_write_4k__r2/attempt-1
cdd562023e52431ab5ddfd1a5366f72b,full,colva3,301,hdd,/dev/sda1,/mnt/hdd1,seq_read,read,1m,1,2,1,1,byte_limit,10737418240,10.0,53721,53.721,199873759,190.61447048187256,190.614471,10240,167832836.556347,162529280,175112192,329252864,1904214016,54.02655752294231,1,raw/301__seq_read__r2/attempt-1
cdd562023e52431ab5ddfd1a5366f72b,full,colva3,301,hdd,/dev/sda1,/mnt/hdd1,seq_write,write,1m,1,2,1,1,byte_limit,10737418240,10.0,52799,52.799,203364045,193.94306659698486,193.943067,10240,164874480.984277,166723584,185597952,189792256,633339904,53.123428922961466,1,raw/301__seq_write__r2/attempt-1
cdd562023e52431ab5ddfd1a5366f72b,full,colva3,301,hdd,/dev/sda1,/mnt/hdd1,rand_read_128k,randread,128k,1,2,1,1,time_limit,2695626752,2.510498046875,60124,60.124,44834454,42.75746726989746,342.059743,20566,93533831.658368,53739520,316669952,517996544,784334848,60.474775829934515,1,raw/301__rand_read_128k__r2/attempt-1
cdd562023e52431ab5ddfd1a5366f72b,full,colva3,301,hdd,/dev/sda1,/mnt/hdd1,rand_write_4k,randwrite,4k,1,3,1,1,time_limit,105926656,0.09865188598632812,60071,60.071,1763357,1.6816682815551758,430.507233,25861,74321232.330923,72876032,84410368,117964800,666894336,60.42586846696213,1,raw/301__rand_write_4k__r3/attempt-1
cdd562023e52431ab5ddfd1a5366f72b,full,colva3,301,hdd,/dev/sda1,/mnt/hdd1,seq_read,read,1m,1,3,1,1,byte_limit,10737418240,10.0,53484,53.484,200759446,191.45912742614746,191.459128,10240,167037291.657715,166723584,175112192,183500800,1820327936,53.82468159508426,1,raw/301__seq_read__r3/attempt-1
cdd562023e52431ab5ddfd1a5366f72b,full,colva3,301,hdd,/dev/sda1,/mnt/hdd1,seq_write,write,1m,1,3,1,1,byte_limit,10737418240,10.0,52972,52.972,202699883,193.30967235565186,193.309673,10240,165309103.994433,164626432,181403648,233832448,650117120,53.3236826909706,1,raw/301__seq_write__r3/attempt-1
cdd562023e52431ab5ddfd1a5366f72b,full,colva3,301,hdd,/dev/sda1,/mnt/hdd1,rand_read_128k,randread,128k,1,3,1,1,time_limit,2708078592,2.5220947265625,60119,60.119,45045303,42.9585485458374,343.668391,20661,93095627.805963,52690944,316669952,541065216,826277888,60.4755654479377,1,raw/301__rand_read_128k__r3/attempt-1
cdd562023e52431ab5ddfd1a5366f72b,full,colva3,301,hdd,/dev/sda1,/mnt/hdd1,rand_read_4k,randread,4k,1,3,1,1,time_limit,111947776,0.10425949096679688,60086,60.086,1863125,1.7768144607543945,454.864694,27331,70340764.225203,42205184,233832448,392167424,616562688,60.42533000302501,1,raw/301__rand_read_4k__r3/attempt-1
cdd562023e52431ab5ddfd1a5366f72b,full,colva3,301,hdd,/dev/sda1,/mnt/hdd1,seq_read,read,1m,1,4,1,1,byte_limit,10737418240,10.0,53247,53.247,201653017,192.3113031387329,192.311304,10240,166351511.85,166723584,175112192,177209344,1904214016,53.57394406199455,1,raw/301__seq_read__r4/attempt-1
cdd562023e52431ab5ddfd1a5366f72b,full,colva3,301,hdd,/dev/sda1,/mnt/hdd1,seq_write,write,1m,1,4,1,1,byte_limit,10737418240,10.0,52926,52.926,202876057,193.4776849746704,193.477686,10240,165183912.395509,166723584,181403648,229638144,616562688,53.27420564403292,1,raw/301__seq_write__r4/attempt-1
cdd562023e52431ab5ddfd1a5366f72b,full,colva3,301,hdd,/dev/sda1,/mnt/hdd1,rand_read_128k,randread,128k,1,4,1,1,time_limit,2695495680,2.5103759765625,60130,60.13,44827801,42.75112247467041,342.008981,20565,93547784.613372,55312384,312475648,509607936,784334848,60.47631823003758,1,raw/301__rand_read_128k__r4/attempt-1
cdd562023e52431ab5ddfd1a5366f72b,full,colva3,301,hdd,/dev/sda1,/mnt/hdd1,rand_read_4k,randread,4k,1,4,1,1,time_limit,112340992,0.10462570190429688,60118,60.118,1868674,1.7821063995361328,456.219435,27427,70130806.232909,41156608,231735296,392167424,616562688,60.47515785403084,1,raw/301__rand_read_4k__r4/attempt-1
cdd562023e52431ab5ddfd1a5366f72b,full,colva3,301,hdd,/dev/sda1,/mnt/hdd1,rand_write_4k,randwrite,4k,1,4,1,1,time_limit,106053632,0.0987701416015625,60080,60.08,1765206,1.683431625366211,430.958722,25892,74244018.811139,72876032,84410368,96993280,650117120,60.42487748002168,1,raw/301__rand_write_4k__r4/attempt-1
cdd562023e52431ab5ddfd1a5366f72b,full,colva3,301,hdd,/dev/sda1,/mnt/hdd1,seq_write,write,1m,1,5,1,1,byte_limit,10737418240,10.0,53254,53.254,201626511,192.28602504730225,192.286025,10240,166157185.601659,164626432,183500800,278921216,675282944,53.62389808206353,1,raw/301__seq_write__r5/attempt-1
cdd562023e52431ab5ddfd1a5366f72b,full,colva3,301,hdd,/dev/sda1,/mnt/hdd1,rand_read_128k,randread,128k,1,5,1,1,time_limit,2714370048,2.5279541015625,60161,60.161,45118433,43.02829074859619,344.226326,20709,92942452.660969,53215232,308281344,509607936,767557632,60.476236688904464,1,raw/301__rand_read_128k__r5/attempt-1
cdd562023e52431ab5ddfd1a5366f72b,full,colva3,301,hdd,/dev/sda1,/mnt/hdd1,rand_read_4k,randread,4k,1,5,1,1,time_limit,112955392,0.10519790649414062,60095,60.095,1879613,1.7925386428833008,458.890091,27577,69723625.721833,41680896,229638144,379584512,591396864,60.42511385201942,1,raw/301__rand_read_4k__r5/attempt-1
cdd562023e52431ab5ddfd1a5366f72b,full,colva3,301,hdd,/dev/sda1,/mnt/hdd1,rand_write_4k,randwrite,4k,1,5,1,1,time_limit,105390080,0.09815216064453125,60071,60.071,1754425,1.6731500625610352,428.32648,25730,74699191.222969,72876032,84410368,95944704,792723456,60.42539393308107,1,raw/301__rand_write_4k__r5/attempt-1
cdd562023e52431ab5ddfd1a5366f72b,full,colva3,301,hdd,/dev/sda1,/mnt/hdd1,seq_read,read,1m,1,5,1,1,byte_limit,10737418240,10.0,54077,54.077,198557949,189.35961627960205,189.359617,10240,168946176.607227,158334976,187695104,1820327936,1870659584,54.42478402098641,1,raw/301__seq_read__r5/attempt-1
cdd562023e52431ab5ddfd1a5366f72b,full,colva3,302,hdd,/dev/sdb1,/mnt/hdd2,rand_read_128k,randread,128k,1,1,1,1,time_limit,2672033792,2.488525390625,60124,60.124,44442049,42.383240699768066,339.06593,20386,94358971.89223,53215232,325058560,526385152,851443712,60.475358987925574,1,raw/302__rand_read_128k__r1/attempt-1
cdd562023e52431ab5ddfd1a5366f72b,full,colva3,302,hdd,/dev/sdb1,/mnt/hdd2,rand_read_4k,randread,4k,1,1,1,1,time_limit,111616000,0.10395050048828125,60113,60.113,1856769,1.7707529067993164,453.312927,27250,70579642.942936,42205184,231735296,387973120,624951296,60.42511694598943,1,raw/302__rand_read_4k__r1/attempt-1
cdd562023e52431ab5ddfd1a5366f72b,full,colva3,302,hdd,/dev/sdb1,/mnt/hdd2,rand_write_4k,randwrite,4k,1,1,1,1,time_limit,105897984,0.09862518310546875,60071,60.071,1762880,1.68121337890625,430.390704,25854,74340799.855341,72876032,84410368,98041856,708837376,60.37413921498228,1,raw/302__rand_write_4k__r1/attempt-1
cdd562023e52431ab5ddfd1a5366f72b,full,colva3,302,hdd,/dev/sdb1,/mnt/hdd2,seq_read,read,1m,1,1,1,1,byte_limit,10737418240,10.0,55195,55.195,194536067,185.52405071258545,185.524051,10240,172392962.797363,162529280,166723584,633339904,1920991232,55.5243847760139,1,raw/302__seq_read__r1/attempt-1
cdd562023e52431ab5ddfd1a5366f72b,full,colva3,302,hdd,/dev/sdb1,/mnt/hdd2,seq_write,write,1m,1,1,1,1,byte_limit,10737418240,10.0,52646,52.646,203955062,194.50670433044434,194.506705,10240,164315420.125098,162529280,177209344,219152384,633339904,52.9749046509387,1,raw/302__seq_write__r1/attempt-1
cdd562023e52431ab5ddfd1a5366f72b,full,colva3,302,hdd,/dev/sdb1,/mnt/hdd2,rand_read_4k,randread,4k,1,2,1,1,time_limit,111022080,0.10339736938476562,60120,60.12,1846674,1.7611255645751953,450.848303,27105,70964513.573953,42205184,238026752,387973120,591396864,60.42564824502915,1,raw/302__rand_read_4k__r2/attempt-1
cdd562023e52431ab5ddfd1a5366f72b,full,colva3,302,hdd,/dev/sdb1,/mnt/hdd2,rand_write_4k,randwrite,4k,1,2,1,1,time_limit,107188224,0.09982681274414062,60067,60.067,1784477,1.7018098831176758,435.663509,26169,73442801.003707,72876032,83361792,89653248,641728512,60.375813742983155,1,raw/302__rand_write_4k__r2/attempt-1
cdd562023e52431ab5ddfd1a5366f72b,full,colva3,302,hdd,/dev/sdb1,/mnt/hdd2,seq_read,read,1m,1,2,1,1,byte_limit,10737418240,10.0,52804,52.804,203344789,193.92470264434814,193.924703,10240,164929196.284765,162529280,164626432,225443840,1904214016,53.12301603495143,1,raw/302__seq_read__r2/attempt-1
cdd562023e52431ab5ddfd1a5366f72b,full,colva3,302,hdd,/dev/sdb1,/mnt/hdd2,seq_write,write,1m,1,2,1,1,byte_limit,10737418240,10.0,52230,52.23,205579518,196.05590629577637,196.055907,10240,162997882.112695,162529280,175112192,225443840,624951296,52.574251601006836,1,raw/302__seq_write__r2/attempt-1
cdd562023e52431ab5ddfd1a5366f72b,full,colva3,302,hdd,/dev/sdb1,/mnt/hdd2,rand_read_128k,randread,128k,1,2,1,1,time_limit,2706374656,2.5205078125,60146,60.146,44996752,42.91224670410156,343.297975,20648,93194381.546107,52166656,320864256,526385152,851443712,60.477021922008134,1,raw/302__rand_read_128k__r2/attempt-1
cdd562023e52431ab5ddfd1a5366f72b,full,colva3,302,hdd,/dev/sdb1,/mnt/hdd2,rand_write_4k,randwrite,4k,1,3,1,1,time_limit,105455616,0.09821319580078125,60082,60.082,1755194,1.6738834381103516,428.514364,25746,74664837.220189,72876032,83361792,128450560,767557632,60.426747575053014,1,raw/302__rand_write_4k__r3/attempt-1
cdd562023e52431ab5ddfd1a5366f72b,full,colva3,302,hdd,/dev/sdb1,/mnt/hdd2,seq_read,read,1m,1,3,1,1,byte_limit,10737418240,10.0,54749,54.749,196120810,187.03537940979004,187.03538,10240,171013928.256738,162529280,170917888,367001600,1971322880,55.07420418795664,1,raw/302__seq_read__r3/attempt-1
cdd562023e52431ab5ddfd1a5366f72b,full,colva3,302,hdd,/dev/sdb1,/mnt/hdd2,seq_write,write,1m,1,3,1,1,byte_limit,10737418240,10.0,52017,52.017,206421328,196.8587188720703,196.858719,10240,162491258.705566,164626432,164626432,166723584,624951296,52.374345330987126,1,raw/302__seq_write__r3/attempt-1
cdd562023e52431ab5ddfd1a5366f72b,full,colva3,302,hdd,/dev/sdb1,/mnt/hdd2,rand_read_128k,randread,128k,1,3,1,1,time_limit,2706374656,2.5205078125,60146,60.146,44996752,42.91224670410156,343.297975,20648,93194953.300659,51642368,320864256,517996544,801112064,60.475808801013045,1,raw/302__rand_read_128k__r3/attempt-1
cdd562023e52431ab5ddfd1a5366f72b,full,colva3,302,hdd,/dev/sdb1,/mnt/hdd2,rand_read_4k,randread,4k,1,3,1,1,time_limit,112562176,0.10483169555664062,60090,60.09,1873226,1.786447525024414,457.330671,27481,69960776.023215,41156608,229638144,383778816,608174080,60.42526337201707,1,raw/302__rand_read_4k__r3/attempt-1
cdd562023e52431ab5ddfd1a5366f72b,full,colva3,302,hdd,/dev/sdb1,/mnt/hdd2,seq_read,read,1m,1,4,1,1,byte_limit,10737418240,10.0,52659,52.659,203904712,194.45868682861328,194.458687,10240,164513498.66875,164626432,164626432,212860928,1937768448,53.0110303160036,1,raw/302__seq_read__r4/attempt-1
cdd562023e52431ab5ddfd1a5366f72b,full,colva3,302,hdd,/dev/sdb1,/mnt/hdd2,seq_write,write,1m,1,4,1,1,byte_limit,10737418240,10.0,52209,52.209,205662208,196.134765625,196.134766,10240,162935052.115332,160432128,185597952,223346688,624951296,52.57539936702233,1,raw/302__seq_write__r4/attempt-1
cdd562023e52431ab5ddfd1a5366f72b,full,colva3,302,hdd,/dev/sdb1,/mnt/hdd2,rand_read_128k,randread,128k,1,4,1,1,time_limit,2699689984,2.5142822265625,60116,60.116,44908010,42.82761573791504,342.620933,20597,93378527.980677,52166656,329252864,530579456,792723456,60.42490434704814,1,raw/302__rand_read_128k__r4/attempt-1
cdd562023e52431ab5ddfd1a5366f72b,full,colva3,302,hdd,/dev/sdb1,/mnt/hdd2,rand_read_4k,randread,4k,1,4,1,1,time_limit,112173056,0.10446929931640625,60108,60.108,1866191,1.779738426208496,455.61323,27386,70224779.906119,41156608,235929600,387973120,641728512,60.42551230697427,1,raw/302__rand_read_4k__r4/attempt-1
cdd562023e52431ab5ddfd1a5366f72b,full,colva3,302,hdd,/dev/sdb1,/mnt/hdd2,rand_write_4k,randwrite,4k,1,4,1,1,time_limit,106176512,0.09888458251953125,60073,60.073,1767458,1.6855792999267578,431.508332,25922,74148076.422691,72876032,82313216,116916224,700448768,60.42394606396556,1,raw/302__rand_write_4k__r4/attempt-1
cdd562023e52431ab5ddfd1a5366f72b,full,colva3,302,hdd,/dev/sdb1,/mnt/hdd2,seq_write,write,1m,1,5,1,1,byte_limit,10737418240,10.0,52260,52.26,205461504,195.943359375,195.94336,10240,163150501.491895,162529280,177209344,217055232,700448768,52.573471957002766,1,raw/302__seq_write__r5/attempt-1
cdd562023e52431ab5ddfd1a5366f72b,full,colva3,302,hdd,/dev/sdb1,/mnt/hdd2,rand_read_128k,randread,128k,1,5,1,1,time_limit,2696675328,2.511474609375,60164,60.164,44822075,42.74566173553467,341.965295,20574,93556641.712696,52690944,320864256,526385152,801112064,60.47511680691969,1,raw/302__rand_read_128k__r5/attempt-1
cdd562023e52431ab5ddfd1a5366f72b,full,colva3,302,hdd,/dev/sdb1,/mnt/hdd2,rand_read_4k,randread,4k,1,5,1,1,time_limit,112803840,0.1050567626953125,60115,60.115,1876467,1.7895383834838867,458.121933,27540,69839978.416485,41680896,231735296,392167424,616562688,60.42492817202583,1,raw/302__rand_read_4k__r5/attempt-1
cdd562023e52431ab5ddfd1a5366f72b,full,colva3,302,hdd,/dev/sdb1,/mnt/hdd2,rand_write_4k,randwrite,4k,1,5,1,1,time_limit,106004480,0.098724365234375,60068,60.068,1764741,1.682988166809082,430.845042,25880,74262582.405564,72876032,83361792,94896128,725614592,60.37524459103588,1,raw/302__rand_write_4k__r5/attempt-1
cdd562023e52431ab5ddfd1a5366f72b,full,colva3,302,hdd,/dev/sdb1,/mnt/hdd2,seq_read,read,1m,1,5,1,1,byte_limit,10737418240,10.0,52830,52.83,203244713,193.82926273345947,193.829264,10240,164999541.334961,164626432,164626432,214958080,1266679808,53.175304215052165,1,raw/302__seq_read__r5/attempt-1
cdd562023e52431ab5ddfd1a5366f72b,full,colva3,307,nvme,/dev/nvme3n1p1,/mnt/nvme3,rand_read_128k,randread,128k,1,1,1,1,byte_limit,10737418240,10.0,1896,1.896,5663195274,5400.843881607056,43206.751055,81920,736910.900452,452608,2408448,3325952,4046848,2.214633373077959,1,raw/307__rand_read_128k__r1/attempt-1
cdd562023e52431ab5ddfd1a5366f72b,full,colva3,307,nvme,/dev/nvme3n1p1,/mnt/nvme3,rand_read_4k,randread,4k,1,1,1,1,byte_limit,10737418240,10.0,4809,4.809,2232775678,2129.3408184051514,545111.24974,2621440,57145.052125,52992,82432,103936,136192,5.164802470011637,1,raw/307__rand_read_4k__r1/attempt-1
cdd562023e52431ab5ddfd1a5366f72b,full,colva3,307,nvme,/dev/nvme3n1p1,/mnt/nvme3,rand_write_4k,randwrite,4k,1,1,1,1,byte_limit,10737418240,10.0,7450,7.45,1441264193,1374.4966440200806,351871.14094,2621440,88465.301711,86528,97792,112128,158720,7.766036274959333,1,raw/307__rand_write_4k__r1/attempt-1
cdd562023e52431ab5ddfd1a5366f72b,full,colva3,307,nvme,/dev/nvme3n1p1,/mnt/nvme3,seq_read,read,1m,1,1,1,1,byte_limit,10737418240,10.0,4626,4.626,2321102083,2213.575442314148,2213.575443,10240,14429015.658397999,14352384,14483456,14614528,23461888,4.9660588160622865,1,raw/307__seq_read__r1/attempt-1
cdd562023e52431ab5ddfd1a5366f72b,full,colva3,307,nvme,/dev/nvme3n1p1,/mnt/nvme3,seq_write,write,1m,1,1,1,1,byte_limit,10737418240,10.0,2194,2.194,4893991905,4667.274384498596,4667.274385,10240,6815204.902832,6651904,6979584,10944512,12910592,2.5149909320753068,1,raw/307__seq_write__r1/attempt-1
cdd562023e52431ab5ddfd1a5366f72b,full,colva3,307,nvme,/dev/nvme3n1p1,/mnt/nvme3,rand_read_4k,randread,4k,1,2,1,1,byte_limit,10737418240,10.0,4770,4.77,2251031077,2146.7505235671997,549568.134172,2621440,56681.830825,52480,82432,104960,138240,5.114729756023735,1,raw/307__rand_read_4k__r2/attempt-1
cdd562023e52431ab5ddfd1a5366f72b,full,colva3,307,nvme,/dev/nvme3n1p1,/mnt/nvme3,rand_write_4k,randwrite,4k,1,2,1,1,byte_limit,10737418240,10.0,7494,7.494,1432802006,1366.4264736175537,349805.177475,2621440,89004.402228,87552,98816,113152,154624,7.816283324034885,1,raw/307__rand_write_4k__r2/attempt-1
cdd562023e52431ab5ddfd1a5366f72b,full,colva3,307,nvme,/dev/nvme3n1p1,/mnt/nvme3,seq_read,read,1m,1,2,1,1,byte_limit,10737418240,10.0,4627,4.627,2320600440,2213.097038269043,2213.097039,10240,14432802.286328,14352384,14614528,14745600,23461888,4.965971742989495,1,raw/307__seq_read__r2/attempt-1
cdd562023e52431ab5ddfd1a5366f72b,full,colva3,307,nvme,/dev/nvme3n1p1,/mnt/nvme3,seq_write,write,1m,1,2,1,1,byte_limit,10737418240,10.0,2203,2.203,4873998293,4648.206990242004,4648.20699,10240,6844327.76875,6651904,6848512,11468800,19267584,2.5148265110328794,1,raw/307__seq_write__r2/attempt-1
cdd562023e52431ab5ddfd1a5366f72b,full,colva3,307,nvme,/dev/nvme3n1p1,/mnt/nvme3,rand_read_128k,randread,128k,1,2,1,1,byte_limit,10737418240,10.0,1894,1.894,5669175417,5406.546990394592,43252.375924,81920,736410.016711,448512,2441216,3358720,4177920,2.2143143779831007,1,raw/307__rand_read_128k__r2/attempt-1
cdd562023e52431ab5ddfd1a5366f72b,full,colva3,307,nvme,/dev/nvme3n1p1,/mnt/nvme3,rand_write_4k,randwrite,4k,1,3,1,1,byte_limit,10737418240,10.0,7476,7.476,1436251771,1369.716425895691,350647.405029,2621440,88792.584341,87552,98816,113152,168960,7.815958707011305,1,raw/307__rand_write_4k__r3/attempt-1
cdd562023e52431ab5ddfd1a5366f72b,full,colva3,307,nvme,/dev/nvme3n1p1,/mnt/nvme3,seq_read,read,1m,1,3,1,1,byte_limit,10737418240,10.0,4629,4.629,2319597805,2212.140851020813,2212.140851,10240,14436428.968261998,14352384,14614528,14745600,23461888,4.966020595980808,1,raw/307__seq_read__r3/attempt-1
cdd562023e52431ab5ddfd1a5366f72b,full,colva3,307,nvme,/dev/nvme3n1p1,/mnt/nvme3,seq_write,write,1m,1,3,1,1,byte_limit,10737418240,10.0,2219,2.219,4838854547,4614.6913022994995,4614.691302,10240,6892622.864453,6651904,8028160,11993088,14614528,2.5647260589757934,1,raw/307__seq_write__r3/attempt-1
cdd562023e52431ab5ddfd1a5366f72b,full,colva3,307,nvme,/dev/nvme3n1p1,/mnt/nvme3,rand_read_128k,randread,128k,1,3,1,1,byte_limit,10737418240,10.0,1891,1.891,5678169349,5415.124272346497,43320.994183,81920,735173.150928,444416,2441216,3358720,4227072,2.2142907349625602,1,raw/307__rand_read_128k__r3/attempt-1
cdd562023e52431ab5ddfd1a5366f72b,full,colva3,307,nvme,/dev/nvme3n1p1,/mnt/nvme3,rand_read_4k,randread,4k,1,3,1,1,byte_limit,10737418240,10.0,4804,4.804,2235099550,2131.557035446167,545678.601166,2621440,57091.703754,52992,82432,104960,136192,5.1647020180244,1,raw/307__rand_read_4k__r3/attempt-1
cdd562023e52431ab5ddfd1a5366f72b,full,colva3,307,nvme,/dev/nvme3n1p1,/mnt/nvme3,seq_read,read,1m,1,4,1,1,byte_limit,10737418240,10.0,1633,1.633,6575271426,6270.667482376099,6270.667483,10240,5077566.498438,5079040,5406720,6127616,9895936,1.9650236199377105,1,raw/307__seq_read__r4/attempt-1
cdd562023e52431ab5ddfd1a5366f72b,full,colva3,307,nvme,/dev/nvme3n1p1,/mnt/nvme3,seq_write,write,1m,1,4,1,1,byte_limit,10737418240,10.0,2192,2.192,4898457226,4671.532846450806,4671.532847,10240,6811645.642773,6651904,6782976,12255232,13434880,2.5146468819584697,1,raw/307__seq_write__r4/attempt-1
cdd562023e52431ab5ddfd1a5366f72b,full,colva3,307,nvme,/dev/nvme3n1p1,/mnt/nvme3,rand_read_128k,randread,128k,1,4,1,1,byte_limit,10737418240,10.0,1888,1.888,5687191864,5423.728813171387,43389.830508,81920,733984.709644,444416,2473984,3358720,4177920,2.2145787979243323,1,raw/307__rand_read_128k__r4/attempt-1
cdd562023e52431ab5ddfd1a5366f72b,full,colva3,307,nvme,/dev/nvme3n1p1,/mnt/nvme3,rand_read_4k,randread,4k,1,4,1,1,byte_limit,10737418240,10.0,4783,4.783,2244912866,2140.9157428741455,548074.430274,2621440,56834.86682899999,52992,82432,103936,136192,5.114973359042779,1,raw/307__rand_read_4k__r4/attempt-1
cdd562023e52431ab5ddfd1a5366f72b,full,colva3,307,nvme,/dev/nvme3n1p1,/mnt/nvme3,rand_write_4k,randwrite,4k,1,4,1,1,byte_limit,10737418240,10.0,7501,7.501,1431464903,1365.151312828064,349478.736169,2621440,89082.0582,87552,97792,113152,166912,7.816044472972862,1,raw/307__rand_write_4k__r4/attempt-1
cdd562023e52431ab5ddfd1a5366f72b,full,colva3,307,nvme,/dev/nvme3n1p1,/mnt/nvme3,seq_write,write,1m,1,5,1,1,byte_limit,10737418240,10.0,2198,2.198,4885085641,4658.780709266663,4658.78071,10240,6828686.304199,6651904,6782976,11075584,12648448,2.5147460639709607,1,raw/307__seq_write__r5/attempt-1
cdd562023e52431ab5ddfd1a5366f72b,full,colva3,307,nvme,/dev/nvme3n1p1,/mnt/nvme3,rand_read_128k,randread,128k,1,5,1,1,byte_limit,10737418240,10.0,1897,1.897,5660209931,5397.9968366622925,43183.974697,81920,737582.677136,432128,2473984,3391488,4145152,2.214526053983718,1,raw/307__rand_read_128k__r5/attempt-1
cdd562023e52431ab5ddfd1a5366f72b,full,colva3,307,nvme,/dev/nvme3n1p1,/mnt/nvme3,rand_read_4k,randread,4k,1,5,1,1,byte_limit,10737418240,10.0,4787,4.787,2243037025,2139.1268014907837,547616.461249,2621440,56885.16984,52992,82432,103936,136192,5.115271557006054,1,raw/307__rand_read_4k__r5/attempt-1
cdd562023e52431ab5ddfd1a5366f72b,full,colva3,307,nvme,/dev/nvme3n1p1,/mnt/nvme3,rand_write_4k,randwrite,4k,1,5,1,1,byte_limit,10737418240,10.0,7464,7.464,1438560857,1371.9185419082642,351211.146838,2621440,88632.322406,86528,97792,113152,168960,7.765913392067887,1,raw/307__rand_write_4k__r5/attempt-1
cdd562023e52431ab5ddfd1a5366f72b,full,colva3,307,nvme,/dev/nvme3n1p1,/mnt/nvme3,seq_read,read,1m,1,5,1,1,byte_limit,10737418240,10.0,4627,4.627,2320600440,2213.097038269043,2213.097039,10240,14432171.508984,14352384,14614528,14614528,23461888,4.965982664958574,1,raw/307__seq_read__r5/attempt-1
579d447a01424e71a2b290f90d08a571,full,colva4,404,nvme,/dev/nvme0n1p1,/mnt/nvme0,rand_read_128k,randread,128k,1,1,1,1,byte_limit,10737418240,10.0,1897,1.897,5660209931,5397.9968366622925,43183.974697,81920,731902.023828,440320,2441216,3391488,4227072,2.2161438446491957,1,raw/404__rand_read_128k__r1/attempt-1
579d447a01424e71a2b290f90d08a571,full,colva4,404,nvme,/dev/nvme0n1p1,/mnt/nvme0,rand_read_4k,randread,4k,1,1,1,1,byte_limit,10737418240,10.0,6361,6.361,1688007898,1609.809778213501,412111.303254,2621440,75595.369074,73216,95744,114176,142336,6.6682280311360955,1,raw/404__rand_read_4k__r1/attempt-1
579d447a01424e71a2b290f90d08a571,full,colva4,404,nvme,/dev/nvme0n1p1,/mnt/nvme0,rand_write_4k,randwrite,4k,1,1,1,1,byte_limit,10737418240,10.0,8659,8.659,1240029823,1182.5845937728882,302741.65608,2621440,102904.15475,105984,114176,130560,205824,8.969822860322893,1,raw/404__rand_write_4k__r1/attempt-1
579d447a01424e71a2b290f90d08a571,full,colva4,404,nvme,/dev/nvme0n1p1,/mnt/nvme0,seq_read,read,1m,1,1,1,1,byte_limit,10737418240,10.0,4623,4.623,2322608314,2215.011896133423,2215.011897,10240,14253093.745313,14221312,14352384,14483456,23461888,4.919537040404975,1,raw/404__seq_read__r1/attempt-1
579d447a01424e71a2b290f90d08a571,full,colva4,404,nvme,/dev/nvme0n1p1,/mnt/nvme0,seq_write,write,1m,1,1,1,1,byte_limit,10737418240,10.0,2189,2.189,4905170507,4677.935130119324,4677.93513,10240,6753318.837793,6586368,6651904,10813440,11993088,2.515739481896162,1,raw/404__seq_write__r1/attempt-1
579d447a01424e71a2b290f90d08a571,full,colva4,404,nvme,/dev/nvme0n1p1,/mnt/nvme0,rand_read_4k,randread,4k,1,2,1,1,byte_limit,10737418240,10.0,6346,6.346,1691997831,1613.6148748397827,413085.408131,2621440,75432.130326,73216,94720,112128,140288,6.666131190955639,1,raw/404__rand_read_4k__r2/attempt-1
579d447a01424e71a2b290f90d08a571,full,colva4,404,nvme,/dev/nvme0n1p1,/mnt/nvme0,rand_write_4k,randwrite,4k,1,2,1,1,byte_limit,10737418240,10.0,8693,8.693,1235179827,1177.9592771530151,301557.57506,2621440,103295.682853,105984,114176,129536,209920,8.969445864669979,1,raw/404__rand_write_4k__r2/attempt-1
579d447a01424e71a2b290f90d08a571,full,colva4,404,nvme,/dev/nvme0n1p1,/mnt/nvme0,seq_read,read,1m,1,2,1,1,byte_limit,10737418240,10.0,4633,4.633,2317595130,2210.230951309204,2210.230952,10240,14280197.410059,14221312,14483456,14483456,23199744,4.917026082985103,1,raw/404__seq_read__r2/attempt-1
579d447a01424e71a2b290f90d08a571,full,colva4,404,nvme,/dev/nvme0n1p1,/mnt/nvme0,seq_write,write,1m,1,2,1,1,byte_limit,10737418240,10.0,2188,2.188,4907412358,4680.073125839233,4680.073126,10240,6750300.655762,6586368,6651904,10813440,11993088,2.5157951451838017,1,raw/404__seq_write__r2/attempt-1
579d447a01424e71a2b290f90d08a571,full,colva4,404,nvme,/dev/nvme0n1p1,/mnt/nvme0,rand_read_128k,randread,128k,1,2,1,1,byte_limit,10737418240,10.0,1907,1.907,5630528704,5369.690612792969,42957.524908,81920,736081.921753,452608,2375680,3325952,4145152,2.2161663295701146,1,raw/404__rand_read_128k__r2/attempt-1
579d447a01424e71a2b290f90d08a571,full,colva4,404,nvme,/dev/nvme0n1p1,/mnt/nvme0,rand_write_4k,randwrite,4k,1,3,1,1,byte_limit,10737418240,10.0,8684,8.684,1236459953,1179.180100440979,301870.105942,2621440,103200.470259,105984,114176,126464,203776,8.969483357854187,1,raw/404__rand_write_4k__r3/attempt-1
579d447a01424e71a2b290f90d08a571,full,colva4,404,nvme,/dev/nvme0n1p1,/mnt/nvme0,seq_read,read,1m,1,3,1,1,byte_limit,10737418240,10.0,4629,4.629,2319597805,2212.140851020813,2212.140851,10240,14275258.920605,14221312,14352384,14483456,23199744,4.91999502107501,1,raw/404__seq_read__r3/attempt-1
579d447a01424e71a2b290f90d08a571,full,colva4,404,nvme,/dev/nvme0n1p1,/mnt/nvme0,seq_write,write,1m,1,3,1,1,byte_limit,10737418240,10.0,2196,2.196,4889534717,4663.023678779602,4663.023679,10240,6775814.670996,6586368,6717440,11075584,15663104,2.5169654116034508,1,raw/404__seq_write__r3/attempt-1
579d447a01424e71a2b290f90d08a571,full,colva4,404,nvme,/dev/nvme0n1p1,/mnt/nvme0,rand_read_128k,randread,128k,1,3,1,1,byte_limit,10737418240,10.0,1904,1.904,5639400336,5378.151260375977,43025.210084,81920,734811.02168,448512,2408448,3293184,4046848,2.21588097512722,1,raw/404__rand_read_128k__r3/attempt-1
579d447a01424e71a2b290f90d08a571,full,colva4,404,nvme,/dev/nvme0n1p1,/mnt/nvme0,rand_read_4k,randread,4k,1,3,1,1,byte_limit,10737418240,10.0,6342,6.342,1693065001,1614.632607460022,413345.947651,2621440,75379.434476,72192,95744,115200,142336,6.618037276901305,1,raw/404__rand_read_4k__r3/attempt-1
579d447a01424e71a2b290f90d08a571,full,colva4,404,nvme,/dev/nvme0n1p1,/mnt/nvme0,seq_read,read,1m,1,4,1,1,byte_limit,10737418240,10.0,1567,1.567,6852213299,6534.77983379364,6534.779834,10240,4811814.008887,4816896,4947968,5144576,8028160,1.867180640809238,1,raw/404__seq_read__r4/attempt-1
579d447a01424e71a2b290f90d08a571,full,colva4,404,nvme,/dev/nvme0n1p1,/mnt/nvme0,seq_write,write,1m,1,4,1,1,byte_limit,10737418240,10.0,2098,2.098,5117930524,4880.838893890381,4880.838894,10240,6472581.836035,6258688,6389760,12910592,15925248,2.416609166190028,1,raw/404__seq_write__r4/attempt-1
579d447a01424e71a2b290f90d08a571,full,colva4,404,nvme,/dev/nvme0n1p1,/mnt/nvme0,rand_read_128k,randread,128k,1,4,1,1,byte_limit,10737418240,10.0,1917,1.917,5601157141,5341.679707527161,42733.437663,81920,739257.845471,436224,2473984,3391488,4227072,2.2162507101893425,1,raw/404__rand_read_128k__r4/attempt-1
579d447a01424e71a2b290f90d08a571,full,colva4,404,nvme,/dev/nvme0n1p1,/mnt/nvme0,rand_read_4k,randread,4k,1,4,1,1,byte_limit,10737418240,10.0,6369,6.369,1685887618,1607.7877216339111,411593.656775,2621440,75700.848448,73216,95744,113152,140288,6.668101145885885,1,raw/404__rand_read_4k__r4/attempt-1
579d447a01424e71a2b290f90d08a571,full,colva4,404,nvme,/dev/nvme0n1p1,/mnt/nvme0,rand_write_4k,randwrite,4k,1,4,1,1,byte_limit,10737418240,10.0,8667,8.667,1238885224,1181.493019104004,302462.212992,2621440,102997.748127,105984,114176,126464,207872,8.96960785984993,1,raw/404__rand_write_4k__r4/attempt-1
579d447a01424e71a2b290f90d08a571,full,colva4,404,nvme,/dev/nvme0n1p1,/mnt/nvme0,seq_write,write,1m,1,5,1,1,byte_limit,10737418240,10.0,2189,2.189,4905170507,4677.935130119324,4677.93513,10240,6753911.7148440005,6586368,6651904,10944512,11993088,2.516856448724866,1,raw/404__seq_write__r5/attempt-1
579d447a01424e71a2b290f90d08a571,full,colva4,404,nvme,/dev/nvme0n1p1,/mnt/nvme0,rand_read_128k,randread,128k,1,5,1,1,byte_limit,10737418240,10.0,1914,1.914,5609936384,5350.05224609375,42800.417973,81920,737748.905811,407552,2572288,3424256,4177920,2.2161263525485992,1,raw/404__rand_read_128k__r5/attempt-1
579d447a01424e71a2b290f90d08a571,full,colva4,404,nvme,/dev/nvme0n1p1,/mnt/nvme0,rand_read_4k,randread,4k,1,5,1,1,byte_limit,10737418240,10.0,6340,6.34,1693599091,1615.1419553756714,413476.340694,2621440,75354.467945,73216,94720,112128,140288,6.618012708611786,1,raw/404__rand_read_4k__r5/attempt-1
579d447a01424e71a2b290f90d08a571,full,colva4,404,nvme,/dev/nvme0n1p1,/mnt/nvme0,rand_write_4k,randwrite,4k,1,5,1,1,byte_limit,10737418240,10.0,8703,8.703,1233760569,1176.605767250061,301211.07664,2621440,103424.104135,107008,115200,127488,209920,9.003450749441981,1,raw/404__rand_write_4k__r5/attempt-1
579d447a01424e71a2b290f90d08a571,full,colva4,404,nvme,/dev/nvme0n1p1,/mnt/nvme0,seq_read,read,1m,1,5,1,1,byte_limit,10737418240,10.0,4628,4.628,2320099014,2212.6188411712646,2212.618842,10240,14270749.918652002,14221312,14352384,14483456,23199744,4.919899703934789,1,raw/404__seq_read__r5/attempt-1
579d447a01424e71a2b290f90d08a571,full,colva4,403,hdd,/dev/sdd1,/mnt/hdd4,rand_read_128k,randread,128k,1,1,1,1,time_limit,2442788864,2.2750244140625,60164,60.164,40602168,38.72124481201172,309.769962,18637,103187538.532597,57409536,358612992,591396864,968884224,60.444722772575915,1,raw/403__rand_read_128k__r1/attempt-1
579d447a01424e71a2b290f90d08a571,full,colva4,403,hdd,/dev/sdd1,/mnt/hdd4,rand_read_4k,randread,4k,1,1,1,1,time_limit,107655168,0.10026168823242188,60118,60.118,1790731,1.7077741622924805,437.190193,26283,73132694.75429,43253760,242221056,404750336,666894336,60.395503603853285,1,raw/403__rand_read_4k__r1/attempt-1
579d447a01424e71a2b290f90d08a571,full,colva4,403,hdd,/dev/sdd1,/mnt/hdd4,rand_write_4k,randwrite,4k,1,1,1,1,time_limit,111955968,0.10426712036132812,60083,60.083,1863355,1.777033805847168,454.920693,27333,70264615.440603,68681728,81264640,109576192,742391808,60.395918080583215,1,raw/403__rand_write_4k__r1/attempt-1
579d447a01424e71a2b290f90d08a571,full,colva4,403,hdd,/dev/sdd1,/mnt/hdd4,seq_read,read,1m,1,1,1,1,time_limit,9025093632,8.4052734375,60222,60.222,149863731,142.92119121551514,142.921192,8607,223712544.029627,221249536,227540992,624951296,1317011456,60.546028218232095,1,raw/403__seq_read__r1/attempt-1
579d447a01424e71a2b290f90d08a571,full,colva4,403,hdd,/dev/sdd1,/mnt/hdd4,seq_write,write,1m,1,1,1,1,time_limit,9136242688,8.5087890625,60225,60.225,151701829,144.67413806915283,144.674139,8713,220978590.834386,221249536,233832448,312475648,843055104,60.54695157613605,1,raw/403__seq_write__r1/attempt-1
579d447a01424e71a2b290f90d08a571,full,colva4,403,hdd,/dev/sdd1,/mnt/hdd4,rand_read_4k,randread,4k,1,2,1,1,time_limit,106663936,0.09933853149414062,60136,60.136,1773711,1.691542625427246,433.03512,26041,73836385.607119,43253760,244318208,404750336,658505728,60.44402793049812,1,raw/403__rand_read_4k__r2/attempt-1
579d447a01424e71a2b290f90d08a571,full,colva4,403,hdd,/dev/sdd1,/mnt/hdd4,rand_write_4k,randwrite,4k,1,2,1,1,time_limit,112041984,0.10434722900390625,60072,60.072,1865128,1.7787246704101562,455.353576,27354,70197809.469328,68681728,81264640,98041856,700448768,60.38337290100753,1,raw/403__rand_write_4k__r2/attempt-1
579d447a01424e71a2b290f90d08a571,full,colva4,403,hdd,/dev/sdd1,/mnt/hdd4,seq_read,read,1m,1,2,1,1,time_limit,9024045056,8.404296875,60221,60.221,149848807,142.9069585800171,142.906959,8606,223735059.538927,221249536,225443840,509607936,1249902592,60.545548661611974,1,raw/403__seq_read__r2/attempt-1
579d447a01424e71a2b290f90d08a571,full,colva4,403,hdd,/dev/sdd1,/mnt/hdd4,seq_write,write,1m,1,2,1,1,time_limit,9144631296,8.5166015625,60217,60.217,151861289,144.82621097564697,144.826212,8721,220744433.649696,221249536,233832448,346030080,868220928,60.54810664616525,1,raw/403__seq_write__r2/attempt-1
579d447a01424e71a2b290f90d08a571,full,colva4,403,hdd,/dev/sdd1,/mnt/hdd4,rand_read_128k,randread,128k,1,2,1,1,time_limit,2457075712,2.288330078125,60145,60.145,40852534,38.960012435913086,311.680106,18746,102560624.631815,57409536,354418688,566231040,893386752,60.445705646649,1,raw/403__rand_read_128k__r2/attempt-1
579d447a01424e71a2b290f90d08a571,full,colva4,403,hdd,/dev/sdd1,/mnt/hdd4,rand_write_4k,randwrite,4k,1,3,1,1,time_limit,111341568,0.10369491577148438,60099,60.099,1852635,1.766810417175293,452.303699,27183,70676264.069935,68681728,81264640,126353408,717225984,60.391901419498026,1,raw/403__rand_write_4k__r3/attempt-1
579d447a01424e71a2b290f90d08a571,full,colva4,403,hdd,/dev/sdd1,/mnt/hdd4,seq_read,read,1m,1,3,1,1,time_limit,9077522432,8.4541015625,60228,60.228,150719307,143.73713207244873,143.737132,8657,222450365.802818,221249536,227540992,287309824,692060160,60.54670237749815,1,raw/403__seq_read__r3/attempt-1
579d447a01424e71a2b290f90d08a571,full,colva4,403,hdd,/dev/sdd1,/mnt/hdd4,seq_write,write,1m,1,3,1,1,time_limit,9141485568,8.513671875,60215,60.215,151814092,144.78120040893555,144.781201,8718,220717402.139481,221249536,233832448,299892736,834666496,60.54911222588271,1,raw/403__seq_write__r3/attempt-1
579d447a01424e71a2b290f90d08a571,full,colva4,403,hdd,/dev/sdd1,/mnt/hdd4,rand_read_128k,randread,128k,1,3,1,1,time_limit,2468872192,2.29931640625,60158,60.158,41039798,39.138601303100586,313.108813,18836,102090644.149288,56885248,354418688,574619648,960495616,60.44548163283616,1,raw/403__rand_read_128k__r3/attempt-1
579d447a01424e71a2b290f90d08a571,full,colva4,403,hdd,/dev/sdd1,/mnt/hdd4,rand_read_4k,randread,4k,1,3,1,1,time_limit,108445696,0.1009979248046875,60136,60.136,1803340,1.7197990417480469,440.268724,26476,72622078.636727,42205184,242221056,400556032,666894336,60.44611181784421,1,raw/403__rand_read_4k__r3/attempt-1
579d447a01424e71a2b290f90d08a571,full,colva4,403,hdd,/dev/sdd1,/mnt/hdd4,seq_read,read,1m,1,4,1,1,time_limit,9126805504,8.5,60219,60.219,151560230,144.53909873962402,144.539099,8704,221209023.624196,221249536,225443840,250609664,375390208,60.54651940334588,1,raw/403__seq_read__r4/attempt-1
579d447a01424e71a2b290f90d08a571,full,colva4,403,hdd,/dev/sdd1,/mnt/hdd4,seq_write,write,1m,1,4,1,1,time_limit,9159311360,8.5302734375,60217,60.217,152105075,145.0587034225464,145.058704,8735,220395668.035833,221249536,231735296,337641472,834666496,60.547356956638396,1,raw/403__seq_write__r4/attempt-1
579d447a01424e71a2b290f90d08a571,full,colva4,403,hdd,/dev/sdd1,/mnt/hdd4,rand_read_128k,randread,128k,1,4,1,1,time_limit,2446327808,2.2783203125,60179,60.179,40650855,38.76767635345459,310.141411,18664,103067973.913844,56360960,358612992,574619648,901775360,60.49543930217624,1,raw/403__rand_read_128k__r4/attempt-1
579d447a01424e71a2b290f90d08a571,full,colva4,403,hdd,/dev/sdd1,/mnt/hdd4,rand_read_4k,randread,4k,1,4,1,1,time_limit,108720128,0.10125350952148438,60109,60.109,1808716,1.7249259948730469,441.581128,26543,72400600.244698,42729472,240123904,400556032,624951296,60.392508757300675,1,raw/403__rand_read_4k__r4/attempt-1
579d447a01424e71a2b290f90d08a571,full,colva4,403,hdd,/dev/sdd1,/mnt/hdd4,rand_write_4k,randwrite,4k,1,4,1,1,time_limit,112660480,0.10492324829101562,60065,60.065,1875642,1.7887516021728516,457.920586,27505,69809171.677113,68681728,80216064,93847552,675282944,60.34294114727527,1,raw/403__rand_write_4k__r4/attempt-1
579d447a01424e71a2b290f90d08a571,full,colva4,403,hdd,/dev/sdd1,/mnt/hdd4,seq_write,write,1m,1,5,1,1,time_limit,9074376704,8.451171875,60217,60.217,150694599,143.71356868743896,143.713569,8654,222360158.983476,221249536,233832448,287309824,1216348160,60.548065669834614,1,raw/403__seq_write__r5/attempt-1
579d447a01424e71a2b290f90d08a571,full,colva4,403,hdd,/dev/sdd1,/mnt/hdd4,rand_read_128k,randread,128k,1,5,1,1,time_limit,2446196736,2.2781982421875,60162,60.162,40660163,38.7765531539917,310.212426,18663,103041865.831002,55836672,367001600,583008256,893386752,60.49527104198933,1,raw/403__rand_read_128k__r5/attempt-1
579d447a01424e71a2b290f90d08a571,full,colva4,403,hdd,/dev/sdd1,/mnt/hdd4,rand_read_4k,randread,4k,1,5,1,1,time_limit,108507136,0.10105514526367188,60144,60.144,1804122,1.7205448150634766,440.459564,26491,72585421.584426,43253760,240123904,387973120,616562688,60.44528856128454,1,raw/403__rand_read_4k__r5/attempt-1
579d447a01424e71a2b290f90d08a571,full,colva4,403,hdd,/dev/sdd1,/mnt/hdd4,rand_write_4k,randwrite,4k,1,5,1,1,time_limit,113270784,0.10549163818359375,60068,60.068,1885709,1.7983522415161133,460.378238,27654,69432865.062595,67633152,79167488,95944704,683671552,60.38273910898715,1,raw/403__rand_write_4k__r5/attempt-1
579d447a01424e71a2b290f90d08a571,full,colva4,403,hdd,/dev/sdd1,/mnt/hdd4,seq_read,read,1m,1,5,1,1,time_limit,9103736832,8.478515625,60216,60.216,151184682,144.1809482574463,144.180949,8682,221669116.159065,221249536,225443840,254803968,371195904,60.49627995211631,1,raw/403__seq_read__r5/attempt-1
579d447a01424e71a2b290f90d08a571,full,colva4,405,nvme,/dev/nvme1n1,/mnt/nvme1,rand_read_128k,randread,128k,1,1,1,1,byte_limit,10737418240,10.0,1912,1.912,5615804518,5355.64853477478,42845.188285,81920,736694.119019,444416,2441216,3293184,4112384,2.2159614274278283,1,raw/405__rand_read_128k__r1/attempt-1
579d447a01424e71a2b290f90d08a571,full,colva4,405,nvme,/dev/nvme1n1,/mnt/nvme1,rand_read_4k,randread,4k,1,1,1,1,byte_limit,10737418240,10.0,6272,6.272,1711960816,1632.653060913086,417959.183673,2621440,74537.926979,72192,94720,113152,140288,6.567788382060826,1,raw/405__rand_read_4k__r1/attempt-1
579d447a01424e71a2b290f90d08a571,full,colva4,405,nvme,/dev/nvme1n1,/mnt/nvme1,rand_write_4k,randwrite,4k,1,1,1,1,byte_limit,10737418240,10.0,8679,8.679,1237172282,1179.8594303131104,302044.014287,2621440,103157.681304,105984,114176,126464,214016,8.969610759057105,1,raw/405__rand_write_4k__r1/attempt-1
579d447a01424e71a2b290f90d08a571,full,colva4,405,nvme,/dev/nvme1n1,/mnt/nvme1,seq_read,read,1m,1,1,1,1,byte_limit,10737418240,10.0,4628,4.628,2320099014,2212.6188411712646,2212.618842,10240,14272519.852148,14221312,14352384,14483456,23199744,4.919537981972098,1,raw/405__seq_read__r1/attempt-1
579d447a01424e71a2b290f90d08a571,full,colva4,405,nvme,/dev/nvme1n1,/mnt/nvme1,seq_write,write,1m,1,1,1,1,byte_limit,10737418240,10.0,2195,2.195,4891762296,4665.148063659668,4665.148064,10240,6771203.795898,6586368,6717440,11337728,14352384,2.517365012317896,1,raw/405__seq_write__r1/attempt-1
579d447a01424e71a2b290f90d08a571,full,colva4,405,nvme,/dev/nvme1n1,/mnt/nvme1,rand_read_4k,randread,4k,1,2,1,1,byte_limit,10737418240,10.0,6299,6.299,1704622676,1625.6548652648926,416167.645658,2621440,74864.251171,72192,94720,113152,148480,6.618651496246457,1,raw/405__rand_read_4k__r2/attempt-1
579d447a01424e71a2b290f90d08a571,full,colva4,405,nvme,/dev/nvme1n1,/mnt/nvme1,rand_write_4k,randwrite,4k,1,2,1,1,byte_limit,10737418240,10.0,8738,8.738,1228818750,1171.8928813934326,300004.577707,2621440,103868.084228,105984,115200,142336,224256,9.03454612288624,1,raw/405__rand_write_4k__r2/attempt-1
579d447a01424e71a2b290f90d08a571,full,colva4,405,nvme,/dev/nvme1n1,/mnt/nvme1,seq_read,read,1m,1,2,1,1,byte_limit,10737418240,10.0,4627,4.627,2320600440,2213.097038269043,2213.097039,10240,14270209.270605002,14221312,14352384,14483456,23199744,4.919705839827657,1,raw/405__seq_read__r2/attempt-1
579d447a01424e71a2b290f90d08a571,full,colva4,405,nvme,/dev/nvme1n1,/mnt/nvme1,seq_write,write,1m,1,2,1,1,byte_limit,10737418240,10.0,2197,2.197,4887309167,4660.901228904724,4660.901229,10240,6777231.709765999,6586368,6717440,11337728,14352384,2.5170156378299,1,raw/405__seq_write__r2/attempt-1
579d447a01424e71a2b290f90d08a571,full,colva4,405,nvme,/dev/nvme1n1,/mnt/nvme1,rand_read_128k,randread,128k,1,2,1,1,byte_limit,10737418240,10.0,1910,1.91,5621684942,5361.256544113159,42890.052356,81920,735706.706372,456704,2375680,3293184,4112384,2.216410307213664,1,raw/405__rand_read_128k__r2/attempt-1
579d447a01424e71a2b290f90d08a571,full,colva4,405,nvme,/dev/nvme1n1,/mnt/nvme1,rand_write_4k,randwrite,4k,1,3,1,1,byte_limit,10737418240,10.0,8727,8.727,1230367622,1173.3700008392334,300382.720293,2621440,103736.91901,105984,115200,138240,234496,9.010457245633006,1,raw/405__rand_write_4k__r3/attempt-1
579d447a01424e71a2b290f90d08a571,full,colva4,405,nvme,/dev/nvme1n1,/mnt/nvme1,seq_read,read,1m,1,3,1,1,byte_limit,10737418240,10.0,4628,4.628,2320099014,2212.6188411712646,2212.618842,10240,14250281.534276998,14221312,14352384,14483456,23199744,4.919459020718932,1,raw/405__seq_read__r3/attempt-1
579d447a01424e71a2b290f90d08a571,full,colva4,405,nvme,/dev/nvme1n1,/mnt/nvme1,seq_write,write,1m,1,3,1,1,byte_limit,10737418240,10.0,2196,2.196,4889534717,4663.023678779602,4663.023679,10240,6776088.145801,6586368,6717440,10813440,12255232,2.516949568875134,1,raw/405__seq_write__r3/attempt-1
579d447a01424e71a2b290f90d08a571,full,colva4,405,nvme,/dev/nvme1n1,/mnt/nvme1,rand_read_128k,randread,128k,1,3,1,1,byte_limit,10737418240,10.0,1902,1.902,5645330304,5383.8065185546875,43070.452156,81920,733197.984558,452608,2408448,3293184,4112384,2.215885571204126,1,raw/405__rand_read_128k__r3/attempt-1
579d447a01424e71a2b290f90d08a571,full,colva4,405,nvme,/dev/nvme1n1,/mnt/nvme1,rand_read_4k,randread,4k,1,3,1,1,byte_limit,10737418240,10.0,6290,6.29,1707061723,1627.9809217453003,416763.116057,2621440,74754.984834,72192,94720,112128,138240,6.618186950683594,1,raw/405__rand_read_4k__r3/attempt-1
579d447a01424e71a2b290f90d08a571,full,colva4,405,nvme,/dev/nvme1n1,/mnt/nvme1,seq_read,read,1m,1,4,1,1,byte_limit,10737418240,10.0,1539,1.539,6976879948,6653.671215057373,6653.671215,10240,4726114.04082,4685824,4882432,5144576,7897088,1.8677847171202302,1,raw/405__seq_read__r4/attempt-1
579d447a01424e71a2b290f90d08a571,full,colva4,405,nvme,/dev/nvme1n1,/mnt/nvme1,seq_write,write,1m,1,4,1,1,byte_limit,10737418240,10.0,2101,2.101,5110622674,4873.869585037231,4873.869586,10240,6483363.826855,6258688,6389760,12648448,16187392,2.41679269913584,1,raw/405__seq_write__r4/attempt-1
579d447a01424e71a2b290f90d08a571,full,colva4,405,nvme,/dev/nvme1n1,/mnt/nvme1,rand_read_128k,randread,128k,1,4,1,1,byte_limit,10737418240,10.0,1873,1.873,5732737981,5467.164975166321,43737.319808,81920,722391.822241,436224,2506752,3883008,5013504,2.1655025454238057,1,raw/405__rand_read_128k__r4/attempt-1
579d447a01424e71a2b290f90d08a571,full,colva4,405,nvme,/dev/nvme1n1,/mnt/nvme1,rand_read_4k,randread,4k,1,4,1,1,byte_limit,10737418240,10.0,6265,6.265,1713873621,1634.4772539138794,418426.177175,2621440,74463.073784,72192,94720,110080,138240,6.56813903991133,1,raw/405__rand_read_4k__r4/attempt-1
579d447a01424e71a2b290f90d08a571,full,colva4,405,nvme,/dev/nvme1n1,/mnt/nvme1,rand_write_4k,randwrite,4k,1,4,1,1,byte_limit,10737418240,10.0,8718,8.718,1231637788,1174.5813255310059,300692.819454,2621440,103630.888338,105984,115200,132096,220160,9.006590833887458,1,raw/405__rand_write_4k__r4/attempt-1
579d447a01424e71a2b290f90d08a571,full,colva4,405,nvme,/dev/nvme1n1,/mnt/nvme1,seq_write,write,1m,1,5,1,1,byte_limit,10737418240,10.0,2208,2.208,4862961159,4637.68115901947,4637.681159,10240,6811825.938769999,6651904,6717440,11206656,14221312,2.51679817866534,1,raw/405__seq_write__r5/attempt-1
579d447a01424e71a2b290f90d08a571,full,colva4,405,nvme,/dev/nvme1n1,/mnt/nvme1,rand_read_128k,randread,128k,1,5,1,1,byte_limit,10737418240,10.0,1915,1.915,5607006913,5347.258484840393,42778.067885,81920,738014.935828,407552,2572288,3391488,4145152,2.2161918338388205,1,raw/405__rand_read_128k__r5/attempt-1
579d447a01424e71a2b290f90d08a571,full,colva4,405,nvme,/dev/nvme1n1,/mnt/nvme1,rand_read_4k,randread,4k,1,5,1,1,byte_limit,10737418240,10.0,6263,6.263,1714420922,1634.9992008209229,418559.795625,2621440,74437.615991,72192,94720,110080,136192,6.567968825809658,1,raw/405__rand_read_4k__r5/attempt-1
579d447a01424e71a2b290f90d08a571,full,colva4,405,nvme,/dev/nvme1n1,/mnt/nvme1,rand_write_4k,randwrite,4k,1,5,1,1,byte_limit,10737418240,10.0,8748,8.748,1227414064,1170.5532684326172,299661.636946,2621440,103981.790392,107008,115200,130560,222208,9.03478632774204,1,raw/405__rand_write_4k__r5/attempt-1
579d447a01424e71a2b290f90d08a571,full,colva4,405,nvme,/dev/nvme1n1,/mnt/nvme1,seq_read,read,1m,1,5,1,1,byte_limit,10737418240,10.0,4627,4.627,2320600440,2213.097038269043,2213.097039,10240,14271516.425976997,14221312,14352384,14483456,23199744,4.919750928878784,1,raw/405__seq_read__r5/attempt-1
579d447a01424e71a2b290f90d08a571,full,colva4,406,nvme,/dev/nvme2n1,/mnt/nvme2,rand_read_128k,randread,128k,1,1,1,1,byte_limit,10737418240,10.0,1909,1.909,5624629774,5364.06495475769,42912.519644,81920,736619.603333,448512,2441216,3293184,4014080,2.2159237759187818,1,raw/406__rand_read_128k__r1/attempt-1
579d447a01424e71a2b290f90d08a571,full,colva4,406,nvme,/dev/nvme2n1,/mnt/nvme2,rand_read_4k,randread,4k,1,1,1,1,byte_limit,10737418240,10.0,6291,6.291,1706790373,1627.7221422195435,416696.868542,2621440,74773.129282,72192,94720,111104,138240,6.618195259012282,1,raw/406__rand_read_4k__r1/attempt-1
579d447a01424e71a2b290f90d08a571,full,colva4,406,nvme,/dev/nvme2n1,/mnt/nvme2,rand_write_4k,randwrite,4k,1,1,1,1,byte_limit,10737418240,10.0,8706,8.706,1233335428,1176.2003211975098,301107.282334,2621440,103481.934112,105984,115200,127488,218112,9.00370260514319,1,raw/406__rand_write_4k__r1/attempt-1
579d447a01424e71a2b290f90d08a571,full,colva4,406,nvme,/dev/nvme2n1,/mnt/nvme2,seq_read,read,1m,1,1,1,1,byte_limit,10737418240,10.0,4628,4.628,2320099014,2212.6188411712646,2212.618842,10240,14270713.066113,14221312,14352384,14483456,23199744,4.919417442753911,1,raw/406__seq_read__r1/attempt-1
579d447a01424e71a2b290f90d08a571,full,colva4,406,nvme,/dev/nvme2n1,/mnt/nvme2,seq_write,write,1m,1,1,1,1,byte_limit,10737418240,10.0,2192,2.192,4898457226,4671.532846450806,4671.532847,10240,6763132.632030999,6586368,6651904,10813440,14483456,2.5170637825503945,1,raw/406__seq_write__r1/attempt-1
579d447a01424e71a2b290f90d08a571,full,colva4,406,nvme,/dev/nvme2n1,/mnt/nvme2,rand_read_4k,randread,4k,1,2,1,1,byte_limit,10737418240,10.0,6272,6.272,1711960816,1632.653060913086,417959.183673,2621440,74546.037815,72192,94720,111104,138240,6.567644559778273,1,raw/406__rand_read_4k__r2/attempt-1
579d447a01424e71a2b290f90d08a571,full,colva4,406,nvme,/dev/nvme2n1,/mnt/nvme2,rand_write_4k,randwrite,4k,1,2,1,1,byte_limit,10737418240,10.0,8758,8.758,1226012587,1169.216715812683,299319.479333,2621440,104101.778941,107008,115200,134144,236544,9.066962872631848,1,raw/406__rand_write_4k__r2/attempt-1
579d447a01424e71a2b290f90d08a571,full,colva4,406,nvme,/dev/nvme2n1,/mnt/nvme2,seq_read,read,1m,1,2,1,1,byte_limit,10737418240,10.0,4628,4.628,2320099014,2212.6188411712646,2212.618842,10240,14278397.173535,14221312,14352384,14483456,23199744,4.919450915418565,1,raw/406__seq_read__r2/attempt-1
579d447a01424e71a2b290f90d08a571,full,colva4,406,nvme,/dev/nvme2n1,/mnt/nvme2,seq_write,write,1m,1,2,1,1,byte_limit,10737418240,10.0,2194,2.194,4893991905,4667.274384498596,4667.274385,10240,6766761.102441,6586368,6717440,11075584,13565952,2.517360053025186,1,raw/406__seq_write__r2/attempt-1
579d447a01424e71a2b290f90d08a571,full,colva4,406,nvme,/dev/nvme2n1,/mnt/nvme2,rand_read_128k,randread,128k,1,2,1,1,byte_limit,10737418240,10.0,1914,1.914,5609936384,5350.05224609375,42800.417973,81920,737602.526147,452608,2408448,3358720,4079616,2.2161202179268003,1,raw/406__rand_read_128k__r2/attempt-1
579d447a01424e71a2b290f90d08a571,full,colva4,406,nvme,/dev/nvme2n1,/mnt/nvme2,rand_write_4k,randwrite,4k,1,3,1,1,byte_limit,10737418240,10.0,8722,8.722,1231072946,1174.0426502227783,300554.918597,2621440,103673.569583,105984,115200,138240,224256,9.007014140486717,1,raw/406__rand_write_4k__r3/attempt-1
579d447a01424e71a2b290f90d08a571,full,colva4,406,nvme,/dev/nvme2n1,/mnt/nvme2,seq_read,read,1m,1,3,1,1,byte_limit,10737418240,10.0,4627,4.627,2320600440,2213.097038269043,2213.097039,10240,14263579.105078,14221312,14352384,14483456,23199744,4.919377488084137,1,raw/406__seq_read__r3/attempt-1
579d447a01424e71a2b290f90d08a571,full,colva4,406,nvme,/dev/nvme2n1,/mnt/nvme2,seq_write,write,1m,1,3,1,1,byte_limit,10737418240,10.0,2190,2.19,4902930703,4675.79908657074,4675.799087,10240,6756597.620703,6586368,6651904,10944512,12386304,2.5172279365360737,1,raw/406__seq_write__r3/attempt-1
579d447a01424e71a2b290f90d08a571,full,colva4,406,nvme,/dev/nvme2n1,/mnt/nvme2,rand_read_128k,randread,128k,1,3,1,1,byte_limit,10737418240,10.0,1909,1.909,5624629774,5364.06495475769,42912.519644,81920,735439.777502,452608,2375680,3293184,4112384,2.215901487506926,1,raw/406__rand_read_128k__r3/attempt-1
579d447a01424e71a2b290f90d08a571,full,colva4,406,nvme,/dev/nvme2n1,/mnt/nvme2,rand_read_4k,randread,4k,1,3,1,1,byte_limit,10737418240,10.0,6278,6.278,1710324663,1631.092703819275,417559.732399,2621440,74615.832558,72192,94720,111104,138240,6.565823487006128,1,raw/406__rand_read_4k__r3/attempt-1
579d447a01424e71a2b290f90d08a571,full,colva4,406,nvme,/dev/nvme2n1,/mnt/nvme2,seq_read,read,1m,1,4,1,1,byte_limit,10737418240,10.0,1539,1.539,6976879948,6653.671215057373,6653.671215,10240,4729538.983203,4685824,4816896,5210112,7700480,1.867270139977336,1,raw/406__seq_read__r4/attempt-1
579d447a01424e71a2b290f90d08a571,full,colva4,406,nvme,/dev/nvme2n1,/mnt/nvme2,seq_write,write,1m,1,4,1,1,byte_limit,10737418240,10.0,2073,2.073,5179651828,4939.700916290283,4939.700917,10240,6396222.983203,6193152,6258688,12910592,14221312,2.416671998798847,1,raw/406__seq_write__r4/attempt-1
579d447a01424e71a2b290f90d08a571,full,colva4,406,nvme,/dev/nvme2n1,/mnt/nvme2,rand_read_128k,randread,128k,1,4,1,1,byte_limit,10737418240,10.0,1906,1.906,5633482812,5372.507869720459,42980.062959,81920,734901.169116,432128,2506752,3424256,4177920,2.2163051357492805,1,raw/406__rand_read_128k__r4/attempt-1
579d447a01424e71a2b290f90d08a571,full,colva4,406,nvme,/dev/nvme2n1,/mnt/nvme2,rand_read_4k,randread,4k,1,4,1,1,byte_limit,10737418240,10.0,6270,6.27,1712506896,1633.173843383789,418092.503987,2621440,74527.768155,72192,94720,112128,142336,6.568039886653423,1,raw/406__rand_read_4k__r4/attempt-1
579d447a01424e71a2b290f90d08a571,full,colva4,406,nvme,/dev/nvme2n1,/mnt/nvme2,rand_write_4k,randwrite,4k,1,4,1,1,byte_limit,10737418240,10.0,8721,8.721,1231214108,1174.1772727966309,300589.381952,2621440,103657.334344,105984,115200,132096,226304,9.003031960688531,1,raw/406__rand_write_4k__r4/attempt-1
579d447a01424e71a2b290f90d08a571,full,colva4,406,nvme,/dev/nvme2n1,/mnt/nvme2,seq_write,write,1m,1,5,1,1,byte_limit,10737418240,10.0,2209,2.209,4860759728,4635.58171081543,4635.581711,10240,6815667.143262001,6651904,6717440,11468800,15794176,2.5172924380749464,1,raw/406__seq_write__r5/attempt-1
579d447a01424e71a2b290f90d08a571,full,colva4,406,nvme,/dev/nvme2n1,/mnt/nvme2,rand_read_128k,randread,128k,1,5,1,1,byte_limit,10737418240,10.0,1905,1.905,5636440020,5375.32808303833,43002.624672,81920,734161.525891,407552,2572288,3457024,4145152,2.215908489190042,1,raw/406__rand_read_128k__r5/attempt-1
579d447a01424e71a2b290f90d08a571,full,colva4,406,nvme,/dev/nvme2n1,/mnt/nvme2,rand_read_4k,randread,4k,1,5,1,1,byte_limit,10737418240,10.0,6289,6.289,1707333159,1628.2397832870483,416829.38464,2621440,74742.675446,72192,94720,111104,136192,6.568003366701305,1,raw/406__rand_read_4k__r5/attempt-1
579d447a01424e71a2b290f90d08a571,full,colva4,406,nvme,/dev/nvme2n1,/mnt/nvme2,rand_write_4k,randwrite,4k,1,5,1,1,byte_limit,10737418240,10.0,8742,8.742,1228256490,1171.35666847229,299867.307252,2621440,103904.821328,105984,115200,138240,224256,9.03499386832118,1,raw/406__rand_write_4k__r5/attempt-1
579d447a01424e71a2b290f90d08a571,full,colva4,406,nvme,/dev/nvme2n1,/mnt/nvme2,seq_read,read,1m,1,5,1,1,byte_limit,10737418240,10.0,4620,4.62,2324116502,2216.450216293335,2216.450216,10240,14251857.482422,14221312,14352384,14483456,23199744,4.919833041727543,1,raw/406__seq_read__r5/attempt-1
579d447a01424e71a2b290f90d08a571,full,colva4,401,hdd,/dev/sda1,/mnt/hdd1,rand_read_128k,randread,128k,1,1,1,1,time_limit,2621964288,2.44189453125,60185,60.185,43565079,41.54689693450928,332.375177,20004,96173315.522395,54263808,329252864,541065216,792723456,60.494793862104416,1,raw/401__rand_read_128k__r1/attempt-1
579d447a01424e71a2b290f90d08a571,full,colva4,401,hdd,/dev/sda1,/mnt/hdd1,rand_read_4k,randread,4k,1,1,1,1,time_limit,111509504,0.103851318359375,60124,60.124,1854658,1.7687397003173828,452.797552,27224,70617686.306825,41680896,233832448,396361728,608174080,60.44602349959314,1,raw/401__rand_read_4k__r1/attempt-1
579d447a01424e71a2b290f90d08a571,full,colva4,401,hdd,/dev/sda1,/mnt/hdd1,rand_write_4k,randwrite,4k,1,1,1,1,time_limit,114110464,0.10627365112304688,60076,60.076,1899435,1.8114423751831055,463.729276,27859,68931201.799274,67633152,78118912,90701824,616562688,60.39454694185406,1,raw/401__rand_write_4k__r1/attempt-1
579d447a01424e71a2b290f90d08a571,full,colva4,401,hdd,/dev/sda1,/mnt/hdd1,seq_read,read,1m,1,1,1,1,time_limit,10454302720,9.736328125,60189,60.189,173691251,165.6448850631714,165.644885,9970,193009444.913441,191889408,198180864,214958080,417333248,60.49602162465453,1,raw/401__seq_read__r1/attempt-1
579d447a01424e71a2b290f90d08a571,full,colva4,401,hdd,/dev/sda1,/mnt/hdd1,seq_write,write,1m,1,1,1,1,time_limit,10559160320,9.833984375,60189,60.189,175433390,167.30631828308105,167.306318,10070,191063812.202979,191889408,198180864,240123904,700448768,60.497343238443136,1,raw/401__seq_write__r1/attempt-1
579d447a01424e71a2b290f90d08a571,full,colva4,401,hdd,/dev/sda1,/mnt/hdd1,rand_read_4k,randread,4k,1,2,1,1,time_limit,110891008,0.10327529907226562,60108,60.108,1844862,1.7593975067138672,450.405936,27073,70977750.668932,42729472,233832448,375390208,616562688,60.39435963798314,1,raw/401__rand_read_4k__r2/attempt-1
579d447a01424e71a2b290f90d08a571,full,colva4,401,hdd,/dev/sda1,/mnt/hdd1,rand_write_4k,randwrite,4k,1,2,1,1,time_limit,112689152,0.104949951171875,60068,60.068,1876026,1.7891178131103516,458.014251,27512,69790015.047252,67633152,81264640,102236160,675282944,60.3937623584643,1,raw/401__rand_write_4k__r2/attempt-1
579d447a01424e71a2b290f90d08a571,full,colva4,401,hdd,/dev/sda1,/mnt/hdd1,seq_read,read,1m,1,2,1,1,time_limit,10374610944,9.662109375,60190,60.19,172364361,164.3794641494751,164.379465,9894,194504515.136851,191889408,198180864,392167424,1870659584,60.49570102710277,1,raw/401__seq_read__r2/attempt-1
579d447a01424e71a2b290f90d08a571,full,colva4,401,hdd,/dev/sda1,/mnt/hdd1,seq_write,write,1m,1,2,1,1,time_limit,10527703040,9.8046875,60563,60.563,173830606,165.77778434753418,165.777785,10040,192837000.001594,191889408,198180864,252706816,935329792,60.89935802016407,1,raw/401__seq_write__r2/attempt-1
579d447a01424e71a2b290f90d08a571,full,colva4,401,hdd,/dev/sda1,/mnt/hdd1,rand_read_128k,randread,128k,1,2,1,1,time_limit,2615541760,2.4359130859375,60130,60.13,43498116,41.483036041259766,331.864294,19955,96322870.85763,53739520,333447168,530579456,801112064,60.44550650566816,1,raw/401__rand_read_128k__r2/attempt-1
579d447a01424e71a2b290f90d08a571,full,colva4,401,hdd,/dev/sda1,/mnt/hdd1,rand_write_4k,randwrite,4k,1,3,1,1,time_limit,113008640,0.10524749755859375,60109,60.109,1880061,1.7929658889770508,458.999484,27590,69640431.392026,67633152,78118912,88604672,650117120,60.394986022263765,1,raw/401__rand_write_4k__r3/attempt-1
579d447a01424e71a2b290f90d08a571,full,colva4,401,hdd,/dev/sda1,/mnt/hdd1,seq_read,read,1m,1,3,1,1,time_limit,10479468544,9.759765625,60189,60.189,174109364,166.04362869262695,166.043629,9994,192551532.314289,191889408,198180864,219152384,1837105152,60.496065651997924,1,raw/401__seq_read__r3/attempt-1
579d447a01424e71a2b290f90d08a571,full,colva4,401,hdd,/dev/sda1,/mnt/hdd1,seq_write,write,1m,1,3,1,1,time_limit,10483662848,9.763671875,60081,60.081,174492149,166.40868091583252,166.408682,9998,192109395.786157,191889408,200278016,240123904,742391808,60.397530913352966,1,raw/401__seq_write__r3/attempt-1
579d447a01424e71a2b290f90d08a571,full,colva4,401,hdd,/dev/sda1,/mnt/hdd1,rand_read_128k,randread,128k,1,3,1,1,time_limit,2587230208,2.4095458984375,60164,60.164,43002962,41.010820388793945,328.086563,19739,97430076.862404,52690944,341835776,541065216,809500672,60.446334307082,1,raw/401__rand_read_128k__r3/attempt-1
579d447a01424e71a2b290f90d08a571,full,colva4,401,hdd,/dev/sda1,/mnt/hdd1,rand_read_4k,randread,4k,1,3,1,1,time_limit,111665152,0.10399627685546875,60113,60.113,1857587,1.7715330123901367,453.512551,27262,70496739.446409,41680896,233832448,379584512,608174080,60.394137335941195,1,raw/401__rand_read_4k__r3/attempt-1
579d447a01424e71a2b290f90d08a571,full,colva4,401,hdd,/dev/sda1,/mnt/hdd1,seq_read,read,1m,1,4,1,1,time_limit,10484711424,9.7646484375,60194,60.194,174182001,166.11290073394775,166.112902,9999,192471645.89749,191889408,198180864,231735296,1870659584,60.49648229312152,1,raw/401__seq_read__r4/attempt-1
579d447a01424e71a2b290f90d08a571,full,colva4,401,hdd,/dev/sda1,/mnt/hdd1,seq_write,write,1m,1,4,1,1,time_limit,10554966016,9.830078125,60182,60.182,175384101,167.2593126296997,167.259313,10066,191118583.544506,191889408,198180864,261095424,725614592,60.498386736027896,1,raw/401__seq_write__r4/attempt-1
579d447a01424e71a2b290f90d08a571,full,colva4,401,hdd,/dev/sda1,/mnt/hdd1,rand_read_128k,randread,128k,1,4,1,1,time_limit,2586705920,2.4090576171875,60128,60.128,43019989,41.027058601379395,328.216472,19735,97387315.909602,52690944,350224384,566231040,901775360,60.4451569467783,1,raw/401__rand_read_128k__r4/attempt-1
579d447a01424e71a2b290f90d08a571,full,colva4,401,hdd,/dev/sda1,/mnt/hdd1,rand_read_4k,randread,4k,1,4,1,1,time_limit,110194688,0.10262680053710938,60103,60.103,1833430,1.748495101928711,447.614928,26903,71434322.409917,42729472,233832448,383778816,641728512,60.39088987186551,1,raw/401__rand_read_4k__r4/attempt-1
579d447a01424e71a2b290f90d08a571,full,colva4,401,hdd,/dev/sda1,/mnt/hdd1,rand_write_4k,randwrite,4k,1,4,1,1,time_limit,113594368,0.10579299926757812,60072,60.072,1890970,1.8033695220947266,461.662671,27733,69237926.854397,67633152,78118912,91750400,734003200,60.3871222184971,1,raw/401__rand_write_4k__r4/attempt-1
579d447a01424e71a2b290f90d08a571,full,colva4,401,hdd,/dev/sda1,/mnt/hdd1,seq_write,write,1m,1,5,1,1,time_limit,10518265856,9.7958984375,60190,60.19,174751052,166.65559005737305,166.655591,10031,191810987.637822,191889408,200278016,263192576,725614592,60.4980388795957,1,raw/401__seq_write__r5/attempt-1
579d447a01424e71a2b290f90d08a571,full,colva4,401,hdd,/dev/sda1,/mnt/hdd1,rand_read_128k,randread,128k,1,5,1,1,time_limit,2598109184,2.419677734375,60112,60.112,43221140,41.21889114379883,329.751131,19822,96932302.046968,53739520,329252864,534773760,926941184,60.39621926471591,1,raw/401__rand_read_128k__r5/attempt-1
579d447a01424e71a2b290f90d08a571,full,colva4,401,hdd,/dev/sda1,/mnt/hdd1,rand_read_4k,randread,4k,1,5,1,1,time_limit,111607808,0.10394287109375,60114,60.114,1856602,1.7705936431884766,453.272116,27248,70552028.785856,41156608,235929600,392167424,650117120,60.44584408123046,1,raw/401__rand_read_4k__r5/attempt-1
579d447a01424e71a2b290f90d08a571,full,colva4,401,hdd,/dev/sda1,/mnt/hdd1,rand_write_4k,randwrite,4k,1,5,1,1,time_limit,113631232,0.10582733154296875,60075,60.075,1891489,1.8038644790649414,461.78943,27742,69225544.188198,67633152,79167488,90701824,650117120,60.391611682251096,1,raw/401__rand_write_4k__r5/attempt-1
579d447a01424e71a2b290f90d08a571,full,colva4,401,hdd,/dev/sda1,/mnt/hdd1,seq_read,read,1m,1,5,1,1,time_limit,9999220736,9.3125,60198,60.198,166105530,158.41057777404785,158.410578,9536,201829741.141359,189792256,219152384,1837105152,1870659584,60.49584267567843,1,raw/401__seq_read__r5/attempt-1
579d447a01424e71a2b290f90d08a571,full,colva4,402,hdd,/dev/sdc1,/mnt/hdd3,rand_read_128k,randread,128k,1,1,1,1,time_limit,2670460928,2.487060546875,60137,60.137,44406287,42.349135398864746,338.793089,20374,94340604.624669,53215232,320864256,530579456,801112064,60.44638264272362,1,raw/402__rand_read_128k__r1/attempt-1
579d447a01424e71a2b290f90d08a571,full,colva4,402,hdd,/dev/sdc1,/mnt/hdd3,rand_read_4k,randread,4k,1,1,1,1,time_limit,110555136,0.10296249389648438,60123,60.123,1838816,1.753631591796875,448.929694,26991,71225118.538513,43778048,229638144,367001600,624951296,60.44457087945193,1,raw/402__rand_read_4k__r1/attempt-1
579d447a01424e71a2b290f90d08a571,full,colva4,402,hdd,/dev/sdc1,/mnt/hdd3,rand_write_4k,randwrite,4k,1,1,1,1,time_limit,117399552,0.10933685302734375,60058,60.058,1954769,1.864212989807129,477.238669,28662,66977194.443479,65273856,76021760,89653248,666894336,60.34500757139176,1,raw/402__rand_write_4k__r1/attempt-1
579d447a01424e71a2b290f90d08a571,full,colva4,402,hdd,/dev/sdc1,/mnt/hdd3,seq_read,read,1m,1,1,1,1,byte_limit,10737418240,10.0,56209,56.209,191026672,182.17723083496094,182.177231,10240,175486067.121485,175112192,181403648,223346688,1602224128,56.49462808854878,1,raw/402__seq_read__r1/attempt-1
579d447a01424e71a2b290f90d08a571,full,colva4,402,hdd,/dev/sdc1,/mnt/hdd3,seq_write,write,1m,1,1,1,1,byte_limit,10737418240,10.0,55575,55.575,193205906,184.2555103302002,184.255511,10240,173471809.453613,175112192,177209344,233832448,658505728,55.896923371590674,1,raw/402__seq_write__r1/attempt-1
579d447a01424e71a2b290f90d08a571,full,colva4,402,hdd,/dev/sdc1,/mnt/hdd3,rand_read_4k,randread,4k,1,2,1,1,time_limit,110964736,0.10334396362304688,60105,60.105,1846181,1.760655403137207,450.727893,27091,70932315.86442,42729472,231735296,379584512,608174080,60.39419782161713,1,raw/402__rand_read_4k__r2/attempt-1
579d447a01424e71a2b290f90d08a571,full,colva4,402,hdd,/dev/sdc1,/mnt/hdd3,rand_write_4k,randwrite,4k,1,2,1,1,time_limit,117600256,0.10952377319335938,60065,60.065,1957883,1.867182731628418,477.998835,28711,66868791.827244,65273856,77070336,95944704,666894336,60.39420371316373,1,raw/402__rand_write_4k__r2/attempt-1
579d447a01424e71a2b290f90d08a571,full,colva4,402,hdd,/dev/sdc1,/mnt/hdd3,seq_read,read,1m,1,2,1,1,byte_limit,10737418240,10.0,55917,55.917,192024218,183.12856483459473,183.128566,10240,174572290.846289,175112192,177209344,196083712,1853882368,56.242414630018175,1,raw/402__seq_read__r2/attempt-1
579d447a01424e71a2b290f90d08a571,full,colva4,402,hdd,/dev/sdc1,/mnt/hdd3,seq_write,write,1m,1,2,1,1,byte_limit,10737418240,10.0,55539,55.539,193331141,184.37494373321533,184.374944,10240,173362210.465333,175112192,177209344,227540992,658505728,55.84656780958176,1,raw/402__seq_write__r2/attempt-1
579d447a01424e71a2b290f90d08a571,full,colva4,402,hdd,/dev/sdc1,/mnt/hdd3,rand_read_128k,randread,128k,1,2,1,1,time_limit,2660892672,2.4781494140625,60127,60.127,44254539,42.20441722869873,337.635339,20301,94669659.579824,53215232,325058560,517996544,826277888,60.44495858531445,1,raw/402__rand_read_128k__r2/attempt-1
579d447a01424e71a2b290f90d08a571,full,colva4,402,hdd,/dev/sdc1,/mnt/hdd3,rand_write_4k,randwrite,4k,1,3,1,1,time_limit,117694464,0.10961151123046875,60061,60.061,1959582,1.8688030242919922,478.413613,28734,66815318.867892,65273856,76021760,87556096,641728512,60.33997787348926,1,raw/402__rand_write_4k__r3/attempt-1
579d447a01424e71a2b290f90d08a571,full,colva4,402,hdd,/dev/sdc1,/mnt/hdd3,seq_read,read,1m,1,3,1,1,byte_limit,10737418240,10.0,56370,56.37,190481075,181.65690898895264,181.65691,10240,175994676.559766,173015040,177209344,1468006400,1853882368,56.69362242426723,1,raw/402__seq_read__r3/attempt-1
579d447a01424e71a2b290f90d08a571,full,colva4,402,hdd,/dev/sdc1,/mnt/hdd3,seq_write,write,1m,1,3,1,1,byte_limit,10737418240,10.0,55517,55.517,193407753,184.44800662994385,184.448007,10240,173292082.460742,175112192,177209344,240123904,683671552,55.84587145969272,1,raw/402__seq_write__r3/attempt-1
579d447a01424e71a2b290f90d08a571,full,colva4,402,hdd,/dev/sdc1,/mnt/hdd3,rand_read_128k,randread,128k,1,3,1,1,time_limit,2676752384,2.492919921875,60119,60.119,44524233,42.4616174697876,339.692942,20422,94096376.48531,53739520,320864256,522190848,834666496,60.444718279875815,1,raw/402__rand_read_128k__r3/attempt-1
579d447a01424e71a2b290f90d08a571,full,colva4,402,hdd,/dev/sdc1,/mnt/hdd3,rand_read_4k,randread,4k,1,3,1,1,time_limit,112181248,0.1044769287109375,60095,60.095,1866731,1.7802534103393555,455.74507,27388,70171138.62783,41680896,231735296,387973120,599785472,60.391642613336444,1,raw/402__rand_read_4k__r3/attempt-1
579d447a01424e71a2b290f90d08a571,full,colva4,402,hdd,/dev/sdc1,/mnt/hdd3,seq_read,read,1m,1,4,1,1,byte_limit,10737418240,10.0,59468,59.468,180557917,172.19344806671143,172.193449,10240,185670546.637891,170917888,177209344,1870659584,1920991232,59.796276613138616,1,raw/402__seq_read__r4/attempt-1
579d447a01424e71a2b290f90d08a571,full,colva4,402,hdd,/dev/sdc1,/mnt/hdd3,seq_write,write,1m,1,4,1,1,byte_limit,10737418240,10.0,55309,55.309,194135099,185.14165782928467,185.141659,10240,172638285.102051,175112192,175112192,177209344,650117120,55.64591786637902,1,raw/402__seq_write__r4/attempt-1
579d447a01424e71a2b290f90d08a571,full,colva4,402,hdd,/dev/sdc1,/mnt/hdd3,rand_read_128k,randread,128k,1,4,1,1,time_limit,2659188736,2.4765625,60142,60.142,44215169,42.166871070861816,337.334974,20288,94752922.072407,52166656,329252864,549453824,859832320,60.445668266154826,1,raw/402__rand_read_128k__r4/attempt-1
579d447a01424e71a2b290f90d08a571,full,colva4,402,hdd,/dev/sdc1,/mnt/hdd3,rand_read_4k,randread,4k,1,4,1,1,time_limit,111996928,0.10430526733398438,60111,60.111,1863168,1.77685546875,454.875148,27343,70291102.043997,40632320,235929600,392167424,608174080,60.396403948776424,1,raw/402__rand_read_4k__r4/attempt-1
579d447a01424e71a2b290f90d08a571,full,colva4,402,hdd,/dev/sdc1,/mnt/hdd3,rand_write_4k,randwrite,4k,1,4,1,1,time_limit,117764096,0.10967636108398438,60062,60.062,1960708,1.8698768615722656,478.688688,28751,66778499.864108995,65273856,76021760,85458944,675282944,60.33878193423152,1,raw/402__rand_write_4k__r4/attempt-1
579d447a01424e71a2b290f90d08a571,full,colva4,402,hdd,/dev/sdc1,/mnt/hdd3,seq_write,write,1m,1,5,1,1,byte_limit,10737418240,10.0,55733,55.733,192658178,183.73315620422363,183.733156,10240,173968185.834668,175112192,177209344,214958080,734003200,56.03147485200316,1,raw/402__seq_write__r5/attempt-1
579d447a01424e71a2b290f90d08a571,full,colva4,402,hdd,/dev/sdc1,/mnt/hdd3,rand_read_128k,randread,128k,1,5,1,1,time_limit,2667577344,2.484375,60128,60.128,44364977,42.309739112854004,338.477914,20352,94432753.176199,53739520,325058560,530579456,809500672,60.4443032015115,1,raw/402__rand_read_128k__r5/attempt-1
579d447a01424e71a2b290f90d08a571,full,colva4,402,hdd,/dev/sdc1,/mnt/hdd3,rand_read_4k,randread,4k,1,5,1,1,time_limit,112357376,0.10464096069335938,60125,60.125,1868729,1.7821588516235352,456.232848,27431,70090079.747184,41680896,231735296,387973120,624951296,60.445452358573675,1,raw/402__rand_read_4k__r5/attempt-1
579d447a01424e71a2b290f90d08a571,full,colva4,402,hdd,/dev/sdc1,/mnt/hdd3,rand_write_4k,randwrite,4k,1,5,1,1,time_limit,118292480,0.11016845703125,60078,60.078,1968981,1.8777666091918945,480.708412,28880,66498856.5634,65273856,76021760,88604672,599785472,60.38470893725753,1,raw/402__rand_write_4k__r5/attempt-1
579d447a01424e71a2b290f90d08a571,full,colva4,402,hdd,/dev/sdc1,/mnt/hdd3,seq_read,read,1m,1,5,1,1,byte_limit,10737418240,10.0,55955,55.955,191893811,183.00419902801514,183.0042,10240,174684820.695996,175112192,177209344,223346688,1837105152,56.24293294828385,1,raw/402__seq_read__r5/attempt-1
579d447a01424e71a2b290f90d08a571,full,colva4,407,nvme,/dev/nvme3n1,/mnt/nvme3,rand_read_128k,randread,128k,1,1,1,1,byte_limit,10737418240,10.0,1881,1.881,5708356321,5443.912812232971,43551.302499,81920,725055.009363,436224,2473984,3620864,4554752,2.165570461191237,1,raw/407__rand_read_128k__r1/attempt-1
579d447a01424e71a2b290f90d08a571,full,colva4,407,nvme,/dev/nvme3n1,/mnt/nvme3,rand_read_4k,randread,4k,1,1,1,1,byte_limit,10737418240,10.0,6311,6.311,1701381435,1622.5637769699097,415376.327048,2621440,75010.594772,72192,94720,111104,136192,6.618259249255061,1,raw/407__rand_read_4k__r1/attempt-1
579d447a01424e71a2b290f90d08a571,full,colva4,407,nvme,/dev/nvme3n1,/mnt/nvme3,rand_write_4k,randwrite,4k,1,1,1,1,byte_limit,10737418240,10.0,8790,8.79,1221549287,1164.960181236267,298229.806598,2621440,104496.143535,107008,116224,134144,226304,9.066956790164113,1,raw/407__rand_write_4k__r1/attempt-1
579d447a01424e71a2b290f90d08a571,full,colva4,407,nvme,/dev/nvme3n1,/mnt/nvme3,seq_read,read,1m,1,1,1,1,byte_limit,10737418240,10.0,4629,4.629,2319597805,2212.140851020813,2212.140851,10240,14272238.571094,14221312,14352384,14483456,23199744,4.9199080020189285,1,raw/407__seq_read__r1/attempt-1
579d447a01424e71a2b290f90d08a571,full,colva4,407,nvme,/dev/nvme3n1,/mnt/nvme3,seq_write,write,1m,1,1,1,1,byte_limit,10737418240,10.0,2202,2.202,4876211734,4650.317892074585,4650.317893,10240,6793556.018457,6586368,6717440,12255232,13434880,2.517135233618319,1,raw/407__seq_write__r1/attempt-1
579d447a01424e71a2b290f90d08a571,full,colva4,407,nvme,/dev/nvme3n1,/mnt/nvme3,rand_read_4k,randread,4k,1,2,1,1,byte_limit,10737418240,10.0,6288,6.288,1707604681,1628.4987268447876,416895.6743,2621440,74726.554729,72192,94720,111104,136192,6.5681386962533,1,raw/407__rand_read_4k__r2/attempt-1
579d447a01424e71a2b290f90d08a571,full,colva4,407,nvme,/dev/nvme3n1,/mnt/nvme3,rand_write_4k,randwrite,4k,1,2,1,1,byte_limit,10737418240,10.0,8760,8.76,1225732675,1168.9497709274292,299251.141553,2621440,104131.012661,105984,115200,140288,226304,9.066432686522603,1,raw/407__rand_write_4k__r2/attempt-1
579d447a01424e71a2b290f90d08a571,full,colva4,407,nvme,/dev/nvme3n1,/mnt/nvme3,seq_read,read,1m,1,2,1,1,byte_limit,10737418240,10.0,4629,4.629,2319597805,2212.140851020813,2212.140851,10240,14278573.549120998,14221312,14483456,14483456,23199744,4.919708649627864,1,raw/407__seq_read__r2/attempt-1
579d447a01424e71a2b290f90d08a571,full,colva4,407,nvme,/dev/nvme3n1,/mnt/nvme3,seq_write,write,1m,1,2,1,1,byte_limit,10737418240,10.0,2182,2.182,4920906617,4692.942254066467,4692.942255,10240,6732187.846094,6586368,6651904,10944512,12255232,2.5162311159074306,1,raw/407__seq_write__r2/attempt-1
579d447a01424e71a2b290f90d08a571,full,colva4,407,nvme,/dev/nvme3n1,/mnt/nvme3,rand_read_128k,randread,128k,1,2,1,1,byte_limit,10737418240,10.0,1908,1.908,5627577693,5366.876309394836,42935.010482,81920,735279.372815,448512,2441216,3325952,4079616,2.215392713434994,1,raw/407__rand_read_128k__r2/attempt-1
579d447a01424e71a2b290f90d08a571,full,colva4,407,nvme,/dev/nvme3n1,/mnt/nvme3,rand_write_4k,randwrite,4k,1,3,1,1,byte_limit,10737418240,10.0,8733,8.733,1229522299,1172.563838005066,300176.342608,2621440,103813.696368,105984,115200,127488,216064,9.017743437550962,1,raw/407__rand_write_4k__r3/attempt-1
579d447a01424e71a2b290f90d08a571,full,colva4,407,nvme,/dev/nvme3n1,/mnt/nvme3,seq_read,read,1m,1,3,1,1,byte_limit,10737418240,10.0,4627,4.627,2320600440,2213.097038269043,2213.097039,10240,14268498.075293,14221312,14352384,14483456,23199744,4.919281881302595,1,raw/407__seq_read__r3/attempt-1
579d447a01424e71a2b290f90d08a571,full,colva4,407,nvme,/dev/nvme3n1,/mnt/nvme3,seq_write,write,1m,1,3,1,1,byte_limit,10737418240,10.0,2188,2.188,4907412358,4680.073125839233,4680.073126,10240,6747622.823438001,6586368,7110656,10813440,12124160,2.517054651863873,1,raw/407__seq_write__r3/attempt-1
579d447a01424e71a2b290f90d08a571,full,colva4,407,nvme,/dev/nvme3n1,/mnt/nvme3,rand_read_128k,randread,128k,1,3,1,1,byte_limit,10737418240,10.0,1897,1.897,5660209931,5397.9968366622925,43183.974697,81920,732273.944617,448512,2408448,3293184,4112384,2.2159441839903593,1,raw/407__rand_read_128k__r3/attempt-1
579d447a01424e71a2b290f90d08a571,full,colva4,407,nvme,/dev/nvme3n1,/mnt/nvme3,rand_read_4k,randread,4k,1,3,1,1,byte_limit,10737418240,10.0,6286,6.286,1708147986,1629.0168628692627,417028.316895,2621440,74710.55387,72192,94720,111104,136192,6.567920311354101,1,raw/407__rand_read_4k__r3/attempt-1
579d447a01424e71a2b290f90d08a571,full,colva4,407,nvme,/dev/nvme3n1,/mnt/nvme3,seq_read,read,1m,1,4,1,1,byte_limit,10737418240,10.0,1539,1.539,6976879948,6653.671215057373,6653.671215,10240,4725030.36377,4685824,4816896,5013504,7897088,1.8675847500562668,1,raw/407__seq_read__r4/attempt-1
579d447a01424e71a2b290f90d08a571,full,colva4,407,nvme,/dev/nvme3n1,/mnt/nvme3,seq_write,write,1m,1,4,1,1,byte_limit,10737418240,10.0,2070,2.07,5187158570,4946.859903335571,4946.859903,10240,6386256.75293,6193152,6258688,11993088,13172736,2.416849799454212,1,raw/407__seq_write__r4/attempt-1
579d447a01424e71a2b290f90d08a571,full,colva4,407,nvme,/dev/nvme3n1,/mnt/nvme3,rand_read_128k,randread,128k,1,4,1,1,byte_limit,10737418240,10.0,1906,1.906,5633482812,5372.507869720459,42980.062959,81920,734934.512341,432128,2473984,3424256,4292608,2.215777629055083,1,raw/407__rand_read_128k__r4/attempt-1
579d447a01424e71a2b290f90d08a571,full,colva4,407,nvme,/dev/nvme3n1,/mnt/nvme3,rand_read_4k,randread,4k,1,4,1,1,byte_limit,10737418240,10.0,6315,6.315,1700303759,1621.5360250473022,415113.222486,2621440,75055.394884,72192,94720,111104,138240,6.618247591890395,1,raw/407__rand_read_4k__r4/attempt-1
579d447a01424e71a2b290f90d08a571,full,colva4,407,nvme,/dev/nvme3n1,/mnt/nvme3,rand_write_4k,randwrite,4k,1,4,1,1,byte_limit,10737418240,10.0,8753,8.753,1226712925,1169.8846101760864,299490.460414,2621440,104058.814845,107008,115200,127488,250880,9.0345817534253,1,raw/407__rand_write_4k__r4/attempt-1
579d447a01424e71a2b290f90d08a571,full,colva4,407,nvme,/dev/nvme3n1,/mnt/nvme3,seq_write,write,1m,1,5,1,1,byte_limit,10737418240,10.0,2194,2.194,4893991905,4667.274384498596,4667.274385,10240,6767903.369824,6586368,6717440,11206656,13828096,2.5174123235046864,1,raw/407__seq_write__r5/attempt-1
579d447a01424e71a2b290f90d08a571,full,colva4,407,nvme,/dev/nvme3n1,/mnt/nvme3,rand_read_128k,randread,128k,1,5,1,1,byte_limit,10737418240,10.0,1918,1.918,5598236830,5338.894681930542,42711.157456,81920,739373.674658,411648,2572288,3424256,4079616,2.2159376107156277,1,raw/407__rand_read_128k__r5/attempt-1
579d447a01424e71a2b290f90d08a571,full,colva4,407,nvme,/dev/nvme3n1,/mnt/nvme3,rand_read_4k,randread,4k,1,5,1,1,byte_limit,10737418240,10.0,6328,6.328,1696810720,1618.2048034667969,414260.429836,2621440,75213.826928,72192,94720,111104,140288,6.618161162361503,1,raw/407__rand_read_4k__r5/attempt-1
579d447a01424e71a2b290f90d08a571,full,colva4,407,nvme,/dev/nvme3n1,/mnt/nvme3,rand_write_4k,randwrite,4k,1,5,1,1,byte_limit,10737418240,10.0,8774,8.774,1223776868,1167.0845680236816,298773.649419,2621440,104307.283707,107008,115200,134144,224256,9.066875907592475,1,raw/407__rand_write_4k__r5/attempt-1
579d447a01424e71a2b290f90d08a571,full,colva4,407,nvme,/dev/nvme3n1,/mnt/nvme3,seq_read,read,1m,1,5,1,1,byte_limit,10737418240,10.0,4622,4.622,2323110826,2215.491128921509,2215.491129,10240,14254587.679492,14221312,14352384,14483456,23461888,4.919386596418917,1,raw/407__seq_read__r5/attempt-1
