run_id,mode,host,target_id,media,device,mount,workload,rw,block_size,jobs,repetition,session,attempt,completion_reason,io_bytes,gib,fio_runtime_ms,seconds,bw_bytes_s,bw_mib_s,iops,total_ios,clat_mean_ns,clat_p50_ns,clat_p95_ns,clat_p99_ns,clat_p99_9_ns,command_wall_seconds,preparation_generation,artifact
79a3fd0b23684e1495a4786e040acaba,full,colva1,104,nvme,/dev/nvme1n1p1,/mnt/nvme0,rand_read_128k,randread,128k,4,1,1,1,time_limit,346148700160,322.3760986328125,60003,60.003,5768856557,5501.610333442688,44010.766128999996,2640778,2882748.90640705,2179072,7241728,10420224,12910592,65.3388249296695,1,raw/104__rand_read_128k__r1/attempt-1
79a3fd0b23684e1495a4786e040acaba,full,colva1,104,nvme,/dev/nvme1n1p1,/mnt/nvme0,rand_read_4k,randread,4k,4,1,1,1,time_limit,251472633856,234.20214080810547,60001,60.001,4191140710,3996.9832515716553,1023225.59624,61394559,123088.04444693739,92672,296960,509952,839680,65.32980465702713,1,raw/104__rand_read_4k__r1/attempt-1
79a3fd0b23684e1495a4786e040acaba,full,colva1,104,nvme,/dev/nvme1n1p1,/mnt/nvme0,rand_write_4k,randwrite,4k,4,1,1,1,time_limit,249326272512,232.20318603515625,60001,60.001,4155368616,3962.868324279785,1014492.22513,60870548,124352.77111129365,119296,138240,191488,757760,65.32951980270445,1,raw/104__rand_write_4k__r1/attempt-1
79a3fd0b23684e1495a4786e040acaba,full,colva1,104,nvme,/dev/nvme1n1p1,/mnt/nvme0,seq_read,read,1m,4,1,1,1,time_limit,140088705024,130.4677734375,60057,60.057,2332984465,2224.907364845276,2222.8423359999997,133475,57274332.406774655,73924608,102236160,117964800,131596288,65.39957432448864,1,raw/104__seq_read__r1/attempt-1
79a3fd0b23684e1495a4786e040acaba,full,colva1,104,nvme,/dev/nvme1n1p1,/mnt/nvme0,seq_write,write,1m,4,1,1,1,time_limit,309582626816,288.3212890625,60030,60.03,5157735825,4918.800187110901,4916.68435,295114,25866985.428531665,38010880,42205184,48496640,61603840,65.39065904356539,1,raw/104__seq_write__r1/attempt-1
79a3fd0b23684e1495a4786e040acaba,full,colva1,104,nvme,/dev/nvme1n1p1,/mnt/nvme0,rand_read_4k,randread,4k,4,2,1,1,time_limit,232184377344,216.23855209350586,60001,60.001,3869675127,3690.4097814559937,944742.820953,56685514,133508.64917566752,93696,593920,1286144,1990656,65.32683827914298,1,raw/104__rand_read_4k__r2/attempt-1
79a3fd0b23684e1495a4786e040acaba,full,colva1,104,nvme,/dev/nvme1n1p1,/mnt/nvme0,rand_write_4k,randwrite,4k,4,2,1,1,time_limit,249401950208,232.27366638183594,60001,60.001,4156629892,3964.0711708068848,1014800.119998,60889022,124343.72312931385,120320,138240,185344,765952,65.33175025507808,1,raw/104__rand_write_4k__r2/attempt-1
79a3fd0b23684e1495a4786e040acaba,full,colva1,104,nvme,/dev/nvme1n1p1,/mnt/nvme0,seq_read,read,1m,4,2,1,1,time_limit,140191465472,130.5634765625,60057,60.057,2334839989,2226.6769304275513,2224.595103,133572,57235863.33415502,56885248,100139008,114819072,135266304,65.39775956235826,1,raw/104__seq_read__r2/attempt-1
79a3fd0b23684e1495a4786e040acaba,full,colva1,104,nvme,/dev/nvme1n1p1,/mnt/nvme0,seq_write,write,1m,4,2,1,1,time_limit,309661270016,288.39453125,60030,60.03,5159150318,4920.149152755737,4918.033271,295189,25867583.64830233,37486592,42205184,49020928,60555264,65.38510571047664,1,raw/104__seq_write__r2/attempt-1
79a3fd0b23684e1495a4786e040acaba,full,colva1,104,nvme,/dev/nvme1n1p1,/mnt/nvme0,rand_read_128k,randread,128k,4,2,1,1,time_limit,323498672128,301.2816162109375,60003,60.003,5391374964,5141.615833282471,41130.826791,2467973,3088381.077084432,2867200,5013504,5865472,6717440,65.33716960065067,1,raw/104__rand_read_128k__r2/attempt-1
79a3fd0b23684e1495a4786e040acaba,full,colva1,104,nvme,/dev/nvme1n1p1,/mnt/nvme0,rand_write_4k,randwrite,4k,4,3,1,1,time_limit,249737101312,232.58580017089844,60001,60.001,4162215649,3969.398163795471,1016163.830602,60970846,124180.82925611894,119296,138240,175104,757760,65.32970835082233,1,raw/104__rand_write_4k__r3/attempt-1
79a3fd0b23684e1495a4786e040acaba,full,colva1,104,nvme,/dev/nvme1n1p1,/mnt/nvme0,seq_read,read,1m,4,3,1,1,time_limit,140184125440,130.556640625,60058,60.058,2334507602,2226.359941482544,2224.278302,133565,57236000.062438436,57409536,100139008,114819072,128450560,65.40255788527429,1,raw/104__seq_read__r3/attempt-1
79a3fd0b23684e1495a4786e040acaba,full,colva1,104,nvme,/dev/nvme1n1p1,/mnt/nvme0,seq_write,write,1m,4,3,1,1,time_limit,311235182592,289.8603515625,60034,60.034,5184762369,4944.574707984924,4942.50905,296693,25723427.489284452,25034752,41680896,47972352,61079552,65.38962596468627,1,raw/104__seq_write__r3/attempt-1
79a3fd0b23684e1495a4786e040acaba,full,colva1,104,nvme,/dev/nvme1n1p1,/mnt/nvme0,rand_read_128k,randread,128k,4,3,1,1,time_limit,296977694720,276.58203125,60004,60.004,4949298291,4720.018664360046,37758.066129,2265635,3362333.777616177,1253376,10944512,11862016,12648448,65.3464897479862,1,raw/104__rand_read_128k__r3/attempt-1
79a3fd0b23684e1495a4786e040acaba,full,colva1,104,nvme,/dev/nvme1n1p1,/mnt/nvme0,rand_read_4k,randread,4k,4,3,1,1,time_limit,251494957056,234.22293090820312,60001,60.001,4191512757,3997.3380632400513,1023316.4613929999,61400011,123076.51132446043,95744,333824,585728,946176,65.33166897296906,1,raw/104__rand_read_4k__r3/attempt-1
79a3fd0b23684e1495a4786e040acaba,full,colva1,104,nvme,/dev/nvme1n1p1,/mnt/nvme0,seq_read,read,1m,4,4,1,1,time_limit,287616008192,267.86328125,60020,60.02,4792002800,4570.009994506836,4567.910696000001,274166,27764370.46383043,27656192,42205184,50069504,58982400,65.35122782178223,1,raw/104__seq_read__r4/attempt-1
79a3fd0b23684e1495a4786e040acaba,full,colva1,104,nvme,/dev/nvme1n1p1,/mnt/nvme0,seq_write,write,1m,4,4,1,1,time_limit,312756666368,291.27734375,60028,60.028,5210326407,4968.954474449158,4966.8720539999995,298143,25627136.68301297,25296896,42205184,45875200,61079552,65.38873611949384,1,raw/104__seq_write__r4/attempt-1
79a3fd0b23684e1495a4786e040acaba,full,colva1,104,nvme,/dev/nvme1n1p1,/mnt/nvme0,rand_read_128k,randread,128k,4,4,1,1,time_limit,337061478400,313.9129638671875,60004,60.004,5617340346,5357.113214492798,42854.822529,2571450,2964916.014050603,2834432,3817472,4292608,4751360,65.33812485076487,1,raw/104__rand_read_128k__r4/attempt-1
79a3fd0b23684e1495a4786e040acaba,full,colva1,104,nvme,/dev/nvme1n1p1,/mnt/nvme0,rand_read_4k,randread,4k,4,4,1,1,time_limit,251695251456,234.4094696044922,60001,60.001,4194850942,4000.521604537964,1024131.431144,61448910,122975.86408556235,93696,305152,514048,831488,65.3281044755131,1,raw/104__rand_read_4k__r4/attempt-1
79a3fd0b23684e1495a4786e040acaba,full,colva1,104,nvme,/dev/nvme1n1p1,/mnt/nvme0,rand_write_4k,randwrite,4k,4,4,1,1,time_limit,249155682304,232.0443115234375,60001,60.001,4152525494,3960.1569118499756,1013798.0533660001,60828897,124447.64668631612,120320,140288,191488,757760,65.33288359642029,1,raw/104__rand_write_4k__r4/attempt-1
79a3fd0b23684e1495a4786e040acaba,full,colva1,104,nvme,/dev/nvme1n1p1,/mnt/nvme0,seq_write,write,1m,4,5,1,1,time_limit,310286221312,288.9765625,60024,60.024,5169638701,4930.151654243469,4928.085712,295788,25812322.659711458,25821184,42205184,46923776,60030976,65.38846943154931,1,raw/104__seq_write__r5/attempt-1
79a3fd0b23684e1495a4786e040acaba,full,colva1,104,nvme,/dev/nvme1n1p1,/mnt/nvme0,rand_read_128k,randread,128k,4,5,1,1,time_limit,295250952192,274.973876953125,60004,60.004,4920521167,4692.5746603012085,37538.514099,2252461,3381703.564570839,1187840,11206656,11993088,12779520,65.34299043752253,1,raw/104__rand_read_128k__r5/attempt-1
79a3fd0b23684e1495a4786e040acaba,full,colva1,104,nvme,/dev/nvme1n1p1,/mnt/nvme0,rand_read_4k,randread,4k,4,5,1,1,time_limit,250958569472,233.72338104248047,60001,60.001,4182573114,3988.8125553131104,1021133.9144359999,61269056,123343.272353816,95744,342016,610304,987136,65.33084285072982,1,raw/104__rand_read_4k__r5/attempt-1
79a3fd0b23684e1495a4786e040acaba,full,colva1,104,nvme,/dev/nvme1n1p1,/mnt/nvme0,rand_write_4k,randwrite,4k,4,5,1,1,time_limit,249351516160,232.2266960144043,60001,60.001,4155789337,3963.269555091858,1014594.873419,60876707,124355.68002197881,120320,138240,187392,749568,65.32970474287868,1,raw/104__rand_write_4k__r5/attempt-1
79a3fd0b23684e1495a4786e040acaba,full,colva1,104,nvme,/dev/nvme1n1p1,/mnt/nvme0,seq_read,read,1m,4,5,1,1,time_limit,140072976384,130.453125,60058,60.058,2332518327,2224.462821006775,2222.381301,133459,57274845.18842875,57933824,96993280,113770496,130547712,65.40281048230827,1,raw/104__seq_read__r5/attempt-1
79a3fd0b23684e1495a4786e040acaba,full,colva1,103,hdd,/dev/sdd1,/mnt/hdd4,rand_read_128k,randread,128k,4,1,1,1,time_limit,2293891072,2.1363525390625,60315,60.315,38043362,36.28097724914551,288.124995,17373,428906226.53609306,400556032,792723456,1082130432,1451229184,65.64968374371529,1,raw/103__rand_read_128k__r1/attempt-1
79a3fd0b23684e1495a4786e040acaba,full,colva1,103,hdd,/dev/sdd1,/mnt/hdd4,rand_read_4k,randread,4k,4,1,1,1,time_limit,93974528,0.08752059936523438,60228,60.228,1560791,1.4884862899780273,378.926926,22815,326396166.289515,308281344,633339904,868220928,1182793728,65.54780691117048,1,raw/103__rand_read_4k__r1/attempt-1
79a3fd0b23684e1495a4786e040acaba,full,colva1,103,hdd,/dev/sdd1,/mnt/hdd4,rand_write_4k,randwrite,4k,4,1,1,1,time_limit,95285248,0.08874130249023438,60175,60.175,1584013,1.5106325149536133,384.59470000000005,23135,321551196.1807647,316669952,471859200,935329792,1333788672,65.49769563600421,1,raw/103__rand_write_4k__r1/attempt-1
79a3fd0b23684e1495a4786e040acaba,full,colva1,103,hdd,/dev/sdd1,/mnt/hdd4,seq_read,read,1m,4,1,1,1,time_limit,9742319616,9.0732421875,60290,60.29,161910926,154.41029167175293,152.28300800000002,9163,808708259.6983695,843055104,918552576,1069547520,1199570944,65.65100334957242,1,raw/103__seq_read__r1/attempt-1
79a3fd0b23684e1495a4786e040acaba,full,colva1,103,hdd,/dev/sdd1,/mnt/hdd4,seq_write,write,1m,4,1,1,1,time_limit,10207887360,9.5068359375,60200,60.2,169682952,161.82227325439453,159.694569,9607,771622524.9238305,792723456,826277888,1367343104,1484783616,65.55232367292047,1,raw/103__seq_write__r1/attempt-1
79a3fd0b23684e1495a4786e040acaba,full,colva1,103,hdd,/dev/sdd1,/mnt/hdd4,rand_read_4k,randread,4k,4,2,1,1,time_limit,93511680,0.08708953857421875,60211,60.211,1553690,1.4817142486572266,377.192683,22702,327944887.6143576,308281344,616562688,834666496,1166016512,65.54835079610348,1,raw/103__rand_read_4k__r2/attempt-1
79a3fd0b23684e1495a4786e040acaba,full,colva1,103,hdd,/dev/sdd1,/mnt/hdd4,rand_write_4k,randwrite,4k,4,2,1,1,time_limit,94892032,0.08837509155273438,60195,60.195,1576952,1.5038986206054688,382.871414,23039,322982238.25743043,316669952,459276288,1010827264,1551892480,65.4981790613383,1,raw/103__rand_write_4k__r2/attempt-1
79a3fd0b23684e1495a4786e040acaba,full,colva1,103,hdd,/dev/sdd1,/mnt/hdd4,seq_read,read,1m,4,2,1,1,time_limit,9698279424,9.0322265625,60278,60.278,161212472,153.74419403076172,151.616489,9121,812061176.4973485,826277888,918552576,1115684864,1166016512,65.60053684748709,1,raw/103__seq_read__r2/attempt-1
79a3fd0b23684e1495a4786e040acaba,full,colva1,103,hdd,/dev/sdd1,/mnt/hdd4,seq_write,write,1m,4,2,1,1,time_limit,10207887360,9.5068359375,60215,60.215,169635839,161.77734279632568,159.650189,9607,771799307.2749525,801112064,843055104,1367343104,1451229184,65.55213635414839,1,raw/103__seq_write__r2/attempt-1
79a3fd0b23684e1495a4786e040acaba,full,colva1,103,hdd,/dev/sdd1,/mnt/hdd4,rand_read_128k,randread,128k,4,2,1,1,time_limit,2310275072,2.151611328125,60290,60.29,38342600,36.56635284423828,290.40648,17498,425705713.46290493,396361728,792723456,1098907648,1468006400,65.59956312552094,1,raw/103__rand_read_128k__r2/attempt-1
79a3fd0b23684e1495a4786e040acaba,full,colva1,103,hdd,/dev/sdd1,/mnt/hdd4,rand_write_4k,randwrite,4k,4,3,1,1,time_limit,95268864,0.08872604370117188,60176,60.176,1583820,1.5104484558105469,384.54740300000003,23131,321629445.41870975,316669952,463470592,910163968,1417674752,65.49902624450624,1,raw/103__rand_write_4k__r3/attempt-1
79a3fd0b23684e1495a4786e040acaba,full,colva1,103,hdd,/dev/sdd1,/mnt/hdd4,seq_read,read,1m,4,3,1,1,time_limit,9809428480,9.1357421875,60340,60.34,162903752,155.35712432861328,153.23137599999998,9227,803346003.3981451,843055104,918552576,952107008,1035993088,65.70042916946113,1,raw/103__seq_read__r3/attempt-1
79a3fd0b23684e1495a4786e040acaba,full,colva1,103,hdd,/dev/sdd1,/mnt/hdd4,seq_write,write,1m,4,3,1,1,time_limit,10182721536,9.4833984375,60237,60.237,169100640,161.26693725585938,159.141276,9583,773861491.837436,792723456,834666496,1384120320,1551892480,65.60191913880408,1,raw/103__seq_write__r3/attempt-1
79a3fd0b23684e1495a4786e040acaba,full,colva1,103,hdd,/dev/sdd1,/mnt/hdd4,rand_read_128k,randread,128k,4,3,1,1,time_limit,2299002880,2.14111328125,60270,60.27,38163745,36.39578342437744,289.041468,17412,427589250.45664907,400556032,809500672,1098907648,1669332992,65.59890534542501,1,raw/103__rand_read_128k__r3/attempt-1
79a3fd0b23684e1495a4786e040acaba,full,colva1,103,hdd,/dev/sdd1,/mnt/hdd4,rand_read_4k,randread,4k,4,3,1,1,time_limit,94978048,0.0884552001953125,60191,60.191,1578723,1.5055875778198242,383.303362,23060,322756231.5021265,304087040,616562688,851443712,1233125376,65.49854749254882,1,raw/103__rand_read_4k__r3/attempt-1
79a3fd0b23684e1495a4786e040acaba,full,colva1,103,hdd,/dev/sdd1,/mnt/hdd4,seq_read,read,1m,4,4,1,1,time_limit,9814671360,9.140625,60345,60.345,162960234,155.41098976135254,153.285704,9232,803633245.8605639,834666496,901775360,926941184,1098907648,65.70200340263546,1,raw/103__seq_read__r4/attempt-1
79a3fd0b23684e1495a4786e040acaba,full,colva1,103,hdd,/dev/sdd1,/mnt/hdd4,seq_write,write,1m,4,4,1,1,time_limit,10160701440,9.462890625,60232,60.232,168734705,160.91795444488525,158.792328,9562,774131906.1952692,809500672,851443712,1451229184,1551892480,65.60305261984468,1,raw/103__seq_write__r4/attempt-1
79a3fd0b23684e1495a4786e040acaba,full,colva1,103,hdd,/dev/sdd1,/mnt/hdd4,rand_read_128k,randread,128k,4,4,1,1,time_limit,2308046848,2.1495361328125,60294,60.294,38294959,36.52091884613037,290.04360299999996,17481,426106241.24451035,400556032,792723456,1098907648,1652555776,65.59965193644166,1,raw/103__rand_read_128k__r4/attempt-1
79a3fd0b23684e1495a4786e040acaba,full,colva1,103,hdd,/dev/sdd1,/mnt/hdd4,rand_read_4k,randread,4k,4,4,1,1,time_limit,94834688,0.08832168579101562,60259,60.259,1574384,1.5014495849609375,382.246544,23025,323612385.8954488,304087040,633339904,868220928,1266679808,65.5980479605496,1,raw/103__rand_read_4k__r4/attempt-1
79a3fd0b23684e1495a4786e040acaba,full,colva1,103,hdd,/dev/sdd1,/mnt/hdd4,rand_write_4k,randwrite,4k,4,4,1,1,time_limit,95260672,0.08871841430664062,60163,60.163,1583908,1.5105323791503906,384.5683230000001,23129,321527214.32097375,316669952,471859200,901775360,1400897536,65.49892134964466,1,raw/103__rand_write_4k__r4/attempt-1
79a3fd0b23684e1495a4786e040acaba,full,colva1,103,hdd,/dev/sdd1,/mnt/hdd4,seq_write,write,1m,4,5,1,1,time_limit,10182721536,9.4833984375,60201,60.201,169224495,161.38505458831787,159.257884,9583,773432060.7933514,784334848,826277888,1400897536,1501560832,65.55253704078496,1,raw/103__seq_write__r5/attempt-1
79a3fd0b23684e1495a4786e040acaba,full,colva1,103,hdd,/dev/sdd1,/mnt/hdd4,rand_read_128k,randread,128k,4,5,1,1,time_limit,2299265024,2.141357421875,60341,60.341,38117314,36.35150337219238,288.690057,17414,428254923.31586957,400556032,775946240,1098907648,1468006400,65.69886402413249,1,raw/103__rand_read_128k__r5/attempt-1
79a3fd0b23684e1495a4786e040acaba,full,colva1,103,hdd,/dev/sdd1,/mnt/hdd4,rand_read_4k,randread,4k,4,5,1,1,time_limit,94576640,0.08808135986328125,60245,60.245,1570804,1.4980354309082031,381.37165400000004,22962,324422402.3224846,304087040,616562688,851443712,1199570944,65.59935051202774,1,raw/103__rand_read_4k__r5/attempt-1
79a3fd0b23684e1495a4786e040acaba,full,colva1,103,hdd,/dev/sdd1,/mnt/hdd4,rand_write_4k,randwrite,4k,4,5,1,1,time_limit,95121408,0.08858871459960938,60164,60.164,1581665,1.5083932876586914,384.02072899999996,23095,322029501.26833475,316669952,488636416,918552576,1333788672,65.49867753684521,1,raw/103__rand_write_4k__r5/attempt-1
79a3fd0b23684e1495a4786e040acaba,full,colva1,103,hdd,/dev/sdd1,/mnt/hdd4,seq_read,read,1m,4,5,1,1,time_limit,9829351424,9.154296875,60341,60.341,163260844,155.69767379760742,153.571938,9246,801708290.2903339,868220928,1283457024,1317011456,1451229184,65.69954328611493,1,raw/103__seq_read__r5/attempt-1
79a3fd0b23684e1495a4786e040acaba,full,colva1,105,nvme,/dev/nvme0n1p1,/mnt/nvme1,rand_read_128k,randread,128k,4,1,1,1,time_limit,336761585664,313.6336669921875,60003,60.003,5612412472,5352.413627624512,42817.225806,2569162,2964291.8654316855,2834432,3817472,4489216,5210112,65.33668877184391,1,raw/105__rand_read_128k__r1/attempt-1
79a3fd0b23684e1495a4786e040acaba,full,colva1,105,nvme,/dev/nvme0n1p1,/mnt/nvme1,rand_read_4k,randread,4k,4,1,1,1,time_limit,241857056768,225.2469367980957,60001,60.001,4030883762,3844.1503162384033,984100.364994,59047006,128091.04219770554,109056,248832,378880,602112,65.32961353287101,1,raw/105__rand_read_4k__r1/attempt-1
79a3fd0b23684e1495a4786e040acaba,full,colva1,105,nvme,/dev/nvme0n1p1,/mnt/nvme1,rand_write_4k,randwrite,4k,4,1,1,1,time_limit,225204641792,209.73816680908203,60001,60.001,3753348139,3579.4717206954956,916342.677623,54981477,137839.94373566576,134144,154624,197632,651264,65.33196227997541,1,raw/105__rand_write_4k__r1/attempt-1
79a3fd0b23684e1495a4786e040acaba,full,colva1,105,nvme,/dev/nvme0n1p1,/mnt/nvme1,seq_read,read,1m,4,1,1,1,time_limit,139826561024,130.2236328125,60065,60.065,2328582680,2220.7094955444336,2218.644439,133225,57388384.639753945,57409536,100139008,115867648,135266304,65.40003318525851,1,raw/105__seq_read__r1/attempt-1
79a3fd0b23684e1495a4786e040acaba,full,colva1,105,nvme,/dev/nvme0n1p1,/mnt/nvme1,seq_write,write,1m,4,1,1,1,time_limit,303325773824,282.494140625,60032,60.032,5053368845,4819.268078804016,4817.168987999999,289148,26406255.47574379,37486592,43778048,47972352,54788096,65.3868224658072,1,raw/105__seq_write__r1/attempt-1
79a3fd0b23684e1495a4786e040acaba,full,colva1,105,nvme,/dev/nvme0n1p1,/mnt/nvme1,rand_read_4k,randread,4k,4,2,1,1,time_limit,188675665920,175.7179069519043,60001,60.001,3144542021,2998.868962287903,767708.371527,46063270,164808.75289134527,99840,684032,1875968,3817472,65.32763014547527,1,raw/105__rand_read_4k__r2/attempt-1
79a3fd0b23684e1495a4786e040acaba,full,colva1,105,nvme,/dev/nvme0n1p1,/mnt/nvme1,rand_write_4k,randwrite,4k,4,2,1,1,time_limit,225452146688,209.9686737060547,60001,60.001,3757473152,3583.4056396484375,917349.727504,55041901,137691.09003049595,134144,154624,205824,659456,65.33175815269351,1,raw/105__rand_write_4k__r2/attempt-1
79a3fd0b23684e1495a4786e040acaba,full,colva1,105,nvme,/dev/nvme0n1p1,/mnt/nvme1,seq_read,read,1m,4,2,1,1,time_limit,140117016576,130.494140625,60059,60.059,2333190030,2225.103406906128,2223.021932,133501,57264654.55606877,57409536,95944704,113770496,133693440,65.40290935337543,1,raw/105__seq_read__r2/attempt-1
79a3fd0b23684e1495a4786e040acaba,full,colva1,105,nvme,/dev/nvme0n1p1,/mnt/nvme1,seq_write,write,1m,4,2,1,1,time_limit,299332796416,278.775390625,60029,60.029,4987039598,4756.01157951355,4753.929044,285341,26749442.465062436,37486592,43253760,49020928,66846720,65.38706237263978,1,raw/105__seq_write__r2/attempt-1
79a3fd0b23684e1495a4786e040acaba,full,colva1,105,nvme,/dev/nvme0n1p1,/mnt/nvme1,rand_read_128k,randread,128k,4,2,1,1,time_limit,286285103104,266.623779296875,60004,60.004,4771100310,4550.0758266448975,36398.523431,2184057,3490091.9596136967,3096576,5406720,8159232,9240576,65.34249374829233,1,raw/105__rand_read_128k__r2/attempt-1
79a3fd0b23684e1495a4786e040acaba,full,colva1,105,nvme,/dev/nvme0n1p1,/mnt/nvme1,rand_write_4k,randwrite,4k,4,3,1,1,time_limit,225277177856,209.80572128295898,60001,60.001,3754557053,3580.6246309280396,916637.8227039999,54999186,137826.34846040743,134144,152576,199680,651264,65.33041931129992,1,raw/105__rand_write_4k__r3/attempt-1
79a3fd0b23684e1495a4786e040acaba,full,colva1,105,nvme,/dev/nvme0n1p1,/mnt/nvme1,seq_read,read,1m,4,3,1,1,time_limit,140218728448,130.5888671875,60057,60.057,2335111989,2226.9363298416138,2224.8713,133599,57215546.11823265,57409536,96993280,112721920,137363456,65.40058523416519,1,raw/105__seq_read__r3/attempt-1
79a3fd0b23684e1495a4786e040acaba,full,colva1,105,nvme,/dev/nvme0n1p1,/mnt/nvme1,seq_write,write,1m,4,3,1,1,time_limit,297757835264,277.30859375,60032,60.032,4960330621,4730.539914131165,4728.45753,283839,26904048.276547898,37486592,44826624,50593792,67633152,65.38872868940234,1,raw/105__seq_write__r3/attempt-1
79a3fd0b23684e1495a4786e040acaba,full,colva1,105,nvme,/dev/nvme0n1p1,/mnt/nvme1,rand_read_128k,randread,128k,4,3,1,1,time_limit,289003929600,269.1558837890625,60004,60.004,4816431114,4593.306650161743,36744.386678,2204801,3456881.6842111237,3063808,5275648,8224768,9109504,65.34275737218559,1,raw/105__rand_read_128k__r3/attempt-1
79a3fd0b23684e1495a4786e040acaba,full,colva1,105,nvme,/dev/nvme0n1p1,/mnt/nvme1,rand_read_4k,randread,4k,4,3,1,1,time_limit,194264698880,180.92309951782227,60001,60.001,3237691018,3087.7027683258057,790449.792504,47427778,159986.92940437808,112128,493568,978944,1810432,65.32709432579577,1,raw/105__rand_read_4k__r3/attempt-1
79a3fd0b23684e1495a4786e040acaba,full,colva1,105,nvme,/dev/nvme0n1p1,/mnt/nvme1,seq_read,read,1m,4,4,1,1,time_limit,287678922752,267.921875,60029,60.029,4792711770,4570.6861209869385,4568.586975,274226,27758954.51876807,26345472,45875200,58982400,72876032,65.3534250408411,1,raw/105__seq_read__r4/attempt-1
79a3fd0b23684e1495a4786e040acaba,full,colva1,105,nvme,/dev/nvme0n1p1,/mnt/nvme1,seq_write,write,1m,4,4,1,1,time_limit,283325235200,263.8671875,60033,60.033,4720191123,4501.5250425338745,4499.425906,270074,28265089.820003193,28704768,46923776,54788096,68681728,65.39310206100345,1,raw/105__seq_write__r4/attempt-1
79a3fd0b23684e1495a4786e040acaba,full,colva1,105,nvme,/dev/nvme0n1p1,/mnt/nvme1,rand_read_128k,randread,128k,4,4,1,1,time_limit,299470159872,278.9033203125,60003,60.003,4990919783,4759.712012290955,38075.629552,2284652,3336234.6667544143,2506752,13172736,19791872,24248320,65.33851523324847,1,raw/105__rand_read_128k__r4/attempt-1
79a3fd0b23684e1495a4786e040acaba,full,colva1,105,nvme,/dev/nvme0n1p1,/mnt/nvme1,rand_read_4k,randread,4k,4,4,1,1,time_limit,193575448576,180.28118515014648,60001,60.001,3226203705,3076.747612953186,787645.289245,47259505,160566.97127338185,111104,528384,1028096,1843200,65.32790775224566,1,raw/105__rand_read_4k__r4/attempt-1
79a3fd0b23684e1495a4786e040acaba,full,colva1,105,nvme,/dev/nvme0n1p1,/mnt/nvme1,rand_write_4k,randwrite,4k,4,4,1,1,time_limit,224934694912,209.48675918579102,60001,60.001,3748849099,3575.1811017990112,915244.279262,54915572,138025.45489167646,134144,154624,203776,667648,65.32864726521075,1,raw/105__rand_write_4k__r4/attempt-1
79a3fd0b23684e1495a4786e040acaba,full,colva1,105,nvme,/dev/nvme0n1p1,/mnt/nvme1,seq_write,write,1m,4,5,1,1,time_limit,282740129792,263.322265625,60033,60.033,4710262990,4492.056837081909,4489.974414,269517,28351130.79085376,43253760,47448064,51118080,65273856,65.38796008564532,1,raw/105__seq_write__r5/attempt-1
79a3fd0b23684e1495a4786e040acaba,full,colva1,105,nvme,/dev/nvme0n1p1,/mnt/nvme1,rand_read_128k,randread,128k,4,5,1,1,time_limit,282708672512,263.29296875,60004,60.004,4711497107,4493.2337827682495,35943.78708,2156771,3533955.2723347456,3194880,6062080,8290304,9240576,65.3452570233494,1,raw/105__rand_read_128k__r5/attempt-1
79a3fd0b23684e1495a4786e040acaba,full,colva1,105,nvme,/dev/nvme0n1p1,/mnt/nvme1,rand_read_4k,randread,4k,4,5,1,1,time_limit,191589351424,178.43148803710938,60001,60.001,3193102636,3045.179973602295,779563.973934,46774618,162242.71280209403,114176,460800,880640,1548288,65.32830160856247,1,raw/105__rand_read_4k__r5/attempt-1
79a3fd0b23684e1495a4786e040acaba,full,colva1,105,nvme,/dev/nvme0n1p1,/mnt/nvme1,rand_write_4k,randwrite,4k,4,5,1,1,time_limit,226498940928,210.94357681274414,60001,60.001,3774919432,3600.0437088012695,921609.089849,55297467,137146.0004391097,134144,140288,181248,667648,65.33023986034095,1,raw/105__rand_write_4k__r5/attempt-1
79a3fd0b23684e1495a4786e040acaba,full,colva1,105,nvme,/dev/nvme0n1p1,/mnt/nvme1,seq_read,read,1m,4,5,1,1,time_limit,139770986496,130.171875,60057,60.057,2327606452,2219.778491973877,2217.696876,133171,57409723.90921995,57409536,99090432,116916224,137363456,65.40218424983323,1,raw/105__seq_read__r5/attempt-1
79a3fd0b23684e1495a4786e040acaba,full,colva1,106,nvme,/dev/nvme2n1p1,/mnt/nvme2,rand_read_128k,randread,128k,4,1,1,1,time_limit,348066807808,324.1624755859375,60003,60.003,5800823421,5532.09631061554,44254.687266,2655414,2867892.211839491,2342912,6782976,9895936,12779520,65.33944960311055,1,raw/106__rand_read_128k__r1/attempt-1
79a3fd0b23684e1495a4786e040acaba,full,colva1,106,nvme,/dev/nvme2n1p1,/mnt/nvme2,rand_read_4k,randread,4k,4,1,1,1,time_limit,242119835648,225.49166870117188,60001,60.001,4035263338,3848.3270053863525,985169.630506,59111163,127959.35807329223,108032,250880,382976,618496,65.33023689687252,1,raw/106__rand_read_4k__r1/attempt-1
79a3fd0b23684e1495a4786e040acaba,full,colva1,106,nvme,/dev/nvme2n1p1,/mnt/nvme2,rand_write_4k,randwrite,4k,4,1,1,1,time_limit,226526990336,210.96969985961914,60001,60.001,3775386914,3600.4895343780518,921723.237946,55304316,137103.07494603525,134144,144384,191488,305152,65.3303243778646,1,raw/106__rand_write_4k__r1/attempt-1
79a3fd0b23684e1495a4786e040acaba,full,colva1,106,nvme,/dev/nvme2n1p1,/mnt/nvme2,seq_read,read,1m,4,1,1,1,time_limit,139887378432,130.2802734375,60057,60.057,2329538782,2221.6213054656982,2219.556352,133283,57360601.67720124,57409536,98041856,116916224,141557760,65.39881307817996,1,raw/106__seq_read__r1/attempt-1
79a3fd0b23684e1495a4786e040acaba,full,colva1,106,nvme,/dev/nvme2n1p1,/mnt/nvme2,seq_write,write,1m,4,1,1,1,time_limit,310724526080,289.384765625,60026,60.026,5177029836,4937.200389862061,4935.117758,296205,25783408.16241411,25559040,42205184,43253760,54788096,65.38562923669815,1,raw/106__seq_write__r1/attempt-1
79a3fd0b23684e1495a4786e040acaba,full,colva1,106,nvme,/dev/nvme2n1p1,/mnt/nvme2,rand_read_4k,randread,4k,4,2,1,1,time_limit,241954050048,225.3372688293457,60001,60.001,4032500290,3845.691957473755,984495.008416,59070685,128057.14920266891,109056,248832,378880,593920,65.33170595951378,1,raw/106__rand_read_4k__r2/attempt-1
79a3fd0b23684e1495a4786e040acaba,full,colva1,106,nvme,/dev/nvme2n1p1,/mnt/nvme2,rand_write_4k,randwrite,4k,4,2,1,1,time_limit,225813143552,210.30487823486328,60001,60.001,3763489665,3589.143433570862,918818.6530230001,55130038,137521.02086644675,134144,150528,197632,292864,65.33169340714812,1,raw/106__rand_write_4k__r2/attempt-1
79a3fd0b23684e1495a4786e040acaba,full,colva1,106,nvme,/dev/nvme2n1p1,/mnt/nvme2,seq_read,read,1m,4,2,1,1,time_limit,140016353280,130.400390625,60058,60.058,2331682991,2223.6661825180054,2221.5845990000003,133405,57312667.78088226,57409536,95944704,114819072,137363456,65.4001941960305,1,raw/106__seq_read__r2/attempt-1
79a3fd0b23684e1495a4786e040acaba,full,colva1,106,nvme,/dev/nvme2n1p1,/mnt/nvme2,seq_write,write,1m,4,2,1,1,time_limit,312765054976,291.28515625,60026,60.026,5210843181,4969.447308540344,4967.3814,298152,25605809.17689318,25034752,41680896,49020928,62128128,65.39118460938334,1,raw/106__seq_write__r2/attempt-1
79a3fd0b23684e1495a4786e040acaba,full,colva1,106,nvme,/dev/nvme2n1p1,/mnt/nvme2,rand_read_128k,randread,128k,4,2,1,1,time_limit,306846892032,285.7734375,60004,60.004,5113773947,4876.874873161316,39012.915806,2340931,3255400.7560361694,1908736,8716288,9633792,10551296,65.33987699076533,1,raw/106__rand_read_128k__r2/attempt-1
79a3fd0b23684e1495a4786e040acaba,full,colva1,106,nvme,/dev/nvme2n1p1,/mnt/nvme2,rand_write_4k,randwrite,4k,4,3,1,1,time_limit,225884930048,210.37173461914062,60001,60.001,3764686087,3590.284430503845,919110.7314879999,55147563,137439.68792202137,134144,154624,201728,301056,65.32884034886956,1,raw/106__rand_write_4k__r3/attempt-1
79a3fd0b23684e1495a4786e040acaba,full,colva1,106,nvme,/dev/nvme2n1p1,/mnt/nvme2,seq_read,read,1m,4,3,1,1,time_limit,140215582720,130.5859375,60057,60.057,2335041483,2226.8690900802612,2224.78744,133595,57227654.81081917,57409536,94896128,112721920,137363456,65.40022303164005,1,raw/106__seq_read__r3/attempt-1
79a3fd0b23684e1495a4786e040acaba,full,colva1,106,nvme,/dev/nvme2n1p1,/mnt/nvme2,seq_write,write,1m,4,3,1,1,time_limit,309065678848,287.83984375,60027,60.027,5149257641,4910.7147607803345,4908.632175,294623,25911961.059370186,25296896,42205184,47972352,60030976,65.38799930550158,1,raw/106__seq_write__r3/attempt-1
79a3fd0b23684e1495a4786e040acaba,full,colva1,106,nvme,/dev/nvme2n1p1,/mnt/nvme2,rand_read_128k,randread,128k,4,3,1,1,time_limit,322357035008,300.2183837890625,60004,60.004,5372259097,5123.385521888733,40984.984334,2459263,3095373.6817678814,2899968,4358144,4816896,5275648,65.33766809292138,1,raw/106__rand_read_128k__r3/attempt-1
79a3fd0b23684e1495a4786e040acaba,full,colva1,106,nvme,/dev/nvme2n1p1,/mnt/nvme2,rand_read_4k,randread,4k,4,3,1,1,time_limit,241874833408,225.26349258422852,60001,60.001,4031180035,3844.432864189148,984172.7137879999,59051347,128085.00235439799,110080,248832,374784,593920,65.32756127975881,1,raw/106__rand_read_4k__r3/attempt-1
79a3fd0b23684e1495a4786e040acaba,full,colva1,106,nvme,/dev/nvme2n1p1,/mnt/nvme2,seq_read,read,1m,4,4,1,1,time_limit,292652318720,272.5537109375,60034,60.034,4874796496,4648.968215942383,4646.886058,278970,27332792.06973493,27131904,40632320,55836672,70778880,65.34695268981159,1,raw/106__seq_read__r4/attempt-1
79a3fd0b23684e1495a4786e040acaba,full,colva1,106,nvme,/dev/nvme2n1p1,/mnt/nvme2,seq_write,write,1m,4,4,1,1,time_limit,310687825920,289.3505859375,60028,60.028,5175903311,4936.126051902771,4934.043613,296170,25793418.64435691,34340864,42205184,45875200,59506688,65.38716760464013,1,raw/106__seq_write__r4/attempt-1
79a3fd0b23684e1495a4786e040acaba,full,colva1,106,nvme,/dev/nvme2n1p1,/mnt/nvme2,rand_read_128k,randread,128k,4,4,1,1,time_limit,303890038784,283.0196533203125,60003,60.003,5064580749,4829.960583686829,38637.584788,2318371,3282737.596120422,1679360,9633792,10289152,10944512,65.3465737812221,1,raw/106__rand_read_128k__r4/attempt-1
79a3fd0b23684e1495a4786e040acaba,full,colva1,106,nvme,/dev/nvme2n1p1,/mnt/nvme2,rand_read_4k,randread,4k,4,4,1,1,time_limit,242264047616,225.6259765625,60001,60.001,4037666830,3850.6191539764404,985756.4040600001,59146370,127878.2424412045,110080,244736,366592,569344,65.32835055142641,1,raw/106__rand_read_4k__r4/attempt-1
79a3fd0b23684e1495a4786e040acaba,full,colva1,106,nvme,/dev/nvme2n1p1,/mnt/nvme2,rand_write_4k,randwrite,4k,4,4,1,1,time_limit,225822273536,210.31338119506836,60001,60.001,3763641829,3589.2885484695435,918855.7690709999,55132265,137479.47174716165,134144,150528,201728,301056,65.3285315874964,1,raw/106__rand_write_4k__r4/attempt-1
79a3fd0b23684e1495a4786e040acaba,full,colva1,106,nvme,/dev/nvme2n1p1,/mnt/nvme2,seq_write,write,1m,4,5,1,1,time_limit,309298462720,288.056640625,60027,60.027,5153382157,4914.648205757141,4912.582213,294846,25906640.512682576,38010880,42205184,44302336,57409536,65.38802338391542,1,raw/106__seq_write__r5/attempt-1
79a3fd0b23684e1495a4786e040acaba,full,colva1,106,nvme,/dev/nvme2n1p1,/mnt/nvme2,rand_read_128k,randread,128k,4,5,1,1,time_limit,282686914560,263.272705078125,60004,60.004,4711134498,4492.887971878052,35941.037263,2156606,3536299.5032974468,3227648,5472256,5865472,6324224,65.33891928382218,1,raw/106__rand_read_128k__r5/attempt-1
79a3fd0b23684e1495a4786e040acaba,full,colva1,106,nvme,/dev/nvme2n1p1,/mnt/nvme2,rand_read_4k,randread,4k,4,5,1,1,time_limit,212896284672,198.27511596679688,60001,60.001,3548212272,3383.838912963867,866260.6789890002,51976507,145849.8658857725,102912,577536,1253376,1875968,65.33032043278217,1,raw/106__rand_read_4k__r5/attempt-1
79a3fd0b23684e1495a4786e040acaba,full,colva1,106,nvme,/dev/nvme2n1p1,/mnt/nvme2,rand_write_4k,randwrite,4k,4,5,1,1,time_limit,225403502592,209.92337036132812,60001,60.001,3756662430,3582.632474899292,917151.814136,55030026,137714.02116852452,134144,156672,205824,309248,65.33039426989853,1,raw/106__rand_write_4k__r5/attempt-1
79a3fd0b23684e1495a4786e040acaba,full,colva1,106,nvme,/dev/nvme2n1p1,/mnt/nvme2,seq_read,read,1m,4,5,1,1,time_limit,140157911040,130.5322265625,60057,60.057,2334176432,2226.0441131591797,2223.962373,133540,57244589.67964667,57409536,94896128,111673344,135266304,65.40256261453032,1,raw/106__seq_read__r5/attempt-1
79a3fd0b23684e1495a4786e040acaba,full,colva1,101,hdd,/dev/sdb1,/mnt/hdd2,rand_read_128k,randread,128k,4,1,1,1,time_limit,2286419968,2.12939453125,60277,60.277,37949356,36.19132614135742,287.406112,17316,429989763.5423577,400556032,809500672,1098907648,1501560832,65.5997359007597,1,raw/101__rand_read_128k__r1/attempt-1
79a3fd0b23684e1495a4786e040acaba,full,colva1,101,hdd,/dev/sdb1,/mnt/hdd2,rand_read_4k,randread,4k,4,1,1,1,time_limit,94003200,0.08754730224609375,60249,60.249,1560950,1.488637924194336,378.966371,22822,326428325.6979675,304087040,608174080,851443712,1233125376,65.5488466359675,1,raw/101__rand_read_4k__r1/attempt-1
79a3fd0b23684e1495a4786e040acaba,full,colva1,101,hdd,/dev/sdb1,/mnt/hdd2,rand_write_4k,randwrite,4k,4,1,1,1,time_limit,95518720,0.088958740234375,60164,60.164,1588238,1.5146617889404297,385.625494,23192,320675255.0085261,316669952,484442112,876609536,1266679808,65.49795766361058,1,raw/101__rand_write_4k__r1/attempt-1
79a3fd0b23684e1495a4786e040acaba,full,colva1,101,hdd,/dev/sdb1,/mnt/hdd2,seq_read,read,1m,4,1,1,1,time_limit,9685696512,9.0205078125,60325,60.325,160902732,153.44880294799805,151.32236600000002,9109,813120872.128287,826277888,901775360,1199570944,1283457024,65.64972288534045,1,raw/101__seq_read__r1/attempt-1
79a3fd0b23684e1495a4786e040acaba,full,colva1,101,hdd,/dev/sdb1,/mnt/hdd2,seq_write,write,1m,4,1,1,1,time_limit,10180624384,9.4814453125,60259,60.259,169046820,161.2156105041504,159.090177,9581,774219262.2364053,817889280,859832320,1350565888,1468006400,65.60142141208053,1,raw/101__seq_write__r1/attempt-1
79a3fd0b23684e1495a4786e040acaba,full,colva1,101,hdd,/dev/sdb1,/mnt/hdd2,rand_read_4k,randread,4k,4,2,1,1,time_limit,93868032,0.08742141723632812,60236,60.236,1558744,1.4865341186523438,378.427573,22789,326926601.62330747,308281344,624951296,910163968,1283457024,65.54850906319916,1,raw/101__rand_read_4k__r2/attempt-1
79a3fd0b23684e1495a4786e040acaba,full,colva1,101,hdd,/dev/sdb1,/mnt/hdd2,rand_write_4k,randwrite,4k,4,2,1,1,time_limit,94539776,0.08804702758789062,60167,60.167,1571941,1.499119758605957,381.64685299999996,22953,324020685.6836871,316669952,471859200,1019215872,1669332992,65.49798532016575,1,raw/101__rand_write_4k__r2/attempt-1
79a3fd0b23684e1495a4786e040acaba,full,colva1,101,hdd,/dev/sdb1,/mnt/hdd2,seq_read,read,1m,4,2,1,1,time_limit,9749659648,9.080078125,60228,60.228,162152311,154.64049434661865,152.51157700000002,9170,807610032.4486562,826277888,901775360,968884224,1002438656,65.5497511997819,1,raw/101__seq_read__r2/attempt-1
79a3fd0b23684e1495a4786e040acaba,full,colva1,101,hdd,/dev/sdb1,/mnt/hdd2,seq_write,write,1m,4,2,1,1,time_limit,10165944320,9.4677734375,60216,60.216,168961757,161.13448810577393,159.007087,9567,774615107.7553868,784334848,826277888,1367343104,1501560832,65.60259252414107,1,raw/101__seq_write__r2/attempt-1
79a3fd0b23684e1495a4786e040acaba,full,colva1,101,hdd,/dev/sdb1,/mnt/hdd2,rand_read_128k,randread,128k,4,2,1,1,time_limit,2299527168,2.1416015625,60303,60.303,38152499,36.38505840301514,288.956775,17416,427784025.6216936,404750336,801112064,1132462080,1501560832,65.64983344450593,1,raw/101__rand_read_128k__r2/attempt-1
79a3fd0b23684e1495a4786e040acaba,full,colva1,101,hdd,/dev/sdb1,/mnt/hdd2,rand_write_4k,randwrite,4k,4,3,1,1,time_limit,95514624,0.08895492553710938,60174,60.174,1588149,1.5145769119262695,385.60411600000003,23191,320673639.7816992,316669952,471859200,926941184,1384120320,65.4995019864291,1,raw/101__rand_write_4k__r3/attempt-1
79a3fd0b23684e1495a4786e040acaba,full,colva1,101,hdd,/dev/sdb1,/mnt/hdd2,seq_read,read,1m,4,3,1,1,time_limit,9761193984,9.0908203125,60235,60.235,162256649,154.73999881744385,152.612367,9181,807031893.1212627,834666496,1052770304,1283457024,1317011456,65.54994800314307,1,raw/101__seq_read__r3/attempt-1
79a3fd0b23684e1495a4786e040acaba,full,colva1,101,hdd,/dev/sdb1,/mnt/hdd2,seq_write,write,1m,4,3,1,1,time_limit,10140778496,9.4443359375,60231,60.231,168432892,160.63012313842773,158.50409,9543,777048920.5972725,792723456,834666496,1417674752,1501560832,65.60243296064436,1,raw/101__seq_write__r3/attempt-1
79a3fd0b23684e1495a4786e040acaba,full,colva1,101,hdd,/dev/sdb1,/mnt/hdd2,rand_read_128k,randread,128k,4,3,1,1,time_limit,2314862592,2.1558837890625,60300,60.3,38416830,36.63714408874512,290.97290499999997,17533,424861843.1396553,396361728,801112064,1082130432,1753219072,65.59801158122718,1,raw/101__rand_read_128k__r3/attempt-1
79a3fd0b23684e1495a4786e040acaba,full,colva1,101,hdd,/dev/sdb1,/mnt/hdd2,rand_read_4k,randread,4k,4,3,1,1,time_limit,95211520,0.08867263793945312,60199,60.199,1582085,1.508793830871582,384.124578,23117,322076516.4663863,304087040,616562688,826277888,1132462080,65.49845996499062,1,raw/101__rand_read_4k__r3/attempt-1
79a3fd0b23684e1495a4786e040acaba,full,colva1,101,hdd,/dev/sdb1,/mnt/hdd2,seq_read,read,1m,4,4,1,1,time_limit,9764339712,9.09375,60242,60.242,162321576,154.80191802978516,152.67404600000003,9184,806737217.9970244,817889280,893386752,918552576,1300234240,65.6001056842506,1,raw/101__seq_read__r4/attempt-1
79a3fd0b23684e1495a4786e040acaba,full,colva1,101,hdd,/dev/sdb1,/mnt/hdd2,seq_write,write,1m,4,4,1,1,time_limit,10113515520,9.4189453125,60226,60.226,167999398,160.21671104431152,158.090432,9517,778931106.2020777,801112064,859832320,1400897536,1535115264,65.60283484309912,1,raw/101__seq_write__r4/attempt-1
79a3fd0b23684e1495a4786e040acaba,full,colva1,101,hdd,/dev/sdb1,/mnt/hdd2,rand_read_128k,randread,128k,4,4,1,1,time_limit,2293497856,2.135986328125,60272,60.272,38071733,36.30803394317627,288.33950400000003,17370,428745820.77172357,400556032,817889280,1115684864,1468006400,65.59878816269338,1,raw/101__rand_read_128k__r4/attempt-1
79a3fd0b23684e1495a4786e040acaba,full,colva1,101,hdd,/dev/sdb1,/mnt/hdd2,rand_read_4k,randread,4k,4,4,1,1,time_limit,94375936,0.08789443969726562,60231,60.231,1567300,1.4946937561035156,380.51665,22913,325078493.61547214,308281344,633339904,910163968,1266679808,65.54920420050621,1,raw/101__rand_read_4k__r4/attempt-1
79a3fd0b23684e1495a4786e040acaba,full,colva1,101,hdd,/dev/sdb1,/mnt/hdd2,rand_write_4k,randwrite,4k,4,4,1,1,time_limit,95858688,0.08927536010742188,60174,60.174,1593586,1.5197620391845703,386.93168099999997,23275,319638727.64030296,316669952,471859200,910163968,1317011456,65.49810484796762,1,raw/101__rand_write_4k__r4/attempt-1
79a3fd0b23684e1495a4786e040acaba,full,colva1,101,hdd,/dev/sdb1,/mnt/hdd2,seq_write,write,1m,4,5,1,1,time_limit,10150215680,9.453125,60205,60.205,168637924,160.82565689086914,158.699042,9552,776356743.0921373,792723456,834666496,1451229184,1568669696,65.60228332690895,1,raw/101__seq_write__r5/attempt-1
79a3fd0b23684e1495a4786e040acaba,full,colva1,101,hdd,/dev/sdb1,/mnt/hdd2,rand_read_128k,randread,128k,4,5,1,1,time_limit,2315911168,2.1568603515625,60309,60.309,38442691,36.6618070602417,291.16975399999995,17541,424708492.14783704,400556032,809500672,1132462080,1669332992,65.64951542392373,1,raw/101__rand_read_128k__r5/attempt-1
79a3fd0b23684e1495a4786e040acaba,full,colva1,101,hdd,/dev/sdb1,/mnt/hdd2,rand_read_4k,randread,4k,4,5,1,1,time_limit,94040064,0.08758163452148438,60213,60.213,1562476,1.4900932312011719,379.33760099999995,22831,326192503.1577671,304087040,641728512,893386752,1451229184,65.54887418448925,1,raw/101__rand_read_4k__r5/attempt-1
79a3fd0b23684e1495a4786e040acaba,full,colva1,101,hdd,/dev/sdb1,/mnt/hdd2,rand_write_4k,randwrite,4k,4,5,1,1,time_limit,94773248,0.08826446533203125,60086,60.086,1577396,1.5043220520019531,382.976584,23010,322943548.83850574,316669952,467664896,918552576,1266679808,65.39803580380976,1,raw/101__rand_write_4k__r5/attempt-1
79a3fd0b23684e1495a4786e040acaba,full,colva1,101,hdd,/dev/sdb1,/mnt/hdd2,seq_read,read,1m,4,5,1,1,time_limit,9786359808,9.1142578125,60289,60.289,162572680,155.04138946533203,152.915031,9205,805832969.237396,817889280,884998144,918552576,960495616,65.65003537200391,1,raw/101__seq_read__r5/attempt-1
79a3fd0b23684e1495a4786e040acaba,full,colva1,102,hdd,/dev/sdc1,/mnt/hdd3,rand_read_128k,randread,128k,4,1,1,1,time_limit,2363228160,2.200927734375,60361,60.361,39166826,37.35239601135254,296.697788,17902,416766220.1631727,392167424,801112064,1098907648,1518338048,65.69962041825056,1,raw/102__rand_read_128k__r1/attempt-1
79a3fd0b23684e1495a4786e040acaba,full,colva1,102,hdd,/dev/sdc1,/mnt/hdd3,rand_read_4k,randread,4k,4,1,1,1,time_limit,95305728,0.0887603759765625,60261,60.261,1582579,1.5092649459838867,384.24667500000004,23140,321930892.2401481,304087040,624951296,876609536,1317011456,65.59820883534849,1,raw/102__rand_read_4k__r1/attempt-1
79a3fd0b23684e1495a4786e040acaba,full,colva1,102,hdd,/dev/sdc1,/mnt/hdd3,rand_write_4k,randwrite,4k,4,1,1,1,time_limit,94003200,0.08754730224609375,60173,60.173,1562805,1.4904069900512695,379.416552,22822,325903481.42385006,316669952,492830720,1132462080,1518338048,65.49783489853144,1,raw/102__rand_write_4k__r1/attempt-1
79a3fd0b23684e1495a4786e040acaba,full,colva1,102,hdd,/dev/sdc1,/mnt/hdd3,seq_read,read,1m,4,1,1,1,time_limit,10572791808,9.8466796875,60333,60.333,175619603,167.483904838562,165.357807,9955,745216805.0447413,767557632,843055104,977272832,1082130432,65.65061259642243,1,raw/102__seq_read__r1/attempt-1
79a3fd0b23684e1495a4786e040acaba,full,colva1,102,hdd,/dev/sdc1,/mnt/hdd3,seq_write,write,1m,4,1,1,1,time_limit,11040456704,10.2822265625,60187,60.187,183540828,175.0381736755371,172.910224,10401,713288499.0684104,734003200,792723456,1283457024,1400897536,65.55244432389736,1,raw/102__seq_write__r1/attempt-1
79a3fd0b23684e1495a4786e040acaba,full,colva1,102,hdd,/dev/sdc1,/mnt/hdd3,rand_read_4k,randread,4k,4,2,1,1,time_limit,94781440,0.0882720947265625,60211,60.211,1574669,1.5017213821411133,382.314727,23012,323601212.59314287,304087040,616562688,868220928,1233125376,65.5478943977505,1,raw/102__rand_read_4k__r2/attempt-1
79a3fd0b23684e1495a4786e040acaba,full,colva1,102,hdd,/dev/sdc1,/mnt/hdd3,rand_write_4k,randwrite,4k,4,2,1,1,time_limit,95117312,0.08858489990234375,60167,60.167,1581360,1.5081024169921875,383.946566,23094,322140284.51280564,316669952,459276288,901775360,1350565888,65.49876340478659,1,raw/102__rand_write_4k__r2/attempt-1
79a3fd0b23684e1495a4786e040acaba,full,colva1,102,hdd,/dev/sdc1,/mnt/hdd3,seq_read,read,1m,4,2,1,1,time_limit,10541334528,9.8173828125,60226,60.226,175266065,167.14674472808838,165.018501,9925,746453437.2139375,767557632,843055104,1149239296,1233125376,65.54944366961718,1,raw/102__seq_read__r2/attempt-1
79a3fd0b23684e1495a4786e040acaba,full,colva1,102,hdd,/dev/sdc1,/mnt/hdd3,seq_write,write,1m,4,2,1,1,time_limit,11057233920,10.2978515625,60229,60.229,183697879,175.18794918060303,173.061467,10417,712235532.7074441,734003200,784334848,1317011456,1400897536,65.60351785831153,1,raw/102__seq_write__r2/attempt-1
79a3fd0b23684e1495a4786e040acaba,full,colva1,102,hdd,/dev/sdc1,/mnt/hdd3,rand_read_128k,randread,128k,4,2,1,1,time_limit,2365980672,2.2034912109375,60280,60.28,39267274,37.448190689086914,297.46117,17923,415486700.6816766,387973120,750780416,1027604480,1484783616,65.64940024912357,1,raw/102__rand_read_128k__r2/attempt-1
79a3fd0b23684e1495a4786e040acaba,full,colva1,102,hdd,/dev/sdc1,/mnt/hdd3,rand_write_4k,randwrite,4k,4,3,1,1,time_limit,95633408,0.0890655517578125,60179,60.179,1590244,1.5165748596191406,386.115254,23220,320291653.3297198,316669952,471859200,952107008,1333788672,65.49819643422961,1,raw/102__rand_write_4k__r3/attempt-1
79a3fd0b23684e1495a4786e040acaba,full,colva1,102,hdd,/dev/sdc1,/mnt/hdd3,seq_read,read,1m,4,3,1,1,time_limit,10533994496,9.810546875,60286,60.286,175016013,166.90827655792236,164.781606,9918,746991438.3249608,759169024,826277888,977272832,1061158912,65.59913435019553,1,raw/102__seq_read__r3/attempt-1
79a3fd0b23684e1495a4786e040acaba,full,colva1,102,hdd,/dev/sdc1,/mnt/hdd3,seq_write,write,1m,4,3,1,1,time_limit,11086594048,10.3251953125,60213,60.213,184323539,175.78462505340576,173.65652300000002,10445,709572889.2278813,708837376,759169024,1249902592,1417674752,65.55266623571515,1,raw/102__seq_write__r3/attempt-1
79a3fd0b23684e1495a4786e040acaba,full,colva1,102,hdd,/dev/sdc1,/mnt/hdd3,rand_read_128k,randread,128k,4,3,1,1,time_limit,2368602112,2.2059326171875,60341,60.341,39281287,37.461554527282715,297.569684,17943,415380742.4605117,392167424,775946240,1061158912,1417674752,65.6494818199426,1,raw/102__rand_read_128k__r3/attempt-1
79a3fd0b23684e1495a4786e040acaba,full,colva1,102,hdd,/dev/sdc1,/mnt/hdd3,rand_read_4k,randread,4k,4,3,1,1,time_limit,95674368,0.08910369873046875,60235,60.235,1589062,1.5154476165771484,385.829164,23230,320596257.55550736,304087040,616562688,851443712,1216348160,65.54885282926261,1,raw/102__rand_read_4k__r3/attempt-1
79a3fd0b23684e1495a4786e040acaba,full,colva1,102,hdd,/dev/sdc1,/mnt/hdd3,seq_read,read,1m,4,4,1,1,time_limit,10568597504,9.8427734375,60167,60.167,175853931,167.70737743377686,165.577551,9951,744236098.2172996,742391808,809500672,851443712,1249902592,65.50029646418989,1,raw/102__seq_read__r4/attempt-1
79a3fd0b23684e1495a4786e040acaba,full,colva1,102,hdd,/dev/sdc1,/mnt/hdd3,seq_write,write,1m,4,4,1,1,time_limit,11046748160,10.2880859375,60193,60.193,183630184,175.1233901977539,172.995608,10407,712367513.951974,742391808,792723456,1300234240,1417674752,65.55281806737185,1,raw/102__seq_write__r4/attempt-1
79a3fd0b23684e1495a4786e040acaba,full,colva1,102,hdd,/dev/sdc1,/mnt/hdd3,rand_read_128k,randread,128k,4,4,1,1,time_limit,2359427072,2.1973876953125,60348,60.348,39132205,37.31937885284424,296.43211199999996,17873,416955908.7366091,387973120,775946240,1052770304,1484783616,65.69895782321692,1,raw/102__rand_read_128k__r4/attempt-1
79a3fd0b23684e1495a4786e040acaba,full,colva1,102,hdd,/dev/sdc1,/mnt/hdd3,rand_read_4k,randread,4k,4,4,1,1,time_limit,95301632,0.08875656127929688,60210,60.21,1583419,1.510066032409668,384.450341,23139,321805124.5356542,304087040,624951296,868220928,1216348160,65.54787189513445,1,raw/102__rand_read_4k__r4/attempt-1
79a3fd0b23684e1495a4786e040acaba,full,colva1,102,hdd,/dev/sdc1,/mnt/hdd3,rand_write_4k,randwrite,4k,4,4,1,1,time_limit,94949376,0.08842849731445312,60167,60.167,1578541,1.5054140090942383,383.25856500000003,23053,322659677.64182585,316669952,471859200,910163968,1300234240,65.49832696653903,1,raw/102__rand_write_4k__r4/attempt-1
79a3fd0b23684e1495a4786e040acaba,full,colva1,102,hdd,/dev/sdc1,/mnt/hdd3,seq_write,write,1m,4,5,1,1,time_limit,11025776640,10.2685546875,60222,60.222,183197558,174.71080589294434,172.584013,10387,714229627.1125844,742391808,801112064,1367343104,1501560832,65.60291552357376,1,raw/102__seq_write__r5/attempt-1
79a3fd0b23684e1495a4786e040acaba,full,colva1,102,hdd,/dev/sdc1,/mnt/hdd3,rand_read_128k,randread,128k,4,5,1,1,time_limit,2358378496,2.1964111328125,60283,60.283,39133143,37.32027339935303,296.438263,17865,417247218.0013099,387973120,767557632,1044381696,1602224128,65.59936645068228,1,raw/102__rand_read_128k__r5/attempt-1
79a3fd0b23684e1495a4786e040acaba,full,colva1,102,hdd,/dev/sdc1,/mnt/hdd3,rand_read_4k,randread,4k,4,5,1,1,time_limit,95305728,0.0887603759765625,60227,60.227,1583124,1.5097846984863281,384.37894,23140,321799879.2154057,304087040,624951296,859832320,1333788672,65.54839007556438,1,raw/102__rand_read_4k__r5/attempt-1
79a3fd0b23684e1495a4786e040acaba,full,colva1,102,hdd,/dev/sdc1,/mnt/hdd3,rand_write_4k,randwrite,4k,4,5,1,1,time_limit,94715904,0.0882110595703125,60180,60.18,1574261,1.5013322830200195,382.21406,22996,323554557.3980724,320864256,476053504,935329792,1367343104,65.49744479171932,1,raw/102__rand_write_4k__r5/attempt-1
79a3fd0b23684e1495a4786e040acaba,full,colva1,102,hdd,/dev/sdc1,/mnt/hdd3,seq_read,read,1m,4,5,1,1,time_limit,10502537216,9.78125,60255,60.255,174564252,166.47744369506836,164.349969,9888,749676801.650243,759169024,843055104,1317011456,1400897536,65.59990063123405,1,raw/102__seq_read__r5/attempt-1
79a3fd0b23684e1495a4786e040acaba,full,colva1,107,nvme,/dev/nvme3n1p1,/mnt/nvme3,rand_read_128k,randread,128k,4,1,1,1,time_limit,346145816576,322.3734130859375,60004,60.004,5768712360,5501.472816467285,44009.682689,2640757,2885167.695745243,2179072,7307264,10420224,13041664,65.33172161318362,1,raw/107__rand_read_128k__r1/attempt-1
79a3fd0b23684e1495a4786e040acaba,full,colva1,107,nvme,/dev/nvme3n1p1,/mnt/nvme3,rand_read_4k,randread,4k,4,1,1,1,time_limit,240638681088,224.11223602294922,60001,60.001,4010577840,3824.7850799560547,979142.8642849999,58749551,128728.71250563313,108032,254976,395264,651264,65.32958677969873,1,raw/107__rand_read_4k__r1/attempt-1
79a3fd0b23684e1495a4786e040acaba,full,colva1,107,nvme,/dev/nvme3n1p1,/mnt/nvme3,rand_write_4k,randwrite,4k,4,1,1,1,time_limit,225595011072,210.10172653198242,60001,60.001,3759854185,3585.676369667053,917931.051149,55076781,137567.80576406769,134144,156672,203776,305152,65.3314076308161,1,raw/107__rand_write_4k__r1/attempt-1
79a3fd0b23684e1495a4786e040acaba,full,colva1,107,nvme,/dev/nvme3n1p1,/mnt/nvme3,seq_read,read,1m,4,1,1,1,time_limit,140163153920,130.537109375,60059,60.059,2334043172,2225.9170265197754,2223.835467,133545,57241447.42600366,61603840,98041856,117964800,143654912,65.40181001648307,1,raw/107__seq_read__r1/attempt-1
79a3fd0b23684e1495a4786e040acaba,full,colva1,107,nvme,/dev/nvme3n1p1,/mnt/nvme3,seq_write,write,1m,4,1,1,1,time_limit,308995424256,287.7744140625,60029,60.029,5147886829,4909.407452583313,4907.324942,294556,25912669.20285846,28966912,42205184,46923776,58458112,65.38858185149729,1,raw/107__seq_write__r1/attempt-1
79a3fd0b23684e1495a4786e040acaba,full,colva1,107,nvme,/dev/nvme3n1p1,/mnt/nvme3,rand_read_4k,randread,4k,4,2,1,1,time_limit,227750203392,212.10890579223633,60001,60.001,3795773458,3619.9316577911377,926700.404994,55602951,136158.3646555016,89600,448512,970752,1581056,65.3287130240351,1,raw/107__rand_read_4k__r2/attempt-1
79a3fd0b23684e1495a4786e040acaba,full,colva1,107,nvme,/dev/nvme3n1p1,/mnt/nvme3,rand_write_4k,randwrite,4k,4,2,1,1,time_limit,225838977024,210.32893753051758,60001,60.001,3763920216,3589.554039001465,918923.767937,55136345,137438.61680023256,134144,154624,205824,305152,65.33326700516045,1,raw/107__rand_write_4k__r2/attempt-1
79a3fd0b23684e1495a4786e040acaba,full,colva1,107,nvme,/dev/nvme3n1p1,/mnt/nvme3,seq_read,read,1m,4,2,1,1,time_limit,139940855808,130.330078125,60058,60.058,2330742885,2222.769627571106,2220.687758,133333,57349588.04383311,57409536,100139008,117964800,139460608,65.40001256763935,1,raw/107__seq_read__r2/attempt-1
79a3fd0b23684e1495a4786e040acaba,full,colva1,107,nvme,/dev/nvme3n1p1,/mnt/nvme3,seq_write,write,1m,4,2,1,1,time_limit,309080358912,287.853515625,60035,60.035,5148737825,4910.219025611877,4908.136735,294637,25911746.835845396,37486592,42205184,47972352,61079552,65.39208010025322,1,raw/107__seq_write__r2/attempt-1
79a3fd0b23684e1495a4786e040acaba,full,colva1,107,nvme,/dev/nvme3n1p1,/mnt/nvme3,rand_read_128k,randread,128k,4,2,1,1,time_limit,311665360896,290.260986328125,60003,60.003,5194162971,4953.5398206710815,39626.235355,2377693,3205989.473099849,1908736,10551296,11599872,12779520,65.33835126273334,1,raw/107__rand_read_128k__r2/attempt-1
79a3fd0b23684e1495a4786e040acaba,full,colva1,107,nvme,/dev/nvme3n1p1,/mnt/nvme3,rand_write_4k,randwrite,4k,4,3,1,1,time_limit,226181009408,210.64748001098633,60001,60.001,3769620662,3594.9904079437256,920315.461408,55219848,137242.56383825297,134144,152576,197632,309248,65.33002821914852,1,raw/107__rand_write_4k__r3/attempt-1
79a3fd0b23684e1495a4786e040acaba,full,colva1,107,nvme,/dev/nvme3n1p1,/mnt/nvme3,seq_read,read,1m,4,3,1,1,time_limit,140085559296,130.46484375,60057,60.057,2332895239,2224.82227230072,2222.7572330000003,133472,57283822.96861151,58458112,98041856,114819072,137363456,65.39831215515733,1,raw/107__seq_read__r3/attempt-1
79a3fd0b23684e1495a4786e040acaba,full,colva1,107,nvme,/dev/nvme3n1p1,/mnt/nvme3,seq_write,write,1m,4,3,1,1,time_limit,309277491200,288.037109375,60027,60.027,5152548968,4913.853614807129,4911.771117,294825,25902725.852289617,25296896,42205184,45875200,61079552,65.38758844137192,1,raw/107__seq_write__r3/attempt-1
79a3fd0b23684e1495a4786e040acaba,full,colva1,107,nvme,/dev/nvme3n1p1,/mnt/nvme3,rand_read_128k,randread,128k,4,3,1,1,time_limit,302268940288,281.5098876953125,60003,60.003,5037563791,4804.195204734802,38431.478426,2306004,3305604.487512825,1581056,9633792,10420224,11337728,65.34016123972833,1,raw/107__rand_read_128k__r3/attempt-1
79a3fd0b23684e1495a4786e040acaba,full,colva1,107,nvme,/dev/nvme3n1p1,/mnt/nvme3,rand_read_4k,randread,4k,4,3,1,1,time_limit,240121819136,223.6308708190918,60002,60.002,4001947137,3816.5542001724243,977035.808934,58623367,129019.03831948397,109056,296960,522240,872448,65.3293081317097,1,raw/107__rand_read_4k__r3/attempt-1
79a3fd0b23684e1495a4786e040acaba,full,colva1,107,nvme,/dev/nvme3n1p1,/mnt/nvme3,seq_read,read,1m,4,4,1,1,time_limit,300293292032,279.669921875,60024,60.024,5002887044,4771.124881744385,4769.059043,286258,26579321.479425095,26083328,40108032,50069504,62128128,65.34938818588853,1,raw/107__seq_read__r4/attempt-1
79a3fd0b23684e1495a4786e040acaba,full,colva1,107,nvme,/dev/nvme3n1p1,/mnt/nvme3,seq_write,write,1m,4,4,1,1,time_limit,310263152640,288.955078125,60038,60.038,5168862147,4929.411074638367,4927.328656,295765,25817295.016895205,26345472,42205184,45350912,62652416,65.38763843290508,1,raw/107__seq_write__r4/attempt-1
79a3fd0b23684e1495a4786e040acaba,full,colva1,107,nvme,/dev/nvme3n1p1,/mnt/nvme3,rand_read_128k,randread,128k,4,4,1,1,time_limit,335331590144,312.3018798828125,60004,60.004,5588510489,5329.618920326233,42634.868172,2558252,2979783.6510744654,2637824,4489216,4816896,5210112,65.33553396910429,1,raw/107__rand_read_128k__r4/attempt-1
79a3fd0b23684e1495a4786e040acaba,full,colva1,107,nvme,/dev/nvme3n1p1,/mnt/nvme3,rand_read_4k,randread,4k,4,4,1,1,time_limit,237451526144,221.1439666748047,60001,60.001,3957459476,3774.1274604797363,966174.530424,57971438,130484.41472206565,110080,337920,651264,1073152,65.32882182113826,1,raw/107__rand_read_4k__r4/attempt-1
79a3fd0b23684e1495a4786e040acaba,full,colva1,107,nvme,/dev/nvme3n1p1,/mnt/nvme3,rand_write_4k,randwrite,4k,4,4,1,1,time_limit,226081079296,210.55441284179688,60001,60.001,3767955186,3593.4020862579346,919908.834853,55195450,137305.59150935037,134144,154624,203776,301056,65.3338124025613,1,raw/107__rand_write_4k__r4/attempt-1
79a3fd0b23684e1495a4786e040acaba,full,colva1,107,nvme,/dev/nvme3n1p1,/mnt/nvme3,seq_write,write,1m,4,5,1,1,time_limit,308517273600,287.3291015625,60026,60.026,5140072061,4901.95470905304,4899.855501,294099,25986262.88562751,25559040,42205184,47448064,60030976,65.38707888871431,1,raw/107__seq_write__r5/attempt-1
79a3fd0b23684e1495a4786e040acaba,full,colva1,107,nvme,/dev/nvme3n1p1,/mnt/nvme3,rand_read_128k,randread,128k,4,5,1,1,time_limit,313177145344,291.6689453125,60003,60.003,5219358120,4977.56778717041,39818.45907700001,2389227,3187411.3116151867,2179072,8454144,9633792,10682368,65.34022774919868,1,raw/107__rand_read_128k__r5/attempt-1
79a3fd0b23684e1495a4786e040acaba,full,colva1,107,nvme,/dev/nvme3n1p1,/mnt/nvme3,rand_read_4k,randread,4k,4,5,1,1,time_limit,241679753216,225.0818099975586,60001,60.001,4027928753,3841.332200050354,983378.943685,59003720,128171.67287662408,110080,246784,374784,585728,65.33230640739202,1,raw/107__rand_read_4k__r5/attempt-1
79a3fd0b23684e1495a4786e040acaba,full,colva1,107,nvme,/dev/nvme3n1p1,/mnt/nvme3,rand_write_4k,randwrite,4k,4,5,1,1,time_limit,226282184704,210.74170684814453,60001,60.001,3771306888,3596.598518371582,920727.1378810001,55244549,137216.368653836,134144,152576,201728,301056,65.33077810145915,1,raw/107__rand_write_4k__r5/attempt-1
79a3fd0b23684e1495a4786e040acaba,full,colva1,107,nvme,/dev/nvme3n1p1,/mnt/nvme3,seq_read,read,1m,4,5,1,1,time_limit,139226775552,129.6650390625,60061,60.061,2318514044,2211.1072959899902,2209.0257269999997,132652,57641188.73990124,85458944,101187584,116916224,137363456,65.40099310874939,1,raw/107__seq_read__r5/attempt-1
e4085b7e352d422fbc578954eed94c9d,full,colva2,204,hdd,/dev/sdd1,/mnt/hdd4,rand_read_128k,randread,128k,4,1,1,1,time_limit,2365587456,2.203125,60269,60.269,39276069,37.45657825469971,297.527444,17920,415836439.737118,408944640,767557632,1061158912,1484783616,65.6991377529921,1,raw/204__rand_read_128k__r1/attempt-1
e4085b7e352d422fbc578954eed94c9d,full,colva2,204,hdd,/dev/sdd1,/mnt/hdd4,rand_read_4k,randread,4k,4,1,1,1,time_limit,93405184,0.0869903564453125,60263,60.263,1551154,1.4792957305908203,376.57453799999996,22676,328734202.15873206,329252864,599785472,801112064,1166016512,65.64966396603268,1,raw/204__rand_read_4k__r1/attempt-1
e4085b7e352d422fbc578954eed94c9d,full,colva2,204,hdd,/dev/sdd1,/mnt/hdd4,rand_write_4k,randwrite,4k,4,1,1,1,time_limit,92774400,0.08640289306640625,60201,60.201,1541938,1.4705066680908203,374.322919,22522,330550723.99059534,333447168,480247808,952107008,1400897536,65.60051489097532,1,raw/204__rand_write_4k__r1/attempt-1
e4085b7e352d422fbc578954eed94c9d,full,colva2,204,hdd,/dev/sdd1,/mnt/hdd4,seq_read,read,1m,4,1,1,1,time_limit,11537481728,10.7451171875,60233,60.233,191842371,182.9551420211792,180.826794,10875,681935031.5586766,692060160,775946240,801112064,843055104,65.6492129820399,1,raw/204__seq_read__r1/attempt-1
e4085b7e352d422fbc578954eed94c9d,full,colva2,204,hdd,/dev/sdd1,/mnt/hdd4,seq_write,write,1m,4,1,1,1,time_limit,11986272256,11.1630859375,60210,60.21,199166168,189.93965911865234,187.812788,11303,656856029.0556511,666894336,700448768,1166016512,1333788672,65.59774226997979,1,raw/204__seq_write__r1/attempt-1
e4085b7e352d422fbc578954eed94c9d,full,colva2,204,hdd,/dev/sdd1,/mnt/hdd4,rand_read_4k,randread,4k,4,2,1,1,time_limit,92790784,0.08641815185546875,60240,60.24,1541874,1.4704456329345703,374.307872,22526,330663974.09421706,329252864,591396864,809500672,1182793728,65.59869129606523,1,raw/204__rand_read_4k__r2/attempt-1
e4085b7e352d422fbc578954eed94c9d,full,colva2,204,hdd,/dev/sdd1,/mnt/hdd4,rand_write_4k,randwrite,4k,4,2,1,1,time_limit,92381184,0.08603668212890625,60185,60.185,1535833,1.4646844863891602,372.831504,22426,331890062.6957558,337641472,476053504,985661440,1317011456,65.60200619895477,1,raw/204__rand_write_4k__r2/attempt-1
e4085b7e352d422fbc578954eed94c9d,full,colva2,204,hdd,/dev/sdd1,/mnt/hdd4,seq_read,read,1m,4,2,1,1,time_limit,11436818432,10.6513671875,60185,60.185,190262407,181.44837093353271,179.31896899999998,10779,687949932.5625526,692060160,792723456,1052770304,1216348160,65.64898473001085,1,raw/204__seq_read__r2/attempt-1
e4085b7e352d422fbc578954eed94c9d,full,colva2,204,hdd,/dev/sdd1,/mnt/hdd4,seq_write,write,1m,4,2,1,1,time_limit,12029263872,11.203125,60161,60.161,200062599,190.79456233978271,188.665755,11344,653811452.059016,666894336,717225984,1149239296,1350565888,65.55094113503583,1,raw/204__seq_write__r2/attempt-1
e4085b7e352d422fbc578954eed94c9d,full,colva2,204,hdd,/dev/sdd1,/mnt/hdd4,rand_read_128k,randread,128k,4,2,1,1,time_limit,2325348352,2.1656494140625,60248,60.248,38618758,36.8297176361084,292.511971,17613,422983699.7246858,417333248,767557632,1019215872,1585446912,65.69954150298145,1,raw/204__rand_read_128k__r2/attempt-1
e4085b7e352d422fbc578954eed94c9d,full,colva2,204,hdd,/dev/sdd1,/mnt/hdd4,rand_write_4k,randwrite,4k,4,3,1,1,time_limit,92102656,0.08577728271484375,60184,60.184,1530935,1.4600133895874023,371.636215,22358,332910369.3137269,337641472,438304768,1069547520,1484783616,65.54852835508063,1,raw/204__rand_write_4k__r3/attempt-1
e4085b7e352d422fbc578954eed94c9d,full,colva2,204,hdd,/dev/sdd1,/mnt/hdd4,seq_read,read,1m,4,3,1,1,time_limit,11494490112,10.705078125,60272,60.272,191157083,182.3016004562378,180.17291999999998,10834,684734304.8892623,692060160,775946240,918552576,1010827264,65.63611276494339,1,raw/204__seq_read__r3/attempt-1
e4085b7e352d422fbc578954eed94c9d,full,colva2,204,hdd,/dev/sdd1,/mnt/hdd4,seq_write,write,1m,4,3,1,1,time_limit,11974737920,11.15234375,60243,60.243,198864705,189.65216159820557,187.526465,11292,657772206.4352978,666894336,708837376,1166016512,1300234240,65.64987773203757,1,raw/204__seq_write__r3/attempt-1
e4085b7e352d422fbc578954eed94c9d,full,colva2,204,hdd,/dev/sdd1,/mnt/hdd4,rand_read_128k,randread,128k,4,3,1,1,time_limit,2352087040,2.1905517578125,60203,60.203,39092431,37.281447410583496,296.124213,17817,417869894.5533813,413138944,742391808,1052770304,1468006400,65.6433685629163,1,raw/204__rand_read_128k__r3/attempt-1
e4085b7e352d422fbc578954eed94c9d,full,colva2,204,hdd,/dev/sdd1,/mnt/hdd4,rand_read_4k,randread,4k,4,3,1,1,time_limit,94269440,0.08779525756835938,60272,60.272,1565041,1.492539405822754,379.965487,22887,325787546.54963,325058560,591396864,843055104,1350565888,65.65011315199081,1,raw/204__rand_read_4k__r3/attempt-1
e4085b7e352d422fbc578954eed94c9d,full,colva2,204,hdd,/dev/sdd1,/mnt/hdd4,seq_read,read,1m,4,4,1,1,time_limit,11517558784,10.7265625,60260,60.26,191456828,182.58745956420898,180.45971,10856,683658468.3928202,692060160,775946240,809500672,843055104,65.65011112694629,1,raw/204__seq_read__r4/attempt-1
e4085b7e352d422fbc578954eed94c9d,full,colva2,204,hdd,/dev/sdd1,/mnt/hdd4,seq_write,write,1m,4,4,1,1,time_limit,12043943936,11.216796875,60223,60.223,200049460,190.78203201293945,188.655956,11358,653960300.9826821,666894336,725614592,1132462080,1317011456,65.69862640707288,1,raw/204__seq_write__r4/attempt-1
e4085b7e352d422fbc578954eed94c9d,full,colva2,204,hdd,/dev/sdd1,/mnt/hdd4,rand_read_128k,randread,128k,4,4,1,1,time_limit,2362703872,2.200439453125,60276,60.276,39216794,37.40004920959473,297.075826,17898,416731475.4699418,413138944,750780416,1019215872,1820327936,65.64863537403289,1,raw/204__rand_read_128k__r4/attempt-1
e4085b7e352d422fbc578954eed94c9d,full,colva2,204,hdd,/dev/sdd1,/mnt/hdd4,rand_read_4k,randread,4k,4,4,1,1,time_limit,92971008,0.08658599853515625,60298,60.298,1542844,1.4713706970214844,374.547276,22570,330444239.16902804,325058560,608174080,851443712,1233125376,65.70001930906437,1,raw/204__rand_read_4k__r4/attempt-1
e4085b7e352d422fbc578954eed94c9d,full,colva2,204,hdd,/dev/sdd1,/mnt/hdd4,rand_write_4k,randwrite,4k,4,4,1,1,time_limit,92774400,0.08640289306640625,60174,60.174,1542446,1.4709911346435547,374.446084,22522,330444762.6104833,333447168,492830720,952107008,1434451968,65.54728905693628,1,raw/204__rand_write_4k__r4/attempt-1
e4085b7e352d422fbc578954eed94c9d,full,colva2,204,hdd,/dev/sdd1,/mnt/hdd4,seq_write,write,1m,4,5,1,1,time_limit,12052332544,11.224609375,60229,60.229,200241172,190.96486282348633,188.83823,11366,653399764.6986692,666894336,725614592,1216348160,1417674752,65.59980845102109,1,raw/204__seq_write__r5/attempt-1
e4085b7e352d422fbc578954eed94c9d,full,colva2,204,hdd,/dev/sdd1,/mnt/hdd4,rand_read_128k,randread,128k,4,5,1,1,time_limit,2360606720,2.198486328125,60275,60.275,39188242,37.372819900512695,296.85766,17882,416898772.93079984,417333248,767557632,1082130432,1686110208,65.65030318207573,1,raw/204__rand_read_128k__r5/attempt-1
e4085b7e352d422fbc578954eed94c9d,full,colva2,204,hdd,/dev/sdd1,/mnt/hdd4,rand_read_4k,randread,4k,4,5,1,1,time_limit,95019008,0.08849334716796875,60202,60.202,1579118,1.5059642791748047,383.40000899999995,23070,322969765.0723092,320864256,591396864,826277888,1266679808,65.64912300696597,1,raw/204__rand_read_4k__r5/attempt-1
e4085b7e352d422fbc578954eed94c9d,full,colva2,204,hdd,/dev/sdd1,/mnt/hdd4,rand_write_4k,randwrite,4k,4,5,1,1,time_limit,92868608,0.08649063110351562,60195,60.195,1543730,1.4722156524658203,374.760201,22545,330252182.8525442,333447168,492830720,1098907648,1417674752,65.59919625299517,1,raw/204__rand_write_4k__r5/attempt-1
e4085b7e352d422fbc578954eed94c9d,full,colva2,204,hdd,/dev/sdd1,/mnt/hdd4,seq_read,read,1m,4,5,1,1,time_limit,11516510208,10.7255859375,60227,60.227,191459862,182.59035301208496,180.462376,10855,683498185.7113482,692060160,784334848,826277888,859832320,65.699332799064,1,raw/204__seq_read__r5/attempt-1
e4085b7e352d422fbc578954eed94c9d,full,colva2,203,hdd,/dev/sdc1,/mnt/hdd3,rand_read_128k,randread,128k,4,1,1,1,time_limit,2305032192,2.146728515625,60240,60.24,38290874,36.51702308654785,290.00987799999996,17458,426919560.4660263,421527552,775946240,1069547520,1551892480,65.65025429008529,1,raw/203__rand_read_128k__r1/attempt-1
e4085b7e352d422fbc578954eed94c9d,full,colva2,203,hdd,/dev/sdc1,/mnt/hdd3,rand_read_4k,randread,4k,4,1,1,1,time_limit,94846976,0.0883331298828125,60209,60.209,1575928,1.5029220581054688,382.62194100000005,23028,323552172.1680447,325058560,591396864,826277888,1166016512,65.59772396506742,1,raw/203__rand_read_4k__r1/attempt-1
e4085b7e352d422fbc578954eed94c9d,full,colva2,203,hdd,/dev/sdc1,/mnt/hdd3,rand_write_4k,randwrite,4k,4,1,1,1,time_limit,92250112,0.08591461181640625,60184,60.184,1533169,1.462143898010254,372.182058,22394,332401950.27635616,337641472,442499072,952107008,1384120320,65.59923764201812,1,raw/203__rand_write_4k__r1/attempt-1
e4085b7e352d422fbc578954eed94c9d,full,colva2,203,hdd,/dev/sdc1,/mnt/hdd3,seq_read,read,1m,4,1,1,1,time_limit,9788456960,9.1162109375,60167,60.167,162831028,155.28776931762695,153.158492,9207,804760916.5969335,817889280,893386752,1132462080,1249902592,65.64796484902035,1,raw/203__seq_read__r1/attempt-1
e4085b7e352d422fbc578954eed94c9d,full,colva2,203,hdd,/dev/sdc1,/mnt/hdd3,seq_write,write,1m,4,1,1,1,time_limit,10225713152,9.5234375,60262,60.262,169767183,161.90260219573975,159.777548,9624,771433129.594491,784334848,843055104,1400897536,1518338048,65.6974916330073,1,raw/203__seq_write__r1/attempt-1
e4085b7e352d422fbc578954eed94c9d,full,colva2,203,hdd,/dev/sdc1,/mnt/hdd3,rand_read_4k,randread,4k,4,2,1,1,time_limit,94289920,0.0878143310546875,60252,60.252,1565915,1.493372917175293,380.178404,22892,325586704.6368671,325058560,599785472,826277888,1115684864,65.64932694903109,1,raw/203__rand_read_4k__r2/attempt-1
e4085b7e352d422fbc578954eed94c9d,full,colva2,203,hdd,/dev/sdc1,/mnt/hdd3,rand_write_4k,randwrite,4k,4,2,1,1,time_limit,92446720,0.08609771728515625,60210,60.21,1536143,1.464980125427246,372.90834299999995,22442,331890580.08111864,337641472,501219328,977272832,1367343104,65.59939764603041,1,raw/203__rand_write_4k__r2/attempt-1
e4085b7e352d422fbc578954eed94c9d,full,colva2,203,hdd,/dev/sdc1,/mnt/hdd3,seq_read,read,1m,4,2,1,1,time_limit,9829351424,9.154296875,60276,60.276,163289230,155.72474479675293,153.59835700000002,9246,802822828.9142581,817889280,893386752,1044381696,1098907648,65.70098565507215,1,raw/203__seq_read__r2/attempt-1
e4085b7e352d422fbc578954eed94c9d,full,colva2,203,hdd,/dev/sdc1,/mnt/hdd3,seq_write,write,1m,4,2,1,1,time_limit,10266607616,9.5615234375,60251,60.251,170548609,162.64782810211182,160.521496,9663,767806668.4414728,784334848,859832320,1333788672,1484783616,65.6489035639679,1,raw/203__seq_write__r2/attempt-1
e4085b7e352d422fbc578954eed94c9d,full,colva2,203,hdd,/dev/sdc1,/mnt/hdd3,rand_read_128k,randread,128k,4,2,1,1,time_limit,2292580352,2.1351318359375,60373,60.373,37997745,36.237473487854004,287.778305,17363,430110096.3347157,425721856,792723456,1115684864,1736441856,65.7519866930088,1,raw/203__rand_read_128k__r2/attempt-1
e4085b7e352d422fbc578954eed94c9d,full,colva2,203,hdd,/dev/sdc1,/mnt/hdd3,rand_write_4k,randwrite,4k,4,3,1,1,time_limit,92250112,0.08591461181640625,60133,60.133,1534500,1.4634132385253906,372.505405,22394,332138661.696695,337641472,488636416,943718400,1417674752,65.54879972198978,1,raw/203__rand_write_4k__r3/attempt-1
e4085b7e352d422fbc578954eed94c9d,full,colva2,203,hdd,/dev/sdc1,/mnt/hdd3,seq_read,read,1m,4,3,1,1,time_limit,9848225792,9.171875,60186,60.186,163793888,156.20602416992188,154.077153,9264,800054970.3783555,817889280,893386752,918552576,960495616,65.65009816701058,1,raw/203__seq_read__r3/attempt-1
e4085b7e352d422fbc578954eed94c9d,full,colva2,203,hdd,/dev/sdc1,/mnt/hdd3,seq_write,write,1m,4,3,1,1,time_limit,10283384832,9.5771484375,60236,60.236,170839472,162.9252166748047,160.798732,9679,766555824.8519715,784334848,851443712,1350565888,1468006400,65.65050203597639,1,raw/203__seq_write__r3/attempt-1
e4085b7e352d422fbc578954eed94c9d,full,colva2,203,hdd,/dev/sdc1,/mnt/hdd3,rand_read_128k,randread,128k,4,3,1,1,time_limit,2304901120,2.1466064453125,60294,60.294,38245885,36.47411823272705,289.669021,17457,427267156.60233617,425721856,801112064,1082130432,1551892480,65.75014468794689,1,raw/203__rand_read_128k__r3/attempt-1
e4085b7e352d422fbc578954eed94c9d,full,colva2,203,hdd,/dev/sdc1,/mnt/hdd3,rand_read_4k,randread,4k,4,3,1,1,time_limit,94662656,0.08816146850585938,60185,60.185,1573203,1.5003232955932617,381.955798,22983,324125835.7710271,325058560,583008256,826277888,1132462080,65.59926523198374,1,raw/203__rand_read_4k__r3/attempt-1
e4085b7e352d422fbc578954eed94c9d,full,colva2,203,hdd,/dev/sdc1,/mnt/hdd3,seq_read,read,1m,4,4,1,1,time_limit,9881780224,9.203125,60260,60.26,164186190,156.58015251159668,154.45342799999997,9296,798026334.0127398,817889280,876609536,910163968,943718400,65.6509680809686,1,raw/203__seq_read__r4/attempt-1
e4085b7e352d422fbc578954eed94c9d,full,colva2,203,hdd,/dev/sdc1,/mnt/hdd3,seq_write,write,1m,4,4,1,1,time_limit,10256121856,9.5517578125,60179,60.179,170501342,162.60275077819824,160.47483599999998,9653,767994856.7624451,784334848,851443712,1384120320,1568669696,65.5988026720006,1,raw/203__seq_write__r4/attempt-1
e4085b7e352d422fbc578954eed94c9d,full,colva2,203,hdd,/dev/sdc1,/mnt/hdd3,rand_read_128k,randread,128k,4,4,1,1,time_limit,2305032192,2.146728515625,60294,60.294,38266252,36.4935417175293,289.823395,17458,427019844.56912684,421527552,784334848,1115684864,1602224128,65.69785522599705,1,raw/203__rand_read_128k__r4/attempt-1
e4085b7e352d422fbc578954eed94c9d,full,colva2,203,hdd,/dev/sdc1,/mnt/hdd3,rand_read_4k,randread,4k,4,4,1,1,time_limit,93777920,0.08733749389648438,60227,60.227,1557539,1.4853849411010742,378.133018,22767,327296318.36007303,325058560,591396864,792723456,1132462080,65.64417495706584,1,raw/203__rand_read_4k__r4/attempt-1
e4085b7e352d422fbc578954eed94c9d,full,colva2,203,hdd,/dev/sdc1,/mnt/hdd3,rand_write_4k,randwrite,4k,4,4,1,1,time_limit,92217344,0.08588409423828125,60188,60.188,1533082,1.4620609283447266,372.160137,22386,332486103.7136976,337641472,497025024,1035993088,1266679808,65.54845756408758,1,raw/203__rand_write_4k__r4/attempt-1
e4085b7e352d422fbc578954eed94c9d,full,colva2,203,hdd,/dev/sdc1,/mnt/hdd3,seq_write,write,1m,4,5,1,1,time_limit,10242490368,9.5390625,60258,60.258,170107411,162.227068901062,160.101248,9640,769885702.0062454,784334848,868220928,1417674752,1551892480,65.64955873508006,1,raw/203__seq_write__r5/attempt-1
e4085b7e352d422fbc578954eed94c9d,full,colva2,203,hdd,/dev/sdc1,/mnt/hdd3,rand_read_128k,randread,128k,4,5,1,1,time_limit,2310012928,2.1513671875,60240,60.24,38380131,36.602145195007324,290.690492,17496,425702031.06701624,417333248,784334848,1082130432,1468006400,65.64849185396452,1,raw/203__rand_read_128k__r5/attempt-1
e4085b7e352d422fbc578954eed94c9d,full,colva2,203,hdd,/dev/sdc1,/mnt/hdd3,rand_read_4k,randread,4k,4,5,1,1,time_limit,93663232,0.08723068237304688,60285,60.285,1554950,1.4829158782958984,377.501947,22739,327906065.19329447,325058560,608174080,843055104,1182793728,65.64947223395575,1,raw/203__rand_read_4k__r5/attempt-1
e4085b7e352d422fbc578954eed94c9d,full,colva2,203,hdd,/dev/sdc1,/mnt/hdd3,rand_write_4k,randwrite,4k,4,5,1,1,time_limit,92704768,0.08633804321289062,60199,60.199,1540647,1.4692754745483398,374.007721,22505,330814626.4389101,333447168,497025024,1052770304,1400897536,65.59819707402494,1,raw/203__rand_write_4k__r5/attempt-1
e4085b7e352d422fbc578954eed94c9d,full,colva2,203,hdd,/dev/sdc1,/mnt/hdd3,seq_read,read,1m,4,5,1,1,time_limit,9880731648,9.2021484375,60186,60.186,164394337,156.7786569595337,154.649007,9295,796582872.7617155,809500672,901775360,943718400,977272832,65.549638202996,1,raw/203__seq_read__r5/attempt-1
e4085b7e352d422fbc578954eed94c9d,full,colva2,205,nvme,/dev/nvme1n1p1,/mnt/nvme1,rand_read_128k,randread,128k,4,1,1,1,time_limit,346244775936,322.465576171875,60003,60.003,5770457741,5503.137341499329,44023.015516,2641513,2889396.11074737,2211840,7307264,10420224,13303808,65.34846361307427,1,raw/205__rand_read_128k__r1/attempt-1
e4085b7e352d422fbc578954eed94c9d,full,colva2,205,nvme,/dev/nvme1n1p1,/mnt/nvme1,rand_read_4k,randread,4k,4,1,1,1,time_limit,201569574912,187.7262954711914,60001,60.001,3359436922,3203.8087100982666,820172.947117,49211197,154654.03386370247,109056,407552,782336,1400832,65.37814604502637,1,raw/205__rand_read_4k__r1/attempt-1
e4085b7e352d422fbc578954eed94c9d,full,colva2,205,nvme,/dev/nvme1n1p1,/mnt/nvme1,rand_write_4k,randwrite,4k,4,1,1,1,time_limit,232853897216,216.86209106445312,60001,60.001,3880833605,3701.051335334778,947467.0755479999,56848972,133771.88785560057,129536,148480,158720,774144,65.3787365918979,1,raw/205__rand_write_4k__r1/attempt-1
e4085b7e352d422fbc578954eed94c9d,full,colva2,205,nvme,/dev/nvme1n1p1,/mnt/nvme1,seq_read,read,1m,4,1,1,1,time_limit,136427077632,127.0576171875,60058,60.058,2271722340,2166.4832496643066,2164.40181,129982,59045826.49276893,57409536,91750400,112721920,162529280,65.44778907299042,1,raw/205__seq_read__r1/attempt-1
e4085b7e352d422fbc578954eed94c9d,full,colva2,205,nvme,/dev/nvme1n1p1,/mnt/nvme1,seq_write,write,1m,4,1,1,1,time_limit,240360882176,223.853515625,60029,60.029,4004096113,3818.6036233901978,3816.5046300000004,229100,33373035.888666123,28966912,72876032,101187584,123207680,65.39847164205275,1,raw/205__seq_write__r1/attempt-1
e4085b7e352d422fbc578954eed94c9d,full,colva2,205,nvme,/dev/nvme1n1p1,/mnt/nvme1,rand_read_4k,randread,4k,4,2,1,1,time_limit,163864539136,152.61074447631836,60001,60.001,2731030133,2604.513295173645,666753.3207779999,40005866,190577.7258660751,121344,569344,1003520,1679360,65.37814722105395,1,raw/205__rand_read_4k__r2/attempt-1
e4085b7e352d422fbc578954eed94c9d,full,colva2,205,nvme,/dev/nvme1n1p1,/mnt/nvme1,rand_write_4k,randwrite,4k,4,2,1,1,time_limit,232613208064,216.63793182373047,60001,60.001,3876822186,3697.225748062134,946487.725205,56790210,133932.64114579183,129536,148480,158720,790528,65.3790508240927,1,raw/205__rand_write_4k__r2/attempt-1
e4085b7e352d422fbc578954eed94c9d,full,colva2,205,nvme,/dev/nvme1n1p1,/mnt/nvme1,seq_read,read,1m,4,2,1,1,time_limit,134875185152,125.6123046875,60058,60.058,2245887027,2141.84477519989,2139.779977,128503,59718369.20215101,58458112,91750400,123207680,175112192,65.44723957707174,1,raw/205__seq_read__r2/attempt-1
e4085b7e352d422fbc578954eed94c9d,full,colva2,205,nvme,/dev/nvme1n1p1,/mnt/nvme1,seq_write,write,1m,4,2,1,1,time_limit,238330839040,221.962890625,60029,60.029,3970327715,3786.3995695114136,3784.31721,227165,33660609.158092774,29229056,73924608,101187584,121110528,65.44717634504195,1,raw/205__seq_write__r2/attempt-1
e4085b7e352d422fbc578954eed94c9d,full,colva2,205,nvme,/dev/nvme1n1p1,/mnt/nvme1,rand_read_128k,randread,128k,4,2,1,1,time_limit,270635368448,252.048828125,60005,60.005,4510213621,4301.2748918533325,34408.11599,2064659,3701617.1282829796,3391488,6586368,8585216,10289152,65.396391073009,1,raw/205__rand_read_128k__r2/attempt-1
e4085b7e352d422fbc578954eed94c9d,full,colva2,205,nvme,/dev/nvme1n1p1,/mnt/nvme1,rand_write_4k,randwrite,4k,4,3,1,1,time_limit,230282633216,214.46741485595703,60001,60.001,3837979919,3660.1828756332397,937004.7165890001,56221220,135284.55079312096,130560,150528,156672,847872,65.37923739198595,1,raw/205__rand_write_4k__r3/attempt-1
e4085b7e352d422fbc578954eed94c9d,full,colva2,205,nvme,/dev/nvme1n1p1,/mnt/nvme1,seq_read,read,1m,4,3,1,1,time_limit,132555735040,123.4521484375,60058,60.058,2207316770,2105.0613117218018,2102.996469,126291,60763078.305249296,58458112,100139008,135266304,185597952,65.44712017395068,1,raw/205__seq_read__r3/attempt-1
e4085b7e352d422fbc578954eed94c9d,full,colva2,205,nvme,/dev/nvme1n1p1,/mnt/nvme1,seq_write,write,1m,4,3,1,1,time_limit,240204644352,223.7080078125,60030,60.03,4001510473,3816.137764930725,3814.072081,228953,33399059.13901409,29229056,72876032,101187584,127401984,65.44738945900463,1,raw/205__seq_write__r3/attempt-1
e4085b7e352d422fbc578954eed94c9d,full,colva2,205,nvme,/dev/nvme1n1p1,/mnt/nvme1,rand_read_128k,randread,128k,4,3,1,1,time_limit,270904852480,252.2998046875,60005,60.005,4514704647,4305.557868003845,34442.379801,2066715,3697960.1685307184,3293184,7962624,8978432,9895936,65.39731296803802,1,raw/205__rand_read_128k__r3/attempt-1
e4085b7e352d422fbc578954eed94c9d,full,colva2,205,nvme,/dev/nvme1n1p1,/mnt/nvme1,rand_read_4k,randread,4k,4,3,1,1,time_limit,163852664832,152.5996856689453,60001,60.001,2730832232,2604.324562072754,666705.004918,40002967,190599.0290842378,120320,569344,1003520,1662976,65.37812287302222,1,raw/205__rand_read_4k__r3/attempt-1
e4085b7e352d422fbc578954eed94c9d,full,colva2,205,nvme,/dev/nvme1n1p1,/mnt/nvme1,seq_read,read,1m,4,4,1,1,time_limit,297760980992,277.3115234375,60030,60.03,4960264682,4730.477029800415,4728.411371,283843,26974636.0908577,25559040,38535168,45875200,52166656,65.39899731706828,1,raw/205__seq_read__r4/attempt-1
e4085b7e352d422fbc578954eed94c9d,full,colva2,205,nvme,/dev/nvme1n1p1,/mnt/nvme1,seq_write,write,1m,4,4,1,1,time_limit,232299429888,216.345703125,60029,60.029,3869883494,3690.6084957122803,3688.542778,221414,34535336.20925527,30277632,73924608,102236160,129499136,65.3979905419983,1,raw/205__seq_write__r4/attempt-1
e4085b7e352d422fbc578954eed94c9d,full,colva2,205,nvme,/dev/nvme1n1p1,/mnt/nvme1,rand_read_128k,randread,128k,4,4,1,1,time_limit,273738104832,254.9384765625,60005,60.005,4561959600,4350.62370300293,34802.8898,2088330,3659596.8315105187,2703360,9633792,14745600,18219008,65.39924031600822,1,raw/205__rand_read_128k__r4/attempt-1
e4085b7e352d422fbc578954eed94c9d,full,colva2,205,nvme,/dev/nvme1n1p1,/mnt/nvme1,rand_read_4k,randread,4k,4,4,1,1,time_limit,163936063488,152.6773567199707,60001,60.001,2732222186,2605.65012550354,667044.3659270001,40023329,190495.55467203152,120320,569344,995328,1662976,65.37946777103934,1,raw/205__rand_read_4k__r4/attempt-1
e4085b7e352d422fbc578954eed94c9d,full,colva2,205,nvme,/dev/nvme1n1p1,/mnt/nvme1,rand_write_4k,randwrite,4k,4,4,1,1,time_limit,230721634304,214.8762664794922,60001,60.001,3845296481,3667.1604928970337,938790.986817,56328398,135028.52749618952,129536,150528,158720,856064,65.37822615203913,1,raw/205__rand_write_4k__r4/attempt-1
e4085b7e352d422fbc578954eed94c9d,full,colva2,205,nvme,/dev/nvme1n1p1,/mnt/nvme1,seq_write,write,1m,4,5,1,1,time_limit,231813939200,215.8935546875,60030,60.03,3861956818,3683.0490283966064,3680.9665670000004,220950,34608906.64162018,30539776,74973184,101187584,131596288,65.3966015240876,1,raw/205__seq_write__r5/attempt-1
e4085b7e352d422fbc578954eed94c9d,full,colva2,205,nvme,/dev/nvme1n1p1,/mnt/nvme1,rand_read_128k,randread,128k,4,5,1,1,time_limit,244291731456,227.514404296875,60004,60.004,4071257439,3882.653655052185,31059.146056999998,1863673,4102934.476820548,3817472,6127616,8847360,12124160,65.39510731201153,1,raw/205__rand_read_128k__r5/attempt-1
e4085b7e352d422fbc578954eed94c9d,full,colva2,205,nvme,/dev/nvme1n1p1,/mnt/nvme1,rand_read_4k,randread,4k,4,5,1,1,time_limit,163865833472,152.6119499206543,60001,60.001,2731051706,2604.533868789673,666758.554024,40006180,190571.4597821408,121344,569344,1003520,1662976,65.38089109398425,1,raw/205__rand_read_4k__r5/attempt-1
e4085b7e352d422fbc578954eed94c9d,full,colva2,205,nvme,/dev/nvme1n1p1,/mnt/nvme1,rand_write_4k,randwrite,4k,4,5,1,1,time_limit,232285249536,216.3324966430664,60001,60.001,3871356300,3692.0130729675293,945153.264112,56710141,134107.4190895627,129536,150528,158720,806912,65.37777557200752,1,raw/205__rand_write_4k__r5/attempt-1
e4085b7e352d422fbc578954eed94c9d,full,colva2,205,nvme,/dev/nvme1n1p1,/mnt/nvme1,seq_read,read,1m,4,5,1,1,time_limit,135701463040,126.3818359375,60057,60.057,2259658999,2154.978751182556,2152.913946,129291,59352885.710180074,57933824,91750400,124256256,179306496,65.4483205259312,1,raw/205__seq_read__r5/attempt-1
e4085b7e352d422fbc578954eed94c9d,full,colva2,206,nvme,/dev/nvme2n1p1,/mnt/nvme2,rand_read_128k,randread,128k,4,1,1,1,time_limit,345851559936,322.099365234375,60003,60.003,5763904469,5496.887654304504,43973.00134999999,2638512,2892578.018581132,2211840,7241728,10420224,13041664,65.40022004896309,1,raw/206__rand_read_128k__r1/attempt-1
e4085b7e352d422fbc578954eed94c9d,full,colva2,206,nvme,/dev/nvme2n1p1,/mnt/nvme2,rand_read_4k,randread,4k,4,1,1,1,time_limit,245750190080,228.87269973754883,60001,60.001,4095768237,3906.0289735794067,999941.334311,59997480,126584.10058893726,103936,268288,428032,700416,65.37889212800656,1,raw/206__rand_read_4k__r1/attempt-1
e4085b7e352d422fbc578954eed94c9d,full,colva2,206,nvme,/dev/nvme2n1p1,/mnt/nvme2,rand_write_4k,randwrite,4k,4,1,1,1,time_limit,238335188992,221.9669418334961,60001,60.001,3972186945,3788.1726694107056,969770.1038309999,58187176,130716.2829046747,127488,144384,156672,395264,65.37842422293033,1,raw/206__rand_write_4k__r1/attempt-1
e4085b7e352d422fbc578954eed94c9d,full,colva2,206,nvme,/dev/nvme2n1p1,/mnt/nvme2,seq_read,read,1m,4,1,1,1,time_limit,139628380160,130.0390625,60057,60.057,2324989535,2217.28280544281,2215.21805,133036,57660742.56900698,57409536,88604672,100139008,111673344,65.39755744801369,1,raw/206__seq_read__r1/attempt-1
e4085b7e352d422fbc578954eed94c9d,full,colva2,206,nvme,/dev/nvme2n1p1,/mnt/nvme2,seq_write,write,1m,4,1,1,1,time_limit,296806776832,276.4228515625,60027,60.027,4944780862,4715.710508346558,4713.62802,282932,26995745.560263775,27131904,37486592,43253760,51118080,65.44846830808092,1,raw/206__seq_write__r1/attempt-1
e4085b7e352d422fbc578954eed94c9d,full,colva2,206,nvme,/dev/nvme2n1p1,/mnt/nvme2,rand_read_4k,randread,4k,4,2,1,1,time_limit,245861036032,228.97593307495117,60001,60.001,4097615638,3907.79079246521,1000392.343462,60024541,126529.4020723238,103936,268288,428032,700416,65.37944764399435,1,raw/206__rand_read_4k__r2/attempt-1
e4085b7e352d422fbc578954eed94c9d,full,colva2,206,nvme,/dev/nvme2n1p1,/mnt/nvme2,rand_write_4k,randwrite,4k,4,2,1,1,time_limit,238565187584,222.18114471435547,60001,60.001,3976020191,3791.8283376693726,970705.9549,58243328,130587.68087887885,127488,142336,154624,411648,65.37819723691791,1,raw/206__rand_write_4k__r2/attempt-1
e4085b7e352d422fbc578954eed94c9d,full,colva2,206,nvme,/dev/nvme2n1p1,/mnt/nvme2,seq_read,read,1m,4,2,1,1,time_limit,139584339968,129.998046875,60057,60.057,2324431566,2216.750684738159,2214.685775,132994,57673394.361096166,57933824,88604672,99090432,114819072,65.44983005302493,1,raw/206__seq_read__r2/attempt-1
e4085b7e352d422fbc578954eed94c9d,full,colva2,206,nvme,/dev/nvme2n1p1,/mnt/nvme2,seq_write,write,1m,4,2,1,1,time_limit,296858157056,276.470703125,60031,60.031,4945142758,4716.055639266968,4713.990015,282982,26995830.939715628,26869760,37486592,43253760,50069504,65.39840599393938,1,raw/206__seq_write__r2/attempt-1
e4085b7e352d422fbc578954eed94c9d,full,colva2,206,nvme,/dev/nvme2n1p1,/mnt/nvme2,rand_read_128k,randread,128k,4,2,1,1,time_limit,344065441792,320.4359130859375,60004,60.004,5734113430,5468.4767055511475,43745.730446,2624886,2907597.307582191,2867200,3358720,3719168,4227072,65.34999672602862,1,raw/206__rand_read_128k__r2/attempt-1
e4085b7e352d422fbc578954eed94c9d,full,colva2,206,nvme,/dev/nvme2n1p1,/mnt/nvme2,rand_write_4k,randwrite,4k,4,3,1,1,time_limit,238292631552,221.92730712890625,60001,60.001,3971477666,3787.4962482452393,969596.956717,58176787,130727.68979368272,127488,144384,156672,403456,65.32788244099356,1,raw/206__rand_write_4k__r3/attempt-1
e4085b7e352d422fbc578954eed94c9d,full,colva2,206,nvme,/dev/nvme2n1p1,/mnt/nvme2,seq_read,read,1m,4,3,1,1,time_limit,139635720192,130.0458984375,60058,60.058,2325228707,2217.5108976364136,2215.446039,133043,57656877.69704866,57409536,88604672,99090432,114819072,65.45020628697239,1,raw/206__seq_read__r3/attempt-1
e4085b7e352d422fbc578954eed94c9d,full,colva2,206,nvme,/dev/nvme2n1p1,/mnt/nvme2,seq_write,write,1m,4,3,1,1,time_limit,296971403264,276.576171875,60027,60.027,4947441110,4718.247518539429,4716.181724,283090,26981758.893529337,26869760,37486592,43253760,50593792,65.44834588805679,1,raw/206__seq_write__r3/attempt-1
e4085b7e352d422fbc578954eed94c9d,full,colva2,206,nvme,/dev/nvme2n1p1,/mnt/nvme2,rand_read_128k,randread,128k,4,3,1,1,time_limit,326801424384,304.3575439453125,60004,60.004,5446327317,5194.022480964661,41550.096660999996,2493172,3062443.1436087345,2867200,4177920,4751360,5275648,65.34875430504326,1,raw/206__rand_read_128k__r3/attempt-1
e4085b7e352d422fbc578954eed94c9d,full,colva2,206,nvme,/dev/nvme2n1p1,/mnt/nvme2,rand_read_4k,randread,4k,4,3,1,1,time_limit,246054449152,229.15606307983398,60001,60.001,4100839137,3910.864960670471,1001179.313678,60071760,126424.24911740383,103936,268288,428032,700416,65.37822407204658,1,raw/206__rand_read_4k__r3/attempt-1
e4085b7e352d422fbc578954eed94c9d,full,colva2,206,nvme,/dev/nvme2n1p1,/mnt/nvme2,seq_read,read,1m,4,4,1,1,time_limit,355590995968,331.169921875,60021,60.021,5924443043,5649.989169120789,5647.923227,338994,22566480.55381371,22675456,28704768,33816576,38535168,65.4016196980374,1,raw/206__seq_read__r4/attempt-1
e4085b7e352d422fbc578954eed94c9d,full,colva2,206,nvme,/dev/nvme2n1p1,/mnt/nvme2,seq_write,write,1m,4,4,1,1,time_limit,297937141760,277.4755859375,60031,60.031,4963262489,4733.335961341858,4731.270278,284011,26893492.424183436,26869760,37486592,43253760,51118080,65.39878985495307,1,raw/206__seq_write__r4/attempt-1
e4085b7e352d422fbc578954eed94c9d,full,colva2,206,nvme,/dev/nvme2n1p1,/mnt/nvme2,rand_read_128k,randread,128k,4,4,1,1,time_limit,345123848192,321.421630859375,60004,60.004,5751680689,5485.230149269104,43879.774682999996,2632962,2898963.221920222,2801664,3522560,4489216,6127616,65.40008067002054,1,raw/206__rand_read_128k__r4/attempt-1
e4085b7e352d422fbc578954eed94c9d,full,colva2,206,nvme,/dev/nvme2n1p1,/mnt/nvme2,rand_read_4k,randread,4k,4,4,1,1,time_limit,245980004352,229.08673095703125,60001,60.001,4099598411,3909.6817121505737,1000876.418727,60053586,126459.3672563233,103936,268288,428032,700416,65.37958045303822,1,raw/206__rand_read_4k__r4/attempt-1
e4085b7e352d422fbc578954eed94c9d,full,colva2,206,nvme,/dev/nvme2n1p1,/mnt/nvme2,rand_write_4k,randwrite,4k,4,4,1,1,time_limit,238561382400,222.1776008605957,60001,60.001,3975956771,3791.767855644226,970690.471825,58242399,130590.90665732381,127488,142336,156672,419840,65.37816377007402,1,raw/206__rand_write_4k__r4/attempt-1
e4085b7e352d422fbc578954eed94c9d,full,colva2,206,nvme,/dev/nvme2n1p1,/mnt/nvme2,seq_write,write,1m,4,5,1,1,time_limit,297000763392,276.603515625,60027,60.027,4947827284,4718.615802764893,4716.550051,283118,26980399.97523303,26869760,37486592,43778048,50593792,65.39510041300673,1,raw/206__seq_write__r5/attempt-1
e4085b7e352d422fbc578954eed94c9d,full,colva2,206,nvme,/dev/nvme2n1p1,/mnt/nvme2,rand_read_128k,randread,128k,4,5,1,1,time_limit,339340558336,316.0355224609375,60004,60.004,5655346070,5393.3582973480225,43144.799852000004,2588839,2948569.525272621,2834432,3686400,4145152,4685824,65.34702995000407,1,raw/206__rand_read_128k__r5/attempt-1
e4085b7e352d422fbc578954eed94c9d,full,colva2,206,nvme,/dev/nvme2n1p1,/mnt/nvme2,rand_read_4k,randread,4k,4,5,1,1,time_limit,245940903936,229.0503158569336,60001,60.001,4098946748,3909.0602378845215,1000717.304712,60044039,126481.74031463712,103936,268288,428032,700416,65.37851914996281,1,raw/206__rand_read_4k__r5/attempt-1
e4085b7e352d422fbc578954eed94c9d,full,colva2,206,nvme,/dev/nvme2n1p1,/mnt/nvme2,rand_write_4k,randwrite,4k,4,5,1,1,time_limit,238449102848,222.0730323791504,60001,60.001,3974085478,3789.9832515716553,970233.6294409999,58214988,130648.85380576107,127488,144384,154624,419840,65.37851063301787,1,raw/206__rand_write_4k__r5/attempt-1
e4085b7e352d422fbc578954eed94c9d,full,colva2,206,nvme,/dev/nvme2n1p1,/mnt/nvme2,seq_read,read,1m,4,5,1,1,time_limit,139673468928,130.0810546875,60058,60.058,2325923579,2218.1735792160034,2216.10866,133079,57638155.61352246,57409536,87556096,99090432,113770496,65.45132162992377,1,raw/206__seq_read__r5/attempt-1
e4085b7e352d422fbc578954eed94c9d,full,colva2,201,hdd,/dev/sda1,/mnt/hdd1,rand_read_128k,randread,128k,4,1,1,1,time_limit,2272395264,2.1163330078125,60275,60.275,37725168,35.97752380371094,285.695216,17209,432887502.56937176,434110464,801112064,1115684864,1619001344,65.68538009398617,1,raw/201__rand_read_128k__r1/attempt-1
e4085b7e352d422fbc578954eed94c9d,full,colva2,201,hdd,/dev/sda1,/mnt/hdd1,rand_read_4k,randread,4k,4,1,1,1,time_limit,92352512,0.08600997924804688,60257,60.257,1533305,1.4622735977172852,372.217455,22419,332505522.0443028,333447168,616562688,884998144,1233125376,65.70160061004572,1,raw/201__rand_read_4k__r1/attempt-1
e4085b7e352d422fbc578954eed94c9d,full,colva2,201,hdd,/dev/sda1,/mnt/hdd1,rand_write_4k,randwrite,4k,4,1,1,1,time_limit,91652096,0.085357666015625,60221,60.221,1522557,1.4520235061645508,369.592273,22248,334716604.2702119,337641472,497025024,1115684864,1468006400,65.59933561098296,1,raw/201__rand_write_4k__r1/attempt-1
e4085b7e352d422fbc578954eed94c9d,full,colva2,201,hdd,/dev/sda1,/mnt/hdd1,seq_read,read,1m,4,1,1,1,time_limit,9834594304,9.1591796875,60230,60.23,163537906,155.96190071105957,153.833408,9251,801235263.678448,809500672,893386752,1061158912,1199570944,65.64987077598926,1,raw/201__seq_read__r1/attempt-1
e4085b7e352d422fbc578954eed94c9d,full,colva2,201,hdd,/dev/sda1,/mnt/hdd1,seq_write,write,1m,4,1,1,1,time_limit,10225713152,9.5234375,60219,60.219,169881409,162.01153659820557,159.885053,9624,770930618.7817079,792723456,826277888,1367343104,1551892480,65.6484772299882,1,raw/201__seq_write__r1/attempt-1
e4085b7e352d422fbc578954eed94c9d,full,colva2,201,hdd,/dev/sda1,/mnt/hdd1,rand_read_4k,randread,4k,4,2,1,1,time_limit,92594176,0.08623504638671875,60257,60.257,1538158,1.4669017791748047,373.401124,22478,331700493.2143714,333447168,616562688,868220928,1333788672,65.65000770997722,1,raw/201__rand_read_4k__r2/attempt-1
e4085b7e352d422fbc578954eed94c9d,full,colva2,201,hdd,/dev/sda1,/mnt/hdd1,rand_write_4k,randwrite,4k,4,2,1,1,time_limit,92413952,0.08606719970703125,60170,60.17,1536683,1.4654951095581055,373.038795,22434,331690929.50744134,337641472,501219328,1069547520,1350565888,65.54962659301236,1,raw/201__rand_write_4k__r2/attempt-1
e4085b7e352d422fbc578954eed94c9d,full,colva2,201,hdd,/dev/sda1,/mnt/hdd1,seq_read,read,1m,4,2,1,1,time_limit,9807331328,9.1337890625,60238,60.238,162979676,155.4295310974121,153.302411,9225,804146959.2709903,817889280,893386752,1035993088,1166016512,65.69946427107789,1,raw/201__seq_read__r2/attempt-1
e4085b7e352d422fbc578954eed94c9d,full,colva2,201,hdd,/dev/sda1,/mnt/hdd1,seq_write,write,1m,4,2,1,1,time_limit,10234101760,9.53125,60211,60.211,170052640,162.17483520507812,160.047954,9632,770291340.5328377,784334848,851443712,1367343104,1551892480,65.59779263101518,1,raw/201__seq_write__r2/attempt-1
e4085b7e352d422fbc578954eed94c9d,full,colva2,201,hdd,/dev/sda1,/mnt/hdd1,rand_read_128k,randread,128k,4,2,1,1,time_limit,2285764608,2.1287841796875,60340,60.34,37902576,36.14671325683594,287.067794,17312,431026485.7402872,425721856,801112064,1132462080,1535115264,65.7003448709147,1,raw/201__rand_read_128k__r2/attempt-1
e4085b7e352d422fbc578954eed94c9d,full,colva2,201,hdd,/dev/sda1,/mnt/hdd1,rand_write_4k,randwrite,4k,4,3,1,1,time_limit,92463104,0.08611297607421875,60193,60.193,1536894,1.4656963348388672,373.091119,22446,331663606.1054263,333447168,492830720,1082130432,1501560832,65.59780189499725,1,raw/201__rand_write_4k__r3/attempt-1
e4085b7e352d422fbc578954eed94c9d,full,colva2,201,hdd,/dev/sda1,/mnt/hdd1,seq_read,read,1m,4,3,1,1,time_limit,9822011392,9.1474609375,60284,60.284,163127984,155.5709686279297,153.44509399999998,9239,802783581.7852352,809500672,901775360,1199570944,1300234240,65.74901151400991,1,raw/201__seq_read__r3/attempt-1
e4085b7e352d422fbc578954eed94c9d,full,colva2,201,hdd,/dev/sda1,/mnt/hdd1,seq_write,write,1m,4,3,1,1,time_limit,10249830400,9.5458984375,60208,60.208,170313747,162.423846244812,160.296967,9647,768925556.7789859,784334848,859832320,1350565888,1602224128,65.70139623200521,1,raw/201__seq_write__r3/attempt-1
e4085b7e352d422fbc578954eed94c9d,full,colva2,201,hdd,/dev/sda1,/mnt/hdd1,rand_read_128k,randread,128k,4,3,1,1,time_limit,2266234880,2.110595703125,60312,60.312,37608028,35.86581039428711,284.80234099999996,17162,434273155.68473744,429916160,784334848,1035993088,1602224128,65.69137193402275,1,raw/201__rand_read_128k__r3/attempt-1
e4085b7e352d422fbc578954eed94c9d,full,colva2,201,hdd,/dev/sda1,/mnt/hdd1,rand_read_4k,randread,4k,4,3,1,1,time_limit,93417472,0.08700180053710938,60200,60.2,1552315,1.480402946472168,376.85673099999997,22679,328506033.8304627,329252864,608174080,868220928,1249902592,65.54920319397934,1,raw/201__rand_read_4k__r3/attempt-1
e4085b7e352d422fbc578954eed94c9d,full,colva2,201,hdd,/dev/sda1,/mnt/hdd1,seq_read,read,1m,4,4,1,1,time_limit,9848225792,9.171875,60383,60.383,163576709,155.99890613555908,153.87285699999998,9264,800850556.9911587,817889280,884998144,918552576,977272832,65.7498324640328,1,raw/201__seq_read__r4/attempt-1
e4085b7e352d422fbc578954eed94c9d,full,colva2,201,hdd,/dev/sda1,/mnt/hdd1,seq_write,write,1m,4,4,1,1,time_limit,10239344640,9.5361328125,60231,60.231,170083464,162.20423126220703,160.078057,9637,769890514.1324666,784334848,868220928,1417674752,1535115264,65.64989041502122,1,raw/201__seq_write__r4/attempt-1
e4085b7e352d422fbc578954eed94c9d,full,colva2,201,hdd,/dev/sda1,/mnt/hdd1,rand_read_128k,randread,128k,4,4,1,1,time_limit,2286419968,2.12939453125,60404,60.404,37882611,36.12767314910889,286.900633,17316,431273172.61067647,429916160,809500672,1115684864,1686110208,65.79856305802241,1,raw/201__rand_read_128k__r4/attempt-1
e4085b7e352d422fbc578954eed94c9d,full,colva2,201,hdd,/dev/sda1,/mnt/hdd1,rand_read_4k,randread,4k,4,4,1,1,time_limit,93093888,0.086700439453125,60200,60.2,1546782,1.4751262664794922,375.50582699999995,22600,329760033.53772604,333447168,616562688,868220928,1300234240,65.60104798804969,1,raw/201__rand_read_4k__r4/attempt-1
e4085b7e352d422fbc578954eed94c9d,full,colva2,201,hdd,/dev/sda1,/mnt/hdd1,rand_write_4k,randwrite,4k,4,4,1,1,time_limit,92512256,0.08615875244140625,60206,60.206,1537554,1.4663257598876953,373.252702,22458,331518938.4086524,337641472,501219328,1052770304,1501560832,65.54765363107435,1,raw/201__rand_write_4k__r4/attempt-1
e4085b7e352d422fbc578954eed94c9d,full,colva2,201,hdd,/dev/sda1,/mnt/hdd1,seq_write,write,1m,4,5,1,1,time_limit,10202644480,9.501953125,60234,60.234,169440453,161.59100818634033,159.465249,9602,772906585.2622358,784334848,834666496,1468006400,1585446912,65.64838899392635,1,raw/201__seq_write__r5/attempt-1
e4085b7e352d422fbc578954eed94c9d,full,colva2,201,hdd,/dev/sda1,/mnt/hdd1,rand_read_128k,randread,128k,4,5,1,1,time_limit,2258763776,2.1036376953125,60262,60.262,37517303,35.77928829193115,284.108294,17105,435286453.9402421,429916160,792723456,1098907648,1518338048,65.6495263830293,1,raw/201__rand_read_128k__r5/attempt-1
e4085b7e352d422fbc578954eed94c9d,full,colva2,201,hdd,/dev/sda1,/mnt/hdd1,rand_read_4k,randread,4k,4,5,1,1,time_limit,93286400,0.08687973022460938,60242,60.242,1549058,1.4772968292236328,376.062906,22647,329222192.80238974,329252864,616562688,868220928,1300234240,65.64597667998169,1,raw/201__rand_read_4k__r5/attempt-1
e4085b7e352d422fbc578954eed94c9d,full,colva2,201,hdd,/dev/sda1,/mnt/hdd1,rand_write_4k,randwrite,4k,4,5,1,1,time_limit,92393472,0.08604812622070312,60203,60.203,1535789,1.4646425247192383,372.8212,22429,331978611.37953985,333447168,501219328,943718400,1501560832,65.54972044192255,1,raw/201__rand_write_4k__r5/attempt-1
e4085b7e352d422fbc578954eed94c9d,full,colva2,201,hdd,/dev/sda1,/mnt/hdd1,seq_read,read,1m,4,5,1,1,time_limit,9847177216,9.1708984375,60256,60.256,163593997,156.0153932571411,153.888902,9263,800657350.0550464,817889280,893386752,935329792,994050048,65.70038733095862,1,raw/201__seq_read__r5/attempt-1
e4085b7e352d422fbc578954eed94c9d,full,colva2,202,hdd,/dev/sdb1,/mnt/hdd2,rand_read_128k,randread,128k,4,1,1,1,time_limit,2290745344,2.1334228515625,60311,60.311,38020041,36.2587366104126,287.94544199999996,17349,429900314.2250698,425721856,801112064,1115684864,1619001344,65.70002034690697,1,raw/202__rand_read_128k__r1/attempt-1
e4085b7e352d422fbc578954eed94c9d,full,colva2,202,hdd,/dev/sdb1,/mnt/hdd2,rand_read_4k,randread,4k,4,1,1,1,time_limit,94351360,0.08787155151367188,60251,60.251,1566850,1.4942646026611328,380.40657699999997,22907,325423434.31749654,325058560,624951296,876609536,1182793728,65.69947729900014,1,raw/202__rand_read_4k__r1/attempt-1
e4085b7e352d422fbc578954eed94c9d,full,colva2,202,hdd,/dev/sdb1,/mnt/hdd2,rand_write_4k,randwrite,4k,4,1,1,1,time_limit,94048256,0.08758926391601562,60168,60.168,1564130,1.4916706085205078,379.739369,22833,325877628.438832,329252864,425721856,1010827264,1384120320,65.55112943600398,1,raw/202__rand_write_4k__r1/attempt-1
e4085b7e352d422fbc578954eed94c9d,full,colva2,202,hdd,/dev/sdb1,/mnt/hdd2,seq_read,read,1m,4,1,1,1,time_limit,9914286080,9.2333984375,60280,60.28,164662001,157.03392124176025,154.908027,9327,796030031.3490478,809500672,893386752,926941184,985661440,65.74755189602729,1,raw/202__seq_read__r1/attempt-1
e4085b7e352d422fbc578954eed94c9d,full,colva2,202,hdd,/dev/sdb1,/mnt/hdd2,seq_write,write,1m,4,1,1,1,time_limit,10285481984,9.5791015625,60252,60.252,170820307,162.90693950653076,160.781127,9681,766579952.2564702,784334848,826277888,1333788672,1501560832,65.69523809303064,1,raw/202__seq_write__r1/attempt-1
e4085b7e352d422fbc578954eed94c9d,full,colva2,202,hdd,/dev/sdb1,/mnt/hdd2,rand_read_4k,randread,4k,4,2,1,1,time_limit,93118464,0.08672332763671875,60308,60.308,1545719,1.4741125106811523,375.24847,22606,329850083.43975645,329252864,599785472,851443712,1199570944,65.64806390402373,1,raw/202__rand_read_4k__r2/attempt-1
e4085b7e352d422fbc578954eed94c9d,full,colva2,202,hdd,/dev/sdb1,/mnt/hdd2,rand_write_4k,randwrite,4k,4,2,1,1,time_limit,93339648,0.0869293212890625,60200,60.2,1550947,1.4790983200073242,376.52298,22660,328608829.70784265,329252864,492830720,1115684864,1585446912,65.59675671695732,1,raw/202__rand_write_4k__r2/attempt-1
e4085b7e352d422fbc578954eed94c9d,full,colva2,202,hdd,/dev/sdb1,/mnt/hdd2,seq_read,read,1m,4,2,1,1,time_limit,9893314560,9.2138671875,60244,60.244,164364812,156.7504997253418,154.623946,9307,796629700.6601088,809500672,884998144,935329792,1027604480,65.65194327605423,1,raw/202__seq_read__r2/attempt-1
e4085b7e352d422fbc578954eed94c9d,full,colva2,202,hdd,/dev/sdb1,/mnt/hdd2,seq_write,write,1m,4,2,1,1,time_limit,10258219008,9.5537109375,60199,60.199,170456811,162.56028270721436,160.433359,9655,768252897.0415112,784334848,843055104,1400897536,1585446912,65.64775983802974,1,raw/202__seq_write__r2/attempt-1
e4085b7e352d422fbc578954eed94c9d,full,colva2,202,hdd,/dev/sdb1,/mnt/hdd2,rand_read_128k,randread,128k,4,2,1,1,time_limit,2321940480,2.1624755859375,60347,60.347,38513962,36.72977638244629,291.715089,17587,424210871.32727927,417333248,784334848,1115684864,1484783616,65.74898582103197,1,raw/202__rand_read_128k__r2/attempt-1
e4085b7e352d422fbc578954eed94c9d,full,colva2,202,hdd,/dev/sdb1,/mnt/hdd2,rand_write_4k,randwrite,4k,4,3,1,1,time_limit,93540352,0.08711624145507812,60265,60.265,1553321,1.4813623428344727,377.10389599999996,22709,328116425.3877202,329252864,492830720,985661440,1350565888,65.65034102194477,1,raw/202__rand_write_4k__r3/attempt-1
e4085b7e352d422fbc578954eed94c9d,full,colva2,202,hdd,/dev/sdb1,/mnt/hdd2,seq_read,read,1m,4,3,1,1,time_limit,9876537344,9.1982421875,60247,60.247,164179553,156.5738229751587,154.446055,9291,797657674.1022527,809500672,884998144,926941184,952107008,65.64830887399148,1,raw/202__seq_read__r3/attempt-1
e4085b7e352d422fbc578954eed94c9d,full,colva2,202,hdd,/dev/sdb1,/mnt/hdd2,seq_write,write,1m,4,3,1,1,time_limit,10287579136,9.5810546875,60229,60.229,170928455,163.01007747650146,160.883356,9683,766173650.5979398,784334848,859832320,1333788672,1518338048,65.64887198689394,1,raw/202__seq_write__r3/attempt-1
e4085b7e352d422fbc578954eed94c9d,full,colva2,202,hdd,/dev/sdb1,/mnt/hdd2,rand_read_128k,randread,128k,4,3,1,1,time_limit,2320760832,2.161376953125,60317,60.317,38513231,36.729079246520996,291.70844900000003,17578,424287478.70366776,421527552,784334848,1098907648,1451229184,65.70009532396216,1,raw/202__rand_read_128k__r3/attempt-1
e4085b7e352d422fbc578954eed94c9d,full,colva2,202,hdd,/dev/sdb1,/mnt/hdd2,rand_read_4k,randread,4k,4,3,1,1,time_limit,95383552,0.08883285522460938,60232,60.232,1585009,1.511582374572754,384.838525,23159,321769389.3383941,325058560,599785472,859832320,1199570944,65.59941093402449,1,raw/202__rand_read_4k__r3/attempt-1
e4085b7e352d422fbc578954eed94c9d,full,colva2,202,hdd,/dev/sdb1,/mnt/hdd2,seq_read,read,1m,4,4,1,1,time_limit,9888071680,9.208984375,60279,60.279,164307792,156.6961212158203,154.569178,9302,797323669.8790516,809500672,893386752,1002438656,1182793728,65.7473909270484,1,raw/202__seq_read__r4/attempt-1
e4085b7e352d422fbc578954eed94c9d,full,colva2,202,hdd,/dev/sdb1,/mnt/hdd2,seq_write,write,1m,4,4,1,1,time_limit,10259267584,9.5546875,60249,60.249,170399985,162.50608921051025,160.380091,9656,768462273.5205108,784334848,843055104,1367343104,1551892480,65.63587280700449,1,raw/202__seq_write__r4/attempt-1
e4085b7e352d422fbc578954eed94c9d,full,colva2,202,hdd,/dev/sdb1,/mnt/hdd2,rand_read_128k,randread,128k,4,4,1,1,time_limit,2307260416,2.1488037109375,60341,60.341,38273185,36.50015354156494,289.877927,17475,426875565.1761476,421527552,784334848,1061158912,1451229184,65.7011817790335,1,raw/202__rand_read_128k__r4/attempt-1
e4085b7e352d422fbc578954eed94c9d,full,colva2,202,hdd,/dev/sdb1,/mnt/hdd2,rand_read_4k,randread,4k,4,4,1,1,time_limit,95125504,0.088592529296875,60208,60.208,1580937,1.5076990127563477,383.84404400000005,23096,322493896.8731919,325058560,608174080,893386752,1484783616,65.59934805403464,1,raw/202__rand_read_4k__r4/attempt-1
e4085b7e352d422fbc578954eed94c9d,full,colva2,202,hdd,/dev/sdb1,/mnt/hdd2,rand_write_4k,randwrite,4k,4,4,1,1,time_limit,94560256,0.08806610107421875,60182,60.182,1571653,1.498845100402832,381.59394699999996,22959,324508857.3708485,329252864,484442112,935329792,1266679808,65.59754873497877,1,raw/202__rand_write_4k__r4/attempt-1
e4085b7e352d422fbc578954eed94c9d,full,colva2,202,hdd,/dev/sdb1,/mnt/hdd2,seq_write,write,1m,4,5,1,1,time_limit,10288627712,9.58203125,60193,60.193,171014010,163.0916690826416,160.964099,9684,765843159.87499,784334848,826277888,1400897536,1518338048,65.64943299605511,1,raw/202__seq_write__r5/attempt-1
e4085b7e352d422fbc578954eed94c9d,full,colva2,202,hdd,/dev/sdb1,/mnt/hdd2,rand_read_128k,randread,128k,4,5,1,1,time_limit,2326921216,2.1671142578125,60311,60.311,38601413,36.81317615509033,292.382022,17625,423373035.25390506,417333248,809500672,1115684864,1551892480,65.6997211300768,1,raw/202__rand_read_128k__r5/attempt-1
e4085b7e352d422fbc578954eed94c9d,full,colva2,202,hdd,/dev/sdb1,/mnt/hdd2,rand_read_4k,randread,4k,4,5,1,1,time_limit,94892032,0.08837509155273438,60261,60.261,1575676,1.5026817321777344,382.561634,23039,323589509.2266353,325058560,599785472,851443712,1216348160,65.65071886999067,1,raw/202__rand_read_4k__r5/attempt-1
e4085b7e352d422fbc578954eed94c9d,full,colva2,202,hdd,/dev/sdb1,/mnt/hdd2,rand_write_4k,randwrite,4k,4,5,1,1,time_limit,93986816,0.08753204345703125,60199,60.199,1562071,1.4897069931030273,379.238095,22818,326288494.1872187,329252864,434110464,1044381696,1333788672,65.54960773698986,1,raw/202__rand_write_4k__r5/attempt-1
e4085b7e352d422fbc578954eed94c9d,full,colva2,202,hdd,/dev/sdb1,/mnt/hdd2,seq_read,read,1m,4,5,1,1,time_limit,9872343040,9.1943359375,60244,60.244,164074717,156.47384357452393,154.346529,9287,800282645.1407207,809500672,910163968,1182793728,1367343104,65.6449292890029,1,raw/202__seq_read__r5/attempt-1
e4085b7e352d422fbc578954eed94c9d,full,colva2,207,nvme,/dev/nvme3n1p1,/mnt/nvme3,rand_read_128k,randread,128k,4,1,1,1,time_limit,346166919168,322.39306640625,60003,60.003,5769160193,5501.899903297424,44013.132676999994,2640920,2890043.0310420254,2211840,7307264,10420224,13172736,65.34945681900717,1,raw/207__rand_read_128k__r1/attempt-1
e4085b7e352d422fbc578954eed94c9d,full,colva2,207,nvme,/dev/nvme3n1p1,/mnt/nvme3,rand_read_4k,randread,4k,4,1,1,1,time_limit,245845389312,228.96136093139648,60001,60.001,4097354864,3907.5420989990234,1000328.677855,60020721,126513.09740509096,103936,264192,428032,700416,65.38031052600127,1,raw/207__rand_read_4k__r1/attempt-1
e4085b7e352d422fbc578954eed94c9d,full,colva2,207,nvme,/dev/nvme3n1p1,/mnt/nvme3,rand_write_4k,randwrite,4k,4,1,1,1,time_limit,237974274048,221.6308135986328,60006,60.006,3965841316,3782.121006011963,968220.8945759999,58099063,130913.28090641553,127488,142336,156672,411648,65.37837299495004,1,raw/207__rand_write_4k__r1/attempt-1
e4085b7e352d422fbc578954eed94c9d,full,colva2,207,nvme,/dev/nvme3n1p1,/mnt/nvme3,seq_read,read,1m,4,1,1,1,time_limit,139600068608,130.0126953125,60058,60.058,2324760495,2217.0643758773804,2214.999406,133009,57665460.06141637,57409536,87556096,99090432,113770496,65.3974677589722,1,raw/207__seq_read__r1/attempt-1
e4085b7e352d422fbc578954eed94c9d,full,colva2,207,nvme,/dev/nvme3n1p1,/mnt/nvme3,seq_write,write,1m,4,1,1,1,time_limit,296879128576,276.490234375,60026,60.026,4945945136,4716.820846557617,4714.738374,283001,26993471.19407123,26607616,37486592,43778048,51642368,65.39776864694431,1,raw/207__seq_write__r1/attempt-1
e4085b7e352d422fbc578954eed94c9d,full,colva2,207,nvme,/dev/nvme3n1p1,/mnt/nvme3,rand_read_4k,randread,4k,4,2,1,1,time_limit,245933056000,229.04300689697266,60001,60.001,4098815952,3908.935501098633,1000685.388577,60042124,126459.07984063654,103936,264192,428032,700416,65.38043240294792,1,raw/207__rand_read_4k__r2/attempt-1
e4085b7e352d422fbc578954eed94c9d,full,colva2,207,nvme,/dev/nvme3n1p1,/mnt/nvme3,rand_write_4k,randwrite,4k,4,2,1,1,time_limit,238274023424,221.90997695922852,60001,60.001,3971167536,3787.200485229492,969521.224646,58172243,130737.68472207575,127488,140288,154624,395264,65.32826021395158,1,raw/207__rand_write_4k__r2/attempt-1
e4085b7e352d422fbc578954eed94c9d,full,colva2,207,nvme,/dev/nvme3n1p1,/mnt/nvme3,seq_read,read,1m,4,2,1,1,time_limit,139575951360,129.990234375,60058,60.058,2324047577,2216.3844842910767,2214.3197899999996,132986,57683734.31924271,57933824,89653248,100139008,115867648,65.39601234497968,1,raw/207__seq_read__r2/attempt-1
e4085b7e352d422fbc578954eed94c9d,full,colva2,207,nvme,/dev/nvme3n1p1,/mnt/nvme3,seq_write,write,1m,4,2,1,1,time_limit,298680582144,278.16796875,60028,60.028,4975894678,4745.3829555511475,4743.30051,284719,26826595.85116532,26607616,37486592,43253760,50593792,65.39649552397896,1,raw/207__seq_write__r2/attempt-1
e4085b7e352d422fbc578954eed94c9d,full,colva2,207,nvme,/dev/nvme3n1p1,/mnt/nvme3,rand_read_128k,randread,128k,4,2,1,1,time_limit,342553657344,319.0279541015625,60004,60.004,5708918391,5444.448843955994,43553.524212000004,2613353,2920789.1419512043,2834432,3457024,3883008,4423680,65.34831814898644,1,raw/207__rand_read_128k__r2/attempt-1
e4085b7e352d422fbc578954eed94c9d,full,colva2,207,nvme,/dev/nvme3n1p1,/mnt/nvme3,rand_write_4k,randwrite,4k,4,3,1,1,time_limit,238280441856,221.91595458984375,60001,60.001,3971274508,3787.302501678467,969547.3742109999,58173812,130732.52856454611,127488,142336,156672,391168,65.32795918593183,1,raw/207__rand_write_4k__r3/attempt-1
e4085b7e352d422fbc578954eed94c9d,full,colva2,207,nvme,/dev/nvme3n1p1,/mnt/nvme3,seq_read,read,1m,4,3,1,1,time_limit,139586437120,130.0,60058,60.058,2324456100,2216.774082183838,2214.709182,132996,57674530.46639917,57409536,87556096,99090432,115867648,65.3981074099429,1,raw/207__seq_read__r3/attempt-1
e4085b7e352d422fbc578954eed94c9d,full,colva2,207,nvme,/dev/nvme3n1p1,/mnt/nvme3,seq_write,write,1m,4,3,1,1,time_limit,296974548992,276.5791015625,60033,60.033,4946917065,4717.747750282288,4715.682196,283093,26983825.194020275,26869760,37486592,43253760,49545216,65.39662388106808,1,raw/207__seq_write__r3/attempt-1
e4085b7e352d422fbc578954eed94c9d,full,colva2,207,nvme,/dev/nvme3n1p1,/mnt/nvme3,rand_read_128k,randread,128k,4,3,1,1,time_limit,319335170048,297.404052734375,60004,60.004,5321964547,5075.420901298523,40601.300662,2436210,3134190.92468108,2899968,4554752,5341184,6127616,65.3972240909934,1,raw/207__rand_read_128k__r3/attempt-1
e4085b7e352d422fbc578954eed94c9d,full,colva2,207,nvme,/dev/nvme3n1p1,/mnt/nvme3,rand_read_4k,randread,4k,4,3,1,1,time_limit,246017126400,229.1213035583496,60001,60.001,4100217101,3910.271740913391,1001027.482876,60062650,126412.89573849575,103936,264192,423936,692224,65.32855934801046,1,raw/207__rand_read_4k__r3/attempt-1
e4085b7e352d422fbc578954eed94c9d,full,colva2,207,nvme,/dev/nvme3n1p1,/mnt/nvme3,seq_read,read,1m,4,4,1,1,time_limit,336024567808,312.947265625,60022,60.022,5598380135,5339.031348228455,5336.965433,320334,23886039.606825326,24248320,29753344,34340864,38535168,65.40311169601046,1,raw/207__seq_read__r4/attempt-1
e4085b7e352d422fbc578954eed94c9d,full,colva2,207,nvme,/dev/nvme3n1p1,/mnt/nvme3,seq_write,write,1m,4,4,1,1,time_limit,297947627520,277.4853515625,60026,60.026,4963849838,4733.896100997925,4731.830245,284021,26894076.01083763,26869760,37486592,43253760,49545216,65.39728749310598,1,raw/207__seq_write__r4/attempt-1
e4085b7e352d422fbc578954eed94c9d,full,colva2,207,nvme,/dev/nvme3n1p1,/mnt/nvme3,rand_read_128k,randread,128k,4,4,1,1,time_limit,340358332416,316.9833984375,60003,60.003,5672355254,5409.579519271851,43274.569605,2596604,2939775.5782135525,2867200,3588096,4292608,5472256,65.3508995709708,1,raw/207__rand_read_128k__r4/attempt-1
e4085b7e352d422fbc578954eed94c9d,full,colva2,207,nvme,/dev/nvme3n1p1,/mnt/nvme3,rand_read_4k,randread,4k,4,4,1,1,time_limit,245884715008,228.99798583984375,60001,60.001,4098010281,3908.1671533584595,1000488.691855,60030322,126483.09441223418,103936,264192,428032,692224,65.37948150001466,1,raw/207__rand_read_4k__r4/attempt-1
e4085b7e352d422fbc578954eed94c9d,full,colva2,207,nvme,/dev/nvme3n1p1,/mnt/nvme3,rand_write_4k,randwrite,4k,4,4,1,1,time_limit,238240997376,221.87921905517578,60001,60.001,3970617111,3786.6755590438843,969386.8602189999,58164181,130755.44670850594,127488,140288,154624,399360,65.32728528103326,1,raw/207__rand_write_4k__r4/attempt-1
e4085b7e352d422fbc578954eed94c9d,full,colva2,207,nvme,/dev/nvme3n1p1,/mnt/nvme3,seq_write,write,1m,4,5,1,1,time_limit,296904294400,276.513671875,60027,60.027,4946241015,4717.103018760681,4715.020598,283025,26987051.45862995,26869760,38010880,43253760,52166656,65.38369379902724,1,raw/207__seq_write__r5/attempt-1
e4085b7e352d422fbc578954eed94c9d,full,colva2,207,nvme,/dev/nvme3n1p1,/mnt/nvme3,rand_read_128k,randread,128k,4,5,1,1,time_limit,333226573824,310.3414306640625,60004,60.004,5553406001,5296.1406717300415,42367.058862000005,2542193,3002932.730149697,2506752,6062080,8028160,9764864,65.35004235501401,1,raw/207__rand_read_128k__r5/attempt-1
e4085b7e352d422fbc578954eed94c9d,full,colva2,207,nvme,/dev/nvme3n1p1,/mnt/nvme3,rand_read_4k,randread,4k,4,5,1,1,time_limit,245978996736,229.0857925415039,60001,60.001,4099581617,3909.665696144104,1000872.335462,60053341,126444.6295321593,103936,264192,428032,692224,65.37781267601531,1,raw/207__rand_read_4k__r5/attempt-1
e4085b7e352d422fbc578954eed94c9d,full,colva2,207,nvme,/dev/nvme3n1p1,/mnt/nvme3,rand_write_4k,randwrite,4k,4,5,1,1,time_limit,238236028928,221.87459182739258,60001,60.001,3970534305,3786.59658908844,969366.660555,58162969,130746.9405141157,127488,142336,156672,415744,65.37826622999273,1,raw/207__rand_write_4k__r5/attempt-1
e4085b7e352d422fbc578954eed94c9d,full,colva2,207,nvme,/dev/nvme3n1p1,/mnt/nvme3,seq_read,read,1m,4,5,1,1,time_limit,139500453888,129.919921875,60058,60.058,2322888093,2215.2787141799927,2213.213935,132914,57712717.80822256,56885248,88604672,100139008,114819072,65.44813656900078,1,raw/207__seq_read__r5/attempt-1
62a417b0c65345bfa5e7689ac54b78fa,full,colva3,304,hdd,/dev/sdd1,/mnt/hdd4,rand_read_128k,randread,128k,4,1,1,1,time_limit,2382757888,2.2191162109375,60323,60.323,39511586,37.68118476867676,299.326954,18051,413345680.567153,408944640,792723456,1082130432,1619001344,65.67808004794642,1,raw/304__rand_read_128k__r1/attempt-1
62a417b0c65345bfa5e7689ac54b78fa,full,colva3,304,hdd,/dev/sdd1,/mnt/hdd4,rand_read_4k,randread,4k,4,1,1,1,time_limit,95305728,0.0887603759765625,60207,60.207,1584118,1.510732650756836,384.62030100000004,23140,321791507.4831057,320864256,641728512,859832320,1266679808,65.57640994689427,1,raw/304__rand_read_4k__r1/attempt-1
62a417b0c65345bfa5e7689ac54b78fa,full,colva3,304,hdd,/dev/sdd1,/mnt/hdd4,rand_write_4k,randwrite,4k,4,1,1,1,time_limit,91426816,0.08514785766601562,60187,60.187,1519682,1.4492816925048828,368.889047,22193,335392252.7583671,337641472,497025024,985661440,1350565888,65.57858692505397,1,raw/304__rand_write_4k__r1/attempt-1
62a417b0c65345bfa5e7689ac54b78fa,full,colva3,304,hdd,/dev/sdd1,/mnt/hdd4,seq_read,read,1m,4,1,1,1,time_limit,11390681088,10.6083984375,60234,60.234,189358076,180.58593368530273,178.458072,10735,691295555.0509583,700448768,767557632,801112064,859832320,65.57598446006887,1,raw/304__seq_read__r1/attempt-1
62a417b0c65345bfa5e7689ac54b78fa,full,colva3,304,hdd,/dev/sdd1,/mnt/hdd4,seq_write,write,1m,4,1,1,1,time_limit,11953766400,11.1328125,60170,60.17,198714438,189.50885581970215,187.38104099999998,11272,658306210.122886,675282944,708837376,1149239296,1317011456,65.52862038195599,1,raw/304__seq_write__r1/attempt-1
62a417b0c65345bfa5e7689ac54b78fa,full,colva3,304,hdd,/dev/sdd1,/mnt/hdd4,rand_read_4k,randread,4k,4,2,1,1,time_limit,94621696,0.08812332153320312,60241,60.241,1571951,1.499129295349121,381.651226,22973,325047295.5758266,325058560,624951296,826277888,1300234240,65.62723211396951,1,raw/304__rand_read_4k__r2/attempt-1
62a417b0c65345bfa5e7689ac54b78fa,full,colva3,304,hdd,/dev/sdd1,/mnt/hdd4,rand_write_4k,randwrite,4k,4,2,1,1,time_limit,92901376,0.08652114868164062,60199,60.199,1544385,1.4728403091430664,374.919615,22553,330076562.6426175,333447168,438304768,926941184,1619001344,65.5266098389402,1,raw/304__rand_write_4k__r2/attempt-1
62a417b0c65345bfa5e7689ac54b78fa,full,colva3,304,hdd,/dev/sdd1,/mnt/hdd4,seq_read,read,1m,4,2,1,1,time_limit,11313086464,10.5361328125,60213,60.213,188111066,179.39669227600098,177.268343,10661,695486763.1611733,700448768,784334848,1069547520,1166016512,65.57579793594778,1,raw/304__seq_read__r2/attempt-1
62a417b0c65345bfa5e7689ac54b78fa,full,colva3,304,hdd,/dev/sdd1,/mnt/hdd4,seq_write,write,1m,4,2,1,1,time_limit,11907629056,11.08984375,60209,60.209,197857030,188.6911678314209,186.564324,11228,661205159.9834883,675282944,708837376,1166016512,1317011456,65.57688239193521,1,raw/304__seq_write__r2/attempt-1
62a417b0c65345bfa5e7689ac54b78fa,full,colva3,304,hdd,/dev/sdd1,/mnt/hdd4,rand_read_128k,randread,128k,4,2,1,1,time_limit,2360606720,2.198486328125,60291,60.291,39169950,37.35537528991699,296.719089,17882,417117532.93370146,413138944,792723456,1115684864,1585446912,65.67833374906331,1,raw/304__rand_read_128k__r2/attempt-1
62a417b0c65345bfa5e7689ac54b78fa,full,colva3,304,hdd,/dev/sdd1,/mnt/hdd4,rand_write_4k,randwrite,4k,4,3,1,1,time_limit,92135424,0.08580780029296875,60305,60.305,1528650,1.457834243774414,371.082605,22366,333422485.8714882,333447168,497025024,1027604480,1484783616,65.67728296597488,1,raw/304__rand_write_4k__r3/attempt-1
62a417b0c65345bfa5e7689ac54b78fa,full,colva3,304,hdd,/dev/sdd1,/mnt/hdd4,seq_read,read,1m,4,3,1,1,time_limit,11406409728,10.623046875,60257,60.257,189592714,180.80970191955566,178.68214,10750,690096966.1225736,700448768,775946240,801112064,843055104,65.62583359493874,1,raw/304__seq_read__r3/attempt-1
62a417b0c65345bfa5e7689ac54b78fa,full,colva3,304,hdd,/dev/sdd1,/mnt/hdd4,seq_write,write,1m,4,3,1,1,time_limit,11928600576,11.109375,60217,60.217,198165917,188.98574542999268,186.859326,11248,660046272.3424357,675282944,725614592,1132462080,1300234240,65.57740441802889,1,raw/304__seq_write__r3/attempt-1
62a417b0c65345bfa5e7689ac54b78fa,full,colva3,304,hdd,/dev/sdd1,/mnt/hdd4,rand_read_128k,randread,128k,4,3,1,1,time_limit,2379481088,2.216064453125,60318,60.318,39493241,37.663689613342285,299.201685,18027,413529239.6554959,408944640,809500672,1098907648,1820327936,65.67653486900963,1,raw/304__rand_read_128k__r3/attempt-1
62a417b0c65345bfa5e7689ac54b78fa,full,colva3,304,hdd,/dev/sdd1,/mnt/hdd4,rand_read_4k,randread,4k,4,3,1,1,time_limit,94449664,0.08796310424804688,60170,60.17,1570147,1.4974088668823242,381.209096,22931,324761246.8664521,325058560,624951296,834666496,1367343104,65.62704406899866,1,raw/304__rand_read_4k__r3/attempt-1
62a417b0c65345bfa5e7689ac54b78fa,full,colva3,304,hdd,/dev/sdd1,/mnt/hdd4,seq_read,read,1m,4,4,1,1,time_limit,11391729664,10.609375,60233,60.233,189480395,180.70258617401123,178.573544,10736,690716073.9255985,700448768,759169024,784334848,851443712,65.57636169495527,1,raw/304__seq_read__r4/attempt-1
62a417b0c65345bfa5e7689ac54b78fa,full,colva3,304,hdd,/dev/sdd1,/mnt/hdd4,seq_write,write,1m,4,4,1,1,time_limit,11953766400,11.1328125,60197,60.197,198686315,189.48203563690186,187.354519,11272,658344125.3951247,675282944,708837376,1166016512,1333788672,65.57642132404726,1,raw/304__seq_write__r4/attempt-1
62a417b0c65345bfa5e7689ac54b78fa,full,colva3,304,hdd,/dev/sdd1,/mnt/hdd4,rand_read_128k,randread,128k,4,4,1,1,time_limit,2390491136,2.226318359375,60351,60.351,39642376,37.80591583251953,300.324662,18110,412247360.04164714,408944640,826277888,1082130432,1518338048,65.6779046410229,1,raw/304__rand_read_128k__r4/attempt-1
62a417b0c65345bfa5e7689ac54b78fa,full,colva3,304,hdd,/dev/sdd1,/mnt/hdd4,rand_read_4k,randread,4k,4,4,1,1,time_limit,95875072,0.08929061889648438,60266,60.266,1592057,1.5183038711547852,386.560789,23279,320267090.71840525,325058560,591396864,851443712,1182793728,65.62720506603364,1,raw/304__rand_read_4k__r4/attempt-1
62a417b0c65345bfa5e7689ac54b78fa,full,colva3,304,hdd,/dev/sdd1,/mnt/hdd4,rand_write_4k,randwrite,4k,4,4,1,1,time_limit,93200384,0.08679962158203125,60191,60.191,1549008,1.4772491455078125,376.04875400000003,22626,329032286.43286914,333447168,501219328,943718400,1384120320,65.57790745899547,1,raw/304__rand_write_4k__r4/attempt-1
62a417b0c65345bfa5e7689ac54b78fa,full,colva3,304,hdd,/dev/sdd1,/mnt/hdd4,seq_write,write,1m,4,5,1,1,time_limit,11876171776,11.060546875,60198,60.198,197401571,188.25680828094482,186.12923899999998,11198,662762039.4817216,675282944,717225984,1233125376,1451229184,65.57730027788784,1,raw/304__seq_write__r5/attempt-1
62a417b0c65345bfa5e7689ac54b78fa,full,colva3,304,hdd,/dev/sdd1,/mnt/hdd4,rand_read_128k,randread,128k,4,5,1,1,time_limit,2396258304,2.231689453125,60304,60.304,39753384,37.911781311035156,301.170787,18154,411016566.5988756,408944640,775946240,1166016512,1853882368,65.72661630308721,1,raw/304__rand_read_128k__r5/attempt-1
62a417b0c65345bfa5e7689ac54b78fa,full,colva3,304,hdd,/dev/sdd1,/mnt/hdd4,rand_read_4k,randread,4k,4,5,1,1,time_limit,95350784,0.08880233764648438,60352,60.352,1581402,1.5081424713134766,383.97869199999997,23152,322547768.88741887,325058560,591396864,843055104,1249902592,65.67628500401042,1,raw/304__rand_read_4k__r5/attempt-1
62a417b0c65345bfa5e7689ac54b78fa,full,colva3,304,hdd,/dev/sdd1,/mnt/hdd4,rand_write_4k,randwrite,4k,4,5,1,1,time_limit,92327936,0.08598709106445312,60201,60.201,1534493,1.4634065628051758,372.505191,22413,332175694.936032,333447168,492830720,1115684864,1434451968,65.57567720999941,1,raw/304__rand_write_4k__r5/attempt-1
62a417b0c65345bfa5e7689ac54b78fa,full,colva3,304,hdd,/dev/sdd1,/mnt/hdd4,seq_read,read,1m,4,5,1,1,time_limit,11453595648,10.6669921875,60216,60.216,190468913,181.6453104019165,179.516722,10795,687429413.077292,700448768,775946240,809500672,851443712,65.57584038900677,1,raw/304__seq_read__r5/attempt-1
62a417b0c65345bfa5e7689ac54b78fa,full,colva3,303,hdd,/dev/sdc1,/mnt/hdd3,rand_read_128k,randread,128k,4,1,1,1,time_limit,2271739904,2.11572265625,60302,60.302,37696876,35.95054244995117,285.480346,17204,433297162.5411623,425721856,801112064,1098907648,1468006400,65.72733242809772,1,raw/303__rand_read_128k__r1/attempt-1
62a417b0c65345bfa5e7689ac54b78fa,full,colva3,303,hdd,/dev/sdc1,/mnt/hdd3,rand_read_4k,randread,4k,4,1,1,1,time_limit,93569024,0.0871429443359375,60254,60.254,1553652,1.4816780090332031,377.18480999999997,22716,328349573.1899756,325058560,599785472,792723456,1199570944,65.6269821570022,1,raw/303__rand_read_4k__r1/attempt-1
62a417b0c65345bfa5e7689ac54b78fa,full,colva3,303,hdd,/dev/sdc1,/mnt/hdd3,rand_write_4k,randwrite,4k,4,1,1,1,time_limit,89956352,0.08377838134765625,60193,60.193,1495128,1.4258651733398438,362.894394,21834,340922776.66041374,341835776,505413632,1044381696,1484783616,65.57658972905483,1,raw/303__rand_write_4k__r1/attempt-1
62a417b0c65345bfa5e7689ac54b78fa,full,colva3,303,hdd,/dev/sdc1,/mnt/hdd3,seq_read,read,1m,4,1,1,1,time_limit,9224323072,8.5908203125,60274,60.274,153262176,146.16220092773438,144.035469,8669,855238163.4935919,876609536,968884224,1019215872,1052770304,65.72636874497402,1,raw/303__seq_read__r1/attempt-1
62a417b0c65345bfa5e7689ac54b78fa,full,colva3,303,hdd,/dev/sdc1,/mnt/hdd3,seq_write,write,1m,4,1,1,1,time_limit,9600761856,8.94140625,60211,60.211,159512708,152.12317276000977,149.996503,9028,821436671.4096982,843055104,884998144,1434451968,1635778560,65.57631086197216,1,raw/303__seq_write__r1/attempt-1
62a417b0c65345bfa5e7689ac54b78fa,full,colva3,303,hdd,/dev/sdc1,/mnt/hdd3,rand_read_4k,randread,4k,4,2,1,1,time_limit,93409280,0.08699417114257812,60232,60.232,1551104,1.479248046875,376.56253599999997,22677,328845617.0584886,329252864,616562688,851443712,1132462080,65.67719012103043,1,raw/303__rand_read_4k__r2/attempt-1
62a417b0c65345bfa5e7689ac54b78fa,full,colva3,303,hdd,/dev/sdc1,/mnt/hdd3,rand_write_4k,randwrite,4k,4,2,1,1,time_limit,91398144,0.08512115478515625,60197,60.197,1519055,1.448683738708496,368.736015,22186,335616104.0450104,337641472,497025024,1098907648,1367343104,65.52662563906051,1,raw/303__rand_write_4k__r2/attempt-1
62a417b0c65345bfa5e7689ac54b78fa,full,colva3,303,hdd,/dev/sdc1,/mnt/hdd3,seq_read,read,1m,4,2,1,1,time_limit,9157214208,8.5283203125,60236,60.236,152103086,145.05680656433105,142.930704,8605,861920606.2298046,876609536,952107008,1333788672,1451229184,65.67689498397522,1,raw/303__seq_read__r2/attempt-1
62a417b0c65345bfa5e7689ac54b78fa,full,colva3,303,hdd,/dev/sdc1,/mnt/hdd3,seq_write,write,1m,4,2,1,1,time_limit,9555673088,8.8994140625,60238,60.238,158738759,151.38507747650146,149.258746,8985,825663034.5753695,843055104,893386752,1585446912,1669332992,65.67592809093185,1,raw/303__seq_write__r2/attempt-1
62a417b0c65345bfa5e7689ac54b78fa,full,colva3,303,hdd,/dev/sdc1,/mnt/hdd3,rand_read_128k,randread,128k,4,2,1,1,time_limit,2278817792,2.122314453125,60295,60.295,37817020,36.065120697021484,286.396808,17258,432029641.26914996,429916160,784334848,1035993088,1434451968,65.7271102470113,1,raw/303__rand_read_128k__r2/attempt-1
62a417b0c65345bfa5e7689ac54b78fa,full,colva3,303,hdd,/dev/sdc1,/mnt/hdd3,rand_write_4k,randwrite,4k,4,3,1,1,time_limit,92348416,0.08600616455078125,60190,60.19,1534905,1.4637994766235352,372.605641,22418,331805982.26057607,337641472,484442112,683671552,1384120320,65.57511406904086,1,raw/303__rand_write_4k__r3/attempt-1
62a417b0c65345bfa5e7689ac54b78fa,full,colva3,303,hdd,/dev/sdc1,/mnt/hdd3,seq_read,read,1m,4,3,1,1,time_limit,9258926080,8.623046875,60327,60.327,153806356,146.68117141723633,144.55488,8702,852159366.0562904,868220928,952107008,1010827264,1149239296,65.72666345897596,1,raw/303__seq_read__r3/attempt-1
62a417b0c65345bfa5e7689ac54b78fa,full,colva3,303,hdd,/dev/sdc1,/mnt/hdd3,seq_write,write,1m,4,3,1,1,time_limit,9603907584,8.9443359375,60287,60.287,159489555,152.101092338562,149.97543000000002,9031,821368927.0003402,843055104,884998144,1434451968,1585446912,65.62602259998675,1,raw/303__seq_write__r3/attempt-1
62a417b0c65345bfa5e7689ac54b78fa,full,colva3,303,hdd,/dev/sdc1,/mnt/hdd3,rand_read_128k,randread,128k,4,3,1,1,time_limit,2246574080,2.09228515625,60317,60.317,37268495,35.542006492614746,282.21265900000003,17012,438334750.78985095,434110464,809500672,1052770304,1669332992,65.67746011691634,1,raw/303__rand_read_128k__r3/attempt-1
62a417b0c65345bfa5e7689ac54b78fa,full,colva3,303,hdd,/dev/sdc1,/mnt/hdd3,rand_read_4k,randread,4k,4,3,1,1,time_limit,94765056,0.0882568359375,60273,60.273,1573104,1.5002288818359375,381.93441,23008,324183877.42867815,325058560,591396864,834666496,1199570944,65.67815486202016,1,raw/303__rand_read_4k__r3/attempt-1
62a417b0c65345bfa5e7689ac54b78fa,full,colva3,303,hdd,/dev/sdc1,/mnt/hdd3,seq_read,read,1m,4,4,1,1,time_limit,9256828928,8.62109375,60267,60.267,153684365,146.5648317337036,144.439744,8700,852756126.8140098,868220928,935329792,977272832,1010827264,65.72677299100906,1,raw/303__seq_read__r4/attempt-1
62a417b0c65345bfa5e7689ac54b78fa,full,colva3,303,hdd,/dev/sdc1,/mnt/hdd3,seq_write,write,1m,4,4,1,1,time_limit,9590276096,8.931640625,60203,60.203,159333385,151.95215702056885,149.825559,9018,821963724.0802999,843055104,876609536,1468006400,1602224128,65.57774207007606,1,raw/303__seq_write__r4/attempt-1
62a417b0c65345bfa5e7689ac54b78fa,full,colva3,303,hdd,/dev/sdc1,/mnt/hdd3,rand_read_128k,randread,128k,4,4,1,1,time_limit,2243428352,2.08935546875,60243,60.243,37272375,35.5457067489624,282.23906900000003,16988,438218114.72590804,429916160,801112064,1098907648,1484783616,65.57646143401507,1,raw/303__rand_read_128k__r4/attempt-1
62a417b0c65345bfa5e7689ac54b78fa,full,colva3,303,hdd,/dev/sdc1,/mnt/hdd3,rand_read_4k,randread,4k,4,4,1,1,time_limit,94859264,0.08834457397460938,60254,60.254,1575189,1.5022172927856445,382.44265599999994,23031,323712375.3940995,325058560,599785472,834666496,1166016512,65.67682547902223,1,raw/303__rand_read_4k__r4/attempt-1
62a417b0c65345bfa5e7689ac54b78fa,full,colva3,303,hdd,/dev/sdc1,/mnt/hdd3,rand_write_4k,randwrite,4k,4,4,1,1,time_limit,91623424,0.08533096313476562,60189,60.189,1522881,1.4523324966430664,369.670031,22241,334665169.730919,337641472,492830720,1061158912,1468006400,65.57633684400935,1,raw/303__rand_write_4k__r4/attempt-1
62a417b0c65345bfa5e7689ac54b78fa,full,colva3,303,hdd,/dev/sdc1,/mnt/hdd3,seq_write,write,1m,4,5,1,1,time_limit,9586081792,8.927734375,60258,60.258,159198291,151.82332134246826,149.697598,9014,822974439.5380918,843055104,876609536,1501560832,1652555776,65.62662732903846,1,raw/303__seq_write__r5/attempt-1
62a417b0c65345bfa5e7689ac54b78fa,full,colva3,303,hdd,/dev/sdc1,/mnt/hdd3,rand_read_128k,randread,128k,4,5,1,1,time_limit,2265317376,2.1097412109375,60314,60.314,37588620,35.8473014831543,284.65450899999996,17155,434538745.8915968,429916160,784334848,1082130432,1585446912,65.67708433594089,1,raw/303__rand_read_128k__r5/attempt-1
62a417b0c65345bfa5e7689ac54b78fa,full,colva3,303,hdd,/dev/sdc1,/mnt/hdd3,rand_read_4k,randread,4k,4,5,1,1,time_limit,94175232,0.08770751953125,60230,60.23,1564822,1.492330551147461,379.91027399999996,22864,325978925.90847194,325058560,599785472,826277888,1098907648,65.57674253999721,1,raw/303__rand_read_4k__r5/attempt-1
62a417b0c65345bfa5e7689ac54b78fa,full,colva3,303,hdd,/dev/sdc1,/mnt/hdd3,rand_write_4k,randwrite,4k,4,5,1,1,time_limit,92217344,0.08588409423828125,60180,60.18,1532968,1.4619522094726562,372.132363,22386,332457042.4816054,333447168,497025024,960495616,1367343104,65.52568645402789,1,raw/303__rand_write_4k__r5/attempt-1
62a417b0c65345bfa5e7689ac54b78fa,full,colva3,303,hdd,/dev/sdc1,/mnt/hdd3,seq_read,read,1m,4,5,1,1,time_limit,9247391744,8.6123046875,60228,60.228,153631597,146.5145082473755,144.387982,8691,861202543.624179,868220928,943718400,1451229184,1535115264,66.22588145907503,1,raw/303__seq_read__r5/attempt-1
62a417b0c65345bfa5e7689ac54b78fa,full,colva3,305,nvme,/dev/nvme1n1p1,/mnt/nvme1,rand_read_128k,randread,128k,4,1,1,1,time_limit,346027327488,322.2630615234375,60003,60.003,5766833781,5499.681263923645,43995.383565,2639855,2905949.3298378875,2244608,7241728,10289152,12779520,65.37534703593701,1,raw/305__rand_read_128k__r1/attempt-1
62a417b0c65345bfa5e7689ac54b78fa,full,colva3,305,nvme,/dev/nvme1n1p1,/mnt/nvme1,rand_read_4k,randread,4k,4,1,1,1,time_limit,240936755200,224.38983917236328,60001,60.001,4015545659,3829.5227613449097,980355.727405,58822324,129111.71630857105,103936,276480,468992,864256,65.32922490802594,1,raw/305__rand_read_4k__r1/attempt-1
62a417b0c65345bfa5e7689ac54b78fa,full,colva3,305,nvme,/dev/nvme1n1p1,/mnt/nvme1,rand_write_4k,randwrite,4k,4,1,1,1,time_limit,229749972992,213.9713363647461,60001,60.001,3829102396,3651.716609954834,934837.386044,56091178,135596.0582089248,130560,150528,158720,864256,65.32729480601847,1,raw/305__rand_write_4k__r1/attempt-1
62a417b0c65345bfa5e7689ac54b78fa,full,colva3,305,nvme,/dev/nvme1n1p1,/mnt/nvme1,seq_read,read,1m,4,1,1,1,time_limit,139638865920,130.048828125,60057,60.057,2325208088,2217.4912338256836,2215.4264359999997,133046,57735544.64815117,57933824,88604672,94896128,105381888,65.42565701599233,1,raw/305__seq_read__r1/attempt-1
62a417b0c65345bfa5e7689ac54b78fa,full,colva3,305,nvme,/dev/nvme1n1p1,/mnt/nvme1,seq_write,write,1m,4,1,1,1,time_limit,294183239680,273.9794921875,60027,60.027,4901114067,4674.066607475281,4672.00076,280431,27348985.055506352,27131904,39583744,44302336,49545216,65.37690631404985,1,raw/305__seq_write__r1/attempt-1
62a417b0c65345bfa5e7689ac54b78fa,full,colva3,305,nvme,/dev/nvme1n1p1,/mnt/nvme1,rand_read_4k,randread,4k,4,2,1,1,time_limit,190998036480,177.8807830810547,60001,60.001,3183247551,3035.7814321517944,777157.930701,46630253,163248.97271996873,110080,452608,847872,1515520,65.37887517700437,1,raw/305__rand_read_4k__r2/attempt-1
62a417b0c65345bfa5e7689ac54b78fa,full,colva3,305,nvme,/dev/nvme1n1p1,/mnt/nvme1,rand_write_4k,randwrite,4k,4,2,1,1,time_limit,230462271488,214.63471603393555,60001,60.001,3840973839,3663.0381002426147,937735.6377389999,56265076,135175.95814629135,130560,150528,158720,872448,65.32653890398797,1,raw/305__rand_write_4k__r2/attempt-1
62a417b0c65345bfa5e7689ac54b78fa,full,colva3,305,nvme,/dev/nvme1n1p1,/mnt/nvme1,seq_read,read,1m,4,2,1,1,time_limit,139723800576,130.1279296875,60059,60.059,2326537850,2218.7593936920166,2216.694673,133127,57699868.06120213,57933824,86507520,92798976,107479040,65.42593920300715,1,raw/305__seq_read__r2/attempt-1
62a417b0c65345bfa5e7689ac54b78fa,full,colva3,305,nvme,/dev/nvme1n1p1,/mnt/nvme1,seq_write,write,1m,4,2,1,1,time_limit,293957795840,273.76953125,60027,60.027,4897236105,4670.368294715881,4668.302498999999,280216,27371223.73586235,27131904,38010880,43778048,49020928,65.4267858969979,1,raw/305__seq_write__r2/attempt-1
62a417b0c65345bfa5e7689ac54b78fa,full,colva3,305,nvme,/dev/nvme1n1p1,/mnt/nvme1,rand_read_128k,randread,128k,4,2,1,1,time_limit,289084407808,269.2308349609375,60004,60.004,4817812509,4594.624051094055,36754.925869,2205415,3478964.886121889,3162112,5799936,7766016,8847360,65.32584118191153,1,raw/305__rand_read_128k__r2/attempt-1
62a417b0c65345bfa5e7689ac54b78fa,full,colva3,305,nvme,/dev/nvme1n1p1,/mnt/nvme1,rand_write_4k,randwrite,4k,4,3,1,1,time_limit,230315220992,214.49776458740234,60001,60.001,3838523038,3660.700834274292,937137.3310449999,56229177,135265.07842167234,130560,152576,156672,806912,65.32665855204687,1,raw/305__rand_write_4k__r3/attempt-1
62a417b0c65345bfa5e7689ac54b78fa,full,colva3,305,nvme,/dev/nvme1n1p1,/mnt/nvme1,seq_read,read,1m,4,3,1,1,time_limit,139621040128,130.0322265625,60058,60.058,2324914522,2217.2112674713135,2215.146471,133029,57741630.131582335,57933824,87556096,96993280,109576192,65.37635070295073,1,raw/305__seq_read__r3/attempt-1
62a417b0c65345bfa5e7689ac54b78fa,full,colva3,305,nvme,/dev/nvme1n1p1,/mnt/nvme1,seq_write,write,1m,4,3,1,1,time_limit,292363960320,272.28515625,60032,60.032,4870339004,4644.7172203063965,4642.65157,278696,27521664.86542258,27131904,39583744,45350912,52166656,65.42665068106726,1,raw/305__seq_write__r3/attempt-1
62a417b0c65345bfa5e7689ac54b78fa,full,colva3,305,nvme,/dev/nvme1n1p1,/mnt/nvme1,rand_read_128k,randread,128k,4,3,1,1,time_limit,301473464320,280.76904296875,60004,60.004,5024264676,4791.512180328369,38330.030912,2299936,3335951.1722068237,2899968,5275648,8159232,8978432,65.3762065579649,1,raw/305__rand_read_128k__r3/attempt-1
62a417b0c65345bfa5e7689ac54b78fa,full,colva3,305,nvme,/dev/nvme1n1p1,/mnt/nvme1,rand_read_4k,randread,4k,4,3,1,1,time_limit,189722353664,176.69271087646484,60001,60.001,3161986526,3015.5053386688232,771967.2838780001,46318809,164355.1370145497,111104,460800,864256,1515520,65.37744116608519,1,raw/305__rand_read_4k__r3/attempt-1
62a417b0c65345bfa5e7689ac54b78fa,full,colva3,305,nvme,/dev/nvme1n1p1,/mnt/nvme1,seq_read,read,1m,4,4,1,1,time_limit,313892274176,292.3349609375,60021,60.021,5229881405,4987.603573799133,4985.537562,299227,25651602.0177573,23724032,43253760,46923776,51642368,65.37562222999986,1,raw/305__seq_read__r4/attempt-1
62a417b0c65345bfa5e7689ac54b78fa,full,colva3,305,nvme,/dev/nvme1n1p1,/mnt/nvme1,seq_write,write,1m,4,4,1,1,time_limit,277008613376,257.984375,60029,60.029,4614752751,4400.971175193787,4398.905432,264052,29047208.908049718,28966912,43253760,47448064,53215232,65.3768306839047,1,raw/305__seq_write__r4/attempt-1
62a417b0c65345bfa5e7689ac54b78fa,full,colva3,305,nvme,/dev/nvme1n1p1,/mnt/nvme1,rand_read_128k,randread,128k,4,4,1,1,time_limit,300718751744,280.066162109375,60003,60.003,5011728608,4779.556854248047,38234.38828,2294178,3344279.1027422217,2572288,7700480,12779520,17432576,65.3755992470542,1,raw/305__rand_read_128k__r4/attempt-1
62a417b0c65345bfa5e7689ac54b78fa,full,colva3,305,nvme,/dev/nvme1n1p1,/mnt/nvme1,rand_read_4k,randread,4k,4,4,1,1,time_limit,190693347328,177.59701919555664,60001,60.001,3178169484,3030.9386100769043,775918.218029,46555869,163506.49689433575,110080,456704,856064,1515520,65.32739082491025,1,raw/305__rand_read_4k__r4/attempt-1
62a417b0c65345bfa5e7689ac54b78fa,full,colva3,305,nvme,/dev/nvme1n1p1,/mnt/nvme1,rand_write_4k,randwrite,4k,4,4,1,1,time_limit,230492114944,214.6625099182129,60001,60.001,3841471223,3663.512442588806,937857.085715,56272363,135150.82781853227,130560,150528,156672,806912,65.32700467598625,1,raw/305__rand_write_4k__r4/attempt-1
62a417b0c65345bfa5e7689ac54b78fa,full,colva3,305,nvme,/dev/nvme1n1p1,/mnt/nvme1,seq_write,write,1m,4,5,1,1,time_limit,279245225984,260.0673828125,60029,60.029,4651972783,4436.466963768005,4434.401237,266185,28816540.29187619,28704768,41680896,47448064,53215232,65.37665752496105,1,raw/305__seq_write__r5/attempt-1
62a417b0c65345bfa5e7689ac54b78fa,full,colva3,305,nvme,/dev/nvme1n1p1,/mnt/nvme1,rand_read_128k,randread,128k,4,5,1,1,time_limit,291784228864,271.7452392578125,60004,60.004,4862807097,4637.534234046936,37098.207325999996,2226013,3446825.485938474,2867200,6717440,11206656,14090240,65.3282453280408,1,raw/305__rand_read_128k__r5/attempt-1
62a417b0c65345bfa5e7689ac54b78fa,full,colva3,305,nvme,/dev/nvme1n1p1,/mnt/nvme1,rand_read_4k,randread,4k,4,5,1,1,time_limit,188370288640,175.43350219726562,60001,60.001,3139452485,2994.015202522278,766465.7922370001,45988714,165554.54389671312,111104,464896,872448,1515520,65.32734441990033,1,raw/305__rand_read_4k__r5/attempt-1
62a417b0c65345bfa5e7689ac54b78fa,full,colva3,305,nvme,/dev/nvme1n1p1,/mnt/nvme1,rand_write_4k,randwrite,4k,4,5,1,1,time_limit,230544216064,214.71103286743164,60001,60.001,3842339559,3664.340552330017,938069.098849,56285084,135132.67637930287,130560,150528,156672,806912,65.32612721994519,1,raw/305__rand_write_4k__r5/attempt-1
62a417b0c65345bfa5e7689ac54b78fa,full,colva3,305,nvme,/dev/nvme1n1p1,/mnt/nvme1,seq_read,read,1m,4,5,1,1,time_limit,139702829056,130.1083984375,60058,60.058,2326313379,2218.5453214645386,2216.480488,133107,57704403.35364283,57933824,87556096,94896128,106430464,65.42661412595771,1,raw/305__seq_read__r5/attempt-1
62a417b0c65345bfa5e7689ac54b78fa,full,colva3,306,nvme,/dev/nvme2n1p1,/mnt/nvme2,rand_read_128k,randread,128k,4,1,1,1,time_limit,346277412864,322.4959716796875,60003,60.003,5771001663,5503.656065940857,44027.18197499999,2641763,2903808.1217880845,2244608,7241728,10420224,13041664,65.37690460600425,1,raw/306__rand_read_128k__r1/attempt-1
62a417b0c65345bfa5e7689ac54b78fa,full,colva3,306,nvme,/dev/nvme2n1p1,/mnt/nvme2,rand_read_4k,randread,4k,4,1,1,1,time_limit,246135324672,229.23138427734375,60001,60.001,4102187040,3912.150421142578,1001508.4081930001,60091506,126345.59264319394,102912,268288,428032,700416,65.37871536798775,1,raw/306__rand_read_4k__r1/attempt-1
62a417b0c65345bfa5e7689ac54b78fa,full,colva3,306,nvme,/dev/nvme2n1p1,/mnt/nvme2,rand_write_4k,randwrite,4k,4,1,1,1,time_limit,238211489792,221.85173797607422,60001,60.001,3970125326,3786.2065563201904,969266.81222,58156978,130780.82523171144,127488,146432,156672,436224,65.32626608991995,1,raw/306__rand_write_4k__r1/attempt-1
62a417b0c65345bfa5e7689ac54b78fa,full,colva3,306,nvme,/dev/nvme2n1p1,/mnt/nvme2,seq_read,read,1m,4,1,1,1,time_limit,139531911168,129.94921875,60057,60.057,2323547429,2215.9075059890747,2213.842605,132944,57771559.817354,57933824,87556096,93847552,108527616,65.37509378697723,1,raw/306__seq_read__r1/attempt-1
62a417b0c65345bfa5e7689ac54b78fa,full,colva3,306,nvme,/dev/nvme2n1p1,/mnt/nvme2,seq_write,write,1m,4,1,1,1,time_limit,296921071616,276.529296875,60027,60.027,4946520518,4717.36957359314,4715.303813,283042,27097280.29845869,26869760,39059456,44302336,49545216,65.42634630505927,1,raw/306__seq_write__r1/attempt-1
62a417b0c65345bfa5e7689ac54b78fa,full,colva3,306,nvme,/dev/nvme2n1p1,/mnt/nvme2,rand_read_4k,randread,4k,4,2,1,1,time_limit,246291959808,229.37726211547852,60001,60.001,4104797582,3914.640027999878,1002145.7642369999,60129748,126266.53401736807,102912,268288,428032,692224,65.37756721000187,1,raw/306__rand_read_4k__r2/attempt-1
62a417b0c65345bfa5e7689ac54b78fa,full,colva3,306,nvme,/dev/nvme2n1p1,/mnt/nvme2,rand_write_4k,randwrite,4k,4,2,1,1,time_limit,238514466816,222.13390731811523,60001,60.001,3975174860,3791.0221672058105,970499.591674,58230946,130614.59688974831,127488,148480,156672,423936,65.37751461099833,1,raw/306__rand_write_4k__r2/attempt-1
62a417b0c65345bfa5e7689ac54b78fa,full,colva3,306,nvme,/dev/nvme2n1p1,/mnt/nvme2,seq_read,read,1m,4,2,1,1,time_limit,139610554368,130.0224609375,60057,60.057,2324827763,2217.1285276412964,2215.063651,133019,57740518.493514895,57933824,86507520,93847552,104333312,65.42569266492501,1,raw/306__seq_read__r2/attempt-1
62a417b0c65345bfa5e7689ac54b78fa,full,colva3,306,nvme,/dev/nvme2n1p1,/mnt/nvme2,seq_write,write,1m,4,2,1,1,time_limit,297391882240,276.9677734375,60026,60.026,4954610722,4725.084993362427,4723.01913,283491,27052092.610717606,26869760,39583744,43778048,48496640,65.3767118609976,1,raw/306__seq_write__r2/attempt-1
62a417b0c65345bfa5e7689ac54b78fa,full,colva3,306,nvme,/dev/nvme2n1p1,/mnt/nvme2,rand_read_128k,randread,128k,4,2,1,1,time_limit,325229346816,302.8934326171875,60003,60.003,5420218100,5169.122791290283,41350.915787,2481179,3091960.2966226307,2506752,6193152,7831552,9371648,65.32770038803574,1,raw/306__rand_read_128k__r2/attempt-1
62a417b0c65345bfa5e7689ac54b78fa,full,colva3,306,nvme,/dev/nvme2n1p1,/mnt/nvme2,rand_write_4k,randwrite,4k,4,3,1,1,time_limit,238451220480,222.07500457763672,60001,60.001,3974120771,3790.016909599304,970242.245962,58215505,130640.58833045351,127488,144384,156672,411648,65.3768912779633,1,raw/306__rand_write_4k__r3/attempt-1
62a417b0c65345bfa5e7689ac54b78fa,full,colva3,306,nvme,/dev/nvme2n1p1,/mnt/nvme2,seq_read,read,1m,4,3,1,1,time_limit,139676614656,130.083984375,60058,60.058,2325809887,2218.0651540756226,2216.000382,133082,57717240.50956648,57933824,87556096,96993280,109576192,65.4263684930047,1,raw/306__seq_read__r3/attempt-1
62a417b0c65345bfa5e7689ac54b78fa,full,colva3,306,nvme,/dev/nvme2n1p1,/mnt/nvme2,seq_write,write,1m,4,3,1,1,time_limit,295759249408,275.447265625,60026,60.026,4927328282,4699.066431045532,4697.000603,281934,27204001.090195674,26869760,38535168,43778048,49545216,65.37646853807382,1,raw/306__seq_write__r3/attempt-1
62a417b0c65345bfa5e7689ac54b78fa,full,colva3,306,nvme,/dev/nvme2n1p1,/mnt/nvme2,rand_read_128k,randread,128k,4,3,1,1,time_limit,326589087744,304.1597900390625,60004,60.004,5442788609,5190.647706031799,41523.115126000004,2491553,3079120.079520774,2375680,6848512,8454144,10027008,65.32997968303971,1,raw/306__rand_read_128k__r3/attempt-1
62a417b0c65345bfa5e7689ac54b78fa,full,colva3,306,nvme,/dev/nvme2n1p1,/mnt/nvme2,rand_read_4k,randread,4k,4,3,1,1,time_limit,246259310592,229.34685516357422,60001,60.001,4104253437,3914.121090888977,1002012.899785,60121776,126278.72401823243,102912,268288,428032,700416,65.377758860006,1,raw/306__rand_read_4k__r3/attempt-1
62a417b0c65345bfa5e7689ac54b78fa,full,colva3,306,nvme,/dev/nvme2n1p1,/mnt/nvme2,seq_read,read,1m,4,4,1,1,time_limit,347305148416,323.453125,60021,60.021,5786418400,5518.358612060547,5516.292663,331092,23182727.838768538,23461888,32636928,35913728,41156608,65.37587182002608,1,raw/306__seq_read__r4/attempt-1
62a417b0c65345bfa5e7689ac54b78fa,full,colva3,306,nvme,/dev/nvme2n1p1,/mnt/nvme2,seq_write,write,1m,4,4,1,1,time_limit,296412512256,276.0556640625,60027,60.027,4938214653,4709.448483467102,4707.382654,282557,27142790.431841847,26869760,38010880,43778048,49020928,65.37645803194027,1,raw/306__seq_write__r4/attempt-1
62a417b0c65345bfa5e7689ac54b78fa,full,colva3,306,nvme,/dev/nvme2n1p1,/mnt/nvme2,rand_read_128k,randread,128k,4,4,1,1,time_limit,342741090304,319.2025146484375,60003,60.003,5712065900,5447.450542449951,43577.537789,2614783,2933814.4029716626,2834432,3620864,4112384,4751360,65.37622520991135,1,raw/306__rand_read_128k__r4/attempt-1
62a417b0c65345bfa5e7689ac54b78fa,full,colva3,306,nvme,/dev/nvme2n1p1,/mnt/nvme2,rand_read_4k,randread,4k,4,4,1,1,time_limit,246178320384,229.27142715454102,60001,60.001,4102903623,3912.8338079452515,1001683.371943,60102004,126321.09566316106,102912,264192,428032,700416,65.3788126319414,1,raw/306__rand_read_4k__r4/attempt-1
62a417b0c65345bfa5e7689ac54b78fa,full,colva3,306,nvme,/dev/nvme2n1p1,/mnt/nvme2,rand_write_4k,randwrite,4k,4,4,1,1,time_limit,238856396800,222.45235443115234,60001,60.001,3980873597,3796.4569063186646,971890.885151,58314425,130417.51808746507,127488,144384,156672,432128,65.37634477193933,1,raw/306__rand_write_4k__r4/attempt-1
62a417b0c65345bfa5e7689ac54b78fa,full,colva3,306,nvme,/dev/nvme2n1p1,/mnt/nvme2,seq_write,write,1m,4,5,1,1,time_limit,295460405248,275.1689453125,60033,60.033,4921673997,4693.674084663391,4691.60854,281649,27233249.247180477,27131904,39059456,43778048,50069504,65.42646133003291,1,raw/306__seq_write__r5/attempt-1
62a417b0c65345bfa5e7689ac54b78fa,full,colva3,306,nvme,/dev/nvme2n1p1,/mnt/nvme2,rand_read_128k,randread,128k,4,5,1,1,time_limit,317209444352,295.42431640625,60004,60.004,5286493667,5041.593234062195,40330.679354,2419992,3170255.215665329,2932736,4751360,5537792,6193152,65.37537023203913,1,raw/306__rand_read_128k__r5/attempt-1
62a417b0c65345bfa5e7689ac54b78fa,full,colva3,306,nvme,/dev/nvme2n1p1,/mnt/nvme2,rand_read_4k,randread,4k,4,5,1,1,time_limit,246221885440,229.3120002746582,60001,60.001,4103629695,3913.526244163513,1001860.618989,60112639,126298.87708451293,102912,268288,428032,700416,65.32911369996145,1,raw/306__rand_read_4k__r5/attempt-1
62a417b0c65345bfa5e7689ac54b78fa,full,colva3,306,nvme,/dev/nvme2n1p1,/mnt/nvme2,rand_write_4k,randwrite,4k,4,5,1,1,time_limit,238547390464,222.16456985473633,60001,60.001,3975723577,3791.545464515686,970633.556108,58238984,130586.49738696587,127488,148480,156672,423936,65.37814494897611,1,raw/306__rand_write_4k__r5/attempt-1
62a417b0c65345bfa5e7689ac54b78fa,full,colva3,306,nvme,/dev/nvme2n1p1,/mnt/nvme2,seq_read,read,1m,4,5,1,1,time_limit,139656691712,130.0654296875,60058,60.058,2325411891,2217.68559551239,2215.620884,133063,57725501.68477955,57933824,87556096,95944704,108527616,65.42575170006603,1,raw/306__seq_read__r5/attempt-1
62a417b0c65345bfa5e7689ac54b78fa,full,colva3,301,hdd,/dev/sda1,/mnt/hdd1,rand_read_128k,randread,128k,4,1,1,1,time_limit,2307522560,2.1490478515625,60306,60.306,38304126,36.52966117858887,290.112553,17477,426524412.2059106,425721856,784334848,1082130432,1484783616,65.67723397200461,1,raw/301__rand_read_128k__r1/attempt-1
62a417b0c65345bfa5e7689ac54b78fa,full,colva3,301,hdd,/dev/sda1,/mnt/hdd1,rand_read_4k,randread,4k,4,1,1,1,time_limit,94355456,0.0878753662109375,60272,60.272,1566816,1.494232177734375,380.398397,22908,325450212.0471701,325058560,608174080,851443712,1166016512,65.67693334096111,1,raw/301__rand_read_4k__r1/attempt-1
62a417b0c65345bfa5e7689ac54b78fa,full,colva3,301,hdd,/dev/sda1,/mnt/hdd1,rand_write_4k,randwrite,4k,4,1,1,1,time_limit,88989696,0.08287811279296875,60390,60.39,1475299,1.4069547653198242,358.05895499999997,21598,345445043.85774446,346030080,513802240,1149239296,1786773504,65.72818340105005,1,raw/301__rand_write_4k__r1/attempt-1
62a417b0c65345bfa5e7689ac54b78fa,full,colva3,301,hdd,/dev/sda1,/mnt/hdd1,seq_read,read,1m,4,1,1,1,time_limit,9745465344,9.076171875,60200,60.2,162022857,154.5170373916626,152.38898,9166,808882640.7219702,826277888,901775360,943718400,1002438656,65.67688409599941,1,raw/301__seq_read__r1/attempt-1
62a417b0c65345bfa5e7689ac54b78fa,full,colva3,301,hdd,/dev/sda1,/mnt/hdd1,seq_write,write,1m,4,1,1,1,time_limit,10128195584,9.4326171875,60229,60.229,168234130,160.4405689239502,158.31443000000002,9531,778469745.6946883,792723456,843055104,1333788672,1484783616,65.5776482190704,1,raw/301__seq_write__r1/attempt-1
62a417b0c65345bfa5e7689ac54b78fa,full,colva3,301,hdd,/dev/sda1,/mnt/hdd1,rand_read_4k,randread,4k,4,2,1,1,time_limit,93343744,0.08693313598632812,60256,60.256,1550580,1.4787483215332031,376.43376099999995,22661,328887766.821546,329252864,608174080,851443712,1199570944,65.62651907803956,1,raw/301__rand_read_4k__r2/attempt-1
62a417b0c65345bfa5e7689ac54b78fa,full,colva3,301,hdd,/dev/sda1,/mnt/hdd1,rand_write_4k,randwrite,4k,4,2,1,1,time_limit,90578944,0.08435821533203125,60166,60.166,1506107,1.436335563659668,365.574242,21986,338386589.2226495,341835776,450887680,977272832,1400897536,65.5257833939977,1,raw/301__rand_write_4k__r2/attempt-1
62a417b0c65345bfa5e7689ac54b78fa,full,colva3,301,hdd,/dev/sda1,/mnt/hdd1,seq_read,read,1m,4,2,1,1,time_limit,9687793664,9.0224609375,60316,60.316,160879295,153.42645168304443,151.300838,9111,814348405.0446407,817889280,918552576,1199570944,1266679808,65.67611135100015,1,raw/301__seq_read__r2/attempt-1
62a417b0c65345bfa5e7689ac54b78fa,full,colva3,301,hdd,/dev/sda1,/mnt/hdd1,seq_write,write,1m,4,2,1,1,time_limit,10174332928,9.4755859375,60254,60.254,168968203,161.14063549041748,159.014903,9575,775220388.6191494,792723456,834666496,1333788672,1501560832,65.67610934202094,1,raw/301__seq_write__r2/attempt-1
62a417b0c65345bfa5e7689ac54b78fa,full,colva3,301,hdd,/dev/sda1,/mnt/hdd1,rand_read_128k,randread,128k,4,2,1,1,time_limit,2261123072,2.1058349609375,60283,60.283,37537298,35.798357009887695,284.261927,17123,435130218.2063513,425721856,792723456,1044381696,1753219072,65.67724600306246,1,raw/301__rand_read_128k__r2/attempt-1
62a417b0c65345bfa5e7689ac54b78fa,full,colva3,301,hdd,/dev/sda1,/mnt/hdd1,rand_write_4k,randwrite,4k,4,3,1,1,time_limit,90382336,0.08417510986328125,60151,60.151,1503168,1.43353271484375,364.85601,21938,339177257.78469986,341835776,497025024,1061158912,1535115264,65.52611221198458,1,raw/301__rand_write_4k__r3/attempt-1
62a417b0c65345bfa5e7689ac54b78fa,full,colva3,301,hdd,/dev/sda1,/mnt/hdd1,seq_read,read,1m,4,3,1,1,time_limit,9723445248,9.0556640625,60304,60.304,161426501,153.94830799102783,151.823281,9145,811579662.5340534,817889280,918552576,1069547520,1166016512,65.72699954209384,1,raw/301__seq_read__r3/attempt-1
62a417b0c65345bfa5e7689ac54b78fa,full,colva3,301,hdd,/dev/sda1,/mnt/hdd1,seq_write,write,1m,4,3,1,1,time_limit,10111418368,9.4169921875,60276,60.276,167846708,160.07109451293945,157.946333,9515,780539927.1712626,792723456,851443712,1367343104,1518338048,65.67532012297306,1,raw/301__seq_write__r3/attempt-1
62a417b0c65345bfa5e7689ac54b78fa,full,colva3,301,hdd,/dev/sda1,/mnt/hdd1,rand_read_128k,randread,128k,4,3,1,1,time_limit,2291662848,2.13427734375,60348,60.348,37998968,36.23863983154297,287.78670500000004,17356,429937999.6994778,425721856,792723456,1098907648,1451229184,65.77713654201943,1,raw/301__rand_read_128k__r3/attempt-1
62a417b0c65345bfa5e7689ac54b78fa,full,colva3,301,hdd,/dev/sda1,/mnt/hdd1,rand_read_4k,randread,4k,4,3,1,1,time_limit,93192192,0.0867919921875,60235,60.235,1548150,1.476430892944336,375.840627,22624,329347705.19298375,329252864,599785472,792723456,1182793728,65.62625915009994,1,raw/301__rand_read_4k__r3/attempt-1
62a417b0c65345bfa5e7689ac54b78fa,full,colva3,301,hdd,/dev/sda1,/mnt/hdd1,seq_read,read,1m,4,4,1,1,time_limit,9734979584,9.06640625,60198,60.198,161932760,154.43111419677734,152.30195,9156,808867998.7375422,826277888,901775360,926941184,952107008,65.62658326304518,1,raw/301__seq_read__r4/attempt-1
62a417b0c65345bfa5e7689ac54b78fa,full,colva3,301,hdd,/dev/sda1,/mnt/hdd1,seq_write,write,1m,4,4,1,1,time_limit,10015997952,9.328125,60291,60.291,166250958,158.54926872253418,156.424657,9424,787839238.8496907,792723456,851443712,1468006400,1619001344,65.72726107004564,1,raw/301__seq_write__r4/attempt-1
62a417b0c65345bfa5e7689ac54b78fa,full,colva3,301,hdd,/dev/sda1,/mnt/hdd1,rand_read_128k,randread,128k,4,4,1,1,time_limit,2306211840,2.1478271484375,60283,60.283,38276739,36.50354290008545,289.903906,17467,426756463.8593154,421527552,784334848,1098907648,1652555776,65.67734671407379,1,raw/301__rand_read_128k__r4/attempt-1
62a417b0c65345bfa5e7689ac54b78fa,full,colva3,301,hdd,/dev/sda1,/mnt/hdd1,rand_read_4k,randread,4k,4,4,1,1,time_limit,93716480,0.0872802734375,60223,60.223,1557216,1.485076904296875,378.05336,22752,327403813.33777773,329252864,591396864,801112064,1115684864,65.57717692898586,1,raw/301__rand_read_4k__r4/attempt-1
62a417b0c65345bfa5e7689ac54b78fa,full,colva3,301,hdd,/dev/sda1,/mnt/hdd1,rand_write_4k,randwrite,4k,4,4,1,1,time_limit,90017792,0.08383560180664062,60176,60.176,1496355,1.4270353317260742,363.193824,21849,340627834.3230504,341835776,513802240,1182793728,1602224128,65.57848134008236,1,raw/301__rand_write_4k__r4/attempt-1
62a417b0c65345bfa5e7689ac54b78fa,full,colva3,301,hdd,/dev/sda1,/mnt/hdd1,seq_write,write,1m,4,5,1,1,time_limit,10143924224,9.447265625,60262,60.262,168461082,160.65700721740723,158.531301,9546,777433436.659452,792723456,843055104,1451229184,1602224128,65.6280050240457,1,raw/301__seq_write__r5/attempt-1
62a417b0c65345bfa5e7689ac54b78fa,full,colva3,301,hdd,/dev/sda1,/mnt/hdd1,rand_read_128k,randread,128k,4,5,1,1,time_limit,2265186304,2.109619140625,60233,60.233,37622370,35.87948799133301,284.90996600000005,17154,434229561.54277647,425721856,784334848,1098907648,1568669696,65.62634886894375,1,raw/301__rand_read_128k__r5/attempt-1
62a417b0c65345bfa5e7689ac54b78fa,full,colva3,301,hdd,/dev/sda1,/mnt/hdd1,rand_read_4k,randread,4k,4,5,1,1,time_limit,93847552,0.08740234375,60278,60.278,1558550,1.486349105834961,378.38009,22784,327171665.083663,329252864,591396864,843055104,1249902592,65.62845678301528,1,raw/301__rand_read_4k__r5/attempt-1
62a417b0c65345bfa5e7689ac54b78fa,full,colva3,301,hdd,/dev/sda1,/mnt/hdd1,rand_write_4k,randwrite,4k,4,5,1,1,time_limit,90415104,0.08420562744140625,60688,60.688,1490587,1.421534538269043,361.803332,21946,341949165.1545607,341835776,509607936,1010827264,1317011456,66.04413586994633,1,raw/301__rand_write_4k__r5/attempt-1
62a417b0c65345bfa5e7689ac54b78fa,full,colva3,301,hdd,/dev/sda1,/mnt/hdd1,seq_read,read,1m,4,5,1,1,time_limit,9753853952,9.083984375,60250,60.25,162052568,154.54537200927734,152.418756,9174,808241205.9632602,817889280,910163968,943718400,1019215872,65.62751538900193,1,raw/301__seq_read__r5/attempt-1
62a417b0c65345bfa5e7689ac54b78fa,full,colva3,302,hdd,/dev/sdb1,/mnt/hdd2,rand_read_128k,randread,128k,4,1,1,1,time_limit,2281832448,2.1251220703125,60277,60.277,37874975,36.12039089202881,286.838536,17281,431247197.12172145,429916160,792723456,1027604480,1350565888,65.6769126310246,1,raw/302__rand_read_128k__r1/attempt-1
62a417b0c65345bfa5e7689ac54b78fa,full,colva3,302,hdd,/dev/sdb1,/mnt/hdd2,rand_read_4k,randread,4k,4,1,1,1,time_limit,91963392,0.0856475830078125,60225,60.225,1528838,1.4580135345458984,371.12409799999995,22324,333542368.5827233,333447168,608174080,826277888,1061158912,65.58013122994453,1,raw/302__rand_read_4k__r1/attempt-1
62a417b0c65345bfa5e7689ac54b78fa,full,colva3,302,hdd,/dev/sdb1,/mnt/hdd2,rand_write_4k,randwrite,4k,4,1,1,1,time_limit,89505792,0.0833587646484375,60204,60.204,1487455,1.4185476303100586,361.02163900000005,21724,342692956.72819453,346030080,517996544,1115684864,1619001344,65.5756132180104,1,raw/302__rand_write_4k__r1/attempt-1
62a417b0c65345bfa5e7689ac54b78fa,full,colva3,302,hdd,/dev/sdb1,/mnt/hdd2,seq_read,read,1m,4,1,1,1,time_limit,9888071680,9.208984375,60329,60.329,164258668,156.64927291870117,154.522963,9302,797662908.7599101,801112064,901775360,1052770304,1115684864,65.7275907950243,1,raw/302__seq_read__r1/attempt-1
62a417b0c65345bfa5e7689ac54b78fa,full,colva3,302,hdd,/dev/sdb1,/mnt/hdd2,seq_write,write,1m,4,1,1,1,time_limit,10277093376,9.5712890625,60216,60.216,170730749,162.82153034210205,160.6951,9673,767083931.2795839,784334848,826277888,1367343104,1484783616,65.62605702900328,1,raw/302__seq_write__r1/attempt-1
62a417b0c65345bfa5e7689ac54b78fa,full,colva3,302,hdd,/dev/sdb1,/mnt/hdd2,rand_read_4k,randread,4k,4,2,1,1,time_limit,91807744,0.08550262451171875,60220,60.22,1525211,1.454554557800293,370.239992,22286,334282146.6244123,333447168,608174080,834666496,1199570944,65.57652970205527,1,raw/302__rand_read_4k__r2/attempt-1
62a417b0c65345bfa5e7689ac54b78fa,full,colva3,302,hdd,/dev/sdb1,/mnt/hdd2,rand_write_4k,randwrite,4k,4,2,1,1,time_limit,90218496,0.08402252197265625,60219,60.219,1498863,1.429427146911621,363.80726899999996,21898,340043462.6382704,346030080,442499072,952107008,1384120320,65.57781066093594,1,raw/302__rand_write_4k__r2/attempt-1
62a417b0c65345bfa5e7689ac54b78fa,full,colva3,302,hdd,/dev/sdb1,/mnt/hdd2,seq_read,read,1m,4,2,1,1,time_limit,9812574208,9.138671875,60253,60.253,163068149,155.51390552520752,153.38676600000002,9230,803544367.5142305,817889280,893386752,1052770304,1132462080,65.72667836397886,1,raw/302__seq_read__r2/attempt-1
62a417b0c65345bfa5e7689ac54b78fa,full,colva3,302,hdd,/dev/sdb1,/mnt/hdd2,seq_write,write,1m,4,2,1,1,time_limit,10309599232,9.6015625,60202,60.202,171411767,163.4709997177124,161.342819,9704,763985523.8680319,784334848,817889280,1333788672,1518338048,65.57629329897463,1,raw/302__seq_write__r2/attempt-1
62a417b0c65345bfa5e7689ac54b78fa,full,colva3,302,hdd,/dev/sdb1,/mnt/hdd2,rand_read_128k,randread,128k,4,2,1,1,time_limit,2287075328,2.1300048828125,60335,60.335,37941313,36.183655738830566,287.345803,17321,430545724.8875742,429916160,792723456,1098907648,1468006400,65.72603109804913,1,raw/302__rand_read_128k__r2/attempt-1
62a417b0c65345bfa5e7689ac54b78fa,full,colva3,302,hdd,/dev/sdb1,/mnt/hdd2,rand_write_4k,randwrite,4k,4,3,1,1,time_limit,90116096,0.08392715454101562,60208,60.208,1497802,1.428415298461914,363.547327,21873,340268518.3816122,346030080,450887680,1002438656,1350565888,65.57896057306789,1,raw/302__rand_write_4k__r3/attempt-1
62a417b0c65345bfa5e7689ac54b78fa,full,colva3,302,hdd,/dev/sdb1,/mnt/hdd2,seq_read,read,1m,4,3,1,1,time_limit,9878634496,9.2001953125,60230,60.23,164135112,156.53144073486328,154.404702,9293,798719423.7404629,809500672,893386752,1115684864,1317011456,65.67690042010508,1,raw/302__seq_read__r3/attempt-1
62a417b0c65345bfa5e7689ac54b78fa,full,colva3,302,hdd,/dev/sdb1,/mnt/hdd2,seq_write,write,1m,4,3,1,1,time_limit,10326376448,9.6171875,60221,60.221,171609349,163.65942859649658,161.532256,9720,763107073.0412813,784334848,809500672,1350565888,1501560832,65.57677837694064,1,raw/302__seq_write__r3/attempt-1
62a417b0c65345bfa5e7689ac54b78fa,full,colva3,302,hdd,/dev/sdb1,/mnt/hdd2,rand_read_128k,randread,128k,4,3,1,1,time_limit,2275803136,2.1195068359375,60325,60.325,37765877,36.01634693145752,286.006652,17235,432621554.20960504,429916160,784334848,1082130432,1551892480,65.67685435304884,1,raw/302__rand_read_128k__r3/attempt-1
62a417b0c65345bfa5e7689ac54b78fa,full,colva3,302,hdd,/dev/sdb1,/mnt/hdd2,rand_read_4k,randread,4k,4,3,1,1,time_limit,93028352,0.086639404296875,60260,60.26,1545071,1.473494529724121,375.08903,22584,329983608.92987347,329252864,608174080,801112064,1132462080,65.62690805399325,1,raw/302__rand_read_4k__r3/attempt-1
62a417b0c65345bfa5e7689ac54b78fa,full,colva3,302,hdd,/dev/sdb1,/mnt/hdd2,seq_read,read,1m,4,4,1,1,time_limit,9919528960,9.23828125,60295,60.295,164784628,157.1508674621582,155.024516,9332,794984949.326256,809500672,876609536,910163968,952107008,65.67853098909836,1,raw/302__seq_read__r4/attempt-1
62a417b0c65345bfa5e7689ac54b78fa,full,colva3,302,hdd,/dev/sdb1,/mnt/hdd2,seq_write,write,1m,4,4,1,1,time_limit,10299113472,9.591796875,60241,60.241,171071638,163.14662742614746,161.020507,9694,765460029.2921417,784334848,817889280,1367343104,1518338048,65.5770737970015,1,raw/302__seq_write__r4/attempt-1
62a417b0c65345bfa5e7689ac54b78fa,full,colva3,302,hdd,/dev/sdb1,/mnt/hdd2,rand_read_128k,randread,128k,4,4,1,1,time_limit,2281046016,2.1243896484375,60284,60.284,37869921,36.11557102203369,286.79951800000003,17275,431300408.95359915,425721856,792723456,1132462080,1686110208,65.67852547997609,1,raw/302__rand_read_128k__r4/attempt-1
62a417b0c65345bfa5e7689ac54b78fa,full,colva3,302,hdd,/dev/sdb1,/mnt/hdd2,rand_read_4k,randread,4k,4,4,1,1,time_limit,93777920,0.08733749389648438,60186,60.186,1558514,1.4863147735595703,378.369888,22767,327260335.4477962,329252864,599785472,817889280,1216348160,65.57707191898953,1,raw/302__rand_read_4k__r4/attempt-1
62a417b0c65345bfa5e7689ac54b78fa,full,colva3,302,hdd,/dev/sdb1,/mnt/hdd2,rand_write_4k,randwrite,4k,4,4,1,1,time_limit,90152960,0.08396148681640625,60182,60.182,1498781,1.4293489456176758,363.78599599999995,21882,340065902.74124956,346030080,513802240,968884224,1283457024,65.5255957080517,1,raw/302__rand_write_4k__r4/attempt-1
62a417b0c65345bfa5e7689ac54b78fa,full,colva3,302,hdd,/dev/sdb1,/mnt/hdd2,seq_write,write,1m,4,5,1,1,time_limit,10224664576,9.5224609375,60247,60.247,169864030,161.99496269226074,159.86848099999997,9623,770969209.5350952,784334848,834666496,1434451968,1568669696,65.62722568691242,1,raw/302__seq_write__r5/attempt-1
62a417b0c65345bfa5e7689ac54b78fa,full,colva3,302,hdd,/dev/sdb1,/mnt/hdd2,rand_read_128k,randread,128k,4,5,1,1,time_limit,2280914944,2.124267578125,60305,60.305,37872992,36.118499755859375,286.822661,17274,431400997.73689026,425721856,801112064,1115684864,1451229184,65.67735627503134,1,raw/302__rand_read_128k__r5/attempt-1
62a417b0c65345bfa5e7689ac54b78fa,full,colva3,302,hdd,/dev/sdb1,/mnt/hdd2,rand_read_4k,randread,4k,4,5,1,1,time_limit,93224960,0.086822509765625,60211,60.211,1549042,1.4772815704345703,376.057979,22632,329183243.17678773,329252864,599785472,784334848,1149239296,65.57680849998724,1,raw/302__rand_read_4k__r5/attempt-1
62a417b0c65345bfa5e7689ac54b78fa,full,colva3,302,hdd,/dev/sdb1,/mnt/hdd2,rand_write_4k,randwrite,4k,4,5,1,1,time_limit,90152960,0.08396148681640625,60214,60.214,1498078,1.4286785125732422,363.615299,21882,340204738.73042023,346030080,509607936,1044381696,1333788672,65.57626743405126,1,raw/302__rand_write_4k__r5/attempt-1
62a417b0c65345bfa5e7689ac54b78fa,full,colva3,302,hdd,/dev/sdb1,/mnt/hdd2,seq_read,read,1m,4,5,1,1,time_limit,9863954432,9.1865234375,60174,60.174,164054019,156.45410442352295,154.325251,9279,798329429.2624165,809500672,901775360,1035993088,1132462080,65.57659671397414,1,raw/302__seq_read__r5/attempt-1
62a417b0c65345bfa5e7689ac54b78fa,full,colva3,307,nvme,/dev/nvme3n1p1,/mnt/nvme3,rand_read_128k,randread,128k,4,1,1,1,time_limit,345935708160,322.177734375,60003,60.003,5765306869,5498.2250871658325,43983.734145999995,2639156,2906781.895308407,2211840,7241728,10420224,13041664,65.3766892409185,1,raw/307__rand_read_128k__r1/attempt-1
62a417b0c65345bfa5e7689ac54b78fa,full,colva3,307,nvme,/dev/nvme3n1p1,/mnt/nvme3,rand_read_4k,randread,4k,4,1,1,1,time_limit,245933133824,229.0430793762207,60002,60.002,4098800170,3908.9204502105713,1000681.552234,60042144,126437.76286972348,102912,268288,432128,716800,65.38013730896637,1,raw/307__rand_read_4k__r1/attempt-1
62a417b0c65345bfa5e7689ac54b78fa,full,colva3,307,nvme,/dev/nvme3n1p1,/mnt/nvme3,rand_write_4k,randwrite,4k,4,1,1,1,time_limit,238210760704,221.85105895996094,60001,60.001,3970113175,3786.194968223572,969263.81227,58156798,130754.89484611218,127488,146432,156672,419840,65.32690202503,1,raw/307__rand_write_4k__r1/attempt-1
62a417b0c65345bfa5e7689ac54b78fa,full,colva3,307,nvme,/dev/nvme3n1p1,/mnt/nvme3,seq_read,read,1m,4,1,1,1,time_limit,139642011648,130.0517578125,60058,60.058,2325359363,2217.635500907898,2215.5706170000003,133049,57729635.073803544,57933824,87556096,95944704,109576192,65.37676747899968,1,raw/307__seq_read__r1/attempt-1
62a417b0c65345bfa5e7689ac54b78fa,full,colva3,307,nvme,/dev/nvme3n1p1,/mnt/nvme3,seq_write,write,1m,4,1,1,1,time_limit,295315701760,275.0341796875,60033,60.033,4919508484,4691.608890533447,4689.526583,281510,27246233.56083992,27131904,40108032,44826624,49545216,65.37637672491837,1,raw/307__seq_write__r1/attempt-1
62a417b0c65345bfa5e7689ac54b78fa,full,colva3,307,nvme,/dev/nvme3n1p1,/mnt/nvme3,rand_read_4k,randread,4k,4,2,1,1,time_limit,245990170624,229.09619903564453,60001,60.001,4099767845,3909.8432970046997,1000917.80137,60056069,126412.55547884777,102912,268288,432128,708608,65.37895187397953,1,raw/307__rand_read_4k__r2/attempt-1
62a417b0c65345bfa5e7689ac54b78fa,full,colva3,307,nvme,/dev/nvme3n1p1,/mnt/nvme3,rand_write_4k,randwrite,4k,4,2,1,1,time_limit,238119862272,221.7664031982422,60001,60.001,3968598225,3784.750199317932,968893.9684339999,58134607,130812.71144367185,127488,148480,156672,423936,65.37679976806976,1,raw/307__rand_write_4k__r2/attempt-1
62a417b0c65345bfa5e7689ac54b78fa,full,colva3,307,nvme,/dev/nvme3n1p1,/mnt/nvme3,seq_read,read,1m,4,2,1,1,time_limit,139436490752,129.8603515625,60058,60.058,2321717288,2214.1621475219727,2212.097462,132853,57820654.58812458,57933824,88604672,95944704,106430464,65.37580000399612,1,raw/307__seq_read__r2/attempt-1
62a417b0c65345bfa5e7689ac54b78fa,full,colva3,307,nvme,/dev/nvme3n1p1,/mnt/nvme3,seq_write,write,1m,4,2,1,1,time_limit,295984693248,275.6572265625,60027,60.027,4930920826,4702.492547988892,4700.426786999999,282149,27182633.86163151,27131904,39059456,43778048,49020928,65.42643137392588,1,raw/307__seq_write__r2/attempt-1
62a417b0c65345bfa5e7689ac54b78fa,full,colva3,307,nvme,/dev/nvme3n1p1,/mnt/nvme3,rand_read_128k,randread,128k,4,2,1,1,time_limit,341500493824,318.047119140625,60004,60.004,5691366674,5427.710222244263,43419.598570999995,2605317,2944483.7651446364,2637824,5144576,7176192,9371648,65.3763698489638,1,raw/307__rand_read_128k__r2/attempt-1
62a417b0c65345bfa5e7689ac54b78fa,full,colva3,307,nvme,/dev/nvme3n1p1,/mnt/nvme3,rand_write_4k,randwrite,4k,4,3,1,1,time_limit,238265344000,221.90189361572266,60001,60.001,3971022881,3787.0625314712524,969485.925235,58170125,130742.46167899344,127488,144384,156672,411648,65.32737456902396,1,raw/307__rand_write_4k__r3/attempt-1
62a417b0c65345bfa5e7689ac54b78fa,full,colva3,307,nvme,/dev/nvme3n1p1,/mnt/nvme3,seq_read,read,1m,4,3,1,1,time_limit,139609505792,130.021484375,60058,60.058,2324787428,2217.090061187744,2215.0252029999997,133018,57740318.7275541,57933824,87556096,95944704,107479040,65.42542849399615,1,raw/307__seq_read__r3/attempt-1
62a417b0c65345bfa5e7689ac54b78fa,full,colva3,307,nvme,/dev/nvme3n1p1,/mnt/nvme3,seq_write,write,1m,4,3,1,1,time_limit,295638663168,275.3349609375,60027,60.027,4925258237,4697.092282295227,4695.026478,281819,27213570.915633302,27131904,39059456,43778048,48496640,65.37665041803848,1,raw/307__seq_write__r3/attempt-1
62a417b0c65345bfa5e7689ac54b78fa,full,colva3,307,nvme,/dev/nvme3n1p1,/mnt/nvme3,rand_read_128k,randread,128k,4,3,1,1,time_limit,317200007168,295.41552734375,60004,60.004,5286336442,5041.443292617798,40329.479825,2419920,3170405.4246270964,2473984,6848512,8224768,9371648,65.32611072808504,1,raw/307__rand_read_128k__r3/attempt-1
62a417b0c65345bfa5e7689ac54b78fa,full,colva3,307,nvme,/dev/nvme3n1p1,/mnt/nvme3,rand_read_4k,randread,4k,4,3,1,1,time_limit,245958860800,229.0670394897461,60001,60.001,4099246025,3909.3456506729126,1000790.4201600001,60048426,126428.37758442694,102912,268288,432128,716800,65.3798639200395,1,raw/307__rand_read_4k__r3/attempt-1
62a417b0c65345bfa5e7689ac54b78fa,full,colva3,307,nvme,/dev/nvme3n1p1,/mnt/nvme3,seq_read,read,1m,4,4,1,1,time_limit,345669369856,321.9296875,60020,60.02,5759260634,5492.458948135376,5490.392963,329532,23291602.69759303,23199744,33423360,37486592,42729472,65.37582785903942,1,raw/307__seq_read__r4/attempt-1
62a417b0c65345bfa5e7689ac54b78fa,full,colva3,307,nvme,/dev/nvme3n1p1,/mnt/nvme3,seq_write,write,1m,4,4,1,1,time_limit,296258371584,275.912109375,60028,60.028,4935663299,4707.015322685242,4704.949484000001,282410,27156620.1631128,26869760,39583744,44302336,50069504,65.37616428290494,1,raw/307__seq_write__r4/attempt-1
62a417b0c65345bfa5e7689ac54b78fa,full,colva3,307,nvme,/dev/nvme3n1p1,/mnt/nvme3,rand_read_128k,randread,128k,4,4,1,1,time_limit,316245671936,294.5267333984375,60004,60.004,5270431889,5026.275528907776,40208.137711,2412639,3179924.334849214,2703360,6127616,7634944,8847360,65.37549469294026,1,raw/307__rand_read_128k__r4/attempt-1
62a417b0c65345bfa5e7689ac54b78fa,full,colva3,307,nvme,/dev/nvme3n1p1,/mnt/nvme3,rand_read_4k,randread,4k,4,4,1,1,time_limit,245996937216,229.10250091552734,60001,60.001,4099880620,3909.9508476257324,1000945.35091,60057722,126399.8775293306,102912,268288,432128,708608,65.32820059498772,1,raw/307__rand_read_4k__r4/attempt-1
62a417b0c65345bfa5e7689ac54b78fa,full,colva3,307,nvme,/dev/nvme3n1p1,/mnt/nvme3,rand_write_4k,randwrite,4k,4,4,1,1,time_limit,238253125632,221.8905143737793,60001,60.001,3970819244,3786.8683280944824,969436.226064,58167143,130740.50960578176,127488,148480,156672,419840,65.32790073100477,1,raw/307__rand_write_4k__r4/attempt-1
62a417b0c65345bfa5e7689ac54b78fa,full,colva3,307,nvme,/dev/nvme3n1p1,/mnt/nvme3,seq_write,write,1m,4,5,1,1,time_limit,295398539264,275.111328125,60026,60.026,4921359259,4693.373927116394,4691.308080000001,281590,27235302.16020571,27131904,40632320,44826624,48496640,65.37679454800673,1,raw/307__seq_write__r5/attempt-1
62a417b0c65345bfa5e7689ac54b78fa,full,colva3,307,nvme,/dev/nvme3n1p1,/mnt/nvme3,rand_read_128k,randread,128k,4,5,1,1,time_limit,318275715072,296.4173583984375,60004,60.004,5304241633,5058.519013404846,40466.085594000004,2428127,3159626.1732815467,2932736,4620288,5341184,6127616,65.37589355895761,1,raw/307__rand_read_128k__r5/attempt-1
62a417b0c65345bfa5e7689ac54b78fa,full,colva3,307,nvme,/dev/nvme3n1p1,/mnt/nvme3,rand_read_4k,randread,4k,4,5,1,1,time_limit,246040068096,229.14266967773438,60001,60.001,4100599457,3910.636384010315,1001120.8146540001,60068250,126381.18776384142,102912,268288,428032,700416,65.32866583799478,1,raw/307__rand_read_4k__r5/attempt-1
62a417b0c65345bfa5e7689ac54b78fa,full,colva3,307,nvme,/dev/nvme3n1p1,/mnt/nvme3,rand_write_4k,randwrite,4k,4,5,1,1,time_limit,238320926720,221.9536590576172,60001,60.001,3971949245,3787.945981025696,969712.0881309999,58183695,130703.29907060922,127488,146432,156672,428032,65.32635369210038,1,raw/307__rand_write_4k__r5/attempt-1
62a417b0c65345bfa5e7689ac54b78fa,full,colva3,307,nvme,/dev/nvme3n1p1,/mnt/nvme3,seq_read,read,1m,4,5,1,1,time_limit,139556028416,129.9716796875,60057,60.057,2323821378,2216.16876411438,2214.103975,132967,57764494.81832357,57933824,87556096,94896128,108527616,65.42672684695572,1,raw/307__seq_read__r5/attempt-1
dfbd5a8cad2a4dac9c368e87f09c47dc,full,colva4,404,nvme,/dev/nvme0n1p1,/mnt/nvme0,rand_read_128k,randread,128k,4,1,1,1,time_limit,346176225280,322.4017333984375,60003,60.003,5769315287,5502.047812461853,44014.282619000005,2640989,2883412.0708181593,2211840,7241728,10420224,13303808,65.33963675424457,1,raw/404__rand_read_128k__r1/attempt-1
dfbd5a8cad2a4dac9c368e87f09c47dc,full,colva4,404,nvme,/dev/nvme0n1p1,/mnt/nvme0,rand_read_4k,randread,4k,4,1,1,1,time_limit,251562885120,234.28619384765625,60001,60.001,4192644872,3998.4177322387695,1023592.823453,61416593,123067.47799491417,92672,296960,509952,839680,65.32932060863823,1,raw/404__rand_read_4k__r1/attempt-1
dfbd5a8cad2a4dac9c368e87f09c47dc,full,colva4,404,nvme,/dev/nvme0n1p1,/mnt/nvme0,rand_write_4k,randwrite,4k,4,1,1,1,time_limit,249561677824,232.42242431640625,60001,60.001,4159291973,3966.609929084778,1015450.009166,60928016,124278.28835946565,120320,138240,173056,790528,65.32555049937218,1,raw/404__rand_write_4k__r1/attempt-1
dfbd5a8cad2a4dac9c368e87f09c47dc,full,colva4,404,nvme,/dev/nvme0n1p1,/mnt/nvme0,seq_read,read,1m,4,1,1,1,time_limit,140257525760,130.625,60058,60.058,2335870146,2227.6593647003174,2225.594309,133636,57330998.0543411,80216064,86507520,94896128,115867648,65.34771848097444,1,raw/404__seq_read__r1/attempt-1
dfbd5a8cad2a4dac9c368e87f09c47dc,full,colva4,404,nvme,/dev/nvme0n1p1,/mnt/nvme0,seq_write,write,1m,4,1,1,1,time_limit,311716478976,290.30859375,60025,60.025,5193136093,4952.560513496399,4950.461381,297150,25709019.356709637,37486592,42205184,46399488,53739520,65.34340556710958,1,raw/404__seq_write__r1/attempt-1
dfbd5a8cad2a4dac9c368e87f09c47dc,full,colva4,404,nvme,/dev/nvme0n1p1,/mnt/nvme0,rand_read_4k,randread,4k,4,2,1,1,time_limit,251991330816,234.6852149963379,60001,60.001,4199785515,4005.2275800704956,1025336.17773,61521196,122851.5094006405,93696,301056,509952,823296,65.28194560483098,1,raw/404__rand_read_4k__r2/attempt-1
dfbd5a8cad2a4dac9c368e87f09c47dc,full,colva4,404,nvme,/dev/nvme0n1p1,/mnt/nvme0,rand_write_4k,randwrite,4k,4,2,1,1,time_limit,249853689856,232.6943817138672,60001,60.001,4164158760,3971.2512588500977,1016638.239363,60999311,124156.92627040978,120320,138240,171008,782336,65.27965995110571,1,raw/404__rand_write_4k__r2/attempt-1
dfbd5a8cad2a4dac9c368e87f09c47dc,full,colva4,404,nvme,/dev/nvme0n1p1,/mnt/nvme0,seq_read,read,1m,4,2,1,1,time_limit,140275351552,130.6416015625,60058,60.058,2336424244,2228.1877937316895,2226.122473,133653,57315319.029775575,57409536,87556096,100139008,130547712,65.39913783315569,1,raw/404__seq_read__r2/attempt-1
dfbd5a8cad2a4dac9c368e87f09c47dc,full,colva4,404,nvme,/dev/nvme0n1p1,/mnt/nvme0,seq_write,write,1m,4,2,1,1,time_limit,308629471232,287.43359375,60028,60.028,5141623237,4903.434025764465,4901.368248000001,294208,25974125.4580621,25296896,41156608,42729472,50069504,65.3408507462591,1,raw/404__seq_write__r2/attempt-1
dfbd5a8cad2a4dac9c368e87f09c47dc,full,colva4,404,nvme,/dev/nvme0n1p1,/mnt/nvme0,rand_read_128k,randread,128k,4,2,1,1,time_limit,314010894336,292.4454345703125,60004,60.004,5233166026,4990.736032485962,39923.821745,2395589,3182486.9133326476,2768896,5210112,5537792,5931008,65.33728756476194,1,raw/404__rand_read_128k__r2/attempt-1
dfbd5a8cad2a4dac9c368e87f09c47dc,full,colva4,404,nvme,/dev/nvme0n1p1,/mnt/nvme0,rand_write_4k,randwrite,4k,4,3,1,1,time_limit,248745680896,231.66246795654297,60001,60.001,4145692252,3953.640224456787,1012129.8311689999,60728802,124736.56051520194,120320,138240,156672,831488,65.32929813303053,1,raw/404__rand_write_4k__r3/attempt-1
dfbd5a8cad2a4dac9c368e87f09c47dc,full,colva4,404,nvme,/dev/nvme0n1p1,/mnt/nvme0,seq_read,read,1m,4,3,1,1,time_limit,140295274496,130.66015625,60057,60.057,2336124818,2227.902238845825,2225.837466,133672,57305266.79869952,57409536,86507520,94896128,125304832,65.40057761687785,1,raw/404__seq_read__r3/attempt-1
dfbd5a8cad2a4dac9c368e87f09c47dc,full,colva4,404,nvme,/dev/nvme0n1p1,/mnt/nvme0,seq_write,write,1m,4,3,1,1,time_limit,310768566272,289.42578125,60028,60.028,5177591864,4937.736381530762,4935.6704740000005,296248,25797296.00055084,29491200,42205184,44302336,58458112,65.34183961898088,1,raw/404__seq_write__r3/attempt-1
dfbd5a8cad2a4dac9c368e87f09c47dc,full,colva4,404,nvme,/dev/nvme0n1p1,/mnt/nvme0,rand_read_128k,randread,128k,4,3,1,1,time_limit,296402812928,276.046630859375,60004,60.004,4939740694,4710.903829574585,37685.147448,2261249,3373883.926708796,3096576,5275648,5734400,6127616,65.33493277896196,1,raw/404__rand_read_128k__r3/attempt-1
dfbd5a8cad2a4dac9c368e87f09c47dc,full,colva4,404,nvme,/dev/nvme0n1p1,/mnt/nvme0,rand_read_4k,randread,4k,4,3,1,1,time_limit,233923506176,217.8582420349121,60001,60.001,3898660124,3718.052028656006,951819.2196790001,57110105,132480.3109958619,93696,552960,1204224,1859584,65.33000251371413,1,raw/404__rand_read_4k__r3/attempt-1
dfbd5a8cad2a4dac9c368e87f09c47dc,full,colva4,404,nvme,/dev/nvme0n1p1,/mnt/nvme0,seq_read,read,1m,4,4,1,1,time_limit,295712063488,275.4033203125,60025,60.025,4926675918,4698.444288253784,4696.378398000001,281889,27094170.446900398,29229056,40108032,49020928,63700992,65.34566886071116,1,raw/404__seq_read__r4/attempt-1
dfbd5a8cad2a4dac9c368e87f09c47dc,full,colva4,404,nvme,/dev/nvme0n1p1,/mnt/nvme0,seq_write,write,1m,4,4,1,1,time_limit,310732914688,289.392578125,60031,60.031,5176712146,4936.897417068481,4934.798312999999,296212,25796038.325255338,38010880,42205184,44302336,55312384,65.34029326681048,1,raw/404__seq_write__r4/attempt-1
dfbd5a8cad2a4dac9c368e87f09c47dc,full,colva4,404,nvme,/dev/nvme0n1p1,/mnt/nvme0,rand_read_128k,randread,128k,4,4,1,1,time_limit,270662500352,252.0740966796875,60004,60.004,4510740954,4301.777795791626,34412.139191,2064866,3688542.026148909,1187840,12124160,12779520,13434880,65.3382030883804,1,raw/404__rand_read_128k__r4/attempt-1
dfbd5a8cad2a4dac9c368e87f09c47dc,full,colva4,404,nvme,/dev/nvme0n1p1,/mnt/nvme0,rand_read_4k,randread,4k,4,4,1,1,time_limit,232459415552,216.49470138549805,60001,60.001,3874259019,3694.7813215255737,945861.918968,56752661,133330.156129451,92672,561152,1236992,1892352,65.33122210204601,1,raw/404__rand_read_4k__r4/attempt-1
dfbd5a8cad2a4dac9c368e87f09c47dc,full,colva4,404,nvme,/dev/nvme0n1p1,/mnt/nvme0,rand_write_4k,randwrite,4k,4,4,1,1,time_limit,248531726336,231.46320724487305,60001,60.001,4142126401,3950.2395639419556,1011259.212347,60676564,124835.43434992936,120320,138240,168960,815104,65.32740504760295,1,raw/404__rand_write_4k__r4/attempt-1
dfbd5a8cad2a4dac9c368e87f09c47dc,full,colva4,404,nvme,/dev/nvme0n1p1,/mnt/nvme0,seq_write,write,1m,4,5,1,1,time_limit,310224355328,288.9189453125,60026,60.026,5168448194,4929.016298294067,4926.950408,295729,25825147.36123899,29491200,42205184,46923776,57409536,65.34273142274469,1,raw/404__seq_write__r5/attempt-1
dfbd5a8cad2a4dac9c368e87f09c47dc,full,colva4,404,nvme,/dev/nvme0n1p1,/mnt/nvme0,rand_read_128k,randread,128k,4,5,1,1,time_limit,353146241024,328.89306640625,60003,60.003,5885476408,5612.827690124512,44900.538304999995,2694167,2829027.5067998585,2736128,3620864,4046848,4489216,65.33987271878868,1,raw/404__rand_read_128k__r5/attempt-1
dfbd5a8cad2a4dac9c368e87f09c47dc,full,colva4,404,nvme,/dev/nvme0n1p1,/mnt/nvme0,rand_read_4k,randread,4k,4,5,1,1,time_limit,251837669376,234.54210662841797,60001,60.001,4197224534,4002.785238265991,1024710.938151,61483681,122932.86727142915,93696,305152,514048,831488,65.32838989514858,1,raw/404__rand_read_4k__r5/attempt-1
dfbd5a8cad2a4dac9c368e87f09c47dc,full,colva4,404,nvme,/dev/nvme0n1p1,/mnt/nvme0,rand_write_4k,randwrite,4k,4,5,1,1,time_limit,249305001984,232.18337631225586,60001,60.001,4155014114,3962.5302448272705,1014405.6765720001,60865355,124443.76863657424,120320,138240,160768,774144,65.27990381605923,1,raw/404__rand_write_4k__r5/attempt-1
dfbd5a8cad2a4dac9c368e87f09c47dc,full,colva4,404,nvme,/dev/nvme0n1p1,/mnt/nvme0,seq_read,read,1m,4,5,1,1,time_limit,140140085248,130.515625,60059,60.059,2333662477,2225.553967475891,2223.4724000000006,133523,57370743.473790586,85458944,86507520,100139008,119013376,65.39983575418591,1,raw/404__seq_read__r5/attempt-1
dfbd5a8cad2a4dac9c368e87f09c47dc,full,colva4,403,hdd,/dev/sdd1,/mnt/hdd4,rand_read_128k,randread,128k,4,1,1,1,time_limit,2176974848,2.0274658203125,60365,60.365,36103474,34.43095588684082,273.324874,16481,452102662.64616984,421527552,851443712,1182793728,1602224128,65.69989473186433,1,raw/403__rand_read_128k__r1/attempt-1
dfbd5a8cad2a4dac9c368e87f09c47dc,full,colva4,403,hdd,/dev/sdd1,/mnt/hdd4,rand_read_4k,randread,4k,4,1,1,1,time_limit,93175808,0.0867767333984375,60266,60.266,1546908,1.4752464294433594,375.538595,22620,329365345.69510233,312475648,641728512,884998144,1300234240,65.60433640051633,1,raw/403__rand_read_4k__r1/attempt-1
dfbd5a8cad2a4dac9c368e87f09c47dc,full,colva4,403,hdd,/dev/sdd1,/mnt/hdd4,rand_write_4k,randwrite,4k,4,1,1,1,time_limit,93646848,0.08721542358398438,60181,60.181,1556990,1.4848613739013672,377.996804,22735,327180059.22666854,325058560,484442112,926941184,1350565888,65.49637404922396,1,raw/403__rand_write_4k__r1/attempt-1
dfbd5a8cad2a4dac9c368e87f09c47dc,full,colva4,403,hdd,/dev/sdd1,/mnt/hdd4,seq_read,read,1m,4,1,1,1,time_limit,8352956416,7.779296875,60553,60.553,138319848,131.9120864868164,129.809063,7839,949644669.1230721,952107008,1149239296,1266679808,1417674752,65.90046399179846,1,raw/403__seq_read__r1/attempt-1
dfbd5a8cad2a4dac9c368e87f09c47dc,full,colva4,403,hdd,/dev/sdd1,/mnt/hdd4,seq_write,write,1m,4,1,1,1,time_limit,8544845824,7.9580078125,60564,60.564,141382047,134.8324270248413,132.71468299999998,8021,926761486.9624045,968884224,1027604480,1635778560,1887436800,65.90339304693043,1,raw/403__seq_write__r1/attempt-1
dfbd5a8cad2a4dac9c368e87f09c47dc,full,colva4,403,hdd,/dev/sdd1,/mnt/hdd4,rand_read_4k,randread,4k,4,2,1,1,time_limit,92573696,0.08621597290039062,60237,60.237,1537161,1.4659509658813477,373.158459,22473,331427107.5124962,312475648,633339904,843055104,1199570944,65.5476449681446,1,raw/403__rand_read_4k__r2/attempt-1
dfbd5a8cad2a4dac9c368e87f09c47dc,full,colva4,403,hdd,/dev/sdd1,/mnt/hdd4,rand_write_4k,randwrite,4k,4,2,1,1,time_limit,92569600,0.086212158203125,60247,60.247,1536602,1.4654178619384766,373.022588,22472,331498850.5889826,325058560,471859200,985661440,1400897536,65.54821441229433,1,raw/403__rand_write_4k__r2/attempt-1
dfbd5a8cad2a4dac9c368e87f09c47dc,full,colva4,403,hdd,/dev/sdd1,/mnt/hdd4,seq_read,read,1m,4,2,1,1,time_limit,8414822400,7.8369140625,60536,60.536,139420062,132.961332321167,130.840744,7897,941635842.4984097,1010827264,1098907648,1149239296,1468006400,65.85055186320096,1,raw/403__seq_read__r2/attempt-1
dfbd5a8cad2a4dac9c368e87f09c47dc,full,colva4,403,hdd,/dev/sdd1,/mnt/hdd4,seq_write,write,1m,4,2,1,1,time_limit,8544845824,7.9580078125,60496,60.496,141427918,134.87617301940918,132.757642,8021,926848527.7191209,968884224,1010827264,1652555776,2038431744,65.85328263230622,1,raw/403__seq_write__r2/attempt-1
dfbd5a8cad2a4dac9c368e87f09c47dc,full,colva4,403,hdd,/dev/sdd1,/mnt/hdd4,rand_read_128k,randread,128k,4,2,1,1,time_limit,2176974848,2.0274658203125,60315,60.315,36126696,34.453102111816406,273.500678,16481,451747865.8204719,425721856,843055104,1149239296,1669332992,65.64850808307528,1,raw/403__rand_read_128k__r2/attempt-1
dfbd5a8cad2a4dac9c368e87f09c47dc,full,colva4,403,hdd,/dev/sdd1,/mnt/hdd4,rand_write_4k,randwrite,4k,4,3,1,1,time_limit,93540352,0.08711624145507812,60174,60.174,1555341,1.4832887649536133,377.59438900000004,22709,327550165.4539668,320864256,467664896,1027604480,1350565888,65.4954340942204,1,raw/403__rand_write_4k__r3/attempt-1
dfbd5a8cad2a4dac9c368e87f09c47dc,full,colva4,403,hdd,/dev/sdd1,/mnt/hdd4,seq_read,read,1m,4,3,1,1,time_limit,8364490752,7.7900390625,60551,60.551,138513313,132.09658908843994,129.976939,7849,947249104.6560808,943718400,1098907648,1551892480,1619001344,65.84931091312319,1,raw/403__seq_read__r3/attempt-1
dfbd5a8cad2a4dac9c368e87f09c47dc,full,colva4,403,hdd,/dev/sdd1,/mnt/hdd4,seq_write,write,1m,4,3,1,1,time_limit,8502902784,7.9189453125,60495,60.495,140767862,134.24669456481934,132.127714,7981,930779243.6021913,960495616,1350565888,1837105152,1988100096,65.85275536309928,1,raw/403__seq_write__r3/attempt-1
dfbd5a8cad2a4dac9c368e87f09c47dc,full,colva4,403,hdd,/dev/sdd1,/mnt/hdd4,rand_read_128k,randread,128k,4,3,1,1,time_limit,2183397376,2.033447265625,60301,60.301,36215066,34.53737831115723,274.175969,16530,450640143.69877243,421527552,826277888,1149239296,1702887424,65.64913992304355,1,raw/403__rand_read_128k__r3/attempt-1
dfbd5a8cad2a4dac9c368e87f09c47dc,full,colva4,403,hdd,/dev/sdd1,/mnt/hdd4,rand_read_4k,randread,4k,4,3,1,1,time_limit,93167616,0.08676910400390625,60266,60.266,1546362,1.4747257232666016,375.405735,22618,329553305.5419658,312475648,624951296,859832320,1283457024,65.5974591774866,1,raw/403__rand_read_4k__r3/attempt-1
dfbd5a8cad2a4dac9c368e87f09c47dc,full,colva4,403,hdd,/dev/sdd1,/mnt/hdd4,seq_read,read,1m,4,4,1,1,time_limit,8426356736,7.84765625,60636,60.636,139598173,133.13119220733643,131.010673,7908,939824083.9151337,943718400,1082130432,1451229184,1551892480,65.95025525800884,1,raw/403__seq_read__r4/attempt-1
dfbd5a8cad2a4dac9c368e87f09c47dc,full,colva4,403,hdd,/dev/sdd1,/mnt/hdd4,seq_write,write,1m,4,4,1,1,time_limit,8561623040,7.9736328125,60502,60.502,141671312,135.10829162597656,132.990242,8037,925141814.7394863,918552576,977272832,1635778560,1870659584,65.85261268634349,1,raw/403__seq_write__r4/attempt-1
dfbd5a8cad2a4dac9c368e87f09c47dc,full,colva4,403,hdd,/dev/sdd1,/mnt/hdd4,rand_read_128k,randread,128k,4,4,1,1,time_limit,2180644864,2.0308837890625,60319,60.319,36182961,34.506760597229004,273.93022,16509,451191088.51903945,421527552,826277888,1166016512,1602224128,65.6492281332612,1,raw/403__rand_read_128k__r4/attempt-1
dfbd5a8cad2a4dac9c368e87f09c47dc,full,colva4,403,hdd,/dev/sdd1,/mnt/hdd4,rand_read_4k,randread,4k,4,4,1,1,time_limit,93077504,0.0866851806640625,60197,60.197,1546810,1.4751529693603516,375.512609,22596,329444277.4960558,308281344,624951296,884998144,1317011456,65.4980785632506,1,raw/403__rand_read_4k__r4/attempt-1
dfbd5a8cad2a4dac9c368e87f09c47dc,full,colva4,403,hdd,/dev/sdd1,/mnt/hdd4,rand_write_4k,randwrite,4k,4,4,1,1,time_limit,92909568,0.08652877807617188,60177,60.177,1544675,1.4731168746948242,374.990365,22555,329800072.2658832,325058560,497025024,935329792,1400897536,65.4970915876329,1,raw/403__rand_write_4k__r4/attempt-1
dfbd5a8cad2a4dac9c368e87f09c47dc,full,colva4,403,hdd,/dev/sdd1,/mnt/hdd4,seq_write,write,1m,4,5,1,1,time_limit,8523874304,7.9384765625,60484,60.484,141136572,134.59832382202148,132.478922,8001,928708091.3501501,918552576,985661440,1786773504,2139095040,65.80280249752104,1,raw/403__seq_write__r5/attempt-1
dfbd5a8cad2a4dac9c368e87f09c47dc,full,colva4,403,hdd,/dev/sdd1,/mnt/hdd4,rand_read_128k,randread,128k,4,5,1,1,time_limit,2162556928,2.0140380859375,60305,60.305,35868352,34.20672607421875,271.530801,16371,455224516.6277707,425721856,859832320,1182793728,1602224128,65.64934358093888,1,raw/403__rand_read_128k__r5/attempt-1
dfbd5a8cad2a4dac9c368e87f09c47dc,full,colva4,403,hdd,/dev/sdd1,/mnt/hdd4,rand_read_4k,randread,4k,4,5,1,1,time_limit,93507584,0.08708572387695312,60256,60.256,1552932,1.4809913635253906,377.008261,22701,328046661.49804217,308281344,624951296,859832320,1166016512,65.54853019118309,1,raw/403__rand_read_4k__r5/attempt-1
dfbd5a8cad2a4dac9c368e87f09c47dc,full,colva4,403,hdd,/dev/sdd1,/mnt/hdd4,rand_write_4k,randwrite,4k,4,5,1,1,time_limit,93052928,0.08666229248046875,60180,60.18,1546568,1.4749221801757812,375.453377,22590,329389333.05874693,320864256,480247808,1044381696,1602224128,65.49737086705863,1,raw/403__rand_write_4k__r5/attempt-1
dfbd5a8cad2a4dac9c368e87f09c47dc,full,colva4,403,hdd,/dev/sdd1,/mnt/hdd4,seq_read,read,1m,4,5,1,1,time_limit,8406433792,7.8291015625,60553,60.553,139304460,132.8510856628418,130.729966,7889,941591958.3811412,943718400,1082130432,1199570944,1300234240,65.8491881461814,1,raw/403__seq_read__r5/attempt-1
dfbd5a8cad2a4dac9c368e87f09c47dc,full,colva4,405,nvme,/dev/nvme1n1,/mnt/nvme1,rand_read_128k,randread,128k,4,1,1,1,time_limit,347126497280,323.2867431640625,60003,60.003,5785152362,5517.1512241363525,44135.126577,2648240,2876903.5513292905,2539520,5799936,8585216,11599872,65.33825199585408,1,raw/405__rand_read_128k__r1/attempt-1
dfbd5a8cad2a4dac9c368e87f09c47dc,full,colva4,405,nvme,/dev/nvme1n1,/mnt/nvme1,rand_read_4k,randread,4k,4,1,1,1,time_limit,242053107712,225.42952346801758,60001,60.001,4034151224,3847.2664108276367,984898.13503,59094873,128006.07954467497,109056,248832,378880,610304,65.283197497949,1,raw/405__rand_read_4k__r1/attempt-1
dfbd5a8cad2a4dac9c368e87f09c47dc,full,colva4,405,nvme,/dev/nvme1n1,/mnt/nvme1,rand_write_4k,randwrite,4k,4,1,1,1,time_limit,226371616768,210.8249969482422,60001,60.001,3772797398,3598.0199794769287,921091.0484829999,55266384,137176.06348053957,134144,144384,185344,460800,65.33052387647331,1,raw/405__rand_write_4k__r1/attempt-1
dfbd5a8cad2a4dac9c368e87f09c47dc,full,colva4,405,nvme,/dev/nvme1n1,/mnt/nvme1,seq_read,read,1m,4,1,1,1,time_limit,140160008192,130.5341796875,60057,60.057,2333931668,2225.810688018799,2223.7292390000002,133542,57364312.90865818,85458944,86507520,95944704,121110528,65.39880130253732,1,raw/405__seq_read__r1/attempt-1
dfbd5a8cad2a4dac9c368e87f09c47dc,full,colva4,405,nvme,/dev/nvme1n1,/mnt/nvme1,seq_write,write,1m,4,1,1,1,time_limit,310794780672,289.4501953125,60025,60.025,5178042276,4938.165927886963,4936.083387,296272,25781547.579603676,28966912,41680896,44302336,52166656,65.39224536903203,1,raw/405__seq_write__r1/attempt-1
dfbd5a8cad2a4dac9c368e87f09c47dc,full,colva4,405,nvme,/dev/nvme1n1,/mnt/nvme1,rand_read_4k,randread,4k,4,2,1,1,time_limit,222389301248,207.1161766052246,60001,60.001,3706426578,3534.7238330841064,904887.2018809998,54294137,139535.25371691282,96768,610304,1335296,2023424,65.32846682704985,1,raw/405__rand_read_4k__r2/attempt-1
dfbd5a8cad2a4dac9c368e87f09c47dc,full,colva4,405,nvme,/dev/nvme1n1,/mnt/nvme1,rand_write_4k,randwrite,4k,4,2,1,1,time_limit,226189656064,210.65553283691406,60001,60.001,3769764769,3595.12783908844,920350.627489,55221958,137292.45110207482,134144,144384,185344,724992,65.28069821279496,1,raw/405__rand_write_4k__r2/attempt-1
dfbd5a8cad2a4dac9c368e87f09c47dc,full,colva4,405,nvme,/dev/nvme1n1,/mnt/nvme1,seq_read,read,1m,4,2,1,1,time_limit,140178882560,130.5517578125,60057,60.057,2334453246,2226.3081035614014,2224.243134,133561,57353957.71839813,85458944,86507520,102236160,132644864,65.39737190585583,1,raw/405__seq_read__r2/attempt-1
dfbd5a8cad2a4dac9c368e87f09c47dc,full,colva4,405,nvme,/dev/nvme1n1,/mnt/nvme1,seq_write,write,1m,4,2,1,1,time_limit,141804175360,132.0654296875,60064,60.064,2360975183,2251.601393699646,2249.5201859999997,135110,56636424.05693044,87556096,114819072,137363456,164626432,65.40077280905098,1,raw/405__seq_write__r2/attempt-1
dfbd5a8cad2a4dac9c368e87f09c47dc,full,colva4,405,nvme,/dev/nvme1n1,/mnt/nvme1,rand_read_128k,randread,128k,4,2,1,1,time_limit,283692367872,264.2091064453125,60005,60.005,4727812146,4508.793016433716,36068.277644,2164277,3522764.631419388,2539520,8716288,9633792,10682368,65.34248505812138,1,raw/405__rand_read_128k__r2/attempt-1
dfbd5a8cad2a4dac9c368e87f09c47dc,full,colva4,405,nvme,/dev/nvme1n1,/mnt/nvme1,rand_write_4k,randwrite,4k,4,3,1,1,time_limit,129328742400,120.44677734375,60001,60.001,2155443114,2055.590738296509,526229.112848,31574273,241070.39397169687,197632,485376,684032,1253376,65.33012605924159,1,raw/405__rand_write_4k__r3/attempt-1
dfbd5a8cad2a4dac9c368e87f09c47dc,full,colva4,405,nvme,/dev/nvme1n1,/mnt/nvme1,seq_read,read,1m,4,3,1,1,time_limit,114671222784,106.7958984375,60071,60.071,1909232625,1820.7861185073853,1818.704878,109234,70168129.95205225,105381888,107479040,123207680,147849216,65.39495211746544,1,raw/405__seq_read__r3/attempt-1
dfbd5a8cad2a4dac9c368e87f09c47dc,full,colva4,405,nvme,/dev/nvme1n1,/mnt/nvme1,seq_write,write,1m,4,3,1,1,time_limit,133355798528,124.197265625,60065,60.065,2220363210,2117.503366470337,2115.422117,127053,60250751.55953303,89653248,107479040,135266304,143654912,65.40197390131652,1,raw/405__seq_write__r3/attempt-1
dfbd5a8cad2a4dac9c368e87f09c47dc,full,colva4,405,nvme,/dev/nvme1n1,/mnt/nvme1,rand_read_128k,randread,128k,4,3,1,1,time_limit,327173799936,304.704345703125,60004,60.004,5452578012,5199.98360824585,41597.785668,2496013,3052577.6891652383,2867200,4751360,6914048,9371648,65.33991975802928,1,raw/405__rand_read_128k__r3/attempt-1
dfbd5a8cad2a4dac9c368e87f09c47dc,full,colva4,405,nvme,/dev/nvme1n1,/mnt/nvme1,rand_read_4k,randread,4k,4,3,1,1,time_limit,160522354688,149.4980926513672,60001,60.001,2675327987,2551.391589164734,653154.130765,39189901,194115.81389965425,136192,514048,1056768,2342912,65.32766438182443,1,raw/405__rand_read_4k__r3/attempt-1
dfbd5a8cad2a4dac9c368e87f09c47dc,full,colva4,405,nvme,/dev/nvme1n1,/mnt/nvme1,seq_read,read,1m,4,4,1,1,time_limit,283162705920,263.7158203125,60031,60.031,4716960934,4498.4444942474365,4496.362230999999,269920,28294949.824478276,27918336,45350912,58458112,72876032,65.34894224442542,1,raw/405__seq_read__r4/attempt-1
dfbd5a8cad2a4dac9c368e87f09c47dc,full,colva4,405,nvme,/dev/nvme1n1,/mnt/nvme1,seq_write,write,1m,4,4,1,1,time_limit,138319757312,128.8203125,60063,60.063,2303353920,2196.6494750976562,2194.584592,131788,58073757.02945355,62652416,99090432,131596288,154140672,65.40054354071617,1,raw/405__seq_write__r4/attempt-1
dfbd5a8cad2a4dac9c368e87f09c47dc,full,colva4,405,nvme,/dev/nvme1n1,/mnt/nvme1,rand_read_128k,randread,128k,4,4,1,1,time_limit,324729438208,302.4278564453125,60004,60.004,5411864201,5161.155892372131,41287.163929,2477364,3080562.0054011643,2899968,4145152,4554752,4947968,65.3395133651793,1,raw/405__rand_read_128k__r4/attempt-1
dfbd5a8cad2a4dac9c368e87f09c47dc,full,colva4,405,nvme,/dev/nvme1n1,/mnt/nvme1,rand_read_4k,randread,4k,4,4,1,1,time_limit,160400330752,149.38444900512695,60001,60.001,2673294288,2549.452102661133,652657.655705,39160112,194283.51839719497,142336,518144,987136,1925120,65.32811953499913,1,raw/405__rand_read_4k__r4/attempt-1
dfbd5a8cad2a4dac9c368e87f09c47dc,full,colva4,405,nvme,/dev/nvme1n1,/mnt/nvme1,rand_write_4k,randwrite,4k,4,4,1,1,time_limit,132490022912,123.39094924926758,60001,60.001,2208130245,2105.8371019363403,539092.231797,32346073,235294.84963777688,189440,481280,692224,2211840,65.33086709491909,1,raw/405__rand_write_4k__r4/attempt-1
dfbd5a8cad2a4dac9c368e87f09c47dc,full,colva4,405,nvme,/dev/nvme1n1,/mnt/nvme1,seq_write,write,1m,4,5,1,1,time_limit,137593094144,128.1435546875,60064,60.064,2290795305,2184.672646522522,2182.574867,131093,58381884.89369722,62128128,98041856,130547712,141557760,65.40267917048186,1,raw/405__seq_write__r5/attempt-1
dfbd5a8cad2a4dac9c368e87f09c47dc,full,colva4,405,nvme,/dev/nvme1n1,/mnt/nvme1,rand_read_128k,randread,128k,4,5,1,1,time_limit,301289963520,280.59814453125,60004,60.004,5021164646,4788.55576133728,38306.346244,2298534,3314385.263592417,3129344,5013504,6062080,7110656,65.34047350939363,1,raw/405__rand_read_128k__r5/attempt-1
dfbd5a8cad2a4dac9c368e87f09c47dc,full,colva4,405,nvme,/dev/nvme1n1,/mnt/nvme1,rand_read_4k,randread,4k,4,5,1,1,time_limit,162367139840,151.21618270874023,60001,60.001,2706073894,2580.713171005249,660660.455659,39640288,191893.6435651319,144384,505856,954368,1974272,65.32538671419024,1,raw/405__rand_read_4k__r5/attempt-1
dfbd5a8cad2a4dac9c368e87f09c47dc,full,colva4,405,nvme,/dev/nvme1n1,/mnt/nvme1,rand_write_4k,randwrite,4k,4,5,1,1,time_limit,134123397120,124.91214752197266,60001,60.001,2235352694,2131.7984523773193,545738.321029,32744845,232400.04697512495,164864,552960,749568,1138688,65.32888925075531,1,raw/405__rand_write_4k__r5/attempt-1
dfbd5a8cad2a4dac9c368e87f09c47dc,full,colva4,405,nvme,/dev/nvme1n1,/mnt/nvme1,seq_read,read,1m,4,5,1,1,time_limit,115278348288,107.361328125,60071,60.071,1919471702,1830.5508632659912,1828.486238,109814,69803797.5024547,69730304,105381888,116916224,141557760,65.39950106199831,1,raw/405__seq_read__r5/attempt-1
dfbd5a8cad2a4dac9c368e87f09c47dc,full,colva4,406,nvme,/dev/nvme2n1,/mnt/nvme2,rand_read_128k,randread,128k,4,1,1,1,time_limit,346166525952,322.3927001953125,60003,60.003,5769153639,5501.893652915955,44013.066012,2640916,2884821.2620327366,2179072,7438336,10551296,13041664,65.34038268122822,1,raw/406__rand_read_128k__r1/attempt-1
dfbd5a8cad2a4dac9c368e87f09c47dc,full,colva4,406,nvme,/dev/nvme2n1,/mnt/nvme2,rand_read_4k,randread,4k,4,1,1,1,time_limit,242617647104,225.95529174804688,60001,60.001,4043560057,3856.2393732070923,987195.146747,59232696,127699.11685006667,108032,252928,387072,626688,65.32775287982076,1,raw/406__rand_read_4k__r1/attempt-1
dfbd5a8cad2a4dac9c368e87f09c47dc,full,colva4,406,nvme,/dev/nvme2n1,/mnt/nvme2,rand_write_4k,randwrite,4k,4,1,1,1,time_limit,227205697536,211.6017951965332,60001,60.001,3786698511,3611.2771139144897,924484.808587,55470013,136688.81136486138,134144,142336,183296,317440,65.33018171414733,1,raw/406__rand_write_4k__r1/attempt-1
dfbd5a8cad2a4dac9c368e87f09c47dc,full,colva4,406,nvme,/dev/nvme2n1,/mnt/nvme2,seq_read,read,1m,4,1,1,1,time_limit,139913592832,130.3046875,60058,60.058,2329680910,2221.7568492889404,2219.6921460000003,133308,57470075.596090876,57933824,92798976,110624768,124256256,65.39767348021269,1,raw/406__seq_read__r1/attempt-1
dfbd5a8cad2a4dac9c368e87f09c47dc,full,colva4,406,nvme,/dev/nvme2n1,/mnt/nvme2,seq_write,write,1m,4,1,1,1,time_limit,309120204800,287.890625,60029,60.029,5149811264,4911.242736816406,4909.176949999999,294676,25923325.01954268,25296896,38010880,43778048,53739520,65.39274482615292,1,raw/406__seq_write__r1/attempt-1
dfbd5a8cad2a4dac9c368e87f09c47dc,full,colva4,406,nvme,/dev/nvme2n1,/mnt/nvme2,rand_read_4k,randread,4k,4,2,1,1,time_limit,241530630144,224.94292831420898,60001,60.001,4025443410,3838.961992263794,982772.170464,58967313,128305.75055097288,110080,284672,468992,765952,65.33168453723192,1,raw/406__rand_read_4k__r2/attempt-1
dfbd5a8cad2a4dac9c368e87f09c47dc,full,colva4,406,nvme,/dev/nvme2n1,/mnt/nvme2,rand_write_4k,randwrite,4k,4,2,1,1,time_limit,227025104896,211.4336051940918,60001,60.001,3783688685,3608.406720161438,923750.0375000001,55425926,136800.5091035956,134144,140288,181248,321536,65.32887608092278,1,raw/406__rand_write_4k__r2/attempt-1
dfbd5a8cad2a4dac9c368e87f09c47dc,full,colva4,406,nvme,/dev/nvme2n1,/mnt/nvme2,seq_read,read,1m,4,2,1,1,time_limit,140236554240,130.60546875,60068,60.068,2335167437,2226.98920917511,2224.9245140000003,133616,57345695.42204558,63176704,86507520,96993280,119013376,65.39964116923511,1,raw/406__seq_read__r2/attempt-1
dfbd5a8cad2a4dac9c368e87f09c47dc,full,colva4,406,nvme,/dev/nvme2n1,/mnt/nvme2,seq_write,write,1m,4,2,1,1,time_limit,312480890880,291.0205078125,60026,60.026,5206218459,4965.036829948425,4962.9708709999995,297881,25651979.986997318,25034752,41680896,44302336,61603840,65.33987142238766,1,raw/406__seq_write__r2/attempt-1
dfbd5a8cad2a4dac9c368e87f09c47dc,full,colva4,406,nvme,/dev/nvme2n1,/mnt/nvme2,rand_read_128k,randread,128k,4,2,1,1,time_limit,306456559616,285.409912109375,60004,60.004,5107268840,4870.671119689941,38963.302447,2337954,3258340.4225092004,2244608,8355840,9895936,11206656,65.28980557899922,1,raw/406__rand_read_128k__r2/attempt-1
dfbd5a8cad2a4dac9c368e87f09c47dc,full,colva4,406,nvme,/dev/nvme2n1,/mnt/nvme2,rand_write_4k,randwrite,4k,4,3,1,1,time_limit,227078979584,211.48377990722656,60001,60.001,3784586582,3609.263021469116,923969.250513,55439079,136778.88251132975,134144,140288,181248,305152,65.27930609695613,1,raw/406__rand_write_4k__r3/attempt-1
dfbd5a8cad2a4dac9c368e87f09c47dc,full,colva4,406,nvme,/dev/nvme2n1,/mnt/nvme2,seq_read,read,1m,4,3,1,1,time_limit,139992236032,130.3779296875,60058,60.058,2331304869,2223.305577278137,2221.240651,133383,57427919.2959751,85458944,86507520,93847552,113770496,65.39966873917729,1,raw/406__seq_read__r3/attempt-1
dfbd5a8cad2a4dac9c368e87f09c47dc,full,colva4,406,nvme,/dev/nvme2n1,/mnt/nvme2,seq_write,write,1m,4,3,1,1,time_limit,313660538880,292.119140625,60026,60.026,5225815789,4983.726300239563,4981.643724,299005,25554809.421877626,37486592,41680896,44302336,55312384,65.34000041149557,1,raw/406__seq_write__r3/attempt-1
dfbd5a8cad2a4dac9c368e87f09c47dc,full,colva4,406,nvme,/dev/nvme2n1,/mnt/nvme2,rand_read_128k,randread,128k,4,3,1,1,time_limit,307894288384,286.7489013671875,60003,60.003,5131314905,4893.603234291077,39146.742663,2348922,3245801.5056591546,2113536,8585216,10027008,11337728,65.3397683640942,1,raw/406__rand_read_128k__r3/attempt-1
dfbd5a8cad2a4dac9c368e87f09c47dc,full,colva4,406,nvme,/dev/nvme2n1,/mnt/nvme2,rand_read_4k,randread,4k,4,3,1,1,time_limit,242746773504,226.0755500793457,60002,60.002,4045695262,3858.2756633758545,987716.487042,59264224,127654.6272321222,108032,252928,387072,626688,65.32828844431788,1,raw/406__rand_read_4k__r3/attempt-1
dfbd5a8cad2a4dac9c368e87f09c47dc,full,colva4,406,nvme,/dev/nvme2n1,/mnt/nvme2,seq_read,read,1m,4,4,1,1,time_limit,301213941760,280.52734375,60025,60.025,5018183401,4785.712624549866,4783.630144,287135,26596377.73321441,26345472,41680896,51642368,59506688,65.34825090505183,1,raw/406__seq_read__r4/attempt-1
dfbd5a8cad2a4dac9c368e87f09c47dc,full,colva4,406,nvme,/dev/nvme2n1,/mnt/nvme2,seq_write,write,1m,4,4,1,1,time_limit,310528442368,289.2021484375,60031,60.031,5173338087,4933.679663658142,4931.580552,296017,25808316.45328582,38010880,42729472,46923776,55836672,65.3909938680008,1,raw/406__seq_write__r4/attempt-1
dfbd5a8cad2a4dac9c368e87f09c47dc,full,colva4,406,nvme,/dev/nvme2n1,/mnt/nvme2,rand_read_128k,randread,128k,4,4,1,1,time_limit,345920634880,322.1636962890625,60003,60.003,5765055660,5497.985515594482,43981.817576,2639041,2890281.5764463227,2179072,7438336,10420224,13434880,65.2920177038759,1,raw/406__rand_read_128k__r4/attempt-1
dfbd5a8cad2a4dac9c368e87f09c47dc,full,colva4,406,nvme,/dev/nvme2n1,/mnt/nvme2,rand_read_4k,randread,4k,4,4,1,1,time_limit,242511536128,225.8564682006836,60001,60.001,4041791571,3854.5528135299683,986763.4372759999,59206793,127771.00947879947,108032,259072,411648,684032,65.32833133917302,1,raw/406__rand_read_4k__r4/attempt-1
dfbd5a8cad2a4dac9c368e87f09c47dc,full,colva4,406,nvme,/dev/nvme2n1,/mnt/nvme2,rand_write_4k,randwrite,4k,4,4,1,1,time_limit,227481866240,211.8589973449707,60001,60.001,3791301247,3615.666625022888,925608.5398569999,55537438,136554.06774846217,134144,138240,173056,313344,65.28051918372512,1,raw/406__rand_write_4k__r4/attempt-1
dfbd5a8cad2a4dac9c368e87f09c47dc,full,colva4,406,nvme,/dev/nvme2n1,/mnt/nvme2,seq_write,write,1m,4,5,1,1,time_limit,310340747264,289.02734375,60031,60.031,5169870647,4930.372855186462,4928.290522,295839,25815719.65719655,25559040,42205184,49020928,61603840,65.34505523648113,1,raw/406__seq_write__r5/attempt-1
dfbd5a8cad2a4dac9c368e87f09c47dc,full,colva4,406,nvme,/dev/nvme2n1,/mnt/nvme2,rand_read_128k,randread,128k,4,5,1,1,time_limit,321401651200,299.32861328125,60004,60.004,5356360220,5108.223171234131,40863.702178,2451975,3107942.2288813945,2867200,5079040,6062080,6914048,65.29425704851747,1,raw/406__rand_read_128k__r5/attempt-1
dfbd5a8cad2a4dac9c368e87f09c47dc,full,colva4,406,nvme,/dev/nvme2n1,/mnt/nvme2,rand_read_4k,randread,4k,4,5,1,1,time_limit,241352654848,224.7771759033203,60001,60.001,4022477204,3836.133197784424,982048.015867,58923863,128402.4783559483,105984,284672,509952,880640,65.33128329645842,1,raw/406__rand_read_4k__r5/attempt-1
dfbd5a8cad2a4dac9c368e87f09c47dc,full,colva4,406,nvme,/dev/nvme2n1,/mnt/nvme2,rand_write_4k,randwrite,4k,4,5,1,1,time_limit,227280310272,211.67128372192383,60001,60.001,3787942037,3612.463032722473,924788.420193,55488230,136622.23368235535,134144,142336,183296,321536,65.32803159952164,1,raw/406__rand_write_4k__r5/attempt-1
dfbd5a8cad2a4dac9c368e87f09c47dc,full,colva4,406,nvme,/dev/nvme2n1,/mnt/nvme2,seq_read,read,1m,4,5,1,1,time_limit,140130648064,130.5068359375,60057,60.057,2333727565,2225.6160402297974,2223.551062,133515,57366453.09910125,85458944,86507520,105381888,125304832,65.39868279825896,1,raw/406__seq_read__r5/attempt-1
dfbd5a8cad2a4dac9c368e87f09c47dc,full,colva4,401,hdd,/dev/sda1,/mnt/hdd1,rand_read_128k,randread,128k,4,1,1,1,time_limit,2408579072,2.2431640625,60259,60.259,39995512,38.14269256591797,303.01606100000004,18248,408016663.9734331,383778816,801112064,1132462080,1652555776,65.59969792235643,1,raw/401__rand_read_128k__r1/attempt-1
dfbd5a8cad2a4dac9c368e87f09c47dc,full,colva4,401,hdd,/dev/sda1,/mnt/hdd1,rand_read_4k,randread,4k,4,1,1,1,time_limit,97308672,0.09062576293945312,60212,60.212,1616467,1.5415830612182617,392.51946399999997,23629,315154510.9670044,295698432,616562688,859832320,1317011456,65.54836685303599,1,raw/401__rand_read_4k__r1/attempt-1
dfbd5a8cad2a4dac9c368e87f09c47dc,full,colva4,401,hdd,/dev/sda1,/mnt/hdd1,rand_write_4k,randwrite,4k,4,1,1,1,time_limit,95453184,0.088897705078125,60188,60.188,1586713,1.5132074356079102,385.253745,23176,321009992.05472577,316669952,492830720,935329792,1484783616,65.49623826984316,1,raw/401__rand_write_4k__r1/attempt-1
dfbd5a8cad2a4dac9c368e87f09c47dc,full,colva4,401,hdd,/dev/sda1,/mnt/hdd1,seq_read,read,1m,4,1,1,1,time_limit,11770265600,10.9619140625,60414,60.414,195176244,186.13457107543945,184.012059,11097,670303299.5762492,692060160,775946240,901775360,977272832,65.74850435461849,1,raw/401__seq_read__r1/attempt-1
dfbd5a8cad2a4dac9c368e87f09c47dc,full,colva4,401,hdd,/dev/sda1,/mnt/hdd1,seq_write,write,1m,4,1,1,1,time_limit,12135170048,11.3017578125,60306,60.306,201327202,192.000581741333,189.87697300000002,11445,649440286.3569475,675282944,725614592,1149239296,1300234240,65.65244742110372,1,raw/401__seq_write__r1/attempt-1
dfbd5a8cad2a4dac9c368e87f09c47dc,full,colva4,401,hdd,/dev/sda1,/mnt/hdd1,rand_read_4k,randread,4k,4,2,1,1,time_limit,96821248,0.09017181396484375,60224,60.224,1608378,1.5338687896728516,390.544616,23510,316775109.8055076,299892736,624951296,851443712,1166016512,65.54900067765266,1,raw/401__rand_read_4k__r2/attempt-1
dfbd5a8cad2a4dac9c368e87f09c47dc,full,colva4,401,hdd,/dev/sda1,/mnt/hdd1,rand_write_4k,randwrite,4k,4,2,1,1,time_limit,95477760,0.08892059326171875,60182,60.182,1586983,1.5134649276733398,385.31999,23182,320935747.52527213,316669952,467664896,977272832,1266679808,65.49720118567348,1,raw/401__rand_write_4k__r2/attempt-1
dfbd5a8cad2a4dac9c368e87f09c47dc,full,colva4,401,hdd,/dev/sda1,/mnt/hdd1,seq_read,read,1m,4,2,1,1,time_limit,11791237120,10.9814453125,60407,60.407,195625509,186.5630235671997,184.439465,11117,669209150.2000121,700448768,775946240,868220928,968884224,65.6994497096166,1,raw/401__seq_read__r2/attempt-1
dfbd5a8cad2a4dac9c368e87f09c47dc,full,colva4,401,hdd,/dev/sda1,/mnt/hdd1,seq_write,write,1m,4,2,1,1,time_limit,12169773056,11.333984375,60324,60.324,201873510,192.52158164978027,190.39827300000002,11478,647468932.6244153,675282944,717225984,1182793728,1283457024,65.65281457826495,1,raw/401__seq_write__r2/attempt-1
dfbd5a8cad2a4dac9c368e87f09c47dc,full,colva4,401,hdd,/dev/sda1,/mnt/hdd1,rand_read_128k,randread,128k,4,2,1,1,time_limit,2421948416,2.255615234375,60303,60.303,40190317,38.32847309112549,304.503745,18350,405996430.1106176,379584512,767557632,1035993088,1585446912,65.59774162992835,1,raw/401__rand_read_128k__r2/attempt-1
dfbd5a8cad2a4dac9c368e87f09c47dc,full,colva4,401,hdd,/dev/sda1,/mnt/hdd1,rand_write_4k,randwrite,4k,4,3,1,1,time_limit,95576064,0.08901214599609375,60183,60.183,1589040,1.5154266357421875,385.821536,23206,320478342.14233106,316669952,463470592,952107008,1400897536,65.49726254679263,1,raw/401__rand_write_4k__r3/attempt-1
dfbd5a8cad2a4dac9c368e87f09c47dc,full,colva4,401,hdd,/dev/sda1,/mnt/hdd1,seq_read,read,1m,4,3,1,1,time_limit,11813257216,11.001953125,60403,60.403,195995009,186.91540622711182,184.791764,11138,667870836.8426086,708837376,759169024,809500672,1069547520,65.74997443985194,1,raw/401__seq_read__r3/attempt-1
dfbd5a8cad2a4dac9c368e87f09c47dc,full,colva4,401,hdd,/dev/sda1,/mnt/hdd1,seq_write,write,1m,4,3,1,1,time_limit,12149850112,11.3154296875,60320,60.32,201606013,192.26647663116455,190.14260299999998,11459,648298959.1876153,717225984,767557632,1199570944,1367343104,65.65245249029249,1,raw/401__seq_write__r3/attempt-1
dfbd5a8cad2a4dac9c368e87f09c47dc,full,colva4,401,hdd,/dev/sda1,/mnt/hdd1,rand_read_128k,randread,128k,4,3,1,1,time_limit,2397175808,2.2325439453125,60307,60.307,39775282,37.93266487121582,301.337485,18161,410302723.1100195,383778816,801112064,1082130432,1501560832,65.64915585704148,1,raw/401__rand_read_128k__r3/attempt-1
dfbd5a8cad2a4dac9c368e87f09c47dc,full,colva4,401,hdd,/dev/sda1,/mnt/hdd1,rand_read_4k,randread,4k,4,3,1,1,time_limit,98172928,0.0914306640625,60243,60.243,1630093,1.5545778274536133,395.847311,23840,312603038.5840087,295698432,599785472,784334848,1132462080,65.54834983777255,1,raw/401__rand_read_4k__r3/attempt-1
dfbd5a8cad2a4dac9c368e87f09c47dc,full,colva4,401,hdd,/dev/sda1,/mnt/hdd1,seq_read,read,1m,4,4,1,1,time_limit,11820597248,11.0087890625,60353,60.353,196250694,187.15924644470215,185.03414700000002,11145,666791142.1213722,666894336,767557632,817889280,968884224,65.70061586424708,1,raw/401__seq_read__r4/attempt-1
dfbd5a8cad2a4dac9c368e87f09c47dc,full,colva4,401,hdd,/dev/sda1,/mnt/hdd1,seq_write,write,1m,4,4,1,1,time_limit,12134121472,11.30078125,60328,60.328,201267789,191.94392108917236,189.820797,11444,649481582.7037449,666894336,708837376,1216348160,1501560832,65.65311143454164,1,raw/401__seq_write__r4/attempt-1
dfbd5a8cad2a4dac9c368e87f09c47dc,full,colva4,401,hdd,/dev/sda1,/mnt/hdd1,rand_read_128k,randread,128k,4,4,1,1,time_limit,2432958464,2.265869140625,60230,60.23,40411243,38.539164543151855,306.18726300000003,18434,403683776.7900331,375390208,792723456,1082130432,1501560832,65.54764819145203,1,raw/401__rand_read_128k__r4/attempt-1
dfbd5a8cad2a4dac9c368e87f09c47dc,full,colva4,401,hdd,/dev/sda1,/mnt/hdd1,rand_read_4k,randread,4k,4,4,1,1,time_limit,98512896,0.09174728393554688,60242,60.242,1636073,1.5602807998657227,397.306388,23923,311447868.92584044,291504128,608174080,843055104,1350565888,65.54875117447227,1,raw/401__rand_read_4k__r4/attempt-1
dfbd5a8cad2a4dac9c368e87f09c47dc,full,colva4,401,hdd,/dev/sda1,/mnt/hdd1,rand_write_4k,randwrite,4k,4,4,1,1,time_limit,95830016,0.0892486572265625,60176,60.176,1593056,1.519256591796875,386.802432,23268,319716264.9088886,312475648,467664896,901775360,1417674752,65.49688767455518,1,raw/401__rand_write_4k__r4/attempt-1
dfbd5a8cad2a4dac9c368e87f09c47dc,full,colva4,401,hdd,/dev/sda1,/mnt/hdd1,seq_write,write,1m,4,5,1,1,time_limit,12141461504,11.3076171875,60339,60.339,201339399,192.01221370697021,189.889628,11451,649426321.3282176,658505728,692060160,1216348160,1384120320,65.7022683089599,1,raw/401__seq_write__r5/attempt-1
dfbd5a8cad2a4dac9c368e87f09c47dc,full,colva4,401,hdd,/dev/sda1,/mnt/hdd1,rand_read_128k,randread,128k,4,5,1,1,time_limit,2433220608,2.26611328125,60321,60.321,40356940,38.48737716674805,305.776046,18436,404254141.80765545,379584512,759169024,1052770304,1417674752,65.64932385087013,1,raw/401__rand_read_128k__r5/attempt-1
dfbd5a8cad2a4dac9c368e87f09c47dc,full,colva4,401,hdd,/dev/sda1,/mnt/hdd1,rand_read_4k,randread,4k,4,5,1,1,time_limit,96792576,0.09014511108398438,60212,60.212,1607828,1.5333442687988281,390.410417,23503,316879597.56260884,295698432,608174080,826277888,1098907648,65.54890444967896,1,raw/401__rand_read_4k__r5/attempt-1
dfbd5a8cad2a4dac9c368e87f09c47dc,full,colva4,401,hdd,/dev/sda1,/mnt/hdd1,rand_write_4k,randwrite,4k,4,5,1,1,time_limit,96378880,0.08975982666015625,60161,60.161,1602594,1.5283527374267578,389.130355,23402,317843923.6398734,312475648,459276288,910163968,1317011456,65.49751632474363,1,raw/401__rand_write_4k__r5/attempt-1
dfbd5a8cad2a4dac9c368e87f09c47dc,full,colva4,401,hdd,/dev/sda1,/mnt/hdd1,seq_read,read,1m,4,5,1,1,time_limit,11758731264,10.951171875,60385,60.385,195036718,186.00150871276855,183.878427,11086,670895187.3699622,700448768,784334848,851443712,952107008,65.69958959333599,1,raw/401__seq_read__r5/attempt-1
dfbd5a8cad2a4dac9c368e87f09c47dc,full,colva4,402,hdd,/dev/sdc1,/mnt/hdd3,rand_read_128k,randread,128k,4,1,1,1,time_limit,2279342080,2.122802734375,60260,60.26,37845864,36.092628479003906,286.615747,17262,431292514.95623434,404750336,826277888,1132462080,1568669696,65.5981268202886,1,raw/402__rand_read_128k__r1/attempt-1
dfbd5a8cad2a4dac9c368e87f09c47dc,full,colva4,402,hdd,/dev/sdc1,/mnt/hdd3,rand_read_4k,randread,4k,4,1,1,1,time_limit,93581312,0.08715438842773438,60200,60.2,1554809,1.4827814102172852,377.46580299999994,22719,327726252.31970793,312475648,650117120,901775360,1367343104,65.49838175904006,1,raw/402__rand_read_4k__r1/attempt-1
dfbd5a8cad2a4dac9c368e87f09c47dc,full,colva4,402,hdd,/dev/sdc1,/mnt/hdd3,rand_write_4k,randwrite,4k,4,1,1,1,time_limit,94806016,0.08829498291015625,60167,60.167,1575941,1.502934455871582,382.62415799999997,23018,323286483.1459605,320864256,488636416,884998144,1468006400,65.49773091357201,1,raw/402__rand_write_4k__r1/attempt-1
dfbd5a8cad2a4dac9c368e87f09c47dc,full,colva4,402,hdd,/dev/sdc1,/mnt/hdd3,seq_read,read,1m,4,1,1,1,time_limit,9835642880,9.16015625,60474,60.474,163004145,155.45286655426025,153.33153299999998,9252,803990623.9031761,792723456,960495616,1027604480,1182793728,65.7996250167489,1,raw/402__seq_read__r1/attempt-1
dfbd5a8cad2a4dac9c368e87f09c47dc,full,colva4,402,hdd,/dev/sdc1,/mnt/hdd3,seq_write,write,1m,4,1,1,1,time_limit,10130292736,9.4345703125,60423,60.423,167842990,160.06754875183105,157.946806,9533,779763500.5839788,826277888,876609536,1400897536,1786773504,65.80359104741365,1,raw/402__seq_write__r1/attempt-1
dfbd5a8cad2a4dac9c368e87f09c47dc,full,colva4,402,hdd,/dev/sdc1,/mnt/hdd3,rand_read_4k,randread,4k,4,2,1,1,time_limit,92823552,0.08644866943359375,60213,60.213,1541867,1.4704389572143555,374.306514,22534,330536894.30213183,312475648,650117120,910163968,1249902592,65.54704660177231,1,raw/402__rand_read_4k__r2/attempt-1
dfbd5a8cad2a4dac9c368e87f09c47dc,full,colva4,402,hdd,/dev/sdc1,/mnt/hdd3,rand_write_4k,randwrite,4k,4,2,1,1,time_limit,94281728,0.08780670166015625,60169,60.169,1567376,1.4947662353515625,380.53281,22890,324988794.2140072,320864256,467664896,985661440,1283457024,65.4981265552342,1,raw/402__rand_write_4k__r2/attempt-1
dfbd5a8cad2a4dac9c368e87f09c47dc,full,colva4,402,hdd,/dev/sdc1,/mnt/hdd3,seq_read,read,1m,4,2,1,1,time_limit,9813622784,9.1396484375,60397,60.397,162696712,155.15967559814453,153.037615,9231,805549036.3000692,834666496,910163968,1027604480,1082130432,65.75116648990661,1,raw/402__seq_read__r2/attempt-1
dfbd5a8cad2a4dac9c368e87f09c47dc,full,colva4,402,hdd,/dev/sdc1,/mnt/hdd3,seq_write,write,1m,4,2,1,1,time_limit,10138681344,9.4423828125,60452,60.452,167841629,160.06625080108643,157.947266,9541,779724184.4300102,775946240,817889280,1350565888,1501560832,65.80245626624674,1,raw/402__seq_write__r2/attempt-1
dfbd5a8cad2a4dac9c368e87f09c47dc,full,colva4,402,hdd,/dev/sdc1,/mnt/hdd3,rand_read_128k,randread,128k,4,2,1,1,time_limit,2280914944,2.124267578125,60297,60.297,37849667,36.0962553024292,286.646019,17274,431438548.905536,404750336,809500672,1069547520,1568669696,65.59903905261308,1,raw/402__rand_read_128k__r2/attempt-1
dfbd5a8cad2a4dac9c368e87f09c47dc,full,colva4,402,hdd,/dev/sdc1,/mnt/hdd3,rand_write_4k,randwrite,4k,4,3,1,1,time_limit,94523392,0.08803176879882812,60177,60.177,1571420,1.4986228942871094,381.520138,22949,324177759.113275,320864256,467664896,926941184,1317011456,65.498419592157,1,raw/402__rand_write_4k__r3/attempt-1
dfbd5a8cad2a4dac9c368e87f09c47dc,full,colva4,402,hdd,/dev/sdc1,/mnt/hdd3,seq_read,read,1m,4,3,1,1,time_limit,9829351424,9.154296875,60448,60.448,162993329,155.442551612854,153.319968,9246,803442665.4132714,817889280,943718400,1035993088,1182793728,65.79992876388133,1,raw/402__seq_read__r3/attempt-1
dfbd5a8cad2a4dac9c368e87f09c47dc,full,colva4,402,hdd,/dev/sdc1,/mnt/hdd3,seq_write,write,1m,4,3,1,1,time_limit,10135535616,9.439453125,60417,60.417,167946605,160.1663637161255,158.04542,9538,779273326.5538396,809500672,859832320,1434451968,1568669696,65.75287745334208,1,raw/402__seq_write__r3/attempt-1
dfbd5a8cad2a4dac9c368e87f09c47dc,full,colva4,402,hdd,/dev/sdc1,/mnt/hdd3,rand_read_128k,randread,128k,4,3,1,1,time_limit,2267152384,2.1114501953125,60268,60.268,37632521,35.88916873931885,284.988689,17169,433719907.0248683,413138944,826277888,1166016512,1568669696,65.59900295548141,1,raw/402__rand_read_128k__r3/attempt-1
dfbd5a8cad2a4dac9c368e87f09c47dc,full,colva4,402,hdd,/dev/sdc1,/mnt/hdd3,rand_read_4k,randread,4k,4,3,1,1,time_limit,93343744,0.08693313598632812,60220,60.22,1550900,1.4790534973144531,376.511701,22661,328502354.6293504,312475648,658505728,926941184,1333788672,65.54604173079133,1,raw/402__rand_read_4k__r3/attempt-1
dfbd5a8cad2a4dac9c368e87f09c47dc,full,colva4,402,hdd,/dev/sdc1,/mnt/hdd3,seq_read,read,1m,4,4,1,1,time_limit,9863954432,9.1865234375,60490,60.49,163409475,155.8394193649292,153.718889,9279,801688435.1833049,809500672,926941184,1002438656,1199570944,65.80017735436559,1,raw/402__seq_read__r4/attempt-1
dfbd5a8cad2a4dac9c368e87f09c47dc,full,colva4,402,hdd,/dev/sdc1,/mnt/hdd3,seq_write,write,1m,4,4,1,1,time_limit,10073669632,9.3818359375,60435,60.435,166879809,159.14898777008057,157.028615,9479,784180666.35255,817889280,868220928,1417674752,1920991232,65.75309682264924,1,raw/402__seq_write__r4/attempt-1
dfbd5a8cad2a4dac9c368e87f09c47dc,full,colva4,402,hdd,/dev/sdc1,/mnt/hdd3,rand_read_128k,randread,128k,4,4,1,1,time_limit,2280521728,2.1239013671875,60272,60.272,37858702,36.10487174987793,286.714064,17271,431021384.8439686,404750336,809500672,1132462080,1971322880,65.5982845723629,1,raw/402__rand_read_128k__r4/attempt-1
dfbd5a8cad2a4dac9c368e87f09c47dc,full,colva4,402,hdd,/dev/sdc1,/mnt/hdd3,rand_read_4k,randread,4k,4,4,1,1,time_limit,93921280,0.08747100830078125,60275,60.275,1560240,1.4879608154296875,378.792039,22802,326628460.5791055,312475648,633339904,851443712,1216348160,65.5981117086485,1,raw/402__rand_read_4k__r4/attempt-1
dfbd5a8cad2a4dac9c368e87f09c47dc,full,colva4,402,hdd,/dev/sdc1,/mnt/hdd3,rand_write_4k,randwrite,4k,4,4,1,1,time_limit,94535680,0.088043212890625,60182,60.182,1571617,1.4988107681274414,381.568205,22952,324082945.1730892,316669952,505413632,884998144,1635778560,65.49643787927926,1,raw/402__rand_write_4k__r4/attempt-1
dfbd5a8cad2a4dac9c368e87f09c47dc,full,colva4,402,hdd,/dev/sdc1,/mnt/hdd3,seq_write,write,1m,4,5,1,1,time_limit,10097786880,9.404296875,60341,60.341,167486780,159.72784042358398,157.60476799999998,9502,780747023.4871434,792723456,834666496,1484783616,1753219072,65.65266991406679,1,raw/402__seq_write__r5/attempt-1
dfbd5a8cad2a4dac9c368e87f09c47dc,full,colva4,402,hdd,/dev/sdc1,/mnt/hdd3,rand_read_128k,randread,128k,4,5,1,1,time_limit,2266365952,2.1107177734375,60275,60.275,37618068,35.87538528442383,284.87850299999997,17163,433870751.0309311,404750336,817889280,1098907648,1686110208,65.59882768522948,1,raw/402__rand_read_128k__r5/attempt-1
dfbd5a8cad2a4dac9c368e87f09c47dc,full,colva4,402,hdd,/dev/sdc1,/mnt/hdd3,rand_read_4k,randread,4k,4,5,1,1,time_limit,93659136,0.08722686767578125,60234,60.234,1555857,1.483780860900879,377.721842,22738,327672246.918328,308281344,641728512,910163968,1249902592,65.54859584290534,1,raw/402__rand_read_4k__r5/attempt-1
dfbd5a8cad2a4dac9c368e87f09c47dc,full,colva4,402,hdd,/dev/sdc1,/mnt/hdd3,rand_write_4k,randwrite,4k,4,5,1,1,time_limit,94351360,0.08787155151367188,60179,60.179,1568436,1.4957771301269531,380.791607,22907,324753129.8652284,320864256,471859200,926941184,1551892480,65.49679317791015,1,raw/402__rand_write_4k__r5/attempt-1
dfbd5a8cad2a4dac9c368e87f09c47dc,full,colva4,402,hdd,/dev/sdc1,/mnt/hdd3,seq_read,read,1m,4,5,1,1,time_limit,9786359808,9.1142578125,60515,60.515,162253108,154.73662185668945,152.631013,9206,807841637.9370503,817889280,935329792,1333788672,1501560832,65.8505235966295,1,raw/402__seq_read__r5/attempt-1
dfbd5a8cad2a4dac9c368e87f09c47dc,full,colva4,407,nvme,/dev/nvme3n1,/mnt/nvme3,rand_read_128k,randread,128k,4,1,1,1,time_limit,346026278912,322.2620849609375,60004,60.004,5766768279,5499.618796348572,43994.883842,2639847,2886829.0674041067,2179072,7438336,10551296,13172736,65.3451753584668,1,raw/407__rand_read_128k__r1/attempt-1
dfbd5a8cad2a4dac9c368e87f09c47dc,full,colva4,407,nvme,/dev/nvme3n1,/mnt/nvme3,rand_read_4k,randread,4k,4,1,1,1,time_limit,242627514368,225.96448135375977,60001,60.001,4043724509,3856.396206855774,987235.329411,59235107,127693.32287424208,108032,250880,387072,626688,65.33058966230601,1,raw/407__rand_read_4k__r1/attempt-1
dfbd5a8cad2a4dac9c368e87f09c47dc,full,colva4,407,nvme,/dev/nvme3n1,/mnt/nvme3,rand_write_4k,randwrite,4k,4,1,1,1,time_limit,226712199168,211.1421890258789,60001,60.001,3778473676,3603.4333000183105,922476.842053,55349533,136955.30530272186,134144,144384,187392,313344,65.2789380280301,1,raw/407__rand_write_4k__r1/attempt-1
dfbd5a8cad2a4dac9c368e87f09c47dc,full,colva4,407,nvme,/dev/nvme3n1,/mnt/nvme3,seq_read,read,1m,4,1,1,1,time_limit,139977555968,130.3642578125,60068,60.068,2330946737,2222.964035987854,2220.899229,133369,57440990.641079694,86507520,86507520,92798976,132644864,65.39861867856234,1,raw/407__seq_read__r1/attempt-1
dfbd5a8cad2a4dac9c368e87f09c47dc,full,colva4,407,nvme,/dev/nvme3n1,/mnt/nvme3,seq_write,write,1m,4,1,1,1,time_limit,309022687232,287.7998046875,60025,60.025,5148598060,4910.085735321045,4907.986526000001,294581,25939970.611873187,38010880,42729472,45350912,49020928,65.33501976449043,1,raw/407__seq_write__r1/attempt-1
dfbd5a8cad2a4dac9c368e87f09c47dc,full,colva4,407,nvme,/dev/nvme3n1,/mnt/nvme3,rand_read_4k,randread,4k,4,2,1,1,time_limit,226655121408,211.08903121948242,60001,60.001,3777522396,3602.5260887145996,922244.595924,55335598,136872.41646585686,104960,440320,987136,1564672,65.3283124929294,1,raw/407__rand_read_4k__r2/attempt-1
dfbd5a8cad2a4dac9c368e87f09c47dc,full,colva4,407,nvme,/dev/nvme3n1,/mnt/nvme3,rand_write_4k,randwrite,4k,4,2,1,1,time_limit,227178020864,211.57601928710938,60001,60.001,3786237241,3610.837212562561,924372.243795,55463259,136677.57063921643,134144,142336,183296,305152,65.2809192147106,1,raw/407__rand_write_4k__r2/attempt-1
dfbd5a8cad2a4dac9c368e87f09c47dc,full,colva4,407,nvme,/dev/nvme3n1,/mnt/nvme3,seq_read,read,1m,4,2,1,1,time_limit,140062490624,130.443359375,60063,60.063,2332267681,2224.223786354065,2222.1589700000004,133450,57405027.405873075,57409536,86507520,95944704,122159104,65.39887417573482,1,raw/407__seq_read__r2/attempt-1
dfbd5a8cad2a4dac9c368e87f09c47dc,full,colva4,407,nvme,/dev/nvme3n1,/mnt/nvme3,seq_write,write,1m,4,2,1,1,time_limit,309143273472,287.912109375,60030,60.03,5150428813,4911.831677436829,4909.765856,294698,25923697.778275393,37486592,42205184,43253760,51642368,65.34235968906432,1,raw/407__seq_write__r2/attempt-1
dfbd5a8cad2a4dac9c368e87f09c47dc,full,colva4,407,nvme,/dev/nvme3n1,/mnt/nvme3,rand_read_128k,randread,128k,4,2,1,1,time_limit,270663811072,252.0753173828125,60004,60.004,4510799743,4301.833861351013,34412.587687,2064876,3692632.6137458496,3227648,7831552,10420224,13303808,65.29208770859987,1,raw/407__rand_read_128k__r2/attempt-1
dfbd5a8cad2a4dac9c368e87f09c47dc,full,colva4,407,nvme,/dev/nvme3n1,/mnt/nvme3,rand_write_4k,randwrite,4k,4,3,1,1,time_limit,227322830848,211.71088409423828,60001,60.001,3788650701,3613.138867378235,924961.483976,55498614,136687.8828798467,134144,138240,162816,342016,65.3298122677952,1,raw/407__rand_write_4k__r3/attempt-1
dfbd5a8cad2a4dac9c368e87f09c47dc,full,colva4,407,nvme,/dev/nvme3n1,/mnt/nvme3,seq_read,read,1m,4,3,1,1,time_limit,140110725120,130.48828125,60058,60.058,2333242554,2225.153497695923,2223.088544,133496,57390268.44367082,57409536,86507520,93847552,114819072,65.39852643013,1,raw/407__seq_read__r3/attempt-1
dfbd5a8cad2a4dac9c368e87f09c47dc,full,colva4,407,nvme,/dev/nvme3n1,/mnt/nvme3,seq_write,write,1m,4,3,1,1,time_limit,309498740736,288.2431640625,60026,60.026,5156100401,4917.2405252456665,4915.141427,295035,25895155.41351933,25296896,39583744,44302336,57409536,65.34336117375642,1,raw/407__seq_write__r3/attempt-1
dfbd5a8cad2a4dac9c368e87f09c47dc,full,colva4,407,nvme,/dev/nvme3n1,/mnt/nvme3,rand_read_128k,randread,128k,4,3,1,1,time_limit,346192216064,322.4166259765625,60004,60.004,5769533750,5502.256155014038,44015.96604300001,2641112,2886293.3779605227,2637824,4145152,4554752,4947968,65.28863885439932,1,raw/407__rand_read_128k__r3/attempt-1
dfbd5a8cad2a4dac9c368e87f09c47dc,full,colva4,407,nvme,/dev/nvme3n1,/mnt/nvme3,rand_read_4k,randread,4k,4,3,1,1,time_limit,241406373888,224.82720565795898,60001,60.001,4023372506,3836.987024307251,982266.562224,58936976,128349.29690682249,110080,276480,464896,774144,65.33025432936847,1,raw/407__rand_read_4k__r3/attempt-1
dfbd5a8cad2a4dac9c368e87f09c47dc,full,colva4,407,nvme,/dev/nvme3n1,/mnt/nvme3,seq_read,read,1m,4,4,1,1,time_limit,281542656000,262.20703125,60033,60.033,4690325834,4473.043283462524,4470.944206,268374,28457797.167899933,27394048,48496640,57409536,67633152,65.34604752995074,1,raw/407__seq_read__r4/attempt-1
dfbd5a8cad2a4dac9c368e87f09c47dc,full,colva4,407,nvme,/dev/nvme3n1,/mnt/nvme3,seq_write,write,1m,4,4,1,1,time_limit,310667902976,289.33203125,60029,60.029,5175635930,4935.871057510376,4933.78856,296151,25795839.423177756,38010880,42205184,43778048,52690944,65.34363152831793,1,raw/407__seq_write__r4/attempt-1
dfbd5a8cad2a4dac9c368e87f09c47dc,full,colva4,407,nvme,/dev/nvme3n1,/mnt/nvme3,rand_read_128k,randread,128k,4,4,1,1,time_limit,320892567552,298.8544921875,60004,60.004,5347852934,5100.109991073608,40798.796747,2448091,3112770.4083760893,2834432,4882432,5799936,6717440,65.33980994019657,1,raw/407__rand_read_128k__r4/attempt-1
dfbd5a8cad2a4dac9c368e87f09c47dc,full,colva4,407,nvme,/dev/nvme3n1,/mnt/nvme3,rand_read_4k,randread,4k,4,4,1,1,time_limit,242667474944,226.0016975402832,60001,60.001,4044390506,3857.0313510894775,987397.943368,59244864,127675.22094527932,107008,254976,399360,643072,65.27997365035117,1,raw/407__rand_read_4k__r4/attempt-1
dfbd5a8cad2a4dac9c368e87f09c47dc,full,colva4,407,nvme,/dev/nvme3n1,/mnt/nvme3,rand_write_4k,randwrite,4k,4,4,1,1,time_limit,227086532608,211.49081420898438,60001,60.001,3784712464,3609.383071899414,924000.0000000001,55440924,136744.63406947593,134144,142336,183296,333824,65.32764076720923,1,raw/407__rand_write_4k__r4/attempt-1
dfbd5a8cad2a4dac9c368e87f09c47dc,full,colva4,407,nvme,/dev/nvme3n1,/mnt/nvme3,seq_write,write,1m,4,5,1,1,time_limit,308733280256,287.5302734375,60029,60.029,5143241863,4904.977667808533,4902.911941,294307,25957429.128149822,27656192,42205184,44826624,54788096,65.34548375103623,1,raw/407__seq_write__r5/attempt-1
dfbd5a8cad2a4dac9c368e87f09c47dc,full,colva4,407,nvme,/dev/nvme3n1,/mnt/nvme3,rand_read_128k,randread,128k,4,5,1,1,time_limit,305269047296,284.303955078125,60004,60.004,5087478288,4851.797378540039,38812.295847,2328893,3275553.9499455215,2801664,5603328,6127616,6651904,65.34153251443058,1,raw/407__rand_read_128k__r5/attempt-1
dfbd5a8cad2a4dac9c368e87f09c47dc,full,colva4,407,nvme,/dev/nvme3n1,/mnt/nvme3,rand_read_4k,randread,4k,4,5,1,1,time_limit,241920860160,225.30635833740234,60001,60.001,4031947135,3845.164427757263,984359.977334,59062583,128075.6185750532,107008,272384,456704,790528,65.33107882924378,1,raw/407__rand_read_4k__r5/attempt-1
dfbd5a8cad2a4dac9c368e87f09c47dc,full,colva4,407,nvme,/dev/nvme3n1,/mnt/nvme3,rand_write_4k,randwrite,4k,4,5,1,1,time_limit,226570711040,211.01041793823242,60001,60.001,3776115580,3601.1844444274902,921901.134981,55314990,137013.84087362976,134144,146432,189440,313344,65.32605388574302,1,raw/407__rand_write_4k__r5/attempt-1
dfbd5a8cad2a4dac9c368e87f09c47dc,full,colva4,407,nvme,/dev/nvme3n1,/mnt/nvme3,seq_read,read,1m,4,5,1,1,time_limit,140054102016,130.435546875,60075,60.075,2331943238,2223.914373397827,2221.849694,133442,57429280.175206795,86507520,91750400,103284736,122159104,65.39750525448471,1,raw/407__seq_read__r5/attempt-1
