
### OST SPACE (STORAGE) BEFORE large_contiguous_write_heavy_freq_102mb [HDD] run1
### Timestamp: 2026-04-03 03:34:52
TargetID        Total         Free    %      ITotal       IFree    %   NodeID
========        =====         ====    =      ======       =====    =   ======
     101       0.0GiB       0.0GiB   0%        0.0M        0.0M   0%        1
     102       0.0GiB       0.0GiB   0%        0.0M        0.0M   0%        1
     103       0.0GiB       0.0GiB   0%        0.0M        0.0M   0%        1
     104       0.0GiB       0.0GiB   0%        0.0M        0.0M   0%        1
     105       0.0GiB       0.0GiB   0%        0.0M        0.0M   0%        1
     106       0.0GiB       0.0GiB   0%        0.0M        0.0M   0%        1
     107       0.0GiB       0.0GiB   0%        0.0M        0.0M   0%        1
     201    1862.1GiB     794.5GiB  43%      195.4M      195.3M 100%        2
     202    1862.1GiB     827.0GiB  44%      195.4M      195.3M 100%        2
     203    1862.1GiB     879.5GiB  47%      195.4M      195.3M 100%        2
     204    1862.1GiB     836.2GiB  45%      195.4M      195.3M 100%        2
     205     931.1GiB     801.3GiB  86%      488.4M      488.4M 100%        2
     206     931.1GiB     815.7GiB  88%      488.4M      488.4M 100%        2
     207     931.1GiB     818.4GiB  88%      488.4M      488.4M 100%        2
     301    1862.1GiB     503.5GiB  27%      195.4M      195.3M 100%        3
     302    1862.1GiB     536.1GiB  29%      195.4M      195.3M 100%        3
     303    1862.1GiB     610.6GiB  33%      195.4M      195.3M 100%        3
     304    1862.1GiB     557.8GiB  30%      195.4M      195.3M 100%        3
     305     931.1GiB     795.4GiB  85%      488.4M      488.4M 100%        3
     306     931.1GiB     807.2GiB  87%      488.4M      488.2M 100%        3
     307     931.1GiB     457.8GiB  49%      488.4M      488.4M 100%        3
     401       0.0GiB       0.0GiB   0%        0.0M        0.0M   0%        4
     402       0.0GiB       0.0GiB   0%        0.0M        0.0M   0%        4
     403       0.0GiB       0.0GiB   0%        0.0M        0.0M   0%        4
     404       0.0GiB       0.0GiB   0%        0.0M        0.0M   0%        4
     405       0.0GiB       0.0GiB   0%        0.0M        0.0M   0%        4
     406       0.0GiB       0.0GiB   0%        0.0M        0.0M   0%        4
     407       0.0GiB       0.0GiB   0%        0.0M        0.0M   0%        4
# WARNINGS (offline nodes, not in active pools): [ERROR from beegfs-storage colva1 [ID: 1]: Communication error]
 [ERROR from beegfs-storage colva1 [ID: 1]: Communication error]
 [ERROR from beegfs-storage colva1 [ID: 1]: Communication error]
 [ERRO

### MDS SPACE (METADATA) BEFORE large_contiguous_write_heavy_freq_102mb [HDD] run1
### Timestamp: 2026-04-03 03:36:18
TargetID        Total         Free    %      ITotal       IFree    %   NodeID
========        =====         ====    =      ======       =====    =   ======
       1     667.2GiB      38.4GiB   6%       44.5M       37.0M  83%        1

### FILE OST LAYOUT AFTER large_contiguous_write_heavy_freq_102mb [HDD] run1
### Timestamp: 2026-04-03 03:36:20
  FILE: /mnt/beegfs/advay/hdd/workloads/tmp/workload_large_contiguous_write_heavy_freq_102mb_f0
    Entry type: file
    EntryID: 0-69CEE829-1
    Stripe pattern details:
    + Type: RAID0
    + Chunksize: 1M
    + Number of storage targets: desired: 4; actual: 4
    + Storage targets:
      + 303 @ colva3 [ID: 3]
      + 201 @ colva2 [ID: 2]
      + 202 @ colva2 [ID: 2]
      + 301 @ colva3 [ID: 3]
    Chunk path: u3E9/6998/7/0-6998774B-1/0-69CEE829-1
    Inlined inode: yes
    Dentry info:
     + Path: 67/66/0-6998774B-1/
     + Metadata node: anjuna3 [ID: 1]

### OST SPACE (STORAGE) AFTER large_contiguous_write_heavy_freq_102mb [HDD] run1
### Timestamp: 2026-04-03 03:36:20
TargetID        Total         Free    %      ITotal       IFree    %   NodeID
========        =====         ====    =      ======       =====    =   ======
     101       0.0GiB       0.0GiB   0%        0.0M        0.0M   0%        1
     102       0.0GiB       0.0GiB   0%        0.0M        0.0M   0%        1
     103       0.0GiB       0.0GiB   0%        0.0M        0.0M   0%        1
     104       0.0GiB       0.0GiB   0%        0.0M        0.0M   0%        1
     105       0.0GiB       0.0GiB   0%        0.0M        0.0M   0%        1
     106       0.0GiB       0.0GiB   0%        0.0M        0.0M   0%        1
     107       0.0GiB       0.0GiB   0%        0.0M        0.0M   0%        1
     201    1862.1GiB     794.5GiB  43%      195.4M      195.3M 100%        2
     202    1862.1GiB     826.9GiB  44%      195.4M      195.3M 100%        2
     203    1862.1GiB     879.5GiB  47%      195.4M      195.3M 100%        2
     204    1862.1GiB     836.2GiB  45%      195.4M      195.3M 100%        2
     205     931.1GiB     801.3GiB  86%      488.4M      488.4M 100%        2
     206     931.1GiB     815.7GiB  88%      488.4M      488.4M 100%        2
     207     931.1GiB     818.4GiB  88%      488.4M      488.4M 100%        2
     301    1862.1GiB     503.5GiB  27%      195.4M      195.3M 100%        3
     302    1862.1GiB     536.1GiB  29%      195.4M      195.3M 100%        3
     303    1862.1GiB     610.5GiB  33%      195.4M      195.3M 100%        3
     304    1862.1GiB     557.8GiB  30%      195.4M      195.3M 100%        3
     305     931.1GiB     795.4GiB  85%      488.4M      488.4M 100%        3
     306     931.1GiB     807.2GiB  87%      488.4M      488.2M 100%        3
     307     931.1GiB     457.8GiB  49%      488.4M      488.4M 100%        3
     401       0.0GiB       0.0GiB   0%        0.0M        0.0M   0%        4
     402       0.0GiB       0.0GiB   0%        0.0M        0.0M   0%        4
     403       0.0GiB       0.0GiB   0%        0.0M        0.0M   0%        4
     404       0.0GiB       0.0GiB   0%        0.0M        0.0M   0%        4
     405       0.0GiB       0.0GiB   0%        0.0M        0.0M   0%        4
     406       0.0GiB       0.0GiB   0%        0.0M        0.0M   0%        4
     407       0.0GiB       0.0GiB   0%        0.0M        0.0M   0%        4
# WARNINGS (offline nodes, not in active pools): [ERROR from beegfs-storage colva1 [ID: 1]: Communication error]
 [ERROR from beegfs-storage colva1 [ID: 1]: Communication error]
 [ERROR from beegfs-storage colva1 [ID: 1]: Communication error]
 [ERRO

### MDS SPACE (METADATA) AFTER large_contiguous_write_heavy_freq_102mb [HDD] run1
### Timestamp: 2026-04-03 03:37:45
TargetID        Total         Free    %      ITotal       IFree    %   NodeID
========        =====         ====    =      ======       =====    =   ======
       1     667.2GiB      38.4GiB   6%       44.5M       37.0M  83%        1

### OST SPACE (STORAGE) BEFORE large_contiguous_write_heavy_freq_102mb [HDD] run2
### Timestamp: 2026-04-03 03:39:46
TargetID        Total         Free    %      ITotal       IFree    %   NodeID
========        =====         ====    =      ======       =====    =   ======
     101       0.0GiB       0.0GiB   0%        0.0M        0.0M   0%        1
     102       0.0GiB       0.0GiB   0%        0.0M        0.0M   0%        1
     103       0.0GiB       0.0GiB   0%        0.0M        0.0M   0%        1
     104       0.0GiB       0.0GiB   0%        0.0M        0.0M   0%        1
     105       0.0GiB       0.0GiB   0%        0.0M        0.0M   0%        1
     106       0.0GiB       0.0GiB   0%        0.0M        0.0M   0%        1
     107       0.0GiB       0.0GiB   0%        0.0M        0.0M   0%        1
     201    1862.1GiB     794.5GiB  43%      195.4M      195.3M 100%        2
     202    1862.1GiB     826.9GiB  44%      195.4M      195.3M 100%        2
     203    1862.1GiB     879.5GiB  47%      195.4M      195.3M 100%        2
     204    1862.1GiB     836.2GiB  45%      195.4M      195.3M 100%        2
     205     931.1GiB     801.3GiB  86%      488.4M      488.4M 100%        2
     206     931.1GiB     815.7GiB  88%      488.4M      488.4M 100%        2
     207     931.1GiB     818.4GiB  88%      488.4M      488.4M 100%        2
     301    1862.1GiB     503.5GiB  27%      195.4M      195.3M 100%        3
     302    1862.1GiB     536.1GiB  29%      195.4M      195.3M 100%        3
     303    1862.1GiB     610.5GiB  33%      195.4M      195.3M 100%        3
     304    1862.1GiB     557.8GiB  30%      195.4M      195.3M 100%        3
     305     931.1GiB     795.4GiB  85%      488.4M      488.4M 100%        3
     306     931.1GiB     807.2GiB  87%      488.4M      488.2M 100%        3
     307     931.1GiB     457.8GiB  49%      488.4M      488.4M 100%        3
     401       0.0GiB       0.0GiB   0%        0.0M        0.0M   0%        4
     402       0.0GiB       0.0GiB   0%        0.0M        0.0M   0%        4
     403       0.0GiB       0.0GiB   0%        0.0M        0.0M   0%        4
     404       0.0GiB       0.0GiB   0%        0.0M        0.0M   0%        4
     405       0.0GiB       0.0GiB   0%        0.0M        0.0M   0%        4
     406       0.0GiB       0.0GiB   0%        0.0M        0.0M   0%        4
     407       0.0GiB       0.0GiB   0%        0.0M        0.0M   0%        4
# WARNINGS (offline nodes, not in active pools): [ERROR from beegfs-storage colva1 [ID: 1]: Communication error]
 [ERROR from beegfs-storage colva1 [ID: 1]: Communication error]
 [ERROR from beegfs-storage colva1 [ID: 1]: Communication error]
 [ERRO

### MDS SPACE (METADATA) BEFORE large_contiguous_write_heavy_freq_102mb [HDD] run2
### Timestamp: 2026-04-03 03:41:09
TargetID        Total         Free    %      ITotal       IFree    %   NodeID
========        =====         ====    =      ======       =====    =   ======
       1     667.2GiB      38.4GiB   6%       44.5M       37.0M  83%        1

### FILE OST LAYOUT AFTER large_contiguous_write_heavy_freq_102mb [HDD] run2
### Timestamp: 2026-04-03 03:41:12
  FILE: /mnt/beegfs/advay/hdd/workloads/tmp/workload_large_contiguous_write_heavy_freq_102mb_f0
    Entry type: file
    EntryID: 0-69CEE964-1
    Stripe pattern details:
    + Type: RAID0
    + Chunksize: 1M
    + Number of storage targets: desired: 4; actual: 4
    + Storage targets:
      + 204 @ colva2 [ID: 2]
      + 303 @ colva3 [ID: 3]
      + 304 @ colva3 [ID: 3]
      + 203 @ colva2 [ID: 2]
    Chunk path: u3E9/6998/7/0-6998774B-1/0-69CEE964-1
    Inlined inode: yes
    Dentry info:
     + Path: 67/66/0-6998774B-1/
     + Metadata node: anjuna3 [ID: 1]

### OST SPACE (STORAGE) AFTER large_contiguous_write_heavy_freq_102mb [HDD] run2
### Timestamp: 2026-04-03 03:41:12
TargetID        Total         Free    %      ITotal       IFree    %   NodeID
========        =====         ====    =      ======       =====    =   ======
     101       0.0GiB       0.0GiB   0%        0.0M        0.0M   0%        1
     102       0.0GiB       0.0GiB   0%        0.0M        0.0M   0%        1
     103       0.0GiB       0.0GiB   0%        0.0M        0.0M   0%        1
     104       0.0GiB       0.0GiB   0%        0.0M        0.0M   0%        1
     105       0.0GiB       0.0GiB   0%        0.0M        0.0M   0%        1
     106       0.0GiB       0.0GiB   0%        0.0M        0.0M   0%        1
     107       0.0GiB       0.0GiB   0%        0.0M        0.0M   0%        1
     201    1862.1GiB     794.5GiB  43%      195.4M      195.3M 100%        2
     202    1862.1GiB     827.0GiB  44%      195.4M      195.3M 100%        2
     203    1862.1GiB     879.5GiB  47%      195.4M      195.3M 100%        2
     204    1862.1GiB     836.2GiB  45%      195.4M      195.3M 100%        2
     205     931.1GiB     801.3GiB  86%      488.4M      488.4M 100%        2
     206     931.1GiB     815.7GiB  88%      488.4M      488.4M 100%        2
     207     931.1GiB     818.4GiB  88%      488.4M      488.4M 100%        2
     301    1862.1GiB     503.5GiB  27%      195.4M      195.3M 100%        3
     302    1862.1GiB     536.1GiB  29%      195.4M      195.3M 100%        3
     303    1862.1GiB     610.5GiB  33%      195.4M      195.3M 100%        3
     304    1862.1GiB     557.8GiB  30%      195.4M      195.3M 100%        3
     305     931.1GiB     795.4GiB  85%      488.4M      488.4M 100%        3
     306     931.1GiB     807.2GiB  87%      488.4M      488.2M 100%        3
     307     931.1GiB     457.8GiB  49%      488.4M      488.4M 100%        3
     401       0.0GiB       0.0GiB   0%        0.0M        0.0M   0%        4
     402       0.0GiB       0.0GiB   0%        0.0M        0.0M   0%        4
     403       0.0GiB       0.0GiB   0%        0.0M        0.0M   0%        4
     404       0.0GiB       0.0GiB   0%        0.0M        0.0M   0%        4
     405       0.0GiB       0.0GiB   0%        0.0M        0.0M   0%        4
     406       0.0GiB       0.0GiB   0%        0.0M        0.0M   0%        4
     407       0.0GiB       0.0GiB   0%        0.0M        0.0M   0%        4
# WARNINGS (offline nodes, not in active pools): [ERROR from beegfs-storage colva1 [ID: 1]: Communication error]
 [ERROR from beegfs-storage colva1 [ID: 1]: Communication error]
 [ERROR from beegfs-storage colva1 [ID: 1]: Communication error]
 [ERRO

### MDS SPACE (METADATA) AFTER large_contiguous_write_heavy_freq_102mb [HDD] run2
### Timestamp: 2026-04-03 03:42:35
TargetID        Total         Free    %      ITotal       IFree    %   NodeID
========        =====         ====    =      ======       =====    =   ======
       1     667.2GiB      38.4GiB   6%       44.5M       37.0M  83%        1

### OST SPACE (STORAGE) BEFORE large_contiguous_write_heavy_freq_102mb [HDD] run3
### Timestamp: 2026-04-03 03:44:36
TargetID        Total         Free    %      ITotal       IFree    %   NodeID
========        =====         ====    =      ======       =====    =   ======
     101       0.0GiB       0.0GiB   0%        0.0M        0.0M   0%        1
     102       0.0GiB       0.0GiB   0%        0.0M        0.0M   0%        1
     103       0.0GiB       0.0GiB   0%        0.0M        0.0M   0%        1
     104       0.0GiB       0.0GiB   0%        0.0M        0.0M   0%        1
     105       0.0GiB       0.0GiB   0%        0.0M        0.0M   0%        1
     106       0.0GiB       0.0GiB   0%        0.0M        0.0M   0%        1
     107       0.0GiB       0.0GiB   0%        0.0M        0.0M   0%        1
     201    1862.1GiB     794.5GiB  43%      195.4M      195.3M 100%        2
     202    1862.1GiB     827.0GiB  44%      195.4M      195.3M 100%        2
     203    1862.1GiB     879.5GiB  47%      195.4M      195.3M 100%        2
     204    1862.1GiB     836.2GiB  45%      195.4M      195.3M 100%        2
     205     931.1GiB     801.3GiB  86%      488.4M      488.4M 100%        2
     206     931.1GiB     815.7GiB  88%      488.4M      488.4M 100%        2
     207     931.1GiB     818.4GiB  88%      488.4M      488.4M 100%        2
     301    1862.1GiB     503.5GiB  27%      195.4M      195.3M 100%        3
     302    1862.1GiB     536.1GiB  29%      195.4M      195.3M 100%        3
     303    1862.1GiB     610.5GiB  33%      195.4M      195.3M 100%        3
     304    1862.1GiB     557.8GiB  30%      195.4M      195.3M 100%        3
     305     931.1GiB     795.4GiB  85%      488.4M      488.4M 100%        3
     306     931.1GiB     807.2GiB  87%      488.4M      488.2M 100%        3
     307     931.1GiB     457.8GiB  49%      488.4M      488.4M 100%        3
     401       0.0GiB       0.0GiB   0%        0.0M        0.0M   0%        4
     402       0.0GiB       0.0GiB   0%        0.0M        0.0M   0%        4
     403       0.0GiB       0.0GiB   0%        0.0M        0.0M   0%        4
     404       0.0GiB       0.0GiB   0%        0.0M        0.0M   0%        4
     405       0.0GiB       0.0GiB   0%        0.0M        0.0M   0%        4
     406       0.0GiB       0.0GiB   0%        0.0M        0.0M   0%        4
     407       0.0GiB       0.0GiB   0%        0.0M        0.0M   0%        4
# WARNINGS (offline nodes, not in active pools): [ERROR from beegfs-storage colva1 [ID: 1]: Communication error]
 [ERROR from beegfs-storage colva1 [ID: 1]: Communication error]
 [ERROR from beegfs-storage colva1 [ID: 1]: Communication error]
 [ERRO

### MDS SPACE (METADATA) BEFORE large_contiguous_write_heavy_freq_102mb [HDD] run3
### Timestamp: 2026-04-03 03:46:00
TargetID        Total         Free    %      ITotal       IFree    %   NodeID
========        =====         ====    =      ======       =====    =   ======
       1     667.2GiB      38.4GiB   6%       44.5M       37.0M  83%        1

### FILE OST LAYOUT AFTER large_contiguous_write_heavy_freq_102mb [HDD] run3
### Timestamp: 2026-04-03 03:46:03
  FILE: /mnt/beegfs/advay/hdd/workloads/tmp/workload_large_contiguous_write_heavy_freq_102mb_f0
    Entry type: file
    EntryID: 0-69CEEA9C-1
    Stripe pattern details:
    + Type: RAID0
    + Chunksize: 1M
    + Number of storage targets: desired: 4; actual: 4
    + Storage targets:
      + 304 @ colva3 [ID: 3]
      + 201 @ colva2 [ID: 2]
      + 204 @ colva2 [ID: 2]
      + 302 @ colva3 [ID: 3]
    Chunk path: u3E9/6998/7/0-6998774B-1/0-69CEEA9C-1
    Inlined inode: yes
    Dentry info:
     + Path: 67/66/0-6998774B-1/
     + Metadata node: anjuna3 [ID: 1]

### OST SPACE (STORAGE) AFTER large_contiguous_write_heavy_freq_102mb [HDD] run3
### Timestamp: 2026-04-03 03:46:03
TargetID        Total         Free    %      ITotal       IFree    %   NodeID
========        =====         ====    =      ======       =====    =   ======
     101       0.0GiB       0.0GiB   0%        0.0M        0.0M   0%        1
     102       0.0GiB       0.0GiB   0%        0.0M        0.0M   0%        1
     103       0.0GiB       0.0GiB   0%        0.0M        0.0M   0%        1
     104       0.0GiB       0.0GiB   0%        0.0M        0.0M   0%        1
     105       0.0GiB       0.0GiB   0%        0.0M        0.0M   0%        1
     106       0.0GiB       0.0GiB   0%        0.0M        0.0M   0%        1
     107       0.0GiB       0.0GiB   0%        0.0M        0.0M   0%        1
     201    1862.1GiB     794.5GiB  43%      195.4M      195.3M 100%        2
     202    1862.1GiB     827.0GiB  44%      195.4M      195.3M 100%        2
     203    1862.1GiB     879.5GiB  47%      195.4M      195.3M 100%        2
     204    1862.1GiB     836.2GiB  45%      195.4M      195.3M 100%        2
     205     931.1GiB     801.3GiB  86%      488.4M      488.4M 100%        2
     206     931.1GiB     815.7GiB  88%      488.4M      488.4M 100%        2
     207     931.1GiB     818.4GiB  88%      488.4M      488.4M 100%        2
     301    1862.1GiB     503.5GiB  27%      195.4M      195.3M 100%        3
     302    1862.1GiB     536.1GiB  29%      195.4M      195.3M 100%        3
     303    1862.1GiB     610.6GiB  33%      195.4M      195.3M 100%        3
     304    1862.1GiB     557.8GiB  30%      195.4M      195.3M 100%        3
     305     931.1GiB     795.4GiB  85%      488.4M      488.4M 100%        3
     306     931.1GiB     807.2GiB  87%      488.4M      488.2M 100%        3
     307     931.1GiB     457.8GiB  49%      488.4M      488.4M 100%        3
     401       0.0GiB       0.0GiB   0%        0.0M        0.0M   0%        4
     402       0.0GiB       0.0GiB   0%        0.0M        0.0M   0%        4
     403       0.0GiB       0.0GiB   0%        0.0M        0.0M   0%        4
     404       0.0GiB       0.0GiB   0%        0.0M        0.0M   0%        4
     405       0.0GiB       0.0GiB   0%        0.0M        0.0M   0%        4
     406       0.0GiB       0.0GiB   0%        0.0M        0.0M   0%        4
     407       0.0GiB       0.0GiB   0%        0.0M        0.0M   0%        4
# WARNINGS (offline nodes, not in active pools): [ERROR from beegfs-storage colva1 [ID: 1]: Communication error]
 [ERROR from beegfs-storage colva1 [ID: 1]: Communication error]
 [ERROR from beegfs-storage colva1 [ID: 1]: Communication error]
 [ERRO

### MDS SPACE (METADATA) AFTER large_contiguous_write_heavy_freq_102mb [HDD] run3
### Timestamp: 2026-04-03 03:47:26
TargetID        Total         Free    %      ITotal       IFree    %   NodeID
========        =====         ====    =      ======       =====    =   ======
       1     667.2GiB      38.4GiB   6%       44.5M       37.0M  83%        1

### OST SPACE (STORAGE) BEFORE large_contiguous_write_heavy_freq_102mb [SSD] run1
### Timestamp: 2026-04-03 03:49:26
TargetID        Total         Free    %      ITotal       IFree    %   NodeID
========        =====         ====    =      ======       =====    =   ======
     101       0.0GiB       0.0GiB   0%        0.0M        0.0M   0%        1
     102       0.0GiB       0.0GiB   0%        0.0M        0.0M   0%        1
     103       0.0GiB       0.0GiB   0%        0.0M        0.0M   0%        1
     104       0.0GiB       0.0GiB   0%        0.0M        0.0M   0%        1
     105       0.0GiB       0.0GiB   0%        0.0M        0.0M   0%        1
     106       0.0GiB       0.0GiB   0%        0.0M        0.0M   0%        1
     107       0.0GiB       0.0GiB   0%        0.0M        0.0M   0%        1
     201    1862.1GiB     794.5GiB  43%      195.4M      195.3M 100%        2
     202    1862.1GiB     827.0GiB  44%      195.4M      195.3M 100%        2
     203    1862.1GiB     879.5GiB  47%      195.4M      195.3M 100%        2
     204    1862.1GiB     836.2GiB  45%      195.4M      195.3M 100%        2
     205     931.1GiB     801.3GiB  86%      488.4M      488.4M 100%        2
     206     931.1GiB     815.7GiB  88%      488.4M      488.4M 100%        2
     207     931.1GiB     818.4GiB  88%      488.4M      488.4M 100%        2
     301    1862.1GiB     503.5GiB  27%      195.4M      195.3M 100%        3
     302    1862.1GiB     536.1GiB  29%      195.4M      195.3M 100%        3
     303    1862.1GiB     610.6GiB  33%      195.4M      195.3M 100%        3
     304    1862.1GiB     557.8GiB  30%      195.4M      195.3M 100%        3
     305     931.1GiB     795.4GiB  85%      488.4M      488.4M 100%        3
     306     931.1GiB     807.2GiB  87%      488.4M      488.2M 100%        3
     307     931.1GiB     457.8GiB  49%      488.4M      488.4M 100%        3
     401       0.0GiB       0.0GiB   0%        0.0M        0.0M   0%        4
     402       0.0GiB       0.0GiB   0%        0.0M        0.0M   0%        4
     403       0.0GiB       0.0GiB   0%        0.0M        0.0M   0%        4
     404       0.0GiB       0.0GiB   0%        0.0M        0.0M   0%        4
     405       0.0GiB       0.0GiB   0%        0.0M        0.0M   0%        4
     406       0.0GiB       0.0GiB   0%        0.0M        0.0M   0%        4
     407       0.0GiB       0.0GiB   0%        0.0M        0.0M   0%        4
# WARNINGS (offline nodes, not in active pools): [ERROR from beegfs-storage colva1 [ID: 1]: Communication error]
 [ERROR from beegfs-storage colva1 [ID: 1]: Communication error]
 [ERROR from beegfs-storage colva1 [ID: 1]: Communication error]
 [ERRO

### MDS SPACE (METADATA) BEFORE large_contiguous_write_heavy_freq_102mb [SSD] run1
### Timestamp: 2026-04-03 03:50:50
TargetID        Total         Free    %      ITotal       IFree    %   NodeID
========        =====         ====    =      ======       =====    =   ======
       1     667.2GiB      38.4GiB   6%       44.5M       37.0M  83%        1

### FILE OST LAYOUT AFTER large_contiguous_write_heavy_freq_102mb [SSD] run1
### Timestamp: 2026-04-03 03:50:52
  FILE: /mnt/beegfs/advay/ssd/workloads/tmp/workload_large_contiguous_write_heavy_freq_102mb_f0
    Entry type: file
    EntryID: 0-69CEEB98-1
    Stripe pattern details:
    + Type: RAID0
    + Chunksize: 1M
    + Number of storage targets: desired: 4; actual: 4
    + Storage targets:
      + 305 @ colva3 [ID: 3]
      + 306 @ colva3 [ID: 3]
      + 307 @ colva3 [ID: 3]
      + 206 @ colva2 [ID: 2]
    Chunk path: u3E9/6998/D/1-6998D1FE-1/0-69CEEB98-1
    Inlined inode: yes
    Dentry info:
     + Path: 9/59/1-6998D1FE-1/
     + Metadata node: anjuna3 [ID: 1]

### OST SPACE (STORAGE) AFTER large_contiguous_write_heavy_freq_102mb [SSD] run1
### Timestamp: 2026-04-03 03:50:52
TargetID        Total         Free    %      ITotal       IFree    %   NodeID
========        =====         ====    =      ======       =====    =   ======
     101       0.0GiB       0.0GiB   0%        0.0M        0.0M   0%        1
     102       0.0GiB       0.0GiB   0%        0.0M        0.0M   0%        1
     103       0.0GiB       0.0GiB   0%        0.0M        0.0M   0%        1
     104       0.0GiB       0.0GiB   0%        0.0M        0.0M   0%        1
     105       0.0GiB       0.0GiB   0%        0.0M        0.0M   0%        1
     106       0.0GiB       0.0GiB   0%        0.0M        0.0M   0%        1
     107       0.0GiB       0.0GiB   0%        0.0M        0.0M   0%        1
     201    1862.1GiB     794.5GiB  43%      195.4M      195.3M 100%        2
     202    1862.1GiB     827.0GiB  44%      195.4M      195.3M 100%        2
     203    1862.1GiB     879.5GiB  47%      195.4M      195.3M 100%        2
     204    1862.1GiB     836.2GiB  45%      195.4M      195.3M 100%        2
     205     931.1GiB     801.3GiB  86%      488.4M      488.4M 100%        2
     206     931.1GiB     815.6GiB  88%      488.4M      488.4M 100%        2
     207     931.1GiB     818.4GiB  88%      488.4M      488.4M 100%        2
     301    1862.1GiB     503.5GiB  27%      195.4M      195.3M 100%        3
     302    1862.1GiB     536.1GiB  29%      195.4M      195.3M 100%        3
     303    1862.1GiB     610.6GiB  33%      195.4M      195.3M 100%        3
     304    1862.1GiB     557.8GiB  30%      195.4M      195.3M 100%        3
     305     931.1GiB     795.4GiB  85%      488.4M      488.4M 100%        3
     306     931.1GiB     807.2GiB  87%      488.4M      488.2M 100%        3
     307     931.1GiB     457.8GiB  49%      488.4M      488.4M 100%        3
     401       0.0GiB       0.0GiB   0%        0.0M        0.0M   0%        4
     402       0.0GiB       0.0GiB   0%        0.0M        0.0M   0%        4
     403       0.0GiB       0.0GiB   0%        0.0M        0.0M   0%        4
     404       0.0GiB       0.0GiB   0%        0.0M        0.0M   0%        4
     405       0.0GiB       0.0GiB   0%        0.0M        0.0M   0%        4
     406       0.0GiB       0.0GiB   0%        0.0M        0.0M   0%        4
     407       0.0GiB       0.0GiB   0%        0.0M        0.0M   0%        4
# WARNINGS (offline nodes, not in active pools): [ERROR from beegfs-storage colva1 [ID: 1]: Communication error]
 [ERROR from beegfs-storage colva1 [ID: 1]: Communication error]
 [ERROR from beegfs-storage colva1 [ID: 1]: Communication error]
 [ERRO

### MDS SPACE (METADATA) AFTER large_contiguous_write_heavy_freq_102mb [SSD] run1
### Timestamp: 2026-04-03 03:52:16
TargetID        Total         Free    %      ITotal       IFree    %   NodeID
========        =====         ====    =      ======       =====    =   ======
       1     667.2GiB      38.4GiB   6%       44.5M       37.0M  83%        1

### OST SPACE (STORAGE) BEFORE large_contiguous_write_heavy_freq_102mb [SSD] run2
### Timestamp: 2026-04-03 03:54:16
TargetID        Total         Free    %      ITotal       IFree    %   NodeID
========        =====         ====    =      ======       =====    =   ======
     101       0.0GiB       0.0GiB   0%        0.0M        0.0M   0%        1
     102       0.0GiB       0.0GiB   0%        0.0M        0.0M   0%        1
     103       0.0GiB       0.0GiB   0%        0.0M        0.0M   0%        1
     104       0.0GiB       0.0GiB   0%        0.0M        0.0M   0%        1
     105       0.0GiB       0.0GiB   0%        0.0M        0.0M   0%        1
     106       0.0GiB       0.0GiB   0%        0.0M        0.0M   0%        1
     107       0.0GiB       0.0GiB   0%        0.0M        0.0M   0%        1
     201    1862.1GiB     794.5GiB  43%      195.4M      195.3M 100%        2
     202    1862.1GiB     827.0GiB  44%      195.4M      195.3M 100%        2
     203    1862.1GiB     879.5GiB  47%      195.4M      195.3M 100%        2
     204    1862.1GiB     836.2GiB  45%      195.4M      195.3M 100%        2
     205     931.1GiB     801.3GiB  86%      488.4M      488.4M 100%        2
     206     931.1GiB     815.6GiB  88%      488.4M      488.4M 100%        2
     207     931.1GiB     818.4GiB  88%      488.4M      488.4M 100%        2
     301    1862.1GiB     503.5GiB  27%      195.4M      195.3M 100%        3
     302    1862.1GiB     536.1GiB  29%      195.4M      195.3M 100%        3
     303    1862.1GiB     610.6GiB  33%      195.4M      195.3M 100%        3
     304    1862.1GiB     557.8GiB  30%      195.4M      195.3M 100%        3
     305     931.1GiB     795.4GiB  85%      488.4M      488.4M 100%        3
     306     931.1GiB     807.2GiB  87%      488.4M      488.2M 100%        3
     307     931.1GiB     457.8GiB  49%      488.4M      488.4M 100%        3
     401       0.0GiB       0.0GiB   0%        0.0M        0.0M   0%        4
     402       0.0GiB       0.0GiB   0%        0.0M        0.0M   0%        4
     403       0.0GiB       0.0GiB   0%        0.0M        0.0M   0%        4
     404       0.0GiB       0.0GiB   0%        0.0M        0.0M   0%        4
     405       0.0GiB       0.0GiB   0%        0.0M        0.0M   0%        4
     406       0.0GiB       0.0GiB   0%        0.0M        0.0M   0%        4
     407       0.0GiB       0.0GiB   0%        0.0M        0.0M   0%        4
# WARNINGS (offline nodes, not in active pools): [ERROR from beegfs-storage colva1 [ID: 1]: Communication error]
 [ERROR from beegfs-storage colva1 [ID: 1]: Communication error]
 [ERROR from beegfs-storage colva1 [ID: 1]: Communication error]
 [ERRO

### MDS SPACE (METADATA) BEFORE large_contiguous_write_heavy_freq_102mb [SSD] run2
### Timestamp: 2026-04-03 03:55:39
TargetID        Total         Free    %      ITotal       IFree    %   NodeID
========        =====         ====    =      ======       =====    =   ======
       1     667.2GiB      38.4GiB   6%       44.5M       37.0M  83%        1

### FILE OST LAYOUT AFTER large_contiguous_write_heavy_freq_102mb [SSD] run2
### Timestamp: 2026-04-03 03:55:41
  FILE: /mnt/beegfs/advay/ssd/workloads/tmp/workload_large_contiguous_write_heavy_freq_102mb_f0
    Entry type: file
    EntryID: 0-69CEECD3-1
    Stripe pattern details:
    + Type: RAID0
    + Chunksize: 1M
    + Number of storage targets: desired: 4; actual: 4
    + Storage targets:
      + 206 @ colva2 [ID: 2]
      + 207 @ colva2 [ID: 2]
      + 305 @ colva3 [ID: 3]
      + 205 @ colva2 [ID: 2]
    Chunk path: u3E9/6998/D/1-6998D1FE-1/0-69CEECD3-1
    Inlined inode: yes
    Dentry info:
     + Path: 9/59/1-6998D1FE-1/
     + Metadata node: anjuna3 [ID: 1]

### OST SPACE (STORAGE) AFTER large_contiguous_write_heavy_freq_102mb [SSD] run2
### Timestamp: 2026-04-03 03:55:41
TargetID        Total         Free    %      ITotal       IFree    %   NodeID
========        =====         ====    =      ======       =====    =   ======
     101       0.0GiB       0.0GiB   0%        0.0M        0.0M   0%        1
     102       0.0GiB       0.0GiB   0%        0.0M        0.0M   0%        1
     103       0.0GiB       0.0GiB   0%        0.0M        0.0M   0%        1
     104       0.0GiB       0.0GiB   0%        0.0M        0.0M   0%        1
     105       0.0GiB       0.0GiB   0%        0.0M        0.0M   0%        1
     106       0.0GiB       0.0GiB   0%        0.0M        0.0M   0%        1
     107       0.0GiB       0.0GiB   0%        0.0M        0.0M   0%        1
     201    1862.1GiB     794.5GiB  43%      195.4M      195.3M 100%        2
     202    1862.1GiB     827.0GiB  44%      195.4M      195.3M 100%        2
     203    1862.1GiB     879.5GiB  47%      195.4M      195.3M 100%        2
     204    1862.1GiB     836.2GiB  45%      195.4M      195.3M 100%        2
     205     931.1GiB     801.3GiB  86%      488.4M      488.4M 100%        2
     206     931.1GiB     815.6GiB  88%      488.4M      488.4M 100%        2
     207     931.1GiB     818.4GiB  88%      488.4M      488.4M 100%        2
     301    1862.1GiB     503.5GiB  27%      195.4M      195.3M 100%        3
     302    1862.1GiB     536.1GiB  29%      195.4M      195.3M 100%        3
     303    1862.1GiB     610.6GiB  33%      195.4M      195.3M 100%        3
     304    1862.1GiB     557.8GiB  30%      195.4M      195.3M 100%        3
     305     931.1GiB     795.4GiB  85%      488.4M      488.4M 100%        3
     306     931.1GiB     807.2GiB  87%      488.4M      488.2M 100%        3
     307     931.1GiB     457.8GiB  49%      488.4M      488.4M 100%        3
     401       0.0GiB       0.0GiB   0%        0.0M        0.0M   0%        4
     402       0.0GiB       0.0GiB   0%        0.0M        0.0M   0%        4
     403       0.0GiB       0.0GiB   0%        0.0M        0.0M   0%        4
     404       0.0GiB       0.0GiB   0%        0.0M        0.0M   0%        4
     405       0.0GiB       0.0GiB   0%        0.0M        0.0M   0%        4
     406       0.0GiB       0.0GiB   0%        0.0M        0.0M   0%        4
     407       0.0GiB       0.0GiB   0%        0.0M        0.0M   0%        4
# WARNINGS (offline nodes, not in active pools): [ERROR from beegfs-storage colva1 [ID: 1]: Communication error]
 [ERROR from beegfs-storage colva1 [ID: 1]: Communication error]
 [ERROR from beegfs-storage colva1 [ID: 1]: Communication error]
 [ERRO

### MDS SPACE (METADATA) AFTER large_contiguous_write_heavy_freq_102mb [SSD] run2
### Timestamp: 2026-04-03 03:57:07
TargetID        Total         Free    %      ITotal       IFree    %   NodeID
========        =====         ====    =      ======       =====    =   ======
       1     667.2GiB      38.4GiB   6%       44.5M       37.0M  83%        1

### OST SPACE (STORAGE) BEFORE large_contiguous_write_heavy_freq_102mb [SSD] run3
### Timestamp: 2026-04-03 03:59:07
TargetID        Total         Free    %      ITotal       IFree    %   NodeID
========        =====         ====    =      ======       =====    =   ======
     101       0.0GiB       0.0GiB   0%        0.0M        0.0M   0%        1
     102       0.0GiB       0.0GiB   0%        0.0M        0.0M   0%        1
     103       0.0GiB       0.0GiB   0%        0.0M        0.0M   0%        1
     104       0.0GiB       0.0GiB   0%        0.0M        0.0M   0%        1
     105       0.0GiB       0.0GiB   0%        0.0M        0.0M   0%        1
     106       0.0GiB       0.0GiB   0%        0.0M        0.0M   0%        1
     107       0.0GiB       0.0GiB   0%        0.0M        0.0M   0%        1
     201    1862.1GiB     794.5GiB  43%      195.4M      195.3M 100%        2
     202    1862.1GiB     827.0GiB  44%      195.4M      195.3M 100%        2
     203    1862.1GiB     879.5GiB  47%      195.4M      195.3M 100%        2
     204    1862.1GiB     836.2GiB  45%      195.4M      195.3M 100%        2
     205     931.1GiB     801.3GiB  86%      488.4M      488.4M 100%        2
     206     931.1GiB     815.6GiB  88%      488.4M      488.4M 100%        2
     207     931.1GiB     818.4GiB  88%      488.4M      488.4M 100%        2
     301    1862.1GiB     503.5GiB  27%      195.4M      195.3M 100%        3
     302    1862.1GiB     536.1GiB  29%      195.4M      195.3M 100%        3
     303    1862.1GiB     610.6GiB  33%      195.4M      195.3M 100%        3
     304    1862.1GiB     557.8GiB  30%      195.4M      195.3M 100%        3
     305     931.1GiB     795.4GiB  85%      488.4M      488.4M 100%        3
     306     931.1GiB     807.2GiB  87%      488.4M      488.2M 100%        3
     307     931.1GiB     457.8GiB  49%      488.4M      488.4M 100%        3
     401       0.0GiB       0.0GiB   0%        0.0M        0.0M   0%        4
     402       0.0GiB       0.0GiB   0%        0.0M        0.0M   0%        4
     403       0.0GiB       0.0GiB   0%        0.0M        0.0M   0%        4
     404       0.0GiB       0.0GiB   0%        0.0M        0.0M   0%        4
     405       0.0GiB       0.0GiB   0%        0.0M        0.0M   0%        4
     406       0.0GiB       0.0GiB   0%        0.0M        0.0M   0%        4
     407       0.0GiB       0.0GiB   0%        0.0M        0.0M   0%        4
# WARNINGS (offline nodes, not in active pools): [ERROR from beegfs-storage colva1 [ID: 1]: Communication error]
 [ERROR from beegfs-storage colva1 [ID: 1]: Communication error]
 [ERROR from beegfs-storage colva1 [ID: 1]: Communication error]
 [ERRO

### MDS SPACE (METADATA) BEFORE large_contiguous_write_heavy_freq_102mb [SSD] run3
### Timestamp: 2026-04-03 04:00:31
TargetID        Total         Free    %      ITotal       IFree    %   NodeID
========        =====         ====    =      ======       =====    =   ======
       1     667.2GiB      38.4GiB   6%       44.5M       37.0M  83%        1

### FILE OST LAYOUT AFTER large_contiguous_write_heavy_freq_102mb [SSD] run3
### Timestamp: 2026-04-03 04:00:33
  FILE: /mnt/beegfs/advay/ssd/workloads/tmp/workload_large_contiguous_write_heavy_freq_102mb_f0
    Entry type: file
    EntryID: 0-69CEEDCF-1
    Stripe pattern details:
    + Type: RAID0
    + Chunksize: 1M
    + Number of storage targets: desired: 4; actual: 4
    + Storage targets:
      + 305 @ colva3 [ID: 3]
      + 306 @ colva3 [ID: 3]
      + 307 @ colva3 [ID: 3]
      + 206 @ colva2 [ID: 2]
    Chunk path: u3E9/6998/D/1-6998D1FE-1/0-69CEEDCF-1
    Inlined inode: yes
    Dentry info:
     + Path: 9/59/1-6998D1FE-1/
     + Metadata node: anjuna3 [ID: 1]

### OST SPACE (STORAGE) AFTER large_contiguous_write_heavy_freq_102mb [SSD] run3
### Timestamp: 2026-04-03 04:00:33
TargetID        Total         Free    %      ITotal       IFree    %   NodeID
========        =====         ====    =      ======       =====    =   ======
     101       0.0GiB       0.0GiB   0%        0.0M        0.0M   0%        1
     102       0.0GiB       0.0GiB   0%        0.0M        0.0M   0%        1
     103       0.0GiB       0.0GiB   0%        0.0M        0.0M   0%        1
     104       0.0GiB       0.0GiB   0%        0.0M        0.0M   0%        1
     105       0.0GiB       0.0GiB   0%        0.0M        0.0M   0%        1
     106       0.0GiB       0.0GiB   0%        0.0M        0.0M   0%        1
     107       0.0GiB       0.0GiB   0%        0.0M        0.0M   0%        1
     201    1862.1GiB     794.5GiB  43%      195.4M      195.3M 100%        2
     202    1862.1GiB     827.0GiB  44%      195.4M      195.3M 100%        2
     203    1862.1GiB     879.5GiB  47%      195.4M      195.3M 100%        2
     204    1862.1GiB     836.2GiB  45%      195.4M      195.3M 100%        2
     205     931.1GiB     801.3GiB  86%      488.4M      488.4M 100%        2
     206     931.1GiB     815.6GiB  88%      488.4M      488.4M 100%        2
     207     931.1GiB     818.4GiB  88%      488.4M      488.4M 100%        2
     301    1862.1GiB     503.5GiB  27%      195.4M      195.3M 100%        3
     302    1862.1GiB     536.1GiB  29%      195.4M      195.3M 100%        3
     303    1862.1GiB     610.6GiB  33%      195.4M      195.3M 100%        3
     304    1862.1GiB     557.8GiB  30%      195.4M      195.3M 100%        3
     305     931.1GiB     795.4GiB  85%      488.4M      488.4M 100%        3
     306     931.1GiB     807.2GiB  87%      488.4M      488.2M 100%        3
     307     931.1GiB     457.8GiB  49%      488.4M      488.4M 100%        3
     401       0.0GiB       0.0GiB   0%        0.0M        0.0M   0%        4
     402       0.0GiB       0.0GiB   0%        0.0M        0.0M   0%        4
     403       0.0GiB       0.0GiB   0%        0.0M        0.0M   0%        4
     404       0.0GiB       0.0GiB   0%        0.0M        0.0M   0%        4
     405       0.0GiB       0.0GiB   0%        0.0M        0.0M   0%        4
     406       0.0GiB       0.0GiB   0%        0.0M        0.0M   0%        4
     407       0.0GiB       0.0GiB   0%        0.0M        0.0M   0%        4
# WARNINGS (offline nodes, not in active pools): [ERROR from beegfs-storage colva1 [ID: 1]: Communication error]
 [ERROR from beegfs-storage colva1 [ID: 1]: Communication error]
 [ERROR from beegfs-storage colva1 [ID: 1]: Communication error]
 [ERRO

### MDS SPACE (METADATA) AFTER large_contiguous_write_heavy_freq_102mb [SSD] run3
### Timestamp: 2026-04-03 04:01:57
TargetID        Total         Free    %      ITotal       IFree    %   NodeID
========        =====         ====    =      ======       =====    =   ======
       1     667.2GiB      38.4GiB   6%       44.5M       37.0M  83%        1

### OST SPACE (STORAGE) BEFORE large_contiguous_write_heavy_freq_1gb [HDD] run1
### Timestamp: 2026-04-03 04:03:57
TargetID        Total         Free    %      ITotal       IFree    %   NodeID
========        =====         ====    =      ======       =====    =   ======
     101       0.0GiB       0.0GiB   0%        0.0M        0.0M   0%        1
     102       0.0GiB       0.0GiB   0%        0.0M        0.0M   0%        1
     103       0.0GiB       0.0GiB   0%        0.0M        0.0M   0%        1
     104       0.0GiB       0.0GiB   0%        0.0M        0.0M   0%        1
     105       0.0GiB       0.0GiB   0%        0.0M        0.0M   0%        1
     106       0.0GiB       0.0GiB   0%        0.0M        0.0M   0%        1
     107       0.0GiB       0.0GiB   0%        0.0M        0.0M   0%        1
     201    1862.1GiB     794.5GiB  43%      195.4M      195.3M 100%        2
     202    1862.1GiB     827.0GiB  44%      195.4M      195.3M 100%        2
     203    1862.1GiB     879.5GiB  47%      195.4M      195.3M 100%        2
     204    1862.1GiB     836.2GiB  45%      195.4M      195.3M 100%        2
     205     931.1GiB     801.3GiB  86%      488.4M      488.4M 100%        2
     206     931.1GiB     815.7GiB  88%      488.4M      488.4M 100%        2
     207     931.1GiB     818.4GiB  88%      488.4M      488.4M 100%        2
     301    1862.1GiB     503.5GiB  27%      195.4M      195.3M 100%        3
     302    1862.1GiB     536.1GiB  29%      195.4M      195.3M 100%        3
     303    1862.1GiB     610.6GiB  33%      195.4M      195.3M 100%        3
     304    1862.1GiB     557.8GiB  30%      195.4M      195.3M 100%        3
     305     931.1GiB     795.4GiB  85%      488.4M      488.4M 100%        3
     306     931.1GiB     807.2GiB  87%      488.4M      488.2M 100%        3
     307     931.1GiB     457.8GiB  49%      488.4M      488.4M 100%        3
     401       0.0GiB       0.0GiB   0%        0.0M        0.0M   0%        4
     402       0.0GiB       0.0GiB   0%        0.0M        0.0M   0%        4
     403       0.0GiB       0.0GiB   0%        0.0M        0.0M   0%        4
     404       0.0GiB       0.0GiB   0%        0.0M        0.0M   0%        4
     405       0.0GiB       0.0GiB   0%        0.0M        0.0M   0%        4
     406       0.0GiB       0.0GiB   0%        0.0M        0.0M   0%        4
     407       0.0GiB       0.0GiB   0%        0.0M        0.0M   0%        4
# WARNINGS (offline nodes, not in active pools): [ERROR from beegfs-storage colva1 [ID: 1]: Communication error]
 [ERROR from beegfs-storage colva1 [ID: 1]: Communication error]
 [ERROR from beegfs-storage colva1 [ID: 1]: Communication error]
 [ERRO

### MDS SPACE (METADATA) BEFORE large_contiguous_write_heavy_freq_1gb [HDD] run1
### Timestamp: 2026-04-03 04:05:21
TargetID        Total         Free    %      ITotal       IFree    %   NodeID
========        =====         ====    =      ======       =====    =   ======
       1     667.2GiB      38.4GiB   6%       44.5M       37.0M  83%        1

### FILE OST LAYOUT AFTER large_contiguous_write_heavy_freq_1gb [HDD] run1
### Timestamp: 2026-04-03 04:05:28
  FILE: /mnt/beegfs/advay/hdd/workloads/tmp/workload_large_contiguous_write_heavy_freq_1gb_f0
    Entry type: file
    EntryID: 0-69CEEF0A-1
    Stripe pattern details:
    + Type: RAID0
    + Chunksize: 1M
    + Number of storage targets: desired: 4; actual: 4
    + Storage targets:
      + 302 @ colva3 [ID: 3]
      + 304 @ colva3 [ID: 3]
      + 202 @ colva2 [ID: 2]
      + 204 @ colva2 [ID: 2]
    Chunk path: u3E9/6998/7/0-6998774B-1/0-69CEEF0A-1
    Inlined inode: yes
    Dentry info:
     + Path: 67/66/0-6998774B-1/
     + Metadata node: anjuna3 [ID: 1]

### OST SPACE (STORAGE) AFTER large_contiguous_write_heavy_freq_1gb [HDD] run1
### Timestamp: 2026-04-03 04:05:28
TargetID        Total         Free    %      ITotal       IFree    %   NodeID
========        =====         ====    =      ======       =====    =   ======
     101       0.0GiB       0.0GiB   0%        0.0M        0.0M   0%        1
     102       0.0GiB       0.0GiB   0%        0.0M        0.0M   0%        1
     103       0.0GiB       0.0GiB   0%        0.0M        0.0M   0%        1
     104       0.0GiB       0.0GiB   0%        0.0M        0.0M   0%        1
     105       0.0GiB       0.0GiB   0%        0.0M        0.0M   0%        1
     106       0.0GiB       0.0GiB   0%        0.0M        0.0M   0%        1
     107       0.0GiB       0.0GiB   0%        0.0M        0.0M   0%        1
     201    1862.1GiB     794.5GiB  43%      195.4M      195.3M 100%        2
     202    1862.1GiB     826.7GiB  44%      195.4M      195.3M 100%        2
     203    1862.1GiB     879.5GiB  47%      195.4M      195.3M 100%        2
     204    1862.1GiB     835.9GiB  45%      195.4M      195.3M 100%        2
     205     931.1GiB     801.3GiB  86%      488.4M      488.4M 100%        2
     206     931.1GiB     815.7GiB  88%      488.4M      488.4M 100%        2
     207     931.1GiB     818.4GiB  88%      488.4M      488.4M 100%        2
     301    1862.1GiB     503.5GiB  27%      195.4M      195.3M 100%        3
     302    1862.1GiB     535.9GiB  29%      195.4M      195.3M 100%        3
     303    1862.1GiB     610.6GiB  33%      195.4M      195.3M 100%        3
     304    1862.1GiB     557.5GiB  30%      195.4M      195.3M 100%        3
     305     931.1GiB     795.4GiB  85%      488.4M      488.4M 100%        3
     306     931.1GiB     807.2GiB  87%      488.4M      488.2M 100%        3
     307     931.1GiB     457.8GiB  49%      488.4M      488.4M 100%        3
     401       0.0GiB       0.0GiB   0%        0.0M        0.0M   0%        4
     402       0.0GiB       0.0GiB   0%        0.0M        0.0M   0%        4
     403       0.0GiB       0.0GiB   0%        0.0M        0.0M   0%        4
     404       0.0GiB       0.0GiB   0%        0.0M        0.0M   0%        4
     405       0.0GiB       0.0GiB   0%        0.0M        0.0M   0%        4
     406       0.0GiB       0.0GiB   0%        0.0M        0.0M   0%        4
     407       0.0GiB       0.0GiB   0%        0.0M        0.0M   0%        4
# WARNINGS (offline nodes, not in active pools): [ERROR from beegfs-storage colva1 [ID: 1]: Communication error]
 [ERROR from beegfs-storage colva1 [ID: 1]: Communication error]
 [ERROR from beegfs-storage colva1 [ID: 1]: Communication error]
 [ERRO

### MDS SPACE (METADATA) AFTER large_contiguous_write_heavy_freq_1gb [HDD] run1
### Timestamp: 2026-04-03 04:06:50
TargetID        Total         Free    %      ITotal       IFree    %   NodeID
========        =====         ====    =      ======       =====    =   ======
       1     667.2GiB      38.4GiB   6%       44.5M       37.0M  83%        1

### OST SPACE (STORAGE) BEFORE large_contiguous_write_heavy_freq_1gb [HDD] run2
### Timestamp: 2026-04-03 04:08:50
TargetID        Total         Free    %      ITotal       IFree    %   NodeID
========        =====         ====    =      ======       =====    =   ======
     101       0.0GiB       0.0GiB   0%        0.0M        0.0M   0%        1
     102       0.0GiB       0.0GiB   0%        0.0M        0.0M   0%        1
     103       0.0GiB       0.0GiB   0%        0.0M        0.0M   0%        1
     104       0.0GiB       0.0GiB   0%        0.0M        0.0M   0%        1
     105       0.0GiB       0.0GiB   0%        0.0M        0.0M   0%        1
     106       0.0GiB       0.0GiB   0%        0.0M        0.0M   0%        1
     107       0.0GiB       0.0GiB   0%        0.0M        0.0M   0%        1
     201    1862.1GiB     794.5GiB  43%      195.4M      195.3M 100%        2
     202    1862.1GiB     826.7GiB  44%      195.4M      195.3M 100%        2
     203    1862.1GiB     879.5GiB  47%      195.4M      195.3M 100%        2
     204    1862.1GiB     835.9GiB  45%      195.4M      195.3M 100%        2
     205     931.1GiB     801.3GiB  86%      488.4M      488.4M 100%        2
     206     931.1GiB     815.7GiB  88%      488.4M      488.4M 100%        2
     207     931.1GiB     818.4GiB  88%      488.4M      488.4M 100%        2
     301    1862.1GiB     503.5GiB  27%      195.4M      195.3M 100%        3
     302    1862.1GiB     535.9GiB  29%      195.4M      195.3M 100%        3
     303    1862.1GiB     610.6GiB  33%      195.4M      195.3M 100%        3
     304    1862.1GiB     557.5GiB  30%      195.4M      195.3M 100%        3
     305     931.1GiB     795.4GiB  85%      488.4M      488.4M 100%        3
     306     931.1GiB     807.2GiB  87%      488.4M      488.2M 100%        3
     307     931.1GiB     457.8GiB  49%      488.4M      488.4M 100%        3
     401       0.0GiB       0.0GiB   0%        0.0M        0.0M   0%        4
     402       0.0GiB       0.0GiB   0%        0.0M        0.0M   0%        4
     403       0.0GiB       0.0GiB   0%        0.0M        0.0M   0%        4
     404       0.0GiB       0.0GiB   0%        0.0M        0.0M   0%        4
     405       0.0GiB       0.0GiB   0%        0.0M        0.0M   0%        4
     406       0.0GiB       0.0GiB   0%        0.0M        0.0M   0%        4
     407       0.0GiB       0.0GiB   0%        0.0M        0.0M   0%        4
# WARNINGS (offline nodes, not in active pools): [ERROR from beegfs-storage colva1 [ID: 1]: Communication error]
 [ERROR from beegfs-storage colva1 [ID: 1]: Communication error]
 [ERROR from beegfs-storage colva1 [ID: 1]: Communication error]
 [ERRO

### MDS SPACE (METADATA) BEFORE large_contiguous_write_heavy_freq_1gb [HDD] run2
### Timestamp: 2026-04-03 04:10:14
TargetID        Total         Free    %      ITotal       IFree    %   NodeID
========        =====         ====    =      ======       =====    =   ======
       1     667.2GiB      38.4GiB   6%       44.5M       37.0M  83%        1

### FILE OST LAYOUT AFTER large_contiguous_write_heavy_freq_1gb [HDD] run2
### Timestamp: 2026-04-03 04:10:21
  FILE: /mnt/beegfs/advay/hdd/workloads/tmp/workload_large_contiguous_write_heavy_freq_1gb_f0
    Entry type: file
    EntryID: 0-69CEF044-1
    Stripe pattern details:
    + Type: RAID0
    + Chunksize: 1M
    + Number of storage targets: desired: 4; actual: 4
    + Storage targets:
      + 203 @ colva2 [ID: 2]
      + 302 @ colva3 [ID: 3]
      + 303 @ colva3 [ID: 3]
      + 202 @ colva2 [ID: 2]
    Chunk path: u3E9/6998/7/0-6998774B-1/0-69CEF044-1
    Inlined inode: yes
    Dentry info:
     + Path: 67/66/0-6998774B-1/
     + Metadata node: anjuna3 [ID: 1]

### OST SPACE (STORAGE) AFTER large_contiguous_write_heavy_freq_1gb [HDD] run2
### Timestamp: 2026-04-03 04:10:21
TargetID        Total         Free    %      ITotal       IFree    %   NodeID
========        =====         ====    =      ======       =====    =   ======
     101       0.0GiB       0.0GiB   0%        0.0M        0.0M   0%        1
     102       0.0GiB       0.0GiB   0%        0.0M        0.0M   0%        1
     103       0.0GiB       0.0GiB   0%        0.0M        0.0M   0%        1
     104       0.0GiB       0.0GiB   0%        0.0M        0.0M   0%        1
     105       0.0GiB       0.0GiB   0%        0.0M        0.0M   0%        1
     106       0.0GiB       0.0GiB   0%        0.0M        0.0M   0%        1
     107       0.0GiB       0.0GiB   0%        0.0M        0.0M   0%        1
     201    1862.1GiB     794.5GiB  43%      195.4M      195.3M 100%        2
     202    1862.1GiB     826.7GiB  44%      195.4M      195.3M 100%        2
     203    1862.1GiB     879.2GiB  47%      195.4M      195.3M 100%        2
     204    1862.1GiB     836.2GiB  45%      195.4M      195.3M 100%        2
     205     931.1GiB     801.3GiB  86%      488.4M      488.4M 100%        2
     206     931.1GiB     815.7GiB  88%      488.4M      488.4M 100%        2
     207     931.1GiB     818.4GiB  88%      488.4M      488.4M 100%        2
     301    1862.1GiB     503.5GiB  27%      195.4M      195.3M 100%        3
     302    1862.1GiB     535.9GiB  29%      195.4M      195.3M 100%        3
     303    1862.1GiB     610.3GiB  33%      195.4M      195.3M 100%        3
     304    1862.1GiB     557.8GiB  30%      195.4M      195.3M 100%        3
     305     931.1GiB     795.4GiB  85%      488.4M      488.4M 100%        3
     306     931.1GiB     807.2GiB  87%      488.4M      488.2M 100%        3
     307     931.1GiB     457.8GiB  49%      488.4M      488.4M 100%        3
     401       0.0GiB       0.0GiB   0%        0.0M        0.0M   0%        4
     402       0.0GiB       0.0GiB   0%        0.0M        0.0M   0%        4
     403       0.0GiB       0.0GiB   0%        0.0M        0.0M   0%        4
     404       0.0GiB       0.0GiB   0%        0.0M        0.0M   0%        4
     405       0.0GiB       0.0GiB   0%        0.0M        0.0M   0%        4
     406       0.0GiB       0.0GiB   0%        0.0M        0.0M   0%        4
     407       0.0GiB       0.0GiB   0%        0.0M        0.0M   0%        4
# WARNINGS (offline nodes, not in active pools): [ERROR from beegfs-storage colva1 [ID: 1]: Communication error]
 [ERROR from beegfs-storage colva1 [ID: 1]: Communication error]
 [ERROR from beegfs-storage colva1 [ID: 1]: Communication error]
 [ERRO

### MDS SPACE (METADATA) AFTER large_contiguous_write_heavy_freq_1gb [HDD] run2
### Timestamp: 2026-04-03 04:11:45
TargetID        Total         Free    %      ITotal       IFree    %   NodeID
========        =====         ====    =      ======       =====    =   ======
       1     667.2GiB      38.4GiB   6%       44.5M       37.0M  83%        1

### OST SPACE (STORAGE) BEFORE large_contiguous_write_heavy_freq_1gb [HDD] run3
### Timestamp: 2026-04-03 04:13:45
TargetID        Total         Free    %      ITotal       IFree    %   NodeID
========        =====         ====    =      ======       =====    =   ======
     101       0.0GiB       0.0GiB   0%        0.0M        0.0M   0%        1
     102       0.0GiB       0.0GiB   0%        0.0M        0.0M   0%        1
     103       0.0GiB       0.0GiB   0%        0.0M        0.0M   0%        1
     104       0.0GiB       0.0GiB   0%        0.0M        0.0M   0%        1
     105       0.0GiB       0.0GiB   0%        0.0M        0.0M   0%        1
     106       0.0GiB       0.0GiB   0%        0.0M        0.0M   0%        1
     107       0.0GiB       0.0GiB   0%        0.0M        0.0M   0%        1
     201    1862.1GiB     794.5GiB  43%      195.4M      195.3M 100%        2
     202    1862.1GiB     826.7GiB  44%      195.4M      195.3M 100%        2
     203    1862.1GiB     879.2GiB  47%      195.4M      195.3M 100%        2
     204    1862.1GiB     836.2GiB  45%      195.4M      195.3M 100%        2
     205     931.1GiB     801.3GiB  86%      488.4M      488.4M 100%        2
     206     931.1GiB     815.7GiB  88%      488.4M      488.4M 100%        2
     207     931.1GiB     818.4GiB  88%      488.4M      488.4M 100%        2
     301    1862.1GiB     503.5GiB  27%      195.4M      195.3M 100%        3
     302    1862.1GiB     535.9GiB  29%      195.4M      195.3M 100%        3
     303    1862.1GiB     610.3GiB  33%      195.4M      195.3M 100%        3
     304    1862.1GiB     557.8GiB  30%      195.4M      195.3M 100%        3
     305     931.1GiB     795.4GiB  85%      488.4M      488.4M 100%        3
     306     931.1GiB     807.2GiB  87%      488.4M      488.2M 100%        3
     307     931.1GiB     457.8GiB  49%      488.4M      488.4M 100%        3
     401       0.0GiB       0.0GiB   0%        0.0M        0.0M   0%        4
     402       0.0GiB       0.0GiB   0%        0.0M        0.0M   0%        4
     403       0.0GiB       0.0GiB   0%        0.0M        0.0M   0%        4
     404       0.0GiB       0.0GiB   0%        0.0M        0.0M   0%        4
     405       0.0GiB       0.0GiB   0%        0.0M        0.0M   0%        4
     406       0.0GiB       0.0GiB   0%        0.0M        0.0M   0%        4
     407       0.0GiB       0.0GiB   0%        0.0M        0.0M   0%        4
# WARNINGS (offline nodes, not in active pools): [ERROR from beegfs-storage colva1 [ID: 1]: Communication error]
 [ERROR from beegfs-storage colva1 [ID: 1]: Communication error]
 [ERROR from beegfs-storage colva1 [ID: 1]: Communication error]
 [ERRO

### MDS SPACE (METADATA) BEFORE large_contiguous_write_heavy_freq_1gb [HDD] run3
### Timestamp: 2026-04-03 04:15:09
TargetID        Total         Free    %      ITotal       IFree    %   NodeID
========        =====         ====    =      ======       =====    =   ======
       1     667.2GiB      38.4GiB   6%       44.5M       37.0M  83%        1

### FILE OST LAYOUT AFTER large_contiguous_write_heavy_freq_1gb [HDD] run3
### Timestamp: 2026-04-03 04:15:15
  FILE: /mnt/beegfs/advay/hdd/workloads/tmp/workload_large_contiguous_write_heavy_freq_1gb_f0
    Entry type: file
    EntryID: 0-69CEF140-1
    Stripe pattern details:
    + Type: RAID0
    + Chunksize: 1M
    + Number of storage targets: desired: 4; actual: 4
    + Storage targets:
      + 202 @ colva2 [ID: 2]
      + 301 @ colva3 [ID: 3]
      + 302 @ colva3 [ID: 3]
      + 304 @ colva3 [ID: 3]
    Chunk path: u3E9/6998/7/0-6998774B-1/0-69CEF140-1
    Inlined inode: yes
    Dentry info:
     + Path: 67/66/0-6998774B-1/
     + Metadata node: anjuna3 [ID: 1]

### OST SPACE (STORAGE) AFTER large_contiguous_write_heavy_freq_1gb [HDD] run3
### Timestamp: 2026-04-03 04:15:15
TargetID        Total         Free    %      ITotal       IFree    %   NodeID
========        =====         ====    =      ======       =====    =   ======
     101       0.0GiB       0.0GiB   0%        0.0M        0.0M   0%        1
     102       0.0GiB       0.0GiB   0%        0.0M        0.0M   0%        1
     103       0.0GiB       0.0GiB   0%        0.0M        0.0M   0%        1
     104       0.0GiB       0.0GiB   0%        0.0M        0.0M   0%        1
     105       0.0GiB       0.0GiB   0%        0.0M        0.0M   0%        1
     106       0.0GiB       0.0GiB   0%        0.0M        0.0M   0%        1
     107       0.0GiB       0.0GiB   0%        0.0M        0.0M   0%        1
     201    1862.1GiB     794.5GiB  43%      195.4M      195.3M 100%        2
     202    1862.1GiB     826.7GiB  44%      195.4M      195.3M 100%        2
     203    1862.1GiB     879.5GiB  47%      195.4M      195.3M 100%        2
     204    1862.1GiB     836.2GiB  45%      195.4M      195.3M 100%        2
     205     931.1GiB     801.3GiB  86%      488.4M      488.4M 100%        2
     206     931.1GiB     815.7GiB  88%      488.4M      488.4M 100%        2
     207     931.1GiB     818.4GiB  88%      488.4M      488.4M 100%        2
     301    1862.1GiB     503.3GiB  27%      195.4M      195.3M 100%        3
     302    1862.1GiB     535.9GiB  29%      195.4M      195.3M 100%        3
     303    1862.1GiB     610.6GiB  33%      195.4M      195.3M 100%        3
     304    1862.1GiB     557.5GiB  30%      195.4M      195.3M 100%        3
     305     931.1GiB     795.4GiB  85%      488.4M      488.4M 100%        3
     306     931.1GiB     807.2GiB  87%      488.4M      488.2M 100%        3
     307     931.1GiB     457.8GiB  49%      488.4M      488.4M 100%        3
     401       0.0GiB       0.0GiB   0%        0.0M        0.0M   0%        4
     402       0.0GiB       0.0GiB   0%        0.0M        0.0M   0%        4
     403       0.0GiB       0.0GiB   0%        0.0M        0.0M   0%        4
     404       0.0GiB       0.0GiB   0%        0.0M        0.0M   0%        4
     405       0.0GiB       0.0GiB   0%        0.0M        0.0M   0%        4
     406       0.0GiB       0.0GiB   0%        0.0M        0.0M   0%        4
     407       0.0GiB       0.0GiB   0%        0.0M        0.0M   0%        4
# WARNINGS (offline nodes, not in active pools): [ERROR from beegfs-storage colva1 [ID: 1]: Communication error]
 [ERROR from beegfs-storage colva1 [ID: 1]: Communication error]
 [ERROR from beegfs-storage colva1 [ID: 1]: Communication error]
 [ERRO

### MDS SPACE (METADATA) AFTER large_contiguous_write_heavy_freq_1gb [HDD] run3
### Timestamp: 2026-04-03 04:16:38
TargetID        Total         Free    %      ITotal       IFree    %   NodeID
========        =====         ====    =      ======       =====    =   ======
       1     667.2GiB      38.4GiB   6%       44.5M       37.0M  83%        1

### OST SPACE (STORAGE) BEFORE large_contiguous_write_heavy_freq_1gb [SSD] run1
### Timestamp: 2026-04-03 04:18:38
TargetID        Total         Free    %      ITotal       IFree    %   NodeID
========        =====         ====    =      ======       =====    =   ======
     101       0.0GiB       0.0GiB   0%        0.0M        0.0M   0%        1
     102       0.0GiB       0.0GiB   0%        0.0M        0.0M   0%        1
     103       0.0GiB       0.0GiB   0%        0.0M        0.0M   0%        1
     104       0.0GiB       0.0GiB   0%        0.0M        0.0M   0%        1
     105       0.0GiB       0.0GiB   0%        0.0M        0.0M   0%        1
     106       0.0GiB       0.0GiB   0%        0.0M        0.0M   0%        1
     107       0.0GiB       0.0GiB   0%        0.0M        0.0M   0%        1
     201    1862.1GiB     794.5GiB  43%      195.4M      195.3M 100%        2
     202    1862.1GiB     827.0GiB  44%      195.4M      195.3M 100%        2
     203    1862.1GiB     879.5GiB  47%      195.4M      195.3M 100%        2
     204    1862.1GiB     836.2GiB  45%      195.4M      195.3M 100%        2
     205     931.1GiB     801.3GiB  86%      488.4M      488.4M 100%        2
     206     931.1GiB     815.7GiB  88%      488.4M      488.4M 100%        2
     207     931.1GiB     818.4GiB  88%      488.4M      488.4M 100%        2
     301    1862.1GiB     503.5GiB  27%      195.4M      195.3M 100%        3
     302    1862.1GiB     536.1GiB  29%      195.4M      195.3M 100%        3
     303    1862.1GiB     610.6GiB  33%      195.4M      195.3M 100%        3
     304    1862.1GiB     557.8GiB  30%      195.4M      195.3M 100%        3
     305     931.1GiB     795.4GiB  85%      488.4M      488.4M 100%        3
     306     931.1GiB     807.2GiB  87%      488.4M      488.2M 100%        3
     307     931.1GiB     457.8GiB  49%      488.4M      488.4M 100%        3
     401       0.0GiB       0.0GiB   0%        0.0M        0.0M   0%        4
     402       0.0GiB       0.0GiB   0%        0.0M        0.0M   0%        4
     403       0.0GiB       0.0GiB   0%        0.0M        0.0M   0%        4
     404       0.0GiB       0.0GiB   0%        0.0M        0.0M   0%        4
     405       0.0GiB       0.0GiB   0%        0.0M        0.0M   0%        4
     406       0.0GiB       0.0GiB   0%        0.0M        0.0M   0%        4
     407       0.0GiB       0.0GiB   0%        0.0M        0.0M   0%        4
# WARNINGS (offline nodes, not in active pools): [ERROR from beegfs-storage colva1 [ID: 1]: Communication error]
 [ERROR from beegfs-storage colva1 [ID: 1]: Communication error]
 [ERROR from beegfs-storage colva1 [ID: 1]: Communication error]
 [ERRO

### MDS SPACE (METADATA) BEFORE large_contiguous_write_heavy_freq_1gb [SSD] run1
### Timestamp: 2026-04-03 04:20:02
TargetID        Total         Free    %      ITotal       IFree    %   NodeID
========        =====         ====    =      ======       =====    =   ======
       1     667.2GiB      38.4GiB   6%       44.5M       37.0M  83%        1

### FILE OST LAYOUT AFTER large_contiguous_write_heavy_freq_1gb [SSD] run1
### Timestamp: 2026-04-03 04:20:08
  FILE: /mnt/beegfs/advay/ssd/workloads/tmp/workload_large_contiguous_write_heavy_freq_1gb_f0
    Entry type: file
    EntryID: 0-69CEF27B-1
    Stripe pattern details:
    + Type: RAID0
    + Chunksize: 1M
    + Number of storage targets: desired: 4; actual: 4
    + Storage targets:
      + 206 @ colva2 [ID: 2]
      + 207 @ colva2 [ID: 2]
      + 305 @ colva3 [ID: 3]
      + 307 @ colva3 [ID: 3]
    Chunk path: u3E9/6998/D/1-6998D1FE-1/0-69CEF27B-1
    Inlined inode: yes
    Dentry info:
     + Path: 9/59/1-6998D1FE-1/
     + Metadata node: anjuna3 [ID: 1]

### OST SPACE (STORAGE) AFTER large_contiguous_write_heavy_freq_1gb [SSD] run1
### Timestamp: 2026-04-03 04:20:08
TargetID        Total         Free    %      ITotal       IFree    %   NodeID
========        =====         ====    =      ======       =====    =   ======
     101       0.0GiB       0.0GiB   0%        0.0M        0.0M   0%        1
     102       0.0GiB       0.0GiB   0%        0.0M        0.0M   0%        1
     103       0.0GiB       0.0GiB   0%        0.0M        0.0M   0%        1
     104       0.0GiB       0.0GiB   0%        0.0M        0.0M   0%        1
     105       0.0GiB       0.0GiB   0%        0.0M        0.0M   0%        1
     106       0.0GiB       0.0GiB   0%        0.0M        0.0M   0%        1
     107       0.0GiB       0.0GiB   0%        0.0M        0.0M   0%        1
     201    1862.1GiB     794.5GiB  43%      195.4M      195.3M 100%        2
     202    1862.1GiB     827.0GiB  44%      195.4M      195.3M 100%        2
     203    1862.1GiB     879.5GiB  47%      195.4M      195.3M 100%        2
     204    1862.1GiB     836.2GiB  45%      195.4M      195.3M 100%        2
     205     931.1GiB     801.3GiB  86%      488.4M      488.4M 100%        2
     206     931.1GiB     815.4GiB  88%      488.4M      488.4M 100%        2
     207     931.1GiB     818.2GiB  88%      488.4M      488.4M 100%        2
     301    1862.1GiB     503.5GiB  27%      195.4M      195.3M 100%        3
     302    1862.1GiB     536.1GiB  29%      195.4M      195.3M 100%        3
     303    1862.1GiB     610.6GiB  33%      195.4M      195.3M 100%        3
     304    1862.1GiB     557.8GiB  30%      195.4M      195.3M 100%        3
     305     931.1GiB     795.1GiB  85%      488.4M      488.4M 100%        3
     306     931.1GiB     807.2GiB  87%      488.4M      488.2M 100%        3
     307     931.1GiB     457.5GiB  49%      488.4M      488.4M 100%        3
     401       0.0GiB       0.0GiB   0%        0.0M        0.0M   0%        4
     402       0.0GiB       0.0GiB   0%        0.0M        0.0M   0%        4
     403       0.0GiB       0.0GiB   0%        0.0M        0.0M   0%        4
     404       0.0GiB       0.0GiB   0%        0.0M        0.0M   0%        4
     405       0.0GiB       0.0GiB   0%        0.0M        0.0M   0%        4
     406       0.0GiB       0.0GiB   0%        0.0M        0.0M   0%        4
     407       0.0GiB       0.0GiB   0%        0.0M        0.0M   0%        4
# WARNINGS (offline nodes, not in active pools): [ERROR from beegfs-storage colva1 [ID: 1]: Communication error]
 [ERROR from beegfs-storage colva1 [ID: 1]: Communication error]
 [ERROR from beegfs-storage colva1 [ID: 1]: Communication error]
 [ERRO

### MDS SPACE (METADATA) AFTER large_contiguous_write_heavy_freq_1gb [SSD] run1
### Timestamp: 2026-04-03 04:21:33
TargetID        Total         Free    %      ITotal       IFree    %   NodeID
========        =====         ====    =      ======       =====    =   ======
       1     667.2GiB      38.4GiB   6%       44.5M       37.0M  83%        1

### OST SPACE (STORAGE) BEFORE large_contiguous_write_heavy_freq_1gb [SSD] run2
### Timestamp: 2026-04-03 04:23:33
TargetID        Total         Free    %      ITotal       IFree    %   NodeID
========        =====         ====    =      ======       =====    =   ======
     101       0.0GiB       0.0GiB   0%        0.0M        0.0M   0%        1
     102       0.0GiB       0.0GiB   0%        0.0M        0.0M   0%        1
     103       0.0GiB       0.0GiB   0%        0.0M        0.0M   0%        1
     104       0.0GiB       0.0GiB   0%        0.0M        0.0M   0%        1
     105       0.0GiB       0.0GiB   0%        0.0M        0.0M   0%        1
     106       0.0GiB       0.0GiB   0%        0.0M        0.0M   0%        1
     107       0.0GiB       0.0GiB   0%        0.0M        0.0M   0%        1
     201    1862.1GiB     794.5GiB  43%      195.4M      195.3M 100%        2
     202    1862.1GiB     827.0GiB  44%      195.4M      195.3M 100%        2
     203    1862.1GiB     879.5GiB  47%      195.4M      195.3M 100%        2
     204    1862.1GiB     836.2GiB  45%      195.4M      195.3M 100%        2
     205     931.1GiB     801.3GiB  86%      488.4M      488.4M 100%        2
     206     931.1GiB     815.4GiB  88%      488.4M      488.4M 100%        2
     207     931.1GiB     818.2GiB  88%      488.4M      488.4M 100%        2
     301    1862.1GiB     503.5GiB  27%      195.4M      195.3M 100%        3
     302    1862.1GiB     536.1GiB  29%      195.4M      195.3M 100%        3
     303    1862.1GiB     610.6GiB  33%      195.4M      195.3M 100%        3
     304    1862.1GiB     557.8GiB  30%      195.4M      195.3M 100%        3
     305     931.1GiB     795.1GiB  85%      488.4M      488.4M 100%        3
     306     931.1GiB     807.2GiB  87%      488.4M      488.2M 100%        3
     307     931.1GiB     457.5GiB  49%      488.4M      488.4M 100%        3
     401       0.0GiB       0.0GiB   0%        0.0M        0.0M   0%        4
     402       0.0GiB       0.0GiB   0%        0.0M        0.0M   0%        4
     403       0.0GiB       0.0GiB   0%        0.0M        0.0M   0%        4
     404       0.0GiB       0.0GiB   0%        0.0M        0.0M   0%        4
     405       0.0GiB       0.0GiB   0%        0.0M        0.0M   0%        4
     406       0.0GiB       0.0GiB   0%        0.0M        0.0M   0%        4
     407       0.0GiB       0.0GiB   0%        0.0M        0.0M   0%        4
# WARNINGS (offline nodes, not in active pools): [ERROR from beegfs-storage colva1 [ID: 1]: Communication error]
 [ERROR from beegfs-storage colva1 [ID: 1]: Communication error]
 [ERROR from beegfs-storage colva1 [ID: 1]: Communication error]
 [ERRO

### MDS SPACE (METADATA) BEFORE large_contiguous_write_heavy_freq_1gb [SSD] run2
### Timestamp: 2026-04-03 04:24:57
TargetID        Total         Free    %      ITotal       IFree    %   NodeID
========        =====         ====    =      ======       =====    =   ======
       1     667.2GiB      38.4GiB   6%       44.5M       37.0M  83%        1

### FILE OST LAYOUT AFTER large_contiguous_write_heavy_freq_1gb [SSD] run2
### Timestamp: 2026-04-03 04:25:03
  FILE: /mnt/beegfs/advay/ssd/workloads/tmp/workload_large_contiguous_write_heavy_freq_1gb_f0
    Entry type: file
    EntryID: 0-69CEF3B3-1
    Stripe pattern details:
    + Type: RAID0
    + Chunksize: 1M
    + Number of storage targets: desired: 4; actual: 4
    + Storage targets:
      + 305 @ colva3 [ID: 3]
      + 306 @ colva3 [ID: 3]
      + 307 @ colva3 [ID: 3]
      + 205 @ colva2 [ID: 2]
    Chunk path: u3E9/6998/D/1-6998D1FE-1/0-69CEF3B3-1
    Inlined inode: yes
    Dentry info:
     + Path: 9/59/1-6998D1FE-1/
     + Metadata node: anjuna3 [ID: 1]

### OST SPACE (STORAGE) AFTER large_contiguous_write_heavy_freq_1gb [SSD] run2
### Timestamp: 2026-04-03 04:25:03
TargetID        Total         Free    %      ITotal       IFree    %   NodeID
========        =====         ====    =      ======       =====    =   ======
     101       0.0GiB       0.0GiB   0%        0.0M        0.0M   0%        1
     102       0.0GiB       0.0GiB   0%        0.0M        0.0M   0%        1
     103       0.0GiB       0.0GiB   0%        0.0M        0.0M   0%        1
     104       0.0GiB       0.0GiB   0%        0.0M        0.0M   0%        1
     105       0.0GiB       0.0GiB   0%        0.0M        0.0M   0%        1
     106       0.0GiB       0.0GiB   0%        0.0M        0.0M   0%        1
     107       0.0GiB       0.0GiB   0%        0.0M        0.0M   0%        1
     201    1862.1GiB     794.5GiB  43%      195.4M      195.3M 100%        2
     202    1862.1GiB     827.0GiB  44%      195.4M      195.3M 100%        2
     203    1862.1GiB     879.5GiB  47%      195.4M      195.3M 100%        2
     204    1862.1GiB     836.2GiB  45%      195.4M      195.3M 100%        2
     205     931.1GiB     801.1GiB  86%      488.4M      488.4M 100%        2
     206     931.1GiB     815.7GiB  88%      488.4M      488.4M 100%        2
     207     931.1GiB     818.4GiB  88%      488.4M      488.4M 100%        2
     301    1862.1GiB     503.5GiB  27%      195.4M      195.3M 100%        3
     302    1862.1GiB     536.1GiB  29%      195.4M      195.3M 100%        3
     303    1862.1GiB     610.6GiB  33%      195.4M      195.3M 100%        3
     304    1862.1GiB     557.8GiB  30%      195.4M      195.3M 100%        3
     305     931.1GiB     795.1GiB  85%      488.4M      488.4M 100%        3
     306     931.1GiB     806.9GiB  87%      488.4M      488.2M 100%        3
     307     931.1GiB     457.5GiB  49%      488.4M      488.4M 100%        3
     401       0.0GiB       0.0GiB   0%        0.0M        0.0M   0%        4
     402       0.0GiB       0.0GiB   0%        0.0M        0.0M   0%        4
     403       0.0GiB       0.0GiB   0%        0.0M        0.0M   0%        4
     404       0.0GiB       0.0GiB   0%        0.0M        0.0M   0%        4
     405       0.0GiB       0.0GiB   0%        0.0M        0.0M   0%        4
     406       0.0GiB       0.0GiB   0%        0.0M        0.0M   0%        4
     407       0.0GiB       0.0GiB   0%        0.0M        0.0M   0%        4
# WARNINGS (offline nodes, not in active pools): [ERROR from beegfs-storage colva1 [ID: 1]: Communication error]
 [ERROR from beegfs-storage colva1 [ID: 1]: Communication error]
 [ERROR from beegfs-storage colva1 [ID: 1]: Communication error]
 [ERRO

### MDS SPACE (METADATA) AFTER large_contiguous_write_heavy_freq_1gb [SSD] run2
### Timestamp: 2026-04-03 04:26:26
TargetID        Total         Free    %      ITotal       IFree    %   NodeID
========        =====         ====    =      ======       =====    =   ======
       1     667.2GiB      38.4GiB   6%       44.5M       37.0M  83%        1

### OST SPACE (STORAGE) BEFORE large_contiguous_write_heavy_freq_1gb [SSD] run3
### Timestamp: 2026-04-03 04:28:26
TargetID        Total         Free    %      ITotal       IFree    %   NodeID
========        =====         ====    =      ======       =====    =   ======
     101       0.0GiB       0.0GiB   0%        0.0M        0.0M   0%        1
     102       0.0GiB       0.0GiB   0%        0.0M        0.0M   0%        1
     103       0.0GiB       0.0GiB   0%        0.0M        0.0M   0%        1
     104       0.0GiB       0.0GiB   0%        0.0M        0.0M   0%        1
     105       0.0GiB       0.0GiB   0%        0.0M        0.0M   0%        1
     106       0.0GiB       0.0GiB   0%        0.0M        0.0M   0%        1
     107       0.0GiB       0.0GiB   0%        0.0M        0.0M   0%        1
     201    1862.1GiB     794.5GiB  43%      195.4M      195.3M 100%        2
     202    1862.1GiB     827.0GiB  44%      195.4M      195.3M 100%        2
     203    1862.1GiB     879.5GiB  47%      195.4M      195.3M 100%        2
     204    1862.1GiB     836.2GiB  45%      195.4M      195.3M 100%        2
     205     931.1GiB     801.1GiB  86%      488.4M      488.4M 100%        2
     206     931.1GiB     815.7GiB  88%      488.4M      488.4M 100%        2
     207     931.1GiB     818.4GiB  88%      488.4M      488.4M 100%        2
     301    1862.1GiB     503.5GiB  27%      195.4M      195.3M 100%        3
     302    1862.1GiB     536.1GiB  29%      195.4M      195.3M 100%        3
     303    1862.1GiB     610.6GiB  33%      195.4M      195.3M 100%        3
     304    1862.1GiB     557.8GiB  30%      195.4M      195.3M 100%        3
     305     931.1GiB     795.1GiB  85%      488.4M      488.4M 100%        3
     306     931.1GiB     806.9GiB  87%      488.4M      488.2M 100%        3
     307     931.1GiB     457.5GiB  49%      488.4M      488.4M 100%        3
     401       0.0GiB       0.0GiB   0%        0.0M        0.0M   0%        4
     402       0.0GiB       0.0GiB   0%        0.0M        0.0M   0%        4
     403       0.0GiB       0.0GiB   0%        0.0M        0.0M   0%        4
     404       0.0GiB       0.0GiB   0%        0.0M        0.0M   0%        4
     405       0.0GiB       0.0GiB   0%        0.0M        0.0M   0%        4
     406       0.0GiB       0.0GiB   0%        0.0M        0.0M   0%        4
     407       0.0GiB       0.0GiB   0%        0.0M        0.0M   0%        4
# WARNINGS (offline nodes, not in active pools): [ERROR from beegfs-storage colva1 [ID: 1]: Communication error]
 [ERROR from beegfs-storage colva1 [ID: 1]: Communication error]
 [ERROR from beegfs-storage colva1 [ID: 1]: Communication error]
 [ERRO

### MDS SPACE (METADATA) BEFORE large_contiguous_write_heavy_freq_1gb [SSD] run3
### Timestamp: 2026-04-03 04:29:50
TargetID        Total         Free    %      ITotal       IFree    %   NodeID
========        =====         ====    =      ======       =====    =   ======
       1     667.2GiB      38.4GiB   6%       44.5M       37.0M  83%        1

### FILE OST LAYOUT AFTER large_contiguous_write_heavy_freq_1gb [SSD] run3
### Timestamp: 2026-04-03 04:29:56
  FILE: /mnt/beegfs/advay/ssd/workloads/tmp/workload_large_contiguous_write_heavy_freq_1gb_f0
    Entry type: file
    EntryID: 0-69CEF4AF-1
    Stripe pattern details:
    + Type: RAID0
    + Chunksize: 1M
    + Number of storage targets: desired: 4; actual: 4
    + Storage targets:
      + 307 @ colva3 [ID: 3]
      + 205 @ colva2 [ID: 2]
      + 206 @ colva2 [ID: 2]
      + 207 @ colva2 [ID: 2]
    Chunk path: u3E9/6998/D/1-6998D1FE-1/0-69CEF4AF-1
    Inlined inode: yes
    Dentry info:
     + Path: 9/59/1-6998D1FE-1/
     + Metadata node: anjuna3 [ID: 1]

### OST SPACE (STORAGE) AFTER large_contiguous_write_heavy_freq_1gb [SSD] run3
### Timestamp: 2026-04-03 04:29:56
TargetID        Total         Free    %      ITotal       IFree    %   NodeID
========        =====         ====    =      ======       =====    =   ======
     101       0.0GiB       0.0GiB   0%        0.0M        0.0M   0%        1
     102       0.0GiB       0.0GiB   0%        0.0M        0.0M   0%        1
     103       0.0GiB       0.0GiB   0%        0.0M        0.0M   0%        1
     104       0.0GiB       0.0GiB   0%        0.0M        0.0M   0%        1
     105       0.0GiB       0.0GiB   0%        0.0M        0.0M   0%        1
     106       0.0GiB       0.0GiB   0%        0.0M        0.0M   0%        1
     107       0.0GiB       0.0GiB   0%        0.0M        0.0M   0%        1
     201    1862.1GiB     794.5GiB  43%      195.4M      195.3M 100%        2
     202    1862.1GiB     827.0GiB  44%      195.4M      195.3M 100%        2
     203    1862.1GiB     879.5GiB  47%      195.4M      195.3M 100%        2
     204    1862.1GiB     836.2GiB  45%      195.4M      195.3M 100%        2
     205     931.1GiB     801.1GiB  86%      488.4M      488.4M 100%        2
     206     931.1GiB     815.4GiB  88%      488.4M      488.4M 100%        2
     207     931.1GiB     818.2GiB  88%      488.4M      488.4M 100%        2
     301    1862.1GiB     503.5GiB  27%      195.4M      195.3M 100%        3
     302    1862.1GiB     536.1GiB  29%      195.4M      195.3M 100%        3
     303    1862.1GiB     610.6GiB  33%      195.4M      195.3M 100%        3
     304    1862.1GiB     557.8GiB  30%      195.4M      195.3M 100%        3
     305     931.1GiB     795.4GiB  85%      488.4M      488.4M 100%        3
     306     931.1GiB     807.2GiB  87%      488.4M      488.2M 100%        3
     307     931.1GiB     457.5GiB  49%      488.4M      488.4M 100%        3
     401       0.0GiB       0.0GiB   0%        0.0M        0.0M   0%        4
     402       0.0GiB       0.0GiB   0%        0.0M        0.0M   0%        4
     403       0.0GiB       0.0GiB   0%        0.0M        0.0M   0%        4
     404       0.0GiB       0.0GiB   0%        0.0M        0.0M   0%        4
     405       0.0GiB       0.0GiB   0%        0.0M        0.0M   0%        4
     406       0.0GiB       0.0GiB   0%        0.0M        0.0M   0%        4
     407       0.0GiB       0.0GiB   0%        0.0M        0.0M   0%        4
# WARNINGS (offline nodes, not in active pools): [ERROR from beegfs-storage colva1 [ID: 1]: Communication error]
 [ERROR from beegfs-storage colva1 [ID: 1]: Communication error]
 [ERROR from beegfs-storage colva1 [ID: 1]: Communication error]
 [ERRO

### MDS SPACE (METADATA) AFTER large_contiguous_write_heavy_freq_1gb [SSD] run3
### Timestamp: 2026-04-03 04:31:21
TargetID        Total         Free    %      ITotal       IFree    %   NodeID
========        =====         ====    =      ======       =====    =   ======
       1     667.2GiB      38.4GiB   6%       44.5M       37.0M  83%        1

### OST SPACE (STORAGE) BEFORE large_contiguous_write_heavy_freq_10gb [HDD] run1
### Timestamp: 2026-04-03 04:33:21
TargetID        Total         Free    %      ITotal       IFree    %   NodeID
========        =====         ====    =      ======       =====    =   ======
     101       0.0GiB       0.0GiB   0%        0.0M        0.0M   0%        1
     102       0.0GiB       0.0GiB   0%        0.0M        0.0M   0%        1
     103       0.0GiB       0.0GiB   0%        0.0M        0.0M   0%        1
     104       0.0GiB       0.0GiB   0%        0.0M        0.0M   0%        1
     105       0.0GiB       0.0GiB   0%        0.0M        0.0M   0%        1
     106       0.0GiB       0.0GiB   0%        0.0M        0.0M   0%        1
     107       0.0GiB       0.0GiB   0%        0.0M        0.0M   0%        1
     201    1862.1GiB     794.5GiB  43%      195.4M      195.3M 100%        2
     202    1862.1GiB     827.0GiB  44%      195.4M      195.3M 100%        2
     203    1862.1GiB     882.0GiB  47%      195.4M      195.3M 100%        2
     204    1862.1GiB     838.7GiB  45%      195.4M      195.3M 100%        2
     205     931.1GiB     801.3GiB  86%      488.4M      488.4M 100%        2
     206     931.1GiB     815.7GiB  88%      488.4M      488.4M 100%        2
     207     931.1GiB     818.4GiB  88%      488.4M      488.4M 100%        2
     301    1862.1GiB     503.5GiB  27%      195.4M      195.3M 100%        3
     302    1862.1GiB     538.6GiB  29%      195.4M      195.3M 100%        3
     303    1862.1GiB     610.6GiB  33%      195.4M      195.3M 100%        3
     304    1862.1GiB     560.3GiB  30%      195.4M      195.3M 100%        3
     305     931.1GiB     795.4GiB  85%      488.4M      488.4M 100%        3
     306     931.1GiB     807.2GiB  87%      488.4M      488.2M 100%        3
     307     931.1GiB     457.8GiB  49%      488.4M      488.4M 100%        3
     401       0.0GiB       0.0GiB   0%        0.0M        0.0M   0%        4
     402       0.0GiB       0.0GiB   0%        0.0M        0.0M   0%        4
     403       0.0GiB       0.0GiB   0%        0.0M        0.0M   0%        4
     404       0.0GiB       0.0GiB   0%        0.0M        0.0M   0%        4
     405       0.0GiB       0.0GiB   0%        0.0M        0.0M   0%        4
     406       0.0GiB       0.0GiB   0%        0.0M        0.0M   0%        4
     407       0.0GiB       0.0GiB   0%        0.0M        0.0M   0%        4
# WARNINGS (offline nodes, not in active pools): [ERROR from beegfs-storage colva1 [ID: 1]: Communication error]
 [ERROR from beegfs-storage colva1 [ID: 1]: Communication error]
 [ERROR from beegfs-storage colva1 [ID: 1]: Communication error]
 [ERRO

### MDS SPACE (METADATA) BEFORE large_contiguous_write_heavy_freq_10gb [HDD] run1
### Timestamp: 2026-04-03 04:34:45
TargetID        Total         Free    %      ITotal       IFree    %   NodeID
========        =====         ====    =      ======       =====    =   ======
       1     667.2GiB      38.4GiB   6%       44.5M       37.0M  83%        1

### FILE OST LAYOUT AFTER large_contiguous_write_heavy_freq_10gb [HDD] run1
### Timestamp: 2026-04-03 04:35:31
  FILE: /mnt/beegfs/advay/hdd/workloads/tmp/workload_large_contiguous_write_heavy_freq_10gb_f0
    Entry type: file
    EntryID: 0-69CEF5EA-1
    Stripe pattern details:
    + Type: RAID0
    + Chunksize: 1M
    + Number of storage targets: desired: 4; actual: 4
    + Storage targets:
      + 204 @ colva2 [ID: 2]
      + 302 @ colva3 [ID: 3]
      + 303 @ colva3 [ID: 3]
      + 201 @ colva2 [ID: 2]
    Chunk path: u3E9/6998/7/0-6998774B-1/0-69CEF5EA-1
    Inlined inode: yes
    Dentry info:
     + Path: 67/66/0-6998774B-1/
     + Metadata node: anjuna3 [ID: 1]

### OST SPACE (STORAGE) AFTER large_contiguous_write_heavy_freq_10gb [HDD] run1
### Timestamp: 2026-04-03 04:35:31
TargetID        Total         Free    %      ITotal       IFree    %   NodeID
========        =====         ====    =      ======       =====    =   ======
     101       0.0GiB       0.0GiB   0%        0.0M        0.0M   0%        1
     102       0.0GiB       0.0GiB   0%        0.0M        0.0M   0%        1
     103       0.0GiB       0.0GiB   0%        0.0M        0.0M   0%        1
     104       0.0GiB       0.0GiB   0%        0.0M        0.0M   0%        1
     105       0.0GiB       0.0GiB   0%        0.0M        0.0M   0%        1
     106       0.0GiB       0.0GiB   0%        0.0M        0.0M   0%        1
     107       0.0GiB       0.0GiB   0%        0.0M        0.0M   0%        1
     201    1862.1GiB     792.0GiB  43%      195.4M      195.3M 100%        2
     202    1862.1GiB     827.0GiB  44%      195.4M      195.3M 100%        2
     203    1862.1GiB     882.0GiB  47%      195.4M      195.3M 100%        2
     204    1862.1GiB     836.2GiB  45%      195.4M      195.3M 100%        2
     205     931.1GiB     801.3GiB  86%      488.4M      488.4M 100%        2
     206     931.1GiB     815.7GiB  88%      488.4M      488.4M 100%        2
     207     931.1GiB     818.4GiB  88%      488.4M      488.4M 100%        2
     301    1862.1GiB     503.5GiB  27%      195.4M      195.3M 100%        3
     302    1862.1GiB     536.1GiB  29%      195.4M      195.3M 100%        3
     303    1862.1GiB     608.1GiB  33%      195.4M      195.3M 100%        3
     304    1862.1GiB     560.3GiB  30%      195.4M      195.3M 100%        3
     305     931.1GiB     795.4GiB  85%      488.4M      488.4M 100%        3
     306     931.1GiB     807.2GiB  87%      488.4M      488.2M 100%        3
     307     931.1GiB     457.8GiB  49%      488.4M      488.4M 100%        3
     401       0.0GiB       0.0GiB   0%        0.0M        0.0M   0%        4
     402       0.0GiB       0.0GiB   0%        0.0M        0.0M   0%        4
     403       0.0GiB       0.0GiB   0%        0.0M        0.0M   0%        4
     404       0.0GiB       0.0GiB   0%        0.0M        0.0M   0%        4
     405       0.0GiB       0.0GiB   0%        0.0M        0.0M   0%        4
     406       0.0GiB       0.0GiB   0%        0.0M        0.0M   0%        4
     407       0.0GiB       0.0GiB   0%        0.0M        0.0M   0%        4
# WARNINGS (offline nodes, not in active pools): [ERROR from beegfs-storage colva1 [ID: 1]: Communication error]
 [ERROR from beegfs-storage colva1 [ID: 1]: Communication error]
 [ERROR from beegfs-storage colva1 [ID: 1]: Communication error]
 [ERRO

### MDS SPACE (METADATA) AFTER large_contiguous_write_heavy_freq_10gb [HDD] run1
### Timestamp: 2026-04-03 04:36:54
TargetID        Total         Free    %      ITotal       IFree    %   NodeID
========        =====         ====    =      ======       =====    =   ======
       1     667.2GiB      38.4GiB   6%       44.5M       37.0M  83%        1

### OST SPACE (STORAGE) BEFORE large_contiguous_write_heavy_freq_10gb [HDD] run2
### Timestamp: 2026-04-03 04:38:54
TargetID        Total         Free    %      ITotal       IFree    %   NodeID
========        =====         ====    =      ======       =====    =   ======
     101       0.0GiB       0.0GiB   0%        0.0M        0.0M   0%        1
     102       0.0GiB       0.0GiB   0%        0.0M        0.0M   0%        1
     103       0.0GiB       0.0GiB   0%        0.0M        0.0M   0%        1
     104       0.0GiB       0.0GiB   0%        0.0M        0.0M   0%        1
     105       0.0GiB       0.0GiB   0%        0.0M        0.0M   0%        1
     106       0.0GiB       0.0GiB   0%        0.0M        0.0M   0%        1
     107       0.0GiB       0.0GiB   0%        0.0M        0.0M   0%        1
     201    1862.1GiB     792.0GiB  43%      195.4M      195.3M 100%        2
     202    1862.1GiB     827.0GiB  44%      195.4M      195.3M 100%        2
     203    1862.1GiB     882.0GiB  47%      195.4M      195.3M 100%        2
     204    1862.1GiB     836.2GiB  45%      195.4M      195.3M 100%        2
     205     931.1GiB     801.3GiB  86%      488.4M      488.4M 100%        2
     206     931.1GiB     815.7GiB  88%      488.4M      488.4M 100%        2
     207     931.1GiB     818.4GiB  88%      488.4M      488.4M 100%        2
     301    1862.1GiB     503.5GiB  27%      195.4M      195.3M 100%        3
     302    1862.1GiB     536.1GiB  29%      195.4M      195.3M 100%        3
     303    1862.1GiB     608.1GiB  33%      195.4M      195.3M 100%        3
     304    1862.1GiB     560.3GiB  30%      195.4M      195.3M 100%        3
     305     931.1GiB     795.4GiB  85%      488.4M      488.4M 100%        3
     306     931.1GiB     807.2GiB  87%      488.4M      488.2M 100%        3
     307     931.1GiB     457.8GiB  49%      488.4M      488.4M 100%        3
     401       0.0GiB       0.0GiB   0%        0.0M        0.0M   0%        4
     402       0.0GiB       0.0GiB   0%        0.0M        0.0M   0%        4
     403       0.0GiB       0.0GiB   0%        0.0M        0.0M   0%        4
     404       0.0GiB       0.0GiB   0%        0.0M        0.0M   0%        4
     405       0.0GiB       0.0GiB   0%        0.0M        0.0M   0%        4
     406       0.0GiB       0.0GiB   0%        0.0M        0.0M   0%        4
     407       0.0GiB       0.0GiB   0%        0.0M        0.0M   0%        4
# WARNINGS (offline nodes, not in active pools): [ERROR from beegfs-storage colva1 [ID: 1]: Communication error]
 [ERROR from beegfs-storage colva1 [ID: 1]: Communication error]
 [ERROR from beegfs-storage colva1 [ID: 1]: Communication error]
 [ERRO

### MDS SPACE (METADATA) BEFORE large_contiguous_write_heavy_freq_10gb [HDD] run2
### Timestamp: 2026-04-03 04:40:18
TargetID        Total         Free    %      ITotal       IFree    %   NodeID
========        =====         ====    =      ======       =====    =   ======
       1     667.2GiB      38.4GiB   6%       44.5M       37.0M  83%        1

### FILE OST LAYOUT AFTER large_contiguous_write_heavy_freq_10gb [HDD] run2
### Timestamp: 2026-04-03 04:41:04
  FILE: /mnt/beegfs/advay/hdd/workloads/tmp/workload_large_contiguous_write_heavy_freq_10gb_f0
    Entry type: file
    EntryID: 0-69CEF725-1
    Stripe pattern details:
    + Type: RAID0
    + Chunksize: 1M
    + Number of storage targets: desired: 4; actual: 4
    + Storage targets:
      + 203 @ colva2 [ID: 2]
      + 301 @ colva3 [ID: 3]
      + 303 @ colva3 [ID: 3]
      + 202 @ colva2 [ID: 2]
    Chunk path: u3E9/6998/7/0-6998774B-1/0-69CEF725-1
    Inlined inode: yes
    Dentry info:
     + Path: 67/66/0-6998774B-1/
     + Metadata node: anjuna3 [ID: 1]

### OST SPACE (STORAGE) AFTER large_contiguous_write_heavy_freq_10gb [HDD] run2
### Timestamp: 2026-04-03 04:41:04
TargetID        Total         Free    %      ITotal       IFree    %   NodeID
========        =====         ====    =      ======       =====    =   ======
     101       0.0GiB       0.0GiB   0%        0.0M        0.0M   0%        1
     102       0.0GiB       0.0GiB   0%        0.0M        0.0M   0%        1
     103       0.0GiB       0.0GiB   0%        0.0M        0.0M   0%        1
     104       0.0GiB       0.0GiB   0%        0.0M        0.0M   0%        1
     105       0.0GiB       0.0GiB   0%        0.0M        0.0M   0%        1
     106       0.0GiB       0.0GiB   0%        0.0M        0.0M   0%        1
     107       0.0GiB       0.0GiB   0%        0.0M        0.0M   0%        1
     201    1862.1GiB     794.5GiB  43%      195.4M      195.3M 100%        2
     202    1862.1GiB     824.5GiB  44%      195.4M      195.3M 100%        2
     203    1862.1GiB     879.5GiB  47%      195.4M      195.3M 100%        2
     204    1862.1GiB     838.7GiB  45%      195.4M      195.3M 100%        2
     205     931.1GiB     801.3GiB  86%      488.4M      488.4M 100%        2
     206     931.1GiB     815.7GiB  88%      488.4M      488.4M 100%        2
     207     931.1GiB     818.4GiB  88%      488.4M      488.4M 100%        2
     301    1862.1GiB     501.0GiB  27%      195.4M      195.3M 100%        3
     302    1862.1GiB     538.6GiB  29%      195.4M      195.3M 100%        3
     303    1862.1GiB     608.1GiB  33%      195.4M      195.3M 100%        3
     304    1862.1GiB     560.3GiB  30%      195.4M      195.3M 100%        3
     305     931.1GiB     795.4GiB  85%      488.4M      488.4M 100%        3
     306     931.1GiB     807.2GiB  87%      488.4M      488.2M 100%        3
     307     931.1GiB     457.8GiB  49%      488.4M      488.4M 100%        3
     401       0.0GiB       0.0GiB   0%        0.0M        0.0M   0%        4
     402       0.0GiB       0.0GiB   0%        0.0M        0.0M   0%        4
     403       0.0GiB       0.0GiB   0%        0.0M        0.0M   0%        4
     404       0.0GiB       0.0GiB   0%        0.0M        0.0M   0%        4
     405       0.0GiB       0.0GiB   0%        0.0M        0.0M   0%        4
     406       0.0GiB       0.0GiB   0%        0.0M        0.0M   0%        4
     407       0.0GiB       0.0GiB   0%        0.0M        0.0M   0%        4
# WARNINGS (offline nodes, not in active pools): [ERROR from beegfs-storage colva1 [ID: 1]: Communication error]
 [ERROR from beegfs-storage colva1 [ID: 1]: Communication error]
 [ERROR from beegfs-storage colva1 [ID: 1]: Communication error]
 [ERRO

### MDS SPACE (METADATA) AFTER large_contiguous_write_heavy_freq_10gb [HDD] run2
### Timestamp: 2026-04-03 04:42:29
TargetID        Total         Free    %      ITotal       IFree    %   NodeID
========        =====         ====    =      ======       =====    =   ======
       1     667.2GiB      38.4GiB   6%       44.5M       37.0M  83%        1

### OST SPACE (STORAGE) BEFORE large_contiguous_write_heavy_freq_10gb [HDD] run3
### Timestamp: 2026-04-03 04:44:29
TargetID        Total         Free    %      ITotal       IFree    %   NodeID
========        =====         ====    =      ======       =====    =   ======
     101       0.0GiB       0.0GiB   0%        0.0M        0.0M   0%        1
     102       0.0GiB       0.0GiB   0%        0.0M        0.0M   0%        1
     103       0.0GiB       0.0GiB   0%        0.0M        0.0M   0%        1
     104       0.0GiB       0.0GiB   0%        0.0M        0.0M   0%        1
     105       0.0GiB       0.0GiB   0%        0.0M        0.0M   0%        1
     106       0.0GiB       0.0GiB   0%        0.0M        0.0M   0%        1
     107       0.0GiB       0.0GiB   0%        0.0M        0.0M   0%        1
     201    1862.1GiB     794.5GiB  43%      195.4M      195.3M 100%        2
     202    1862.1GiB     824.5GiB  44%      195.4M      195.3M 100%        2
     203    1862.1GiB     879.5GiB  47%      195.4M      195.3M 100%        2
     204    1862.1GiB     838.7GiB  45%      195.4M      195.3M 100%        2
     205     931.1GiB     801.3GiB  86%      488.4M      488.4M 100%        2
     206     931.1GiB     815.7GiB  88%      488.4M      488.4M 100%        2
     207     931.1GiB     818.4GiB  88%      488.4M      488.4M 100%        2
     301    1862.1GiB     501.0GiB  27%      195.4M      195.3M 100%        3
     302    1862.1GiB     538.6GiB  29%      195.4M      195.3M 100%        3
     303    1862.1GiB     608.1GiB  33%      195.4M      195.3M 100%        3
     304    1862.1GiB     560.3GiB  30%      195.4M      195.3M 100%        3
     305     931.1GiB     795.4GiB  85%      488.4M      488.4M 100%        3
     306     931.1GiB     807.2GiB  87%      488.4M      488.2M 100%        3
     307     931.1GiB     457.8GiB  49%      488.4M      488.4M 100%        3
     401       0.0GiB       0.0GiB   0%        0.0M        0.0M   0%        4
     402       0.0GiB       0.0GiB   0%        0.0M        0.0M   0%        4
     403       0.0GiB       0.0GiB   0%        0.0M        0.0M   0%        4
     404       0.0GiB       0.0GiB   0%        0.0M        0.0M   0%        4
     405       0.0GiB       0.0GiB   0%        0.0M        0.0M   0%        4
     406       0.0GiB       0.0GiB   0%        0.0M        0.0M   0%        4
     407       0.0GiB       0.0GiB   0%        0.0M        0.0M   0%        4
# WARNINGS (offline nodes, not in active pools): [ERROR from beegfs-storage colva1 [ID: 1]: Communication error]
 [ERROR from beegfs-storage colva1 [ID: 1]: Communication error]
 [ERROR from beegfs-storage colva1 [ID: 1]: Communication error]
 [ERRO

### MDS SPACE (METADATA) BEFORE large_contiguous_write_heavy_freq_10gb [HDD] run3
### Timestamp: 2026-04-03 04:45:53
TargetID        Total         Free    %      ITotal       IFree    %   NodeID
========        =====         ====    =      ======       =====    =   ======
       1     667.2GiB      38.4GiB   6%       44.5M       37.0M  83%        1

### FILE OST LAYOUT AFTER large_contiguous_write_heavy_freq_10gb [HDD] run3
### Timestamp: 2026-04-03 04:46:39
  FILE: /mnt/beegfs/advay/hdd/workloads/tmp/workload_large_contiguous_write_heavy_freq_10gb_f0
    Entry type: file
    EntryID: 0-69CEF89F-1
    Stripe pattern details:
    + Type: RAID0
    + Chunksize: 1M
    + Number of storage targets: desired: 4; actual: 4
    + Storage targets:
      + 204 @ colva2 [ID: 2]
      + 302 @ colva3 [ID: 3]
      + 304 @ colva3 [ID: 3]
      + 203 @ colva2 [ID: 2]
    Chunk path: u3E9/6998/7/0-6998774B-1/0-69CEF89F-1
    Inlined inode: yes
    Dentry info:
     + Path: 67/66/0-6998774B-1/
     + Metadata node: anjuna3 [ID: 1]

### OST SPACE (STORAGE) AFTER large_contiguous_write_heavy_freq_10gb [HDD] run3
### Timestamp: 2026-04-03 04:46:39
TargetID        Total         Free    %      ITotal       IFree    %   NodeID
========        =====         ====    =      ======       =====    =   ======
     101       0.0GiB       0.0GiB   0%        0.0M        0.0M   0%        1
     102       0.0GiB       0.0GiB   0%        0.0M        0.0M   0%        1
     103       0.0GiB       0.0GiB   0%        0.0M        0.0M   0%        1
     104       0.0GiB       0.0GiB   0%        0.0M        0.0M   0%        1
     105       0.0GiB       0.0GiB   0%        0.0M        0.0M   0%        1
     106       0.0GiB       0.0GiB   0%        0.0M        0.0M   0%        1
     107       0.0GiB       0.0GiB   0%        0.0M        0.0M   0%        1
     201    1862.1GiB     794.5GiB  43%      195.4M      195.3M 100%        2
     202    1862.1GiB     827.0GiB  44%      195.4M      195.3M 100%        2
     203    1862.1GiB     879.5GiB  47%      195.4M      195.3M 100%        2
     204    1862.1GiB     836.2GiB  45%      195.4M      195.3M 100%        2
     205     931.1GiB     801.3GiB  86%      488.4M      488.4M 100%        2
     206     931.1GiB     815.7GiB  88%      488.4M      488.4M 100%        2
     207     931.1GiB     818.4GiB  88%      488.4M      488.4M 100%        2
     301    1862.1GiB     503.5GiB  27%      195.4M      195.3M 100%        3
     302    1862.1GiB     536.1GiB  29%      195.4M      195.3M 100%        3
     303    1862.1GiB     610.6GiB  33%      195.4M      195.3M 100%        3
     304    1862.1GiB     557.8GiB  30%      195.4M      195.3M 100%        3
     305     931.1GiB     795.4GiB  85%      488.4M      488.4M 100%        3
     306     931.1GiB     807.2GiB  87%      488.4M      488.2M 100%        3
     307     931.1GiB     457.8GiB  49%      488.4M      488.4M 100%        3
     401       0.0GiB       0.0GiB   0%        0.0M        0.0M   0%        4
     402       0.0GiB       0.0GiB   0%        0.0M        0.0M   0%        4
     403       0.0GiB       0.0GiB   0%        0.0M        0.0M   0%        4
     404       0.0GiB       0.0GiB   0%        0.0M        0.0M   0%        4
     405       0.0GiB       0.0GiB   0%        0.0M        0.0M   0%        4
     406       0.0GiB       0.0GiB   0%        0.0M        0.0M   0%        4
     407       0.0GiB       0.0GiB   0%        0.0M        0.0M   0%        4
# WARNINGS (offline nodes, not in active pools): [ERROR from beegfs-storage colva1 [ID: 1]: Communication error]
 [ERROR from beegfs-storage colva1 [ID: 1]: Communication error]
 [ERROR from beegfs-storage colva1 [ID: 1]: Communication error]
 [ERRO

### MDS SPACE (METADATA) AFTER large_contiguous_write_heavy_freq_10gb [HDD] run3
### Timestamp: 2026-04-03 04:48:02
TargetID        Total         Free    %      ITotal       IFree    %   NodeID
========        =====         ====    =      ======       =====    =   ======
       1     667.2GiB      38.4GiB   6%       44.5M       37.0M  83%        1

### OST SPACE (STORAGE) BEFORE large_contiguous_write_heavy_freq_10gb [SSD] run1
### Timestamp: 2026-04-03 04:50:03
TargetID        Total         Free    %      ITotal       IFree    %   NodeID
========        =====         ====    =      ======       =====    =   ======
     101       0.0GiB       0.0GiB   0%        0.0M        0.0M   0%        1
     102       0.0GiB       0.0GiB   0%        0.0M        0.0M   0%        1
     103       0.0GiB       0.0GiB   0%        0.0M        0.0M   0%        1
     104       0.0GiB       0.0GiB   0%        0.0M        0.0M   0%        1
     105       0.0GiB       0.0GiB   0%        0.0M        0.0M   0%        1
     106       0.0GiB       0.0GiB   0%        0.0M        0.0M   0%        1
     107       0.0GiB       0.0GiB   0%        0.0M        0.0M   0%        1
     201    1862.1GiB     794.5GiB  43%      195.4M      195.3M 100%        2
     202    1862.1GiB     827.0GiB  44%      195.4M      195.3M 100%        2
     203    1862.1GiB     882.0GiB  47%      195.4M      195.3M 100%        2
     204    1862.1GiB     838.7GiB  45%      195.4M      195.3M 100%        2
     205     931.1GiB     801.3GiB  86%      488.4M      488.4M 100%        2
     206     931.1GiB     815.7GiB  88%      488.4M      488.4M 100%        2
     207     931.1GiB     818.4GiB  88%      488.4M      488.4M 100%        2
     301    1862.1GiB     503.5GiB  27%      195.4M      195.3M 100%        3
     302    1862.1GiB     538.6GiB  29%      195.4M      195.3M 100%        3
     303    1862.1GiB     610.6GiB  33%      195.4M      195.3M 100%        3
     304    1862.1GiB     560.3GiB  30%      195.4M      195.3M 100%        3
     305     931.1GiB     795.4GiB  85%      488.4M      488.4M 100%        3
     306     931.1GiB     807.2GiB  87%      488.4M      488.2M 100%        3
     307     931.1GiB     457.8GiB  49%      488.4M      488.4M 100%        3
     401       0.0GiB       0.0GiB   0%        0.0M        0.0M   0%        4
     402       0.0GiB       0.0GiB   0%        0.0M        0.0M   0%        4
     403       0.0GiB       0.0GiB   0%        0.0M        0.0M   0%        4
     404       0.0GiB       0.0GiB   0%        0.0M        0.0M   0%        4
     405       0.0GiB       0.0GiB   0%        0.0M        0.0M   0%        4
     406       0.0GiB       0.0GiB   0%        0.0M        0.0M   0%        4
     407       0.0GiB       0.0GiB   0%        0.0M        0.0M   0%        4
# WARNINGS (offline nodes, not in active pools): [ERROR from beegfs-storage colva1 [ID: 1]: Communication error]
 [ERROR from beegfs-storage colva1 [ID: 1]: Communication error]
 [ERROR from beegfs-storage colva1 [ID: 1]: Communication error]
 [ERRO

### MDS SPACE (METADATA) BEFORE large_contiguous_write_heavy_freq_10gb [SSD] run1
### Timestamp: 2026-04-03 04:51:26
TargetID        Total         Free    %      ITotal       IFree    %   NodeID
========        =====         ====    =      ======       =====    =   ======
       1     667.2GiB      38.4GiB   6%       44.5M       37.0M  83%        1

### FILE OST LAYOUT AFTER large_contiguous_write_heavy_freq_10gb [SSD] run1
### Timestamp: 2026-04-03 04:52:07
  FILE: /mnt/beegfs/advay/ssd/workloads/tmp/workload_large_contiguous_write_heavy_freq_10gb_f0
    Entry type: file
    EntryID: 0-69CEF9DA-1
    Stripe pattern details:
    + Type: RAID0
    + Chunksize: 1M
    + Number of storage targets: desired: 4; actual: 4
    + Storage targets:
      + 307 @ colva3 [ID: 3]
      + 205 @ colva2 [ID: 2]
      + 206 @ colva2 [ID: 2]
      + 207 @ colva2 [ID: 2]
    Chunk path: u3E9/6998/D/1-6998D1FE-1/0-69CEF9DA-1
    Inlined inode: yes
    Dentry info:
     + Path: 9/59/1-6998D1FE-1/
     + Metadata node: anjuna3 [ID: 1]

### OST SPACE (STORAGE) AFTER large_contiguous_write_heavy_freq_10gb [SSD] run1
### Timestamp: 2026-04-03 04:52:07
TargetID        Total         Free    %      ITotal       IFree    %   NodeID
========        =====         ====    =      ======       =====    =   ======
     101       0.0GiB       0.0GiB   0%        0.0M        0.0M   0%        1
     102       0.0GiB       0.0GiB   0%        0.0M        0.0M   0%        1
     103       0.0GiB       0.0GiB   0%        0.0M        0.0M   0%        1
     104       0.0GiB       0.0GiB   0%        0.0M        0.0M   0%        1
     105       0.0GiB       0.0GiB   0%        0.0M        0.0M   0%        1
     106       0.0GiB       0.0GiB   0%        0.0M        0.0M   0%        1
     107       0.0GiB       0.0GiB   0%        0.0M        0.0M   0%        1
     201    1862.1GiB     794.5GiB  43%      195.4M      195.3M 100%        2
     202    1862.1GiB     827.0GiB  44%      195.4M      195.3M 100%        2
     203    1862.1GiB     882.0GiB  47%      195.4M      195.3M 100%        2
     204    1862.1GiB     838.7GiB  45%      195.4M      195.3M 100%        2
     205     931.1GiB     798.8GiB  86%      488.4M      488.4M 100%        2
     206     931.1GiB     813.2GiB  87%      488.4M      488.4M 100%        2
     207     931.1GiB     815.9GiB  88%      488.4M      488.4M 100%        2
     301    1862.1GiB     503.5GiB  27%      195.4M      195.3M 100%        3
     302    1862.1GiB     538.6GiB  29%      195.4M      195.3M 100%        3
     303    1862.1GiB     610.6GiB  33%      195.4M      195.3M 100%        3
     304    1862.1GiB     560.3GiB  30%      195.4M      195.3M 100%        3
     305     931.1GiB     795.4GiB  85%      488.4M      488.4M 100%        3
     306     931.1GiB     807.2GiB  87%      488.4M      488.2M 100%        3
     307     931.1GiB     455.3GiB  49%      488.4M      488.4M 100%        3
     401       0.0GiB       0.0GiB   0%        0.0M        0.0M   0%        4
     402       0.0GiB       0.0GiB   0%        0.0M        0.0M   0%        4
     403       0.0GiB       0.0GiB   0%        0.0M        0.0M   0%        4
     404       0.0GiB       0.0GiB   0%        0.0M        0.0M   0%        4
     405       0.0GiB       0.0GiB   0%        0.0M        0.0M   0%        4
     406       0.0GiB       0.0GiB   0%        0.0M        0.0M   0%        4
     407       0.0GiB       0.0GiB   0%        0.0M        0.0M   0%        4
# WARNINGS (offline nodes, not in active pools): [ERROR from beegfs-storage colva1 [ID: 1]: Communication error]
 [ERROR from beegfs-storage colva1 [ID: 1]: Communication error]
 [ERROR from beegfs-storage colva1 [ID: 1]: Communication error]
 [ERRO

### MDS SPACE (METADATA) AFTER large_contiguous_write_heavy_freq_10gb [SSD] run1
### Timestamp: 2026-04-03 04:53:29
TargetID        Total         Free    %      ITotal       IFree    %   NodeID
========        =====         ====    =      ======       =====    =   ======
       1     667.2GiB      38.4GiB   6%       44.5M       37.0M  83%        1

### OST SPACE (STORAGE) BEFORE large_contiguous_write_heavy_freq_10gb [SSD] run2
### Timestamp: 2026-04-03 04:55:30
TargetID        Total         Free    %      ITotal       IFree    %   NodeID
========        =====         ====    =      ======       =====    =   ======
     101       0.0GiB       0.0GiB   0%        0.0M        0.0M   0%        1
     102       0.0GiB       0.0GiB   0%        0.0M        0.0M   0%        1
     103       0.0GiB       0.0GiB   0%        0.0M        0.0M   0%        1
     104       0.0GiB       0.0GiB   0%        0.0M        0.0M   0%        1
     105       0.0GiB       0.0GiB   0%        0.0M        0.0M   0%        1
     106       0.0GiB       0.0GiB   0%        0.0M        0.0M   0%        1
     107       0.0GiB       0.0GiB   0%        0.0M        0.0M   0%        1
     201    1862.1GiB     794.5GiB  43%      195.4M      195.3M 100%        2
     202    1862.1GiB     827.0GiB  44%      195.4M      195.3M 100%        2
     203    1862.1GiB     882.0GiB  47%      195.4M      195.3M 100%        2
     204    1862.1GiB     838.7GiB  45%      195.4M      195.3M 100%        2
     205     931.1GiB     798.8GiB  86%      488.4M      488.4M 100%        2
     206     931.1GiB     813.2GiB  87%      488.4M      488.4M 100%        2
     207     931.1GiB     815.9GiB  88%      488.4M      488.4M 100%        2
     301    1862.1GiB     503.5GiB  27%      195.4M      195.3M 100%        3
     302    1862.1GiB     538.6GiB  29%      195.4M      195.3M 100%        3
     303    1862.1GiB     610.6GiB  33%      195.4M      195.3M 100%        3
     304    1862.1GiB     560.3GiB  30%      195.4M      195.3M 100%        3
     305     931.1GiB     795.4GiB  85%      488.4M      488.4M 100%        3
     306     931.1GiB     807.2GiB  87%      488.4M      488.2M 100%        3
     307     931.1GiB     455.3GiB  49%      488.4M      488.4M 100%        3
     401       0.0GiB       0.0GiB   0%        0.0M        0.0M   0%        4
     402       0.0GiB       0.0GiB   0%        0.0M        0.0M   0%        4
     403       0.0GiB       0.0GiB   0%        0.0M        0.0M   0%        4
     404       0.0GiB       0.0GiB   0%        0.0M        0.0M   0%        4
     405       0.0GiB       0.0GiB   0%        0.0M        0.0M   0%        4
     406       0.0GiB       0.0GiB   0%        0.0M        0.0M   0%        4
     407       0.0GiB       0.0GiB   0%        0.0M        0.0M   0%        4
# WARNINGS (offline nodes, not in active pools): [ERROR from beegfs-storage colva1 [ID: 1]: Communication error]
 [ERROR from beegfs-storage colva1 [ID: 1]: Communication error]
 [ERROR from beegfs-storage colva1 [ID: 1]: Communication error]
 [ERRO

### MDS SPACE (METADATA) BEFORE large_contiguous_write_heavy_freq_10gb [SSD] run2
### Timestamp: 2026-04-03 04:56:53
TargetID        Total         Free    %      ITotal       IFree    %   NodeID
========        =====         ====    =      ======       =====    =   ======
       1     667.2GiB      38.4GiB   6%       44.5M       37.0M  83%        1

### FILE OST LAYOUT AFTER large_contiguous_write_heavy_freq_10gb [SSD] run2
### Timestamp: 2026-04-03 04:57:33
  FILE: /mnt/beegfs/advay/ssd/workloads/tmp/workload_large_contiguous_write_heavy_freq_10gb_f0
    Entry type: file
    EntryID: 0-69CEFB14-1
    Stripe pattern details:
    + Type: RAID0
    + Chunksize: 1M
    + Number of storage targets: desired: 4; actual: 4
    + Storage targets:
      + 306 @ colva3 [ID: 3]
      + 307 @ colva3 [ID: 3]
      + 205 @ colva2 [ID: 2]
      + 206 @ colva2 [ID: 2]
    Chunk path: u3E9/6998/D/1-6998D1FE-1/0-69CEFB14-1
    Inlined inode: yes
    Dentry info:
     + Path: 9/59/1-6998D1FE-1/
     + Metadata node: anjuna3 [ID: 1]

### OST SPACE (STORAGE) AFTER large_contiguous_write_heavy_freq_10gb [SSD] run2
### Timestamp: 2026-04-03 04:57:33
TargetID        Total         Free    %      ITotal       IFree    %   NodeID
========        =====         ====    =      ======       =====    =   ======
     101       0.0GiB       0.0GiB   0%        0.0M        0.0M   0%        1
     102       0.0GiB       0.0GiB   0%        0.0M        0.0M   0%        1
     103       0.0GiB       0.0GiB   0%        0.0M        0.0M   0%        1
     104       0.0GiB       0.0GiB   0%        0.0M        0.0M   0%        1
     105       0.0GiB       0.0GiB   0%        0.0M        0.0M   0%        1
     106       0.0GiB       0.0GiB   0%        0.0M        0.0M   0%        1
     107       0.0GiB       0.0GiB   0%        0.0M        0.0M   0%        1
     201    1862.1GiB     794.5GiB  43%      195.4M      195.3M 100%        2
     202    1862.1GiB     827.0GiB  44%      195.4M      195.3M 100%        2
     203    1862.1GiB     882.0GiB  47%      195.4M      195.3M 100%        2
     204    1862.1GiB     838.7GiB  45%      195.4M      195.3M 100%        2
     205     931.1GiB     798.8GiB  86%      488.4M      488.4M 100%        2
     206     931.1GiB     813.2GiB  87%      488.4M      488.4M 100%        2
     207     931.1GiB     818.4GiB  88%      488.4M      488.4M 100%        2
     301    1862.1GiB     503.5GiB  27%      195.4M      195.3M 100%        3
     302    1862.1GiB     538.6GiB  29%      195.4M      195.3M 100%        3
     303    1862.1GiB     610.6GiB  33%      195.4M      195.3M 100%        3
     304    1862.1GiB     560.3GiB  30%      195.4M      195.3M 100%        3
     305     931.1GiB     795.4GiB  85%      488.4M      488.4M 100%        3
     306     931.1GiB     804.7GiB  86%      488.4M      488.2M 100%        3
     307     931.1GiB     455.3GiB  49%      488.4M      488.4M 100%        3
     401       0.0GiB       0.0GiB   0%        0.0M        0.0M   0%        4
     402       0.0GiB       0.0GiB   0%        0.0M        0.0M   0%        4
     403       0.0GiB       0.0GiB   0%        0.0M        0.0M   0%        4
     404       0.0GiB       0.0GiB   0%        0.0M        0.0M   0%        4
     405       0.0GiB       0.0GiB   0%        0.0M        0.0M   0%        4
     406       0.0GiB       0.0GiB   0%        0.0M        0.0M   0%        4
     407       0.0GiB       0.0GiB   0%        0.0M        0.0M   0%        4
# WARNINGS (offline nodes, not in active pools): [ERROR from beegfs-storage colva1 [ID: 1]: Communication error]
 [ERROR from beegfs-storage colva1 [ID: 1]: Communication error]
 [ERROR from beegfs-storage colva1 [ID: 1]: Communication error]
 [ERRO

### MDS SPACE (METADATA) AFTER large_contiguous_write_heavy_freq_10gb [SSD] run2
### Timestamp: 2026-04-03 04:58:57
TargetID        Total         Free    %      ITotal       IFree    %   NodeID
========        =====         ====    =      ======       =====    =   ======
       1     667.2GiB      38.4GiB   6%       44.5M       37.0M  83%        1

### OST SPACE (STORAGE) BEFORE large_contiguous_write_heavy_freq_10gb [SSD] run3
### Timestamp: 2026-04-03 05:00:58
TargetID        Total         Free    %      ITotal       IFree    %   NodeID
========        =====         ====    =      ======       =====    =   ======
     101       0.0GiB       0.0GiB   0%        0.0M        0.0M   0%        1
     102       0.0GiB       0.0GiB   0%        0.0M        0.0M   0%        1
     103       0.0GiB       0.0GiB   0%        0.0M        0.0M   0%        1
     104       0.0GiB       0.0GiB   0%        0.0M        0.0M   0%        1
     105       0.0GiB       0.0GiB   0%        0.0M        0.0M   0%        1
     106       0.0GiB       0.0GiB   0%        0.0M        0.0M   0%        1
     107       0.0GiB       0.0GiB   0%        0.0M        0.0M   0%        1
     201    1862.1GiB     794.5GiB  43%      195.4M      195.3M 100%        2
     202    1862.1GiB     827.0GiB  44%      195.4M      195.3M 100%        2
     203    1862.1GiB     882.0GiB  47%      195.4M      195.3M 100%        2
     204    1862.1GiB     838.7GiB  45%      195.4M      195.3M 100%        2
     205     931.1GiB     798.8GiB  86%      488.4M      488.4M 100%        2
     206     931.1GiB     813.2GiB  87%      488.4M      488.4M 100%        2
     207     931.1GiB     818.4GiB  88%      488.4M      488.4M 100%        2
     301    1862.1GiB     503.5GiB  27%      195.4M      195.3M 100%        3
     302    1862.1GiB     538.6GiB  29%      195.4M      195.3M 100%        3
     303    1862.1GiB     610.6GiB  33%      195.4M      195.3M 100%        3
     304    1862.1GiB     560.3GiB  30%      195.4M      195.3M 100%        3
     305     931.1GiB     795.4GiB  85%      488.4M      488.4M 100%        3
     306     931.1GiB     804.7GiB  86%      488.4M      488.2M 100%        3
     307     931.1GiB     455.3GiB  49%      488.4M      488.4M 100%        3
     401       0.0GiB       0.0GiB   0%        0.0M        0.0M   0%        4
     402       0.0GiB       0.0GiB   0%        0.0M        0.0M   0%        4
     403       0.0GiB       0.0GiB   0%        0.0M        0.0M   0%        4
     404       0.0GiB       0.0GiB   0%        0.0M        0.0M   0%        4
     405       0.0GiB       0.0GiB   0%        0.0M        0.0M   0%        4
     406       0.0GiB       0.0GiB   0%        0.0M        0.0M   0%        4
     407       0.0GiB       0.0GiB   0%        0.0M        0.0M   0%        4
# WARNINGS (offline nodes, not in active pools): [ERROR from beegfs-storage colva1 [ID: 1]: Communication error]
 [ERROR from beegfs-storage colva1 [ID: 1]: Communication error]
 [ERROR from beegfs-storage colva1 [ID: 1]: Communication error]
 [ERRO

### MDS SPACE (METADATA) BEFORE large_contiguous_write_heavy_freq_10gb [SSD] run3
### Timestamp: 2026-04-03 05:02:21
TargetID        Total         Free    %      ITotal       IFree    %   NodeID
========        =====         ====    =      ======       =====    =   ======
       1     667.2GiB      38.4GiB   6%       44.5M       37.0M  83%        1

### FILE OST LAYOUT AFTER large_contiguous_write_heavy_freq_10gb [SSD] run3
### Timestamp: 2026-04-03 05:03:02
  FILE: /mnt/beegfs/advay/ssd/workloads/tmp/workload_large_contiguous_write_heavy_freq_10gb_f0
    Entry type: file
    EntryID: 0-69CEFC4F-1
    Stripe pattern details:
    + Type: RAID0
    + Chunksize: 1M
    + Number of storage targets: desired: 4; actual: 4
    + Storage targets:
      + 206 @ colva2 [ID: 2]
      + 207 @ colva2 [ID: 2]
      + 305 @ colva3 [ID: 3]
      + 307 @ colva3 [ID: 3]
    Chunk path: u3E9/6998/D/1-6998D1FE-1/0-69CEFC4F-1
    Inlined inode: yes
    Dentry info:
     + Path: 9/59/1-6998D1FE-1/
     + Metadata node: anjuna3 [ID: 1]

### OST SPACE (STORAGE) AFTER large_contiguous_write_heavy_freq_10gb [SSD] run3
### Timestamp: 2026-04-03 05:03:02
TargetID        Total         Free    %      ITotal       IFree    %   NodeID
========        =====         ====    =      ======       =====    =   ======
     101       0.0GiB       0.0GiB   0%        0.0M        0.0M   0%        1
     102       0.0GiB       0.0GiB   0%        0.0M        0.0M   0%        1
     103       0.0GiB       0.0GiB   0%        0.0M        0.0M   0%        1
     104       0.0GiB       0.0GiB   0%        0.0M        0.0M   0%        1
     105       0.0GiB       0.0GiB   0%        0.0M        0.0M   0%        1
     106       0.0GiB       0.0GiB   0%        0.0M        0.0M   0%        1
     107       0.0GiB       0.0GiB   0%        0.0M        0.0M   0%        1
     201    1862.1GiB     794.5GiB  43%      195.4M      195.3M 100%        2
     202    1862.1GiB     827.0GiB  44%      195.4M      195.3M 100%        2
     203    1862.1GiB     882.0GiB  47%      195.4M      195.3M 100%        2
     204    1862.1GiB     838.7GiB  45%      195.4M      195.3M 100%        2
     205     931.1GiB     801.3GiB  86%      488.4M      488.4M 100%        2
     206     931.1GiB     813.2GiB  87%      488.4M      488.4M 100%        2
     207     931.1GiB     815.9GiB  88%      488.4M      488.4M 100%        2
     301    1862.1GiB     503.5GiB  27%      195.4M      195.3M 100%        3
     302    1862.1GiB     538.6GiB  29%      195.4M      195.3M 100%        3
     303    1862.1GiB     610.6GiB  33%      195.4M      195.3M 100%        3
     304    1862.1GiB     560.3GiB  30%      195.4M      195.3M 100%        3
     305     931.1GiB     792.9GiB  85%      488.4M      488.4M 100%        3
     306     931.1GiB     807.2GiB  87%      488.4M      488.2M 100%        3
     307     931.1GiB     455.3GiB  49%      488.4M      488.4M 100%        3
     401       0.0GiB       0.0GiB   0%        0.0M        0.0M   0%        4
     402       0.0GiB       0.0GiB   0%        0.0M        0.0M   0%        4
     403       0.0GiB       0.0GiB   0%        0.0M        0.0M   0%        4
     404       0.0GiB       0.0GiB   0%        0.0M        0.0M   0%        4
     405       0.0GiB       0.0GiB   0%        0.0M        0.0M   0%        4
     406       0.0GiB       0.0GiB   0%        0.0M        0.0M   0%        4
     407       0.0GiB       0.0GiB   0%        0.0M        0.0M   0%        4
# WARNINGS (offline nodes, not in active pools): [ERROR from beegfs-storage colva1 [ID: 1]: Communication error]
 [ERROR from beegfs-storage colva1 [ID: 1]: Communication error]
 [ERROR from beegfs-storage colva1 [ID: 1]: Communication error]
 [ERRO

### MDS SPACE (METADATA) AFTER large_contiguous_write_heavy_freq_10gb [SSD] run3
### Timestamp: 2026-04-03 05:04:24
TargetID        Total         Free    %      ITotal       IFree    %   NodeID
========        =====         ====    =      ======       =====    =   ======
       1     667.2GiB      38.4GiB   6%       44.5M       37.0M  83%        1

### OST SPACE (STORAGE) BEFORE large_contiguous_read_heavy_freq_102mb [HDD] run1
### Timestamp: 2026-04-03 05:06:24
TargetID        Total         Free    %      ITotal       IFree    %   NodeID
========        =====         ====    =      ======       =====    =   ======
     101       0.0GiB       0.0GiB   0%        0.0M        0.0M   0%        1
     102       0.0GiB       0.0GiB   0%        0.0M        0.0M   0%        1
     103       0.0GiB       0.0GiB   0%        0.0M        0.0M   0%        1
     104       0.0GiB       0.0GiB   0%        0.0M        0.0M   0%        1
     105       0.0GiB       0.0GiB   0%        0.0M        0.0M   0%        1
     106       0.0GiB       0.0GiB   0%        0.0M        0.0M   0%        1
     107       0.0GiB       0.0GiB   0%        0.0M        0.0M   0%        1
     201    1862.1GiB     794.5GiB  43%      195.4M      195.3M 100%        2
     202    1862.1GiB     827.0GiB  44%      195.4M      195.3M 100%        2
     203    1862.1GiB     882.0GiB  47%      195.4M      195.3M 100%        2
     204    1862.1GiB     838.7GiB  45%      195.4M      195.3M 100%        2
     205     931.1GiB     801.3GiB  86%      488.4M      488.4M 100%        2
     206     931.1GiB     815.7GiB  88%      488.4M      488.4M 100%        2
     207     931.1GiB     818.4GiB  88%      488.4M      488.4M 100%        2
     301    1862.1GiB     503.5GiB  27%      195.4M      195.3M 100%        3
     302    1862.1GiB     538.6GiB  29%      195.4M      195.3M 100%        3
     303    1862.1GiB     610.6GiB  33%      195.4M      195.3M 100%        3
     304    1862.1GiB     560.3GiB  30%      195.4M      195.3M 100%        3
     305     931.1GiB     795.4GiB  85%      488.4M      488.4M 100%        3
     306     931.1GiB     807.2GiB  87%      488.4M      488.2M 100%        3
     307     931.1GiB     457.8GiB  49%      488.4M      488.4M 100%        3
     401       0.0GiB       0.0GiB   0%        0.0M        0.0M   0%        4
     402       0.0GiB       0.0GiB   0%        0.0M        0.0M   0%        4
     403       0.0GiB       0.0GiB   0%        0.0M        0.0M   0%        4
     404       0.0GiB       0.0GiB   0%        0.0M        0.0M   0%        4
     405       0.0GiB       0.0GiB   0%        0.0M        0.0M   0%        4
     406       0.0GiB       0.0GiB   0%        0.0M        0.0M   0%        4
     407       0.0GiB       0.0GiB   0%        0.0M        0.0M   0%        4
# WARNINGS (offline nodes, not in active pools): [ERROR from beegfs-storage colva1 [ID: 1]: Communication error]
 [ERROR from beegfs-storage colva1 [ID: 1]: Communication error]
 [ERROR from beegfs-storage colva1 [ID: 1]: Communication error]
 [ERRO

### MDS SPACE (METADATA) BEFORE large_contiguous_read_heavy_freq_102mb [HDD] run1
### Timestamp: 2026-04-03 05:07:48
TargetID        Total         Free    %      ITotal       IFree    %   NodeID
========        =====         ====    =      ======       =====    =   ======
       1     667.2GiB      38.4GiB   6%       44.5M       37.0M  83%        1

### FILE OST LAYOUT AFTER large_contiguous_read_heavy_freq_102mb [HDD] run1
### Timestamp: 2026-04-03 05:07:51
  FILE: /mnt/beegfs/advay/hdd/workloads/tmp/workload_large_contiguous_read_heavy_freq_102mb_f0
    Entry type: file
    EntryID: 0-69CEFDC9-1
    Stripe pattern details:
    + Type: RAID0
    + Chunksize: 1M
    + Number of storage targets: desired: 4; actual: 4
    + Storage targets:
      + 303 @ colva3 [ID: 3]
      + 202 @ colva2 [ID: 2]
      + 204 @ colva2 [ID: 2]
      + 302 @ colva3 [ID: 3]
    Chunk path: u3E9/6998/7/0-6998774B-1/0-69CEFDC9-1
    Inlined inode: yes
    Dentry info:
     + Path: 67/66/0-6998774B-1/
     + Metadata node: anjuna3 [ID: 1]

### OST SPACE (STORAGE) AFTER large_contiguous_read_heavy_freq_102mb [HDD] run1
### Timestamp: 2026-04-03 05:07:51
TargetID        Total         Free    %      ITotal       IFree    %   NodeID
========        =====         ====    =      ======       =====    =   ======
     101       0.0GiB       0.0GiB   0%        0.0M        0.0M   0%        1
     102       0.0GiB       0.0GiB   0%        0.0M        0.0M   0%        1
     103       0.0GiB       0.0GiB   0%        0.0M        0.0M   0%        1
     104       0.0GiB       0.0GiB   0%        0.0M        0.0M   0%        1
     105       0.0GiB       0.0GiB   0%        0.0M        0.0M   0%        1
     106       0.0GiB       0.0GiB   0%        0.0M        0.0M   0%        1
     107       0.0GiB       0.0GiB   0%        0.0M        0.0M   0%        1
     201    1862.1GiB     794.5GiB  43%      195.4M      195.3M 100%        2
     202    1862.1GiB     826.9GiB  44%      195.4M      195.3M 100%        2
     203    1862.1GiB     882.0GiB  47%      195.4M      195.3M 100%        2
     204    1862.1GiB     838.7GiB  45%      195.4M      195.3M 100%        2
     205     931.1GiB     801.3GiB  86%      488.4M      488.4M 100%        2
     206     931.1GiB     815.7GiB  88%      488.4M      488.4M 100%        2
     207     931.1GiB     818.4GiB  88%      488.4M      488.4M 100%        2
     301    1862.1GiB     503.5GiB  27%      195.4M      195.3M 100%        3
     302    1862.1GiB     538.6GiB  29%      195.4M      195.3M 100%        3
     303    1862.1GiB     610.5GiB  33%      195.4M      195.3M 100%        3
     304    1862.1GiB     560.3GiB  30%      195.4M      195.3M 100%        3
     305     931.1GiB     795.4GiB  85%      488.4M      488.4M 100%        3
     306     931.1GiB     807.2GiB  87%      488.4M      488.2M 100%        3
     307     931.1GiB     457.8GiB  49%      488.4M      488.4M 100%        3
     401       0.0GiB       0.0GiB   0%        0.0M        0.0M   0%        4
     402       0.0GiB       0.0GiB   0%        0.0M        0.0M   0%        4
     403       0.0GiB       0.0GiB   0%        0.0M        0.0M   0%        4
     404       0.0GiB       0.0GiB   0%        0.0M        0.0M   0%        4
     405       0.0GiB       0.0GiB   0%        0.0M        0.0M   0%        4
     406       0.0GiB       0.0GiB   0%        0.0M        0.0M   0%        4
     407       0.0GiB       0.0GiB   0%        0.0M        0.0M   0%        4
# WARNINGS (offline nodes, not in active pools): [ERROR from beegfs-storage colva1 [ID: 1]: Communication error]
 [ERROR from beegfs-storage colva1 [ID: 1]: Communication error]
 [ERROR from beegfs-storage colva1 [ID: 1]: Communication error]
 [ERRO

### MDS SPACE (METADATA) AFTER large_contiguous_read_heavy_freq_102mb [HDD] run1
### Timestamp: 2026-04-03 05:09:15
TargetID        Total         Free    %      ITotal       IFree    %   NodeID
========        =====         ====    =      ======       =====    =   ======
       1     667.2GiB      38.4GiB   6%       44.5M       37.0M  83%        1

### OST SPACE (STORAGE) BEFORE large_contiguous_read_heavy_freq_102mb [HDD] run2
### Timestamp: 2026-04-03 05:11:16
TargetID        Total         Free    %      ITotal       IFree    %   NodeID
========        =====         ====    =      ======       =====    =   ======
     101       0.0GiB       0.0GiB   0%        0.0M        0.0M   0%        1
     102       0.0GiB       0.0GiB   0%        0.0M        0.0M   0%        1
     103       0.0GiB       0.0GiB   0%        0.0M        0.0M   0%        1
     104       0.0GiB       0.0GiB   0%        0.0M        0.0M   0%        1
     105       0.0GiB       0.0GiB   0%        0.0M        0.0M   0%        1
     106       0.0GiB       0.0GiB   0%        0.0M        0.0M   0%        1
     107       0.0GiB       0.0GiB   0%        0.0M        0.0M   0%        1
     201    1862.1GiB     794.5GiB  43%      195.4M      195.3M 100%        2
     202    1862.1GiB     826.9GiB  44%      195.4M      195.3M 100%        2
     203    1862.1GiB     882.0GiB  47%      195.4M      195.3M 100%        2
     204    1862.1GiB     838.7GiB  45%      195.4M      195.3M 100%        2
     205     931.1GiB     801.3GiB  86%      488.4M      488.4M 100%        2
     206     931.1GiB     815.7GiB  88%      488.4M      488.4M 100%        2
     207     931.1GiB     818.4GiB  88%      488.4M      488.4M 100%        2
     301    1862.1GiB     503.5GiB  27%      195.4M      195.3M 100%        3
     302    1862.1GiB     538.6GiB  29%      195.4M      195.3M 100%        3
     303    1862.1GiB     610.5GiB  33%      195.4M      195.3M 100%        3
     304    1862.1GiB     560.3GiB  30%      195.4M      195.3M 100%        3
     305     931.1GiB     795.4GiB  85%      488.4M      488.4M 100%        3
     306     931.1GiB     807.2GiB  87%      488.4M      488.2M 100%        3
     307     931.1GiB     457.8GiB  49%      488.4M      488.4M 100%        3
     401       0.0GiB       0.0GiB   0%        0.0M        0.0M   0%        4
     402       0.0GiB       0.0GiB   0%        0.0M        0.0M   0%        4
     403       0.0GiB       0.0GiB   0%        0.0M        0.0M   0%        4
     404       0.0GiB       0.0GiB   0%        0.0M        0.0M   0%        4
     405       0.0GiB       0.0GiB   0%        0.0M        0.0M   0%        4
     406       0.0GiB       0.0GiB   0%        0.0M        0.0M   0%        4
     407       0.0GiB       0.0GiB   0%        0.0M        0.0M   0%        4
# WARNINGS (offline nodes, not in active pools): [ERROR from beegfs-storage colva1 [ID: 1]: Communication error]
 [ERROR from beegfs-storage colva1 [ID: 1]: Communication error]
 [ERROR from beegfs-storage colva1 [ID: 1]: Communication error]
 [ERRO

### MDS SPACE (METADATA) BEFORE large_contiguous_read_heavy_freq_102mb [HDD] run2
### Timestamp: 2026-04-03 05:12:39
TargetID        Total         Free    %      ITotal       IFree    %   NodeID
========        =====         ====    =      ======       =====    =   ======
       1     667.2GiB      38.4GiB   6%       44.5M       37.0M  83%        1

### FILE OST LAYOUT AFTER large_contiguous_read_heavy_freq_102mb [HDD] run2
### Timestamp: 2026-04-03 05:12:42
  FILE: /mnt/beegfs/advay/hdd/workloads/tmp/workload_large_contiguous_read_heavy_freq_102mb_f0
    Entry type: file
    EntryID: 0-69CEFEC5-1
    Stripe pattern details:
    + Type: RAID0
    + Chunksize: 1M
    + Number of storage targets: desired: 4; actual: 4
    + Storage targets:
      + 304 @ colva3 [ID: 3]
      + 202 @ colva2 [ID: 2]
      + 204 @ colva2 [ID: 2]
      + 301 @ colva3 [ID: 3]
    Chunk path: u3E9/6998/7/0-6998774B-1/0-69CEFEC5-1
    Inlined inode: yes
    Dentry info:
     + Path: 67/66/0-6998774B-1/
     + Metadata node: anjuna3 [ID: 1]

### OST SPACE (STORAGE) AFTER large_contiguous_read_heavy_freq_102mb [HDD] run2
### Timestamp: 2026-04-03 05:12:42
TargetID        Total         Free    %      ITotal       IFree    %   NodeID
========        =====         ====    =      ======       =====    =   ======
     101       0.0GiB       0.0GiB   0%        0.0M        0.0M   0%        1
     102       0.0GiB       0.0GiB   0%        0.0M        0.0M   0%        1
     103       0.0GiB       0.0GiB   0%        0.0M        0.0M   0%        1
     104       0.0GiB       0.0GiB   0%        0.0M        0.0M   0%        1
     105       0.0GiB       0.0GiB   0%        0.0M        0.0M   0%        1
     106       0.0GiB       0.0GiB   0%        0.0M        0.0M   0%        1
     107       0.0GiB       0.0GiB   0%        0.0M        0.0M   0%        1
     201    1862.1GiB     794.5GiB  43%      195.4M      195.3M 100%        2
     202    1862.1GiB     826.9GiB  44%      195.4M      195.3M 100%        2
     203    1862.1GiB     882.0GiB  47%      195.4M      195.3M 100%        2
     204    1862.1GiB     838.7GiB  45%      195.4M      195.3M 100%        2
     205     931.1GiB     801.3GiB  86%      488.4M      488.4M 100%        2
     206     931.1GiB     815.7GiB  88%      488.4M      488.4M 100%        2
     207     931.1GiB     818.4GiB  88%      488.4M      488.4M 100%        2
     301    1862.1GiB     503.5GiB  27%      195.4M      195.3M 100%        3
     302    1862.1GiB     538.6GiB  29%      195.4M      195.3M 100%        3
     303    1862.1GiB     610.6GiB  33%      195.4M      195.3M 100%        3
     304    1862.1GiB     560.3GiB  30%      195.4M      195.3M 100%        3
     305     931.1GiB     795.4GiB  85%      488.4M      488.4M 100%        3
     306     931.1GiB     807.2GiB  87%      488.4M      488.2M 100%        3
     307     931.1GiB     457.8GiB  49%      488.4M      488.4M 100%        3
     401       0.0GiB       0.0GiB   0%        0.0M        0.0M   0%        4
     402       0.0GiB       0.0GiB   0%        0.0M        0.0M   0%        4
     403       0.0GiB       0.0GiB   0%        0.0M        0.0M   0%        4
     404       0.0GiB       0.0GiB   0%        0.0M        0.0M   0%        4
     405       0.0GiB       0.0GiB   0%        0.0M        0.0M   0%        4
     406       0.0GiB       0.0GiB   0%        0.0M        0.0M   0%        4
     407       0.0GiB       0.0GiB   0%        0.0M        0.0M   0%        4
# WARNINGS (offline nodes, not in active pools): [ERROR from beegfs-storage colva1 [ID: 1]: Communication error]
 [ERROR from beegfs-storage colva1 [ID: 1]: Communication error]
 [ERROR from beegfs-storage colva1 [ID: 1]: Communication error]
 [ERRO

### MDS SPACE (METADATA) AFTER large_contiguous_read_heavy_freq_102mb [HDD] run2
### Timestamp: 2026-04-03 05:14:07
TargetID        Total         Free    %      ITotal       IFree    %   NodeID
========        =====         ====    =      ======       =====    =   ======
       1     667.2GiB      38.4GiB   6%       44.5M       37.0M  83%        1

### OST SPACE (STORAGE) BEFORE large_contiguous_read_heavy_freq_102mb [HDD] run3
### Timestamp: 2026-04-03 05:16:07
TargetID        Total         Free    %      ITotal       IFree    %   NodeID
========        =====         ====    =      ======       =====    =   ======
     101       0.0GiB       0.0GiB   0%        0.0M        0.0M   0%        1
     102       0.0GiB       0.0GiB   0%        0.0M        0.0M   0%        1
     103       0.0GiB       0.0GiB   0%        0.0M        0.0M   0%        1
     104       0.0GiB       0.0GiB   0%        0.0M        0.0M   0%        1
     105       0.0GiB       0.0GiB   0%        0.0M        0.0M   0%        1
     106       0.0GiB       0.0GiB   0%        0.0M        0.0M   0%        1
     107       0.0GiB       0.0GiB   0%        0.0M        0.0M   0%        1
     201    1862.1GiB     794.5GiB  43%      195.4M      195.3M 100%        2
     202    1862.1GiB     826.9GiB  44%      195.4M      195.3M 100%        2
     203    1862.1GiB     882.0GiB  47%      195.4M      195.3M 100%        2
     204    1862.1GiB     838.7GiB  45%      195.4M      195.3M 100%        2
     205     931.1GiB     801.3GiB  86%      488.4M      488.4M 100%        2
     206     931.1GiB     815.7GiB  88%      488.4M      488.4M 100%        2
     207     931.1GiB     818.4GiB  88%      488.4M      488.4M 100%        2
     301    1862.1GiB     503.5GiB  27%      195.4M      195.3M 100%        3
     302    1862.1GiB     538.6GiB  29%      195.4M      195.3M 100%        3
     303    1862.1GiB     610.6GiB  33%      195.4M      195.3M 100%        3
     304    1862.1GiB     560.3GiB  30%      195.4M      195.3M 100%        3
     305     931.1GiB     795.4GiB  85%      488.4M      488.4M 100%        3
     306     931.1GiB     807.2GiB  87%      488.4M      488.2M 100%        3
     307     931.1GiB     457.8GiB  49%      488.4M      488.4M 100%        3
     401       0.0GiB       0.0GiB   0%        0.0M        0.0M   0%        4
     402       0.0GiB       0.0GiB   0%        0.0M        0.0M   0%        4
     403       0.0GiB       0.0GiB   0%        0.0M        0.0M   0%        4
     404       0.0GiB       0.0GiB   0%        0.0M        0.0M   0%        4
     405       0.0GiB       0.0GiB   0%        0.0M        0.0M   0%        4
     406       0.0GiB       0.0GiB   0%        0.0M        0.0M   0%        4
     407       0.0GiB       0.0GiB   0%        0.0M        0.0M   0%        4
# WARNINGS (offline nodes, not in active pools): [ERROR from beegfs-storage colva1 [ID: 1]: Communication error]
 [ERROR from beegfs-storage colva1 [ID: 1]: Communication error]
 [ERROR from beegfs-storage colva1 [ID: 1]: Communication error]
 [ERRO

### MDS SPACE (METADATA) BEFORE large_contiguous_read_heavy_freq_102mb [HDD] run3
### Timestamp: 2026-04-03 05:17:31
TargetID        Total         Free    %      ITotal       IFree    %   NodeID
========        =====         ====    =      ======       =====    =   ======
       1     667.2GiB      38.4GiB   6%       44.5M       37.0M  83%        1

### FILE OST LAYOUT AFTER large_contiguous_read_heavy_freq_102mb [HDD] run3
### Timestamp: 2026-04-03 05:17:34
  FILE: /mnt/beegfs/advay/hdd/workloads/tmp/workload_large_contiguous_read_heavy_freq_102mb_f0
    Entry type: file
    EntryID: 0-69CF0000-1
    Stripe pattern details:
    + Type: RAID0
    + Chunksize: 1M
    + Number of storage targets: desired: 4; actual: 4
    + Storage targets:
      + 303 @ colva3 [ID: 3]
      + 201 @ colva2 [ID: 2]
      + 202 @ colva2 [ID: 2]
      + 301 @ colva3 [ID: 3]
    Chunk path: u3E9/6998/7/0-6998774B-1/0-69CF0000-1
    Inlined inode: yes
    Dentry info:
     + Path: 67/66/0-6998774B-1/
     + Metadata node: anjuna3 [ID: 1]

### OST SPACE (STORAGE) AFTER large_contiguous_read_heavy_freq_102mb [HDD] run3
### Timestamp: 2026-04-03 05:17:34
TargetID        Total         Free    %      ITotal       IFree    %   NodeID
========        =====         ====    =      ======       =====    =   ======
     101       0.0GiB       0.0GiB   0%        0.0M        0.0M   0%        1
     102       0.0GiB       0.0GiB   0%        0.0M        0.0M   0%        1
     103       0.0GiB       0.0GiB   0%        0.0M        0.0M   0%        1
     104       0.0GiB       0.0GiB   0%        0.0M        0.0M   0%        1
     105       0.0GiB       0.0GiB   0%        0.0M        0.0M   0%        1
     106       0.0GiB       0.0GiB   0%        0.0M        0.0M   0%        1
     107       0.0GiB       0.0GiB   0%        0.0M        0.0M   0%        1
     201    1862.1GiB     794.5GiB  43%      195.4M      195.3M 100%        2
     202    1862.1GiB     826.9GiB  44%      195.4M      195.3M 100%        2
     203    1862.1GiB     882.0GiB  47%      195.4M      195.3M 100%        2
     204    1862.1GiB     838.7GiB  45%      195.4M      195.3M 100%        2
     205     931.1GiB     801.3GiB  86%      488.4M      488.4M 100%        2
     206     931.1GiB     815.7GiB  88%      488.4M      488.4M 100%        2
     207     931.1GiB     818.4GiB  88%      488.4M      488.4M 100%        2
     301    1862.1GiB     503.5GiB  27%      195.4M      195.3M 100%        3
     302    1862.1GiB     538.6GiB  29%      195.4M      195.3M 100%        3
     303    1862.1GiB     610.5GiB  33%      195.4M      195.3M 100%        3
     304    1862.1GiB     560.3GiB  30%      195.4M      195.3M 100%        3
     305     931.1GiB     795.4GiB  85%      488.4M      488.4M 100%        3
     306     931.1GiB     807.2GiB  87%      488.4M      488.2M 100%        3
     307     931.1GiB     457.8GiB  49%      488.4M      488.4M 100%        3
     401       0.0GiB       0.0GiB   0%        0.0M        0.0M   0%        4
     402       0.0GiB       0.0GiB   0%        0.0M        0.0M   0%        4
     403       0.0GiB       0.0GiB   0%        0.0M        0.0M   0%        4
     404       0.0GiB       0.0GiB   0%        0.0M        0.0M   0%        4
     405       0.0GiB       0.0GiB   0%        0.0M        0.0M   0%        4
     406       0.0GiB       0.0GiB   0%        0.0M        0.0M   0%        4
     407       0.0GiB       0.0GiB   0%        0.0M        0.0M   0%        4
# WARNINGS (offline nodes, not in active pools): [ERROR from beegfs-storage colva1 [ID: 1]: Communication error]
 [ERROR from beegfs-storage colva1 [ID: 1]: Communication error]
 [ERROR from beegfs-storage colva1 [ID: 1]: Communication error]
 [ERRO

### MDS SPACE (METADATA) AFTER large_contiguous_read_heavy_freq_102mb [HDD] run3
### Timestamp: 2026-04-03 05:18:57
TargetID        Total         Free    %      ITotal       IFree    %   NodeID
========        =====         ====    =      ======       =====    =   ======
       1     667.2GiB      38.4GiB   6%       44.5M       37.0M  83%        1

### OST SPACE (STORAGE) BEFORE large_contiguous_read_heavy_freq_102mb [SSD] run1
### Timestamp: 2026-04-03 05:20:57
TargetID        Total         Free    %      ITotal       IFree    %   NodeID
========        =====         ====    =      ======       =====    =   ======
     101       0.0GiB       0.0GiB   0%        0.0M        0.0M   0%        1
     102       0.0GiB       0.0GiB   0%        0.0M        0.0M   0%        1
     103       0.0GiB       0.0GiB   0%        0.0M        0.0M   0%        1
     104       0.0GiB       0.0GiB   0%        0.0M        0.0M   0%        1
     105       0.0GiB       0.0GiB   0%        0.0M        0.0M   0%        1
     106       0.0GiB       0.0GiB   0%        0.0M        0.0M   0%        1
     107       0.0GiB       0.0GiB   0%        0.0M        0.0M   0%        1
     201    1862.1GiB     794.5GiB  43%      195.4M      195.3M 100%        2
     202    1862.1GiB     827.0GiB  44%      195.4M      195.3M 100%        2
     203    1862.1GiB     882.0GiB  47%      195.4M      195.3M 100%        2
     204    1862.1GiB     838.7GiB  45%      195.4M      195.3M 100%        2
     205     931.1GiB     801.3GiB  86%      488.4M      488.4M 100%        2
     206     931.1GiB     815.7GiB  88%      488.4M      488.4M 100%        2
     207     931.1GiB     818.4GiB  88%      488.4M      488.4M 100%        2
     301    1862.1GiB     503.5GiB  27%      195.4M      195.3M 100%        3
     302    1862.1GiB     538.6GiB  29%      195.4M      195.3M 100%        3
     303    1862.1GiB     610.6GiB  33%      195.4M      195.3M 100%        3
     304    1862.1GiB     560.3GiB  30%      195.4M      195.3M 100%        3
     305     931.1GiB     795.4GiB  85%      488.4M      488.4M 100%        3
     306     931.1GiB     807.2GiB  87%      488.4M      488.2M 100%        3
     307     931.1GiB     457.8GiB  49%      488.4M      488.4M 100%        3
     401       0.0GiB       0.0GiB   0%        0.0M        0.0M   0%        4
     402       0.0GiB       0.0GiB   0%        0.0M        0.0M   0%        4
     403       0.0GiB       0.0GiB   0%        0.0M        0.0M   0%        4
     404       0.0GiB       0.0GiB   0%        0.0M        0.0M   0%        4
     405       0.0GiB       0.0GiB   0%        0.0M        0.0M   0%        4
     406       0.0GiB       0.0GiB   0%        0.0M        0.0M   0%        4
     407       0.0GiB       0.0GiB   0%        0.0M        0.0M   0%        4
# WARNINGS (offline nodes, not in active pools): [ERROR from beegfs-storage colva1 [ID: 1]: Communication error]
 [ERROR from beegfs-storage colva1 [ID: 1]: Communication error]
 [ERROR from beegfs-storage colva1 [ID: 1]: Communication error]
 [ERRO

### MDS SPACE (METADATA) BEFORE large_contiguous_read_heavy_freq_102mb [SSD] run1
### Timestamp: 2026-04-03 05:22:21
TargetID        Total         Free    %      ITotal       IFree    %   NodeID
========        =====         ====    =      ======       =====    =   ======
       1     667.2GiB      38.4GiB   6%       44.5M       37.0M  83%        1

### FILE OST LAYOUT AFTER large_contiguous_read_heavy_freq_102mb [SSD] run1
### Timestamp: 2026-04-03 05:22:24
  FILE: /mnt/beegfs/advay/ssd/workloads/tmp/workload_large_contiguous_read_heavy_freq_102mb_f0
    Entry type: file
    EntryID: 0-69CF00FC-1
    Stripe pattern details:
    + Type: RAID0
    + Chunksize: 1M
    + Number of storage targets: desired: 4; actual: 4
    + Storage targets:
      + 207 @ colva2 [ID: 2]
      + 305 @ colva3 [ID: 3]
      + 306 @ colva3 [ID: 3]
      + 307 @ colva3 [ID: 3]
    Chunk path: u3E9/6998/D/1-6998D1FE-1/0-69CF00FC-1
    Inlined inode: yes
    Dentry info:
     + Path: 9/59/1-6998D1FE-1/
     + Metadata node: anjuna3 [ID: 1]

### OST SPACE (STORAGE) AFTER large_contiguous_read_heavy_freq_102mb [SSD] run1
### Timestamp: 2026-04-03 05:22:24
TargetID        Total         Free    %      ITotal       IFree    %   NodeID
========        =====         ====    =      ======       =====    =   ======
     101       0.0GiB       0.0GiB   0%        0.0M        0.0M   0%        1
     102       0.0GiB       0.0GiB   0%        0.0M        0.0M   0%        1
     103       0.0GiB       0.0GiB   0%        0.0M        0.0M   0%        1
     104       0.0GiB       0.0GiB   0%        0.0M        0.0M   0%        1
     105       0.0GiB       0.0GiB   0%        0.0M        0.0M   0%        1
     106       0.0GiB       0.0GiB   0%        0.0M        0.0M   0%        1
     107       0.0GiB       0.0GiB   0%        0.0M        0.0M   0%        1
     201    1862.1GiB     794.5GiB  43%      195.4M      195.3M 100%        2
     202    1862.1GiB     827.0GiB  44%      195.4M      195.3M 100%        2
     203    1862.1GiB     882.0GiB  47%      195.4M      195.3M 100%        2
     204    1862.1GiB     838.7GiB  45%      195.4M      195.3M 100%        2
     205     931.1GiB     801.3GiB  86%      488.4M      488.4M 100%        2
     206     931.1GiB     815.7GiB  88%      488.4M      488.4M 100%        2
     207     931.1GiB     818.4GiB  88%      488.4M      488.4M 100%        2
     301    1862.1GiB     503.5GiB  27%      195.4M      195.3M 100%        3
     302    1862.1GiB     538.6GiB  29%      195.4M      195.3M 100%        3
     303    1862.1GiB     610.6GiB  33%      195.4M      195.3M 100%        3
     304    1862.1GiB     560.3GiB  30%      195.4M      195.3M 100%        3
     305     931.1GiB     795.4GiB  85%      488.4M      488.4M 100%        3
     306     931.1GiB     807.2GiB  87%      488.4M      488.2M 100%        3
     307     931.1GiB     457.8GiB  49%      488.4M      488.4M 100%        3
     401       0.0GiB       0.0GiB   0%        0.0M        0.0M   0%        4
     402       0.0GiB       0.0GiB   0%        0.0M        0.0M   0%        4
     403       0.0GiB       0.0GiB   0%        0.0M        0.0M   0%        4
     404       0.0GiB       0.0GiB   0%        0.0M        0.0M   0%        4
     405       0.0GiB       0.0GiB   0%        0.0M        0.0M   0%        4
     406       0.0GiB       0.0GiB   0%        0.0M        0.0M   0%        4
     407       0.0GiB       0.0GiB   0%        0.0M        0.0M   0%        4
# WARNINGS (offline nodes, not in active pools): [ERROR from beegfs-storage colva1 [ID: 1]: Communication error]
 [ERROR from beegfs-storage colva1 [ID: 1]: Communication error]
 [ERROR from beegfs-storage colva1 [ID: 1]: Communication error]
 [ERRO

### MDS SPACE (METADATA) AFTER large_contiguous_read_heavy_freq_102mb [SSD] run1
### Timestamp: 2026-04-03 05:23:47
TargetID        Total         Free    %      ITotal       IFree    %   NodeID
========        =====         ====    =      ======       =====    =   ======
       1     667.2GiB      38.4GiB   6%       44.5M       37.0M  83%        1

### OST SPACE (STORAGE) BEFORE large_contiguous_read_heavy_freq_102mb [SSD] run2
### Timestamp: 2026-04-03 05:25:48
TargetID        Total         Free    %      ITotal       IFree    %   NodeID
========        =====         ====    =      ======       =====    =   ======
     101       0.0GiB       0.0GiB   0%        0.0M        0.0M   0%        1
     102       0.0GiB       0.0GiB   0%        0.0M        0.0M   0%        1
     103       0.0GiB       0.0GiB   0%        0.0M        0.0M   0%        1
     104       0.0GiB       0.0GiB   0%        0.0M        0.0M   0%        1
     105       0.0GiB       0.0GiB   0%        0.0M        0.0M   0%        1
     106       0.0GiB       0.0GiB   0%        0.0M        0.0M   0%        1
     107       0.0GiB       0.0GiB   0%        0.0M        0.0M   0%        1
     201    1862.1GiB     794.5GiB  43%      195.4M      195.3M 100%        2
     202    1862.1GiB     827.0GiB  44%      195.4M      195.3M 100%        2
     203    1862.1GiB     882.0GiB  47%      195.4M      195.3M 100%        2
     204    1862.1GiB     838.7GiB  45%      195.4M      195.3M 100%        2
     205     931.1GiB     801.3GiB  86%      488.4M      488.4M 100%        2
     206     931.1GiB     815.7GiB  88%      488.4M      488.4M 100%        2
     207     931.1GiB     818.4GiB  88%      488.4M      488.4M 100%        2
     301    1862.1GiB     503.5GiB  27%      195.4M      195.3M 100%        3
     302    1862.1GiB     538.6GiB  29%      195.4M      195.3M 100%        3
     303    1862.1GiB     610.6GiB  33%      195.4M      195.3M 100%        3
     304    1862.1GiB     560.3GiB  30%      195.4M      195.3M 100%        3
     305     931.1GiB     795.4GiB  85%      488.4M      488.4M 100%        3
     306     931.1GiB     807.2GiB  87%      488.4M      488.2M 100%        3
     307     931.1GiB     457.8GiB  49%      488.4M      488.4M 100%        3
     401       0.0GiB       0.0GiB   0%        0.0M        0.0M   0%        4
     402       0.0GiB       0.0GiB   0%        0.0M        0.0M   0%        4
     403       0.0GiB       0.0GiB   0%        0.0M        0.0M   0%        4
     404       0.0GiB       0.0GiB   0%        0.0M        0.0M   0%        4
     405       0.0GiB       0.0GiB   0%        0.0M        0.0M   0%        4
     406       0.0GiB       0.0GiB   0%        0.0M        0.0M   0%        4
     407       0.0GiB       0.0GiB   0%        0.0M        0.0M   0%        4
# WARNINGS (offline nodes, not in active pools): [ERROR from beegfs-storage colva1 [ID: 1]: Communication error]
 [ERROR from beegfs-storage colva1 [ID: 1]: Communication error]
 [ERROR from beegfs-storage colva1 [ID: 1]: Communication error]
 [ERRO

### MDS SPACE (METADATA) BEFORE large_contiguous_read_heavy_freq_102mb [SSD] run2
### Timestamp: 2026-04-03 05:27:11
TargetID        Total         Free    %      ITotal       IFree    %   NodeID
========        =====         ====    =      ======       =====    =   ======
       1     667.2GiB      38.4GiB   6%       44.5M       37.0M  83%        1

### FILE OST LAYOUT AFTER large_contiguous_read_heavy_freq_102mb [SSD] run2
### Timestamp: 2026-04-03 05:27:15
  FILE: /mnt/beegfs/advay/ssd/workloads/tmp/workload_large_contiguous_read_heavy_freq_102mb_f0
    Entry type: file
    EntryID: 0-69CF0237-1
    Stripe pattern details:
    + Type: RAID0
    + Chunksize: 1M
    + Number of storage targets: desired: 4; actual: 4
    + Storage targets:
      + 305 @ colva3 [ID: 3]
      + 306 @ colva3 [ID: 3]
      + 307 @ colva3 [ID: 3]
      + 206 @ colva2 [ID: 2]
    Chunk path: u3E9/6998/D/1-6998D1FE-1/0-69CF0237-1
    Inlined inode: yes
    Dentry info:
     + Path: 9/59/1-6998D1FE-1/
     + Metadata node: anjuna3 [ID: 1]

### OST SPACE (STORAGE) AFTER large_contiguous_read_heavy_freq_102mb [SSD] run2
### Timestamp: 2026-04-03 05:27:15
TargetID        Total         Free    %      ITotal       IFree    %   NodeID
========        =====         ====    =      ======       =====    =   ======
     101       0.0GiB       0.0GiB   0%        0.0M        0.0M   0%        1
     102       0.0GiB       0.0GiB   0%        0.0M        0.0M   0%        1
     103       0.0GiB       0.0GiB   0%        0.0M        0.0M   0%        1
     104       0.0GiB       0.0GiB   0%        0.0M        0.0M   0%        1
     105       0.0GiB       0.0GiB   0%        0.0M        0.0M   0%        1
     106       0.0GiB       0.0GiB   0%        0.0M        0.0M   0%        1
     107       0.0GiB       0.0GiB   0%        0.0M        0.0M   0%        1
     201    1862.1GiB     794.5GiB  43%      195.4M      195.3M 100%        2
     202    1862.1GiB     827.0GiB  44%      195.4M      195.3M 100%        2
     203    1862.1GiB     882.0GiB  47%      195.4M      195.3M 100%        2
     204    1862.1GiB     838.7GiB  45%      195.4M      195.3M 100%        2
     205     931.1GiB     801.3GiB  86%      488.4M      488.4M 100%        2
     206     931.1GiB     815.6GiB  88%      488.4M      488.4M 100%        2
     207     931.1GiB     818.4GiB  88%      488.4M      488.4M 100%        2
     301    1862.1GiB     503.5GiB  27%      195.4M      195.3M 100%        3
     302    1862.1GiB     538.6GiB  29%      195.4M      195.3M 100%        3
     303    1862.1GiB     610.6GiB  33%      195.4M      195.3M 100%        3
     304    1862.1GiB     560.3GiB  30%      195.4M      195.3M 100%        3
     305     931.1GiB     795.4GiB  85%      488.4M      488.4M 100%        3
     306     931.1GiB     807.2GiB  87%      488.4M      488.2M 100%        3
     307     931.1GiB     457.8GiB  49%      488.4M      488.4M 100%        3
     401       0.0GiB       0.0GiB   0%        0.0M        0.0M   0%        4
     402       0.0GiB       0.0GiB   0%        0.0M        0.0M   0%        4
     403       0.0GiB       0.0GiB   0%        0.0M        0.0M   0%        4
     404       0.0GiB       0.0GiB   0%        0.0M        0.0M   0%        4
     405       0.0GiB       0.0GiB   0%        0.0M        0.0M   0%        4
     406       0.0GiB       0.0GiB   0%        0.0M        0.0M   0%        4
     407       0.0GiB       0.0GiB   0%        0.0M        0.0M   0%        4
# WARNINGS (offline nodes, not in active pools): [ERROR from beegfs-storage colva1 [ID: 1]: Communication error]
 [ERROR from beegfs-storage colva1 [ID: 1]: Communication error]
 [ERROR from beegfs-storage colva1 [ID: 1]: Communication error]
 [ERRO

### MDS SPACE (METADATA) AFTER large_contiguous_read_heavy_freq_102mb [SSD] run2
### Timestamp: 2026-04-03 05:28:38
TargetID        Total         Free    %      ITotal       IFree    %   NodeID
========        =====         ====    =      ======       =====    =   ======
       1     667.2GiB      38.4GiB   6%       44.5M       37.0M  83%        1

### OST SPACE (STORAGE) BEFORE large_contiguous_read_heavy_freq_102mb [SSD] run3
### Timestamp: 2026-04-03 05:30:38
TargetID        Total         Free    %      ITotal       IFree    %   NodeID
========        =====         ====    =      ======       =====    =   ======
     101       0.0GiB       0.0GiB   0%        0.0M        0.0M   0%        1
     102       0.0GiB       0.0GiB   0%        0.0M        0.0M   0%        1
     103       0.0GiB       0.0GiB   0%        0.0M        0.0M   0%        1
     104       0.0GiB       0.0GiB   0%        0.0M        0.0M   0%        1
     105       0.0GiB       0.0GiB   0%        0.0M        0.0M   0%        1
     106       0.0GiB       0.0GiB   0%        0.0M        0.0M   0%        1
     107       0.0GiB       0.0GiB   0%        0.0M        0.0M   0%        1
     201    1862.1GiB     794.5GiB  43%      195.4M      195.3M 100%        2
     202    1862.1GiB     827.0GiB  44%      195.4M      195.3M 100%        2
     203    1862.1GiB     882.0GiB  47%      195.4M      195.3M 100%        2
     204    1862.1GiB     838.7GiB  45%      195.4M      195.3M 100%        2
     205     931.1GiB     801.3GiB  86%      488.4M      488.4M 100%        2
     206     931.1GiB     815.6GiB  88%      488.4M      488.4M 100%        2
     207     931.1GiB     818.4GiB  88%      488.4M      488.4M 100%        2
     301    1862.1GiB     503.5GiB  27%      195.4M      195.3M 100%        3
     302    1862.1GiB     538.6GiB  29%      195.4M      195.3M 100%        3
     303    1862.1GiB     610.6GiB  33%      195.4M      195.3M 100%        3
     304    1862.1GiB     560.3GiB  30%      195.4M      195.3M 100%        3
     305     931.1GiB     795.4GiB  85%      488.4M      488.4M 100%        3
     306     931.1GiB     807.2GiB  87%      488.4M      488.2M 100%        3
     307     931.1GiB     457.8GiB  49%      488.4M      488.4M 100%        3
     401       0.0GiB       0.0GiB   0%        0.0M        0.0M   0%        4
     402       0.0GiB       0.0GiB   0%        0.0M        0.0M   0%        4
     403       0.0GiB       0.0GiB   0%        0.0M        0.0M   0%        4
     404       0.0GiB       0.0GiB   0%        0.0M        0.0M   0%        4
     405       0.0GiB       0.0GiB   0%        0.0M        0.0M   0%        4
     406       0.0GiB       0.0GiB   0%        0.0M        0.0M   0%        4
     407       0.0GiB       0.0GiB   0%        0.0M        0.0M   0%        4
# WARNINGS (offline nodes, not in active pools): [ERROR from beegfs-storage colva1 [ID: 1]: Communication error]
 [ERROR from beegfs-storage colva1 [ID: 1]: Communication error]
 [ERROR from beegfs-storage colva1 [ID: 1]: Communication error]
 [ERRO

### MDS SPACE (METADATA) BEFORE large_contiguous_read_heavy_freq_102mb [SSD] run3
### Timestamp: 2026-04-03 05:32:02
TargetID        Total         Free    %      ITotal       IFree    %   NodeID
========        =====         ====    =      ======       =====    =   ======
       1     667.2GiB      38.4GiB   6%       44.5M       37.0M  83%        1

### FILE OST LAYOUT AFTER large_contiguous_read_heavy_freq_102mb [SSD] run3
### Timestamp: 2026-04-03 05:32:05
  FILE: /mnt/beegfs/advay/ssd/workloads/tmp/workload_large_contiguous_read_heavy_freq_102mb_f0
    Entry type: file
    EntryID: 0-69CF0372-1
    Stripe pattern details:
    + Type: RAID0
    + Chunksize: 1M
    + Number of storage targets: desired: 4; actual: 4
    + Storage targets:
      + 307 @ colva3 [ID: 3]
      + 205 @ colva2 [ID: 2]
      + 206 @ colva2 [ID: 2]
      + 207 @ colva2 [ID: 2]
    Chunk path: u3E9/6998/D/1-6998D1FE-1/0-69CF0372-1
    Inlined inode: yes
    Dentry info:
     + Path: 9/59/1-6998D1FE-1/
     + Metadata node: anjuna3 [ID: 1]

### OST SPACE (STORAGE) AFTER large_contiguous_read_heavy_freq_102mb [SSD] run3
### Timestamp: 2026-04-03 05:32:05
TargetID        Total         Free    %      ITotal       IFree    %   NodeID
========        =====         ====    =      ======       =====    =   ======
     101       0.0GiB       0.0GiB   0%        0.0M        0.0M   0%        1
     102       0.0GiB       0.0GiB   0%        0.0M        0.0M   0%        1
     103       0.0GiB       0.0GiB   0%        0.0M        0.0M   0%        1
     104       0.0GiB       0.0GiB   0%        0.0M        0.0M   0%        1
     105       0.0GiB       0.0GiB   0%        0.0M        0.0M   0%        1
     106       0.0GiB       0.0GiB   0%        0.0M        0.0M   0%        1
     107       0.0GiB       0.0GiB   0%        0.0M        0.0M   0%        1
     201    1862.1GiB     794.5GiB  43%      195.4M      195.3M 100%        2
     202    1862.1GiB     827.0GiB  44%      195.4M      195.3M 100%        2
     203    1862.1GiB     882.0GiB  47%      195.4M      195.3M 100%        2
     204    1862.1GiB     838.7GiB  45%      195.4M      195.3M 100%        2
     205     931.1GiB     801.3GiB  86%      488.4M      488.4M 100%        2
     206     931.1GiB     815.6GiB  88%      488.4M      488.4M 100%        2
     207     931.1GiB     818.4GiB  88%      488.4M      488.4M 100%        2
     301    1862.1GiB     503.5GiB  27%      195.4M      195.3M 100%        3
     302    1862.1GiB     538.6GiB  29%      195.4M      195.3M 100%        3
     303    1862.1GiB     610.6GiB  33%      195.4M      195.3M 100%        3
     304    1862.1GiB     560.3GiB  30%      195.4M      195.3M 100%        3
     305     931.1GiB     795.4GiB  85%      488.4M      488.4M 100%        3
     306     931.1GiB     807.2GiB  87%      488.4M      488.2M 100%        3
     307     931.1GiB     457.8GiB  49%      488.4M      488.4M 100%        3
     401       0.0GiB       0.0GiB   0%        0.0M        0.0M   0%        4
     402       0.0GiB       0.0GiB   0%        0.0M        0.0M   0%        4
     403       0.0GiB       0.0GiB   0%        0.0M        0.0M   0%        4
     404       0.0GiB       0.0GiB   0%        0.0M        0.0M   0%        4
     405       0.0GiB       0.0GiB   0%        0.0M        0.0M   0%        4
     406       0.0GiB       0.0GiB   0%        0.0M        0.0M   0%        4
     407       0.0GiB       0.0GiB   0%        0.0M        0.0M   0%        4
# WARNINGS (offline nodes, not in active pools): [ERROR from beegfs-storage colva1 [ID: 1]: Communication error]
 [ERROR from beegfs-storage colva1 [ID: 1]: Communication error]
 [ERROR from beegfs-storage colva1 [ID: 1]: Communication error]
 [ERRO

### MDS SPACE (METADATA) AFTER large_contiguous_read_heavy_freq_102mb [SSD] run3
### Timestamp: 2026-04-03 05:33:28
TargetID        Total         Free    %      ITotal       IFree    %   NodeID
========        =====         ====    =      ======       =====    =   ======
       1     667.2GiB      38.4GiB   6%       44.5M       37.0M  83%        1

### OST SPACE (STORAGE) BEFORE large_contiguous_read_heavy_freq_1gb [HDD] run1
### Timestamp: 2026-04-03 05:35:28
TargetID        Total         Free    %      ITotal       IFree    %   NodeID
========        =====         ====    =      ======       =====    =   ======
     101       0.0GiB       0.0GiB   0%        0.0M        0.0M   0%        1
     102       0.0GiB       0.0GiB   0%        0.0M        0.0M   0%        1
     103       0.0GiB       0.0GiB   0%        0.0M        0.0M   0%        1
     104       0.0GiB       0.0GiB   0%        0.0M        0.0M   0%        1
     105       0.0GiB       0.0GiB   0%        0.0M        0.0M   0%        1
     106       0.0GiB       0.0GiB   0%        0.0M        0.0M   0%        1
     107       0.0GiB       0.0GiB   0%        0.0M        0.0M   0%        1
     201    1862.1GiB     794.5GiB  43%      195.4M      195.3M 100%        2
     202    1862.1GiB     827.0GiB  44%      195.4M      195.3M 100%        2
     203    1862.1GiB     882.0GiB  47%      195.4M      195.3M 100%        2
     204    1862.1GiB     838.7GiB  45%      195.4M      195.3M 100%        2
     205     931.1GiB     801.3GiB  86%      488.4M      488.4M 100%        2
     206     931.1GiB     815.7GiB  88%      488.4M      488.4M 100%        2
     207     931.1GiB     818.4GiB  88%      488.4M      488.4M 100%        2
     301    1862.1GiB     503.5GiB  27%      195.4M      195.3M 100%        3
     302    1862.1GiB     538.6GiB  29%      195.4M      195.3M 100%        3
     303    1862.1GiB     610.6GiB  33%      195.4M      195.3M 100%        3
     304    1862.1GiB     560.3GiB  30%      195.4M      195.3M 100%        3
     305     931.1GiB     795.4GiB  85%      488.4M      488.4M 100%        3
     306     931.1GiB     807.2GiB  87%      488.4M      488.2M 100%        3
     307     931.1GiB     457.8GiB  49%      488.4M      488.4M 100%        3
     401       0.0GiB       0.0GiB   0%        0.0M        0.0M   0%        4
     402       0.0GiB       0.0GiB   0%        0.0M        0.0M   0%        4
     403       0.0GiB       0.0GiB   0%        0.0M        0.0M   0%        4
     404       0.0GiB       0.0GiB   0%        0.0M        0.0M   0%        4
     405       0.0GiB       0.0GiB   0%        0.0M        0.0M   0%        4
     406       0.0GiB       0.0GiB   0%        0.0M        0.0M   0%        4
     407       0.0GiB       0.0GiB   0%        0.0M        0.0M   0%        4
# WARNINGS (offline nodes, not in active pools): [ERROR from beegfs-storage colva1 [ID: 1]: Communication error]
 [ERROR from beegfs-storage colva1 [ID: 1]: Communication error]
 [ERROR from beegfs-storage colva1 [ID: 1]: Communication error]
 [ERRO

### MDS SPACE (METADATA) BEFORE large_contiguous_read_heavy_freq_1gb [HDD] run1
### Timestamp: 2026-04-03 05:36:52
TargetID        Total         Free    %      ITotal       IFree    %   NodeID
========        =====         ====    =      ======       =====    =   ======
       1     667.2GiB      38.4GiB   6%       44.5M       37.0M  83%        1

### FILE OST LAYOUT AFTER large_contiguous_read_heavy_freq_1gb [HDD] run1
### Timestamp: 2026-04-03 05:37:03
  FILE: /mnt/beegfs/advay/hdd/workloads/tmp/workload_large_contiguous_read_heavy_freq_1gb_f0
    Entry type: file
    EntryID: 0-69CF046D-1
    Stripe pattern details:
    + Type: RAID0
    + Chunksize: 1M
    + Number of storage targets: desired: 4; actual: 4
    + Storage targets:
      + 202 @ colva2 [ID: 2]
      + 204 @ colva2 [ID: 2]
      + 301 @ colva3 [ID: 3]
      + 304 @ colva3 [ID: 3]
    Chunk path: u3E9/6998/7/0-6998774B-1/0-69CF046D-1
    Inlined inode: yes
    Dentry info:
     + Path: 67/66/0-6998774B-1/
     + Metadata node: anjuna3 [ID: 1]

### OST SPACE (STORAGE) AFTER large_contiguous_read_heavy_freq_1gb [HDD] run1
### Timestamp: 2026-04-03 05:37:03
TargetID        Total         Free    %      ITotal       IFree    %   NodeID
========        =====         ====    =      ======       =====    =   ======
     101       0.0GiB       0.0GiB   0%        0.0M        0.0M   0%        1
     102       0.0GiB       0.0GiB   0%        0.0M        0.0M   0%        1
     103       0.0GiB       0.0GiB   0%        0.0M        0.0M   0%        1
     104       0.0GiB       0.0GiB   0%        0.0M        0.0M   0%        1
     105       0.0GiB       0.0GiB   0%        0.0M        0.0M   0%        1
     106       0.0GiB       0.0GiB   0%        0.0M        0.0M   0%        1
     107       0.0GiB       0.0GiB   0%        0.0M        0.0M   0%        1
     201    1862.1GiB     794.5GiB  43%      195.4M      195.3M 100%        2
     202    1862.1GiB     826.7GiB  44%      195.4M      195.3M 100%        2
     203    1862.1GiB     882.0GiB  47%      195.4M      195.3M 100%        2
     204    1862.1GiB     838.4GiB  45%      195.4M      195.3M 100%        2
     205     931.1GiB     801.3GiB  86%      488.4M      488.4M 100%        2
     206     931.1GiB     815.7GiB  88%      488.4M      488.4M 100%        2
     207     931.1GiB     818.4GiB  88%      488.4M      488.4M 100%        2
     301    1862.1GiB     503.3GiB  27%      195.4M      195.3M 100%        3
     302    1862.1GiB     538.6GiB  29%      195.4M      195.3M 100%        3
     303    1862.1GiB     610.6GiB  33%      195.4M      195.3M 100%        3
     304    1862.1GiB     560.0GiB  30%      195.4M      195.3M 100%        3
     305     931.1GiB     795.4GiB  85%      488.4M      488.4M 100%        3
     306     931.1GiB     807.2GiB  87%      488.4M      488.2M 100%        3
     307     931.1GiB     457.8GiB  49%      488.4M      488.4M 100%        3
     401       0.0GiB       0.0GiB   0%        0.0M        0.0M   0%        4
     402       0.0GiB       0.0GiB   0%        0.0M        0.0M   0%        4
     403       0.0GiB       0.0GiB   0%        0.0M        0.0M   0%        4
     404       0.0GiB       0.0GiB   0%        0.0M        0.0M   0%        4
     405       0.0GiB       0.0GiB   0%        0.0M        0.0M   0%        4
     406       0.0GiB       0.0GiB   0%        0.0M        0.0M   0%        4
     407       0.0GiB       0.0GiB   0%        0.0M        0.0M   0%        4
# WARNINGS (offline nodes, not in active pools): [ERROR from beegfs-storage colva1 [ID: 1]: Communication error]
 [ERROR from beegfs-storage colva1 [ID: 1]: Communication error]
 [ERROR from beegfs-storage colva1 [ID: 1]: Communication error]
 [ERRO

### MDS SPACE (METADATA) AFTER large_contiguous_read_heavy_freq_1gb [HDD] run1
### Timestamp: 2026-04-03 05:38:28
TargetID        Total         Free    %      ITotal       IFree    %   NodeID
========        =====         ====    =      ======       =====    =   ======
       1     667.2GiB      38.4GiB   6%       44.5M       37.0M  83%        1

### OST SPACE (STORAGE) BEFORE large_contiguous_read_heavy_freq_1gb [HDD] run2
### Timestamp: 2026-04-03 05:40:28
TargetID        Total         Free    %      ITotal       IFree    %   NodeID
========        =====         ====    =      ======       =====    =   ======
     101       0.0GiB       0.0GiB   0%        0.0M        0.0M   0%        1
     102       0.0GiB       0.0GiB   0%        0.0M        0.0M   0%        1
     103       0.0GiB       0.0GiB   0%        0.0M        0.0M   0%        1
     104       0.0GiB       0.0GiB   0%        0.0M        0.0M   0%        1
     105       0.0GiB       0.0GiB   0%        0.0M        0.0M   0%        1
     106       0.0GiB       0.0GiB   0%        0.0M        0.0M   0%        1
     107       0.0GiB       0.0GiB   0%        0.0M        0.0M   0%        1
     201    1862.1GiB     794.5GiB  43%      195.4M      195.3M 100%        2
     202    1862.1GiB     826.7GiB  44%      195.4M      195.3M 100%        2
     203    1862.1GiB     882.0GiB  47%      195.4M      195.3M 100%        2
     204    1862.1GiB     838.4GiB  45%      195.4M      195.3M 100%        2
     205     931.1GiB     801.3GiB  86%      488.4M      488.4M 100%        2
     206     931.1GiB     815.7GiB  88%      488.4M      488.4M 100%        2
     207     931.1GiB     818.4GiB  88%      488.4M      488.4M 100%        2
     301    1862.1GiB     503.3GiB  27%      195.4M      195.3M 100%        3
     302    1862.1GiB     538.6GiB  29%      195.4M      195.3M 100%        3
     303    1862.1GiB     610.6GiB  33%      195.4M      195.3M 100%        3
     304    1862.1GiB     560.0GiB  30%      195.4M      195.3M 100%        3
     305     931.1GiB     795.4GiB  85%      488.4M      488.4M 100%        3
     306     931.1GiB     807.2GiB  87%      488.4M      488.2M 100%        3
     307     931.1GiB     457.8GiB  49%      488.4M      488.4M 100%        3
     401       0.0GiB       0.0GiB   0%        0.0M        0.0M   0%        4
     402       0.0GiB       0.0GiB   0%        0.0M        0.0M   0%        4
     403       0.0GiB       0.0GiB   0%        0.0M        0.0M   0%        4
     404       0.0GiB       0.0GiB   0%        0.0M        0.0M   0%        4
     405       0.0GiB       0.0GiB   0%        0.0M        0.0M   0%        4
     406       0.0GiB       0.0GiB   0%        0.0M        0.0M   0%        4
     407       0.0GiB       0.0GiB   0%        0.0M        0.0M   0%        4
# WARNINGS (offline nodes, not in active pools): [ERROR from beegfs-storage colva1 [ID: 1]: Communication error]
 [ERROR from beegfs-storage colva1 [ID: 1]: Communication error]
 [ERROR from beegfs-storage colva1 [ID: 1]: Communication error]
 [ERRO

### MDS SPACE (METADATA) BEFORE large_contiguous_read_heavy_freq_1gb [HDD] run2
### Timestamp: 2026-04-03 05:41:52
TargetID        Total         Free    %      ITotal       IFree    %   NodeID
========        =====         ====    =      ======       =====    =   ======
       1     667.2GiB      38.4GiB   6%       44.5M       37.0M  83%        1

### FILE OST LAYOUT AFTER large_contiguous_read_heavy_freq_1gb [HDD] run2
### Timestamp: 2026-04-03 05:42:02
  FILE: /mnt/beegfs/advay/hdd/workloads/tmp/workload_large_contiguous_read_heavy_freq_1gb_f0
    Entry type: file
    EntryID: 0-69CF05A8-1
    Stripe pattern details:
    + Type: RAID0
    + Chunksize: 1M
    + Number of storage targets: desired: 4; actual: 4
    + Storage targets:
      + 203 @ colva2 [ID: 2]
      + 204 @ colva2 [ID: 2]
      + 302 @ colva3 [ID: 3]
      + 304 @ colva3 [ID: 3]
    Chunk path: u3E9/6998/7/0-6998774B-1/0-69CF05A8-1
    Inlined inode: yes
    Dentry info:
     + Path: 67/66/0-6998774B-1/
     + Metadata node: anjuna3 [ID: 1]

### OST SPACE (STORAGE) AFTER large_contiguous_read_heavy_freq_1gb [HDD] run2
### Timestamp: 2026-04-03 05:42:02
TargetID        Total         Free    %      ITotal       IFree    %   NodeID
========        =====         ====    =      ======       =====    =   ======
     101       0.0GiB       0.0GiB   0%        0.0M        0.0M   0%        1
     102       0.0GiB       0.0GiB   0%        0.0M        0.0M   0%        1
     103       0.0GiB       0.0GiB   0%        0.0M        0.0M   0%        1
     104       0.0GiB       0.0GiB   0%        0.0M        0.0M   0%        1
     105       0.0GiB       0.0GiB   0%        0.0M        0.0M   0%        1
     106       0.0GiB       0.0GiB   0%        0.0M        0.0M   0%        1
     107       0.0GiB       0.0GiB   0%        0.0M        0.0M   0%        1
     201    1862.1GiB     794.5GiB  43%      195.4M      195.3M 100%        2
     202    1862.1GiB     827.0GiB  44%      195.4M      195.3M 100%        2
     203    1862.1GiB     881.7GiB  47%      195.4M      195.3M 100%        2
     204    1862.1GiB     838.4GiB  45%      195.4M      195.3M 100%        2
     205     931.1GiB     801.3GiB  86%      488.4M      488.4M 100%        2
     206     931.1GiB     815.7GiB  88%      488.4M      488.4M 100%        2
     207     931.1GiB     818.4GiB  88%      488.4M      488.4M 100%        2
     301    1862.1GiB     503.5GiB  27%      195.4M      195.3M 100%        3
     302    1862.1GiB     538.4GiB  29%      195.4M      195.3M 100%        3
     303    1862.1GiB     610.6GiB  33%      195.4M      195.3M 100%        3
     304    1862.1GiB     560.0GiB  30%      195.4M      195.3M 100%        3
     305     931.1GiB     795.4GiB  85%      488.4M      488.4M 100%        3
     306     931.1GiB     807.2GiB  87%      488.4M      488.2M 100%        3
     307     931.1GiB     457.8GiB  49%      488.4M      488.4M 100%        3
     401       0.0GiB       0.0GiB   0%        0.0M        0.0M   0%        4
     402       0.0GiB       0.0GiB   0%        0.0M        0.0M   0%        4
     403       0.0GiB       0.0GiB   0%        0.0M        0.0M   0%        4
     404       0.0GiB       0.0GiB   0%        0.0M        0.0M   0%        4
     405       0.0GiB       0.0GiB   0%        0.0M        0.0M   0%        4
     406       0.0GiB       0.0GiB   0%        0.0M        0.0M   0%        4
     407       0.0GiB       0.0GiB   0%        0.0M        0.0M   0%        4
# WARNINGS (offline nodes, not in active pools): [ERROR from beegfs-storage colva1 [ID: 1]: Communication error]
 [ERROR from beegfs-storage colva1 [ID: 1]: Communication error]
 [ERROR from beegfs-storage colva1 [ID: 1]: Communication error]
 [ERRO

### MDS SPACE (METADATA) AFTER large_contiguous_read_heavy_freq_1gb [HDD] run2
### Timestamp: 2026-04-03 05:43:27
TargetID        Total         Free    %      ITotal       IFree    %   NodeID
========        =====         ====    =      ======       =====    =   ======
       1     667.2GiB      38.4GiB   6%       44.5M       37.0M  83%        1

### OST SPACE (STORAGE) BEFORE large_contiguous_read_heavy_freq_1gb [HDD] run3
### Timestamp: 2026-04-03 05:45:28
TargetID        Total         Free    %      ITotal       IFree    %   NodeID
========        =====         ====    =      ======       =====    =   ======
     101       0.0GiB       0.0GiB   0%        0.0M        0.0M   0%        1
     102       0.0GiB       0.0GiB   0%        0.0M        0.0M   0%        1
     103       0.0GiB       0.0GiB   0%        0.0M        0.0M   0%        1
     104       0.0GiB       0.0GiB   0%        0.0M        0.0M   0%        1
     105       0.0GiB       0.0GiB   0%        0.0M        0.0M   0%        1
     106       0.0GiB       0.0GiB   0%        0.0M        0.0M   0%        1
     107       0.0GiB       0.0GiB   0%        0.0M        0.0M   0%        1
     201    1862.1GiB     794.5GiB  43%      195.4M      195.3M 100%        2
     202    1862.1GiB     827.0GiB  44%      195.4M      195.3M 100%        2
     203    1862.1GiB     881.7GiB  47%      195.4M      195.3M 100%        2
     204    1862.1GiB     838.4GiB  45%      195.4M      195.3M 100%        2
     205     931.1GiB     801.3GiB  86%      488.4M      488.4M 100%        2
     206     931.1GiB     815.7GiB  88%      488.4M      488.4M 100%        2
     207     931.1GiB     818.4GiB  88%      488.4M      488.4M 100%        2
     301    1862.1GiB     503.5GiB  27%      195.4M      195.3M 100%        3
     302    1862.1GiB     538.4GiB  29%      195.4M      195.3M 100%        3
     303    1862.1GiB     610.6GiB  33%      195.4M      195.3M 100%        3
     304    1862.1GiB     560.0GiB  30%      195.4M      195.3M 100%        3
     305     931.1GiB     795.4GiB  85%      488.4M      488.4M 100%        3
     306     931.1GiB     807.2GiB  87%      488.4M      488.2M 100%        3
     307     931.1GiB     457.8GiB  49%      488.4M      488.4M 100%        3
     401       0.0GiB       0.0GiB   0%        0.0M        0.0M   0%        4
     402       0.0GiB       0.0GiB   0%        0.0M        0.0M   0%        4
     403       0.0GiB       0.0GiB   0%        0.0M        0.0M   0%        4
     404       0.0GiB       0.0GiB   0%        0.0M        0.0M   0%        4
     405       0.0GiB       0.0GiB   0%        0.0M        0.0M   0%        4
     406       0.0GiB       0.0GiB   0%        0.0M        0.0M   0%        4
     407       0.0GiB       0.0GiB   0%        0.0M        0.0M   0%        4
# WARNINGS (offline nodes, not in active pools): [ERROR from beegfs-storage colva1 [ID: 1]: Communication error]
 [ERROR from beegfs-storage colva1 [ID: 1]: Communication error]
 [ERROR from beegfs-storage colva1 [ID: 1]: Communication error]
 [ERRO

### MDS SPACE (METADATA) BEFORE large_contiguous_read_heavy_freq_1gb [HDD] run3
### Timestamp: 2026-04-03 05:46:52
TargetID        Total         Free    %      ITotal       IFree    %   NodeID
========        =====         ====    =      ======       =====    =   ======
       1     667.2GiB      38.4GiB   6%       44.5M       37.0M  83%        1

### FILE OST LAYOUT AFTER large_contiguous_read_heavy_freq_1gb [HDD] run3
### Timestamp: 2026-04-03 05:47:02
  FILE: /mnt/beegfs/advay/hdd/workloads/tmp/workload_large_contiguous_read_heavy_freq_1gb_f0
    Entry type: file
    EntryID: 0-69CF06E3-1
    Stripe pattern details:
    + Type: RAID0
    + Chunksize: 1M
    + Number of storage targets: desired: 4; actual: 4
    + Storage targets:
      + 201 @ colva2 [ID: 2]
      + 203 @ colva2 [ID: 2]
      + 204 @ colva2 [ID: 2]
      + 302 @ colva3 [ID: 3]
    Chunk path: u3E9/6998/7/0-6998774B-1/0-69CF06E3-1
    Inlined inode: yes
    Dentry info:
     + Path: 67/66/0-6998774B-1/
     + Metadata node: anjuna3 [ID: 1]

### OST SPACE (STORAGE) AFTER large_contiguous_read_heavy_freq_1gb [HDD] run3
### Timestamp: 2026-04-03 05:47:02
TargetID        Total         Free    %      ITotal       IFree    %   NodeID
========        =====         ====    =      ======       =====    =   ======
     101       0.0GiB       0.0GiB   0%        0.0M        0.0M   0%        1
     102       0.0GiB       0.0GiB   0%        0.0M        0.0M   0%        1
     103       0.0GiB       0.0GiB   0%        0.0M        0.0M   0%        1
     104       0.0GiB       0.0GiB   0%        0.0M        0.0M   0%        1
     105       0.0GiB       0.0GiB   0%        0.0M        0.0M   0%        1
     106       0.0GiB       0.0GiB   0%        0.0M        0.0M   0%        1
     107       0.0GiB       0.0GiB   0%        0.0M        0.0M   0%        1
     201    1862.1GiB     794.3GiB  43%      195.4M      195.3M 100%        2
     202    1862.1GiB     827.0GiB  44%      195.4M      195.3M 100%        2
     203    1862.1GiB     881.7GiB  47%      195.4M      195.3M 100%        2
     204    1862.1GiB     838.4GiB  45%      195.4M      195.3M 100%        2
     205     931.1GiB     801.3GiB  86%      488.4M      488.4M 100%        2
     206     931.1GiB     815.7GiB  88%      488.4M      488.4M 100%        2
     207     931.1GiB     818.4GiB  88%      488.4M      488.4M 100%        2
     301    1862.1GiB     503.5GiB  27%      195.4M      195.3M 100%        3
     302    1862.1GiB     538.4GiB  29%      195.4M      195.3M 100%        3
     303    1862.1GiB     610.6GiB  33%      195.4M      195.3M 100%        3
     304    1862.1GiB     560.3GiB  30%      195.4M      195.3M 100%        3
     305     931.1GiB     795.4GiB  85%      488.4M      488.4M 100%        3
     306     931.1GiB     807.2GiB  87%      488.4M      488.2M 100%        3
     307     931.1GiB     457.8GiB  49%      488.4M      488.4M 100%        3
     401       0.0GiB       0.0GiB   0%        0.0M        0.0M   0%        4
     402       0.0GiB       0.0GiB   0%        0.0M        0.0M   0%        4
     403       0.0GiB       0.0GiB   0%        0.0M        0.0M   0%        4
     404       0.0GiB       0.0GiB   0%        0.0M        0.0M   0%        4
     405       0.0GiB       0.0GiB   0%        0.0M        0.0M   0%        4
     406       0.0GiB       0.0GiB   0%        0.0M        0.0M   0%        4
     407       0.0GiB       0.0GiB   0%        0.0M        0.0M   0%        4
# WARNINGS (offline nodes, not in active pools): [ERROR from beegfs-storage colva1 [ID: 1]: Communication error]
 [ERROR from beegfs-storage colva1 [ID: 1]: Communication error]
 [ERROR from beegfs-storage colva1 [ID: 1]: Communication error]
 [ERRO

### MDS SPACE (METADATA) AFTER large_contiguous_read_heavy_freq_1gb [HDD] run3
### Timestamp: 2026-04-03 05:48:27
TargetID        Total         Free    %      ITotal       IFree    %   NodeID
========        =====         ====    =      ======       =====    =   ======
       1     667.2GiB      38.4GiB   6%       44.5M       37.0M  83%        1

### OST SPACE (STORAGE) BEFORE large_contiguous_read_heavy_freq_1gb [SSD] run1
### Timestamp: 2026-04-03 05:50:28
TargetID        Total         Free    %      ITotal       IFree    %   NodeID
========        =====         ====    =      ======       =====    =   ======
     101       0.0GiB       0.0GiB   0%        0.0M        0.0M   0%        1
     102       0.0GiB       0.0GiB   0%        0.0M        0.0M   0%        1
     103       0.0GiB       0.0GiB   0%        0.0M        0.0M   0%        1
     104       0.0GiB       0.0GiB   0%        0.0M        0.0M   0%        1
     105       0.0GiB       0.0GiB   0%        0.0M        0.0M   0%        1
     106       0.0GiB       0.0GiB   0%        0.0M        0.0M   0%        1
     107       0.0GiB       0.0GiB   0%        0.0M        0.0M   0%        1
     201    1862.1GiB     794.5GiB  43%      195.4M      195.3M 100%        2
     202    1862.1GiB     827.0GiB  44%      195.4M      195.3M 100%        2
     203    1862.1GiB     882.0GiB  47%      195.4M      195.3M 100%        2
     204    1862.1GiB     838.7GiB  45%      195.4M      195.3M 100%        2
     205     931.1GiB     801.3GiB  86%      488.4M      488.4M 100%        2
     206     931.1GiB     815.7GiB  88%      488.4M      488.4M 100%        2
     207     931.1GiB     818.4GiB  88%      488.4M      488.4M 100%        2
     301    1862.1GiB     503.5GiB  27%      195.4M      195.3M 100%        3
     302    1862.1GiB     538.6GiB  29%      195.4M      195.3M 100%        3
     303    1862.1GiB     610.6GiB  33%      195.4M      195.3M 100%        3
     304    1862.1GiB     560.3GiB  30%      195.4M      195.3M 100%        3
     305     931.1GiB     795.4GiB  85%      488.4M      488.4M 100%        3
     306     931.1GiB     807.2GiB  87%      488.4M      488.2M 100%        3
     307     931.1GiB     457.8GiB  49%      488.4M      488.4M 100%        3
     401       0.0GiB       0.0GiB   0%        0.0M        0.0M   0%        4
     402       0.0GiB       0.0GiB   0%        0.0M        0.0M   0%        4
     403       0.0GiB       0.0GiB   0%        0.0M        0.0M   0%        4
     404       0.0GiB       0.0GiB   0%        0.0M        0.0M   0%        4
     405       0.0GiB       0.0GiB   0%        0.0M        0.0M   0%        4
     406       0.0GiB       0.0GiB   0%        0.0M        0.0M   0%        4
     407       0.0GiB       0.0GiB   0%        0.0M        0.0M   0%        4
# WARNINGS (offline nodes, not in active pools): [ERROR from beegfs-storage colva1 [ID: 1]: Communication error]
 [ERROR from beegfs-storage colva1 [ID: 1]: Communication error]
 [ERROR from beegfs-storage colva1 [ID: 1]: Communication error]
 [ERRO

### MDS SPACE (METADATA) BEFORE large_contiguous_read_heavy_freq_1gb [SSD] run1
### Timestamp: 2026-04-03 05:51:51
TargetID        Total         Free    %      ITotal       IFree    %   NodeID
========        =====         ====    =      ======       =====    =   ======
       1     667.2GiB      38.4GiB   6%       44.5M       37.0M  83%        1

### FILE OST LAYOUT AFTER large_contiguous_read_heavy_freq_1gb [SSD] run1
### Timestamp: 2026-04-03 05:52:01
  FILE: /mnt/beegfs/advay/ssd/workloads/tmp/workload_large_contiguous_read_heavy_freq_1gb_f0
    Entry type: file
    EntryID: 0-69CF081E-1
    Stripe pattern details:
    + Type: RAID0
    + Chunksize: 1M
    + Number of storage targets: desired: 4; actual: 4
    + Storage targets:
      + 306 @ colva3 [ID: 3]
      + 307 @ colva3 [ID: 3]
      + 205 @ colva2 [ID: 2]
      + 305 @ colva3 [ID: 3]
    Chunk path: u3E9/6998/D/1-6998D1FE-1/0-69CF081E-1
    Inlined inode: yes
    Dentry info:
     + Path: 9/59/1-6998D1FE-1/
     + Metadata node: anjuna3 [ID: 1]

### OST SPACE (STORAGE) AFTER large_contiguous_read_heavy_freq_1gb [SSD] run1
### Timestamp: 2026-04-03 05:52:01
TargetID        Total         Free    %      ITotal       IFree    %   NodeID
========        =====         ====    =      ======       =====    =   ======
     101       0.0GiB       0.0GiB   0%        0.0M        0.0M   0%        1
     102       0.0GiB       0.0GiB   0%        0.0M        0.0M   0%        1
     103       0.0GiB       0.0GiB   0%        0.0M        0.0M   0%        1
     104       0.0GiB       0.0GiB   0%        0.0M        0.0M   0%        1
     105       0.0GiB       0.0GiB   0%        0.0M        0.0M   0%        1
     106       0.0GiB       0.0GiB   0%        0.0M        0.0M   0%        1
     107       0.0GiB       0.0GiB   0%        0.0M        0.0M   0%        1
     201    1862.1GiB     794.5GiB  43%      195.4M      195.3M 100%        2
     202    1862.1GiB     827.0GiB  44%      195.4M      195.3M 100%        2
     203    1862.1GiB     882.0GiB  47%      195.4M      195.3M 100%        2
     204    1862.1GiB     838.7GiB  45%      195.4M      195.3M 100%        2
     205     931.1GiB     801.1GiB  86%      488.4M      488.4M 100%        2
     206     931.1GiB     815.7GiB  88%      488.4M      488.4M 100%        2
     207     931.1GiB     818.4GiB  88%      488.4M      488.4M 100%        2
     301    1862.1GiB     503.5GiB  27%      195.4M      195.3M 100%        3
     302    1862.1GiB     538.6GiB  29%      195.4M      195.3M 100%        3
     303    1862.1GiB     610.6GiB  33%      195.4M      195.3M 100%        3
     304    1862.1GiB     560.3GiB  30%      195.4M      195.3M 100%        3
     305     931.1GiB     795.1GiB  85%      488.4M      488.4M 100%        3
     306     931.1GiB     806.9GiB  87%      488.4M      488.2M 100%        3
     307     931.1GiB     457.5GiB  49%      488.4M      488.4M 100%        3
     401       0.0GiB       0.0GiB   0%        0.0M        0.0M   0%        4
     402       0.0GiB       0.0GiB   0%        0.0M        0.0M   0%        4
     403       0.0GiB       0.0GiB   0%        0.0M        0.0M   0%        4
     404       0.0GiB       0.0GiB   0%        0.0M        0.0M   0%        4
     405       0.0GiB       0.0GiB   0%        0.0M        0.0M   0%        4
     406       0.0GiB       0.0GiB   0%        0.0M        0.0M   0%        4
     407       0.0GiB       0.0GiB   0%        0.0M        0.0M   0%        4
# WARNINGS (offline nodes, not in active pools): [ERROR from beegfs-storage colva1 [ID: 1]: Communication error]
 [ERROR from beegfs-storage colva1 [ID: 1]: Communication error]
 [ERROR from beegfs-storage colva1 [ID: 1]: Communication error]
 [ERRO

### MDS SPACE (METADATA) AFTER large_contiguous_read_heavy_freq_1gb [SSD] run1
### Timestamp: 2026-04-03 05:53:27
TargetID        Total         Free    %      ITotal       IFree    %   NodeID
========        =====         ====    =      ======       =====    =   ======
       1     667.2GiB      38.4GiB   6%       44.5M       37.0M  83%        1

### OST SPACE (STORAGE) BEFORE large_contiguous_read_heavy_freq_1gb [SSD] run2
### Timestamp: 2026-04-03 05:55:27
TargetID        Total         Free    %      ITotal       IFree    %   NodeID
========        =====         ====    =      ======       =====    =   ======
     101       0.0GiB       0.0GiB   0%        0.0M        0.0M   0%        1
     102       0.0GiB       0.0GiB   0%        0.0M        0.0M   0%        1
     103       0.0GiB       0.0GiB   0%        0.0M        0.0M   0%        1
     104       0.0GiB       0.0GiB   0%        0.0M        0.0M   0%        1
     105       0.0GiB       0.0GiB   0%        0.0M        0.0M   0%        1
     106       0.0GiB       0.0GiB   0%        0.0M        0.0M   0%        1
     107       0.0GiB       0.0GiB   0%        0.0M        0.0M   0%        1
     201    1862.1GiB     794.5GiB  43%      195.4M      195.3M 100%        2
     202    1862.1GiB     827.0GiB  44%      195.4M      195.3M 100%        2
     203    1862.1GiB     882.0GiB  47%      195.4M      195.3M 100%        2
     204    1862.1GiB     838.7GiB  45%      195.4M      195.3M 100%        2
     205     931.1GiB     801.1GiB  86%      488.4M      488.4M 100%        2
     206     931.1GiB     815.7GiB  88%      488.4M      488.4M 100%        2
     207     931.1GiB     818.4GiB  88%      488.4M      488.4M 100%        2
     301    1862.1GiB     503.5GiB  27%      195.4M      195.3M 100%        3
     302    1862.1GiB     538.6GiB  29%      195.4M      195.3M 100%        3
     303    1862.1GiB     610.6GiB  33%      195.4M      195.3M 100%        3
     304    1862.1GiB     560.3GiB  30%      195.4M      195.3M 100%        3
     305     931.1GiB     795.1GiB  85%      488.4M      488.4M 100%        3
     306     931.1GiB     806.9GiB  87%      488.4M      488.2M 100%        3
     307     931.1GiB     457.5GiB  49%      488.4M      488.4M 100%        3
     401       0.0GiB       0.0GiB   0%        0.0M        0.0M   0%        4
     402       0.0GiB       0.0GiB   0%        0.0M        0.0M   0%        4
     403       0.0GiB       0.0GiB   0%        0.0M        0.0M   0%        4
     404       0.0GiB       0.0GiB   0%        0.0M        0.0M   0%        4
     405       0.0GiB       0.0GiB   0%        0.0M        0.0M   0%        4
     406       0.0GiB       0.0GiB   0%        0.0M        0.0M   0%        4
     407       0.0GiB       0.0GiB   0%        0.0M        0.0M   0%        4
# WARNINGS (offline nodes, not in active pools): [ERROR from beegfs-storage colva1 [ID: 1]: Communication error]
 [ERROR from beegfs-storage colva1 [ID: 1]: Communication error]
 [ERROR from beegfs-storage colva1 [ID: 1]: Communication error]
 [ERRO

### MDS SPACE (METADATA) BEFORE large_contiguous_read_heavy_freq_1gb [SSD] run2
### Timestamp: 2026-04-03 05:56:50
TargetID        Total         Free    %      ITotal       IFree    %   NodeID
========        =====         ====    =      ======       =====    =   ======
       1     667.2GiB      38.4GiB   6%       44.5M       37.0M  83%        1

### FILE OST LAYOUT AFTER large_contiguous_read_heavy_freq_1gb [SSD] run2
### Timestamp: 2026-04-03 05:57:00
  FILE: /mnt/beegfs/advay/ssd/workloads/tmp/workload_large_contiguous_read_heavy_freq_1gb_f0
    Entry type: file
    EntryID: 0-69CF091A-1
    Stripe pattern details:
    + Type: RAID0
    + Chunksize: 1M
    + Number of storage targets: desired: 4; actual: 4
    + Storage targets:
      + 206 @ colva2 [ID: 2]
      + 207 @ colva2 [ID: 2]
      + 305 @ colva3 [ID: 3]
      + 307 @ colva3 [ID: 3]
    Chunk path: u3E9/6998/D/1-6998D1FE-1/0-69CF091A-1
    Inlined inode: yes
    Dentry info:
     + Path: 9/59/1-6998D1FE-1/
     + Metadata node: anjuna3 [ID: 1]

### OST SPACE (STORAGE) AFTER large_contiguous_read_heavy_freq_1gb [SSD] run2
### Timestamp: 2026-04-03 05:57:00
TargetID        Total         Free    %      ITotal       IFree    %   NodeID
========        =====         ====    =      ======       =====    =   ======
     101       0.0GiB       0.0GiB   0%        0.0M        0.0M   0%        1
     102       0.0GiB       0.0GiB   0%        0.0M        0.0M   0%        1
     103       0.0GiB       0.0GiB   0%        0.0M        0.0M   0%        1
     104       0.0GiB       0.0GiB   0%        0.0M        0.0M   0%        1
     105       0.0GiB       0.0GiB   0%        0.0M        0.0M   0%        1
     106       0.0GiB       0.0GiB   0%        0.0M        0.0M   0%        1
     107       0.0GiB       0.0GiB   0%        0.0M        0.0M   0%        1
     201    1862.1GiB     794.5GiB  43%      195.4M      195.3M 100%        2
     202    1862.1GiB     827.0GiB  44%      195.4M      195.3M 100%        2
     203    1862.1GiB     882.0GiB  47%      195.4M      195.3M 100%        2
     204    1862.1GiB     838.7GiB  45%      195.4M      195.3M 100%        2
     205     931.1GiB     801.3GiB  86%      488.4M      488.4M 100%        2
     206     931.1GiB     815.4GiB  88%      488.4M      488.4M 100%        2
     207     931.1GiB     818.2GiB  88%      488.4M      488.4M 100%        2
     301    1862.1GiB     503.5GiB  27%      195.4M      195.3M 100%        3
     302    1862.1GiB     538.6GiB  29%      195.4M      195.3M 100%        3
     303    1862.1GiB     610.6GiB  33%      195.4M      195.3M 100%        3
     304    1862.1GiB     560.3GiB  30%      195.4M      195.3M 100%        3
     305     931.1GiB     795.1GiB  85%      488.4M      488.4M 100%        3
     306     931.1GiB     807.2GiB  87%      488.4M      488.2M 100%        3
     307     931.1GiB     457.5GiB  49%      488.4M      488.4M 100%        3
     401       0.0GiB       0.0GiB   0%        0.0M        0.0M   0%        4
     402       0.0GiB       0.0GiB   0%        0.0M        0.0M   0%        4
     403       0.0GiB       0.0GiB   0%        0.0M        0.0M   0%        4
     404       0.0GiB       0.0GiB   0%        0.0M        0.0M   0%        4
     405       0.0GiB       0.0GiB   0%        0.0M        0.0M   0%        4
     406       0.0GiB       0.0GiB   0%        0.0M        0.0M   0%        4
     407       0.0GiB       0.0GiB   0%        0.0M        0.0M   0%        4
# WARNINGS (offline nodes, not in active pools): [ERROR from beegfs-storage colva1 [ID: 1]: Communication error]
 [ERROR from beegfs-storage colva1 [ID: 1]: Communication error]
 [ERROR from beegfs-storage colva1 [ID: 1]: Communication error]
 [ERRO

### MDS SPACE (METADATA) AFTER large_contiguous_read_heavy_freq_1gb [SSD] run2
### Timestamp: 2026-04-03 05:58:22
TargetID        Total         Free    %      ITotal       IFree    %   NodeID
========        =====         ====    =      ======       =====    =   ======
       1     667.2GiB      38.4GiB   6%       44.5M       37.0M  83%        1

### OST SPACE (STORAGE) BEFORE large_contiguous_read_heavy_freq_1gb [SSD] run3
### Timestamp: 2026-04-03 06:00:22
TargetID        Total         Free    %      ITotal       IFree    %   NodeID
========        =====         ====    =      ======       =====    =   ======
     101       0.0GiB       0.0GiB   0%        0.0M        0.0M   0%        1
     102       0.0GiB       0.0GiB   0%        0.0M        0.0M   0%        1
     103       0.0GiB       0.0GiB   0%        0.0M        0.0M   0%        1
     104       0.0GiB       0.0GiB   0%        0.0M        0.0M   0%        1
     105       0.0GiB       0.0GiB   0%        0.0M        0.0M   0%        1
     106       0.0GiB       0.0GiB   0%        0.0M        0.0M   0%        1
     107       0.0GiB       0.0GiB   0%        0.0M        0.0M   0%        1
     201    1862.1GiB     794.5GiB  43%      195.4M      195.3M 100%        2
     202    1862.1GiB     827.0GiB  44%      195.4M      195.3M 100%        2
     203    1862.1GiB     882.0GiB  47%      195.4M      195.3M 100%        2
     204    1862.1GiB     838.7GiB  45%      195.4M      195.3M 100%        2
     205     931.1GiB     801.3GiB  86%      488.4M      488.4M 100%        2
     206     931.1GiB     815.4GiB  88%      488.4M      488.4M 100%        2
     207     931.1GiB     818.2GiB  88%      488.4M      488.4M 100%        2
     301    1862.1GiB     503.5GiB  27%      195.4M      195.3M 100%        3
     302    1862.1GiB     538.6GiB  29%      195.4M      195.3M 100%        3
     303    1862.1GiB     610.6GiB  33%      195.4M      195.3M 100%        3
     304    1862.1GiB     560.3GiB  30%      195.4M      195.3M 100%        3
     305     931.1GiB     795.1GiB  85%      488.4M      488.4M 100%        3
     306     931.1GiB     807.2GiB  87%      488.4M      488.2M 100%        3
     307     931.1GiB     457.5GiB  49%      488.4M      488.4M 100%        3
     401       0.0GiB       0.0GiB   0%        0.0M        0.0M   0%        4
     402       0.0GiB       0.0GiB   0%        0.0M        0.0M   0%        4
     403       0.0GiB       0.0GiB   0%        0.0M        0.0M   0%        4
     404       0.0GiB       0.0GiB   0%        0.0M        0.0M   0%        4
     405       0.0GiB       0.0GiB   0%        0.0M        0.0M   0%        4
     406       0.0GiB       0.0GiB   0%        0.0M        0.0M   0%        4
     407       0.0GiB       0.0GiB   0%        0.0M        0.0M   0%        4
# WARNINGS (offline nodes, not in active pools): [ERROR from beegfs-storage colva1 [ID: 1]: Communication error]
 [ERROR from beegfs-storage colva1 [ID: 1]: Communication error]
 [ERROR from beegfs-storage colva1 [ID: 1]: Communication error]
 [ERRO

### MDS SPACE (METADATA) BEFORE large_contiguous_read_heavy_freq_1gb [SSD] run3
### Timestamp: 2026-04-03 06:01:46
TargetID        Total         Free    %      ITotal       IFree    %   NodeID
========        =====         ====    =      ======       =====    =   ======
       1     667.2GiB      38.4GiB   6%       44.5M       37.0M  83%        1

### FILE OST LAYOUT AFTER large_contiguous_read_heavy_freq_1gb [SSD] run3
### Timestamp: 2026-04-03 06:01:56
  FILE: /mnt/beegfs/advay/ssd/workloads/tmp/workload_large_contiguous_read_heavy_freq_1gb_f0
    Entry type: file
    EntryID: 0-69CF0A55-1
    Stripe pattern details:
    + Type: RAID0
    + Chunksize: 1M
    + Number of storage targets: desired: 4; actual: 4
    + Storage targets:
      + 307 @ colva3 [ID: 3]
      + 205 @ colva2 [ID: 2]
      + 206 @ colva2 [ID: 2]
      + 207 @ colva2 [ID: 2]
    Chunk path: u3E9/6998/D/1-6998D1FE-1/0-69CF0A55-1
    Inlined inode: yes
    Dentry info:
     + Path: 9/59/1-6998D1FE-1/
     + Metadata node: anjuna3 [ID: 1]

### OST SPACE (STORAGE) AFTER large_contiguous_read_heavy_freq_1gb [SSD] run3
### Timestamp: 2026-04-03 06:01:56
TargetID        Total         Free    %      ITotal       IFree    %   NodeID
========        =====         ====    =      ======       =====    =   ======
     101       0.0GiB       0.0GiB   0%        0.0M        0.0M   0%        1
     102       0.0GiB       0.0GiB   0%        0.0M        0.0M   0%        1
     103       0.0GiB       0.0GiB   0%        0.0M        0.0M   0%        1
     104       0.0GiB       0.0GiB   0%        0.0M        0.0M   0%        1
     105       0.0GiB       0.0GiB   0%        0.0M        0.0M   0%        1
     106       0.0GiB       0.0GiB   0%        0.0M        0.0M   0%        1
     107       0.0GiB       0.0GiB   0%        0.0M        0.0M   0%        1
     201    1862.1GiB     794.5GiB  43%      195.4M      195.3M 100%        2
     202    1862.1GiB     827.0GiB  44%      195.4M      195.3M 100%        2
     203    1862.1GiB     882.0GiB  47%      195.4M      195.3M 100%        2
     204    1862.1GiB     838.7GiB  45%      195.4M      195.3M 100%        2
     205     931.1GiB     801.1GiB  86%      488.4M      488.4M 100%        2
     206     931.1GiB     815.4GiB  88%      488.4M      488.4M 100%        2
     207     931.1GiB     818.2GiB  88%      488.4M      488.4M 100%        2
     301    1862.1GiB     503.5GiB  27%      195.4M      195.3M 100%        3
     302    1862.1GiB     538.6GiB  29%      195.4M      195.3M 100%        3
     303    1862.1GiB     610.6GiB  33%      195.4M      195.3M 100%        3
     304    1862.1GiB     560.3GiB  30%      195.4M      195.3M 100%        3
     305     931.1GiB     795.4GiB  85%      488.4M      488.4M 100%        3
     306     931.1GiB     807.2GiB  87%      488.4M      488.2M 100%        3
     307     931.1GiB     457.5GiB  49%      488.4M      488.4M 100%        3
     401       0.0GiB       0.0GiB   0%        0.0M        0.0M   0%        4
     402       0.0GiB       0.0GiB   0%        0.0M        0.0M   0%        4
     403       0.0GiB       0.0GiB   0%        0.0M        0.0M   0%        4
     404       0.0GiB       0.0GiB   0%        0.0M        0.0M   0%        4
     405       0.0GiB       0.0GiB   0%        0.0M        0.0M   0%        4
     406       0.0GiB       0.0GiB   0%        0.0M        0.0M   0%        4
     407       0.0GiB       0.0GiB   0%        0.0M        0.0M   0%        4
# WARNINGS (offline nodes, not in active pools): [ERROR from beegfs-storage colva1 [ID: 1]: Communication error]
 [ERROR from beegfs-storage colva1 [ID: 1]: Communication error]
 [ERROR from beegfs-storage colva1 [ID: 1]: Communication error]
 [ERRO

### MDS SPACE (METADATA) AFTER large_contiguous_read_heavy_freq_1gb [SSD] run3
### Timestamp: 2026-04-03 06:03:18
TargetID        Total         Free    %      ITotal       IFree    %   NodeID
========        =====         ====    =      ======       =====    =   ======
       1     667.2GiB      38.4GiB   6%       44.5M       37.0M  83%        1

### OST SPACE (STORAGE) BEFORE large_contiguous_read_heavy_freq_10gb [HDD] run1
### Timestamp: 2026-04-03 06:05:19
TargetID        Total         Free    %      ITotal       IFree    %   NodeID
========        =====         ====    =      ======       =====    =   ======
     101       0.0GiB       0.0GiB   0%        0.0M        0.0M   0%        1
     102       0.0GiB       0.0GiB   0%        0.0M        0.0M   0%        1
     103       0.0GiB       0.0GiB   0%        0.0M        0.0M   0%        1
     104       0.0GiB       0.0GiB   0%        0.0M        0.0M   0%        1
     105       0.0GiB       0.0GiB   0%        0.0M        0.0M   0%        1
     106       0.0GiB       0.0GiB   0%        0.0M        0.0M   0%        1
     107       0.0GiB       0.0GiB   0%        0.0M        0.0M   0%        1
     201    1862.1GiB     794.5GiB  43%      195.4M      195.3M 100%        2
     202    1862.1GiB     827.0GiB  44%      195.4M      195.3M 100%        2
     203    1862.1GiB     882.0GiB  47%      195.4M      195.3M 100%        2
     204    1862.1GiB     838.7GiB  45%      195.4M      195.3M 100%        2
     205     931.1GiB     801.3GiB  86%      488.4M      488.4M 100%        2
     206     931.1GiB     815.7GiB  88%      488.4M      488.4M 100%        2
     207     931.1GiB     818.4GiB  88%      488.4M      488.4M 100%        2
     301    1862.1GiB     503.5GiB  27%      195.4M      195.3M 100%        3
     302    1862.1GiB     538.6GiB  29%      195.4M      195.3M 100%        3
     303    1862.1GiB     610.6GiB  33%      195.4M      195.3M 100%        3
     304    1862.1GiB     560.3GiB  30%      195.4M      195.3M 100%        3
     305     931.1GiB     795.4GiB  85%      488.4M      488.4M 100%        3
     306     931.1GiB     807.2GiB  87%      488.4M      488.2M 100%        3
     307     931.1GiB     457.8GiB  49%      488.4M      488.4M 100%        3
     401       0.0GiB       0.0GiB   0%        0.0M        0.0M   0%        4
     402       0.0GiB       0.0GiB   0%        0.0M        0.0M   0%        4
     403       0.0GiB       0.0GiB   0%        0.0M        0.0M   0%        4
     404       0.0GiB       0.0GiB   0%        0.0M        0.0M   0%        4
     405       0.0GiB       0.0GiB   0%        0.0M        0.0M   0%        4
     406       0.0GiB       0.0GiB   0%        0.0M        0.0M   0%        4
     407       0.0GiB       0.0GiB   0%        0.0M        0.0M   0%        4
# WARNINGS (offline nodes, not in active pools): [ERROR from beegfs-storage colva1 [ID: 1]: Communication error]
 [ERROR from beegfs-storage colva1 [ID: 1]: Communication error]
 [ERROR from beegfs-storage colva1 [ID: 1]: Communication error]
 [ERRO

### MDS SPACE (METADATA) BEFORE large_contiguous_read_heavy_freq_10gb [HDD] run1
### Timestamp: 2026-04-03 06:06:42
TargetID        Total         Free    %      ITotal       IFree    %   NodeID
========        =====         ====    =      ======       =====    =   ======
       1     667.2GiB      38.4GiB   6%       44.5M       37.0M  83%        1

### FILE OST LAYOUT AFTER large_contiguous_read_heavy_freq_10gb [HDD] run1
### Timestamp: 2026-04-03 06:08:06
  FILE: /mnt/beegfs/advay/hdd/workloads/tmp/workload_large_contiguous_read_heavy_freq_10gb_f0
    Entry type: file
    EntryID: 0-69CF0B90-1
    Stripe pattern details:
    + Type: RAID0
    + Chunksize: 1M
    + Number of storage targets: desired: 4; actual: 4
    + Storage targets:
      + 202 @ colva2 [ID: 2]
      + 301 @ colva3 [ID: 3]
      + 303 @ colva3 [ID: 3]
      + 304 @ colva3 [ID: 3]
    Chunk path: u3E9/6998/7/0-6998774B-1/0-69CF0B90-1
    Inlined inode: yes
    Dentry info:
     + Path: 67/66/0-6998774B-1/
     + Metadata node: anjuna3 [ID: 1]

### OST SPACE (STORAGE) AFTER large_contiguous_read_heavy_freq_10gb [HDD] run1
### Timestamp: 2026-04-03 06:08:06
TargetID        Total         Free    %      ITotal       IFree    %   NodeID
========        =====         ====    =      ======       =====    =   ======
     101       0.0GiB       0.0GiB   0%        0.0M        0.0M   0%        1
     102       0.0GiB       0.0GiB   0%        0.0M        0.0M   0%        1
     103       0.0GiB       0.0GiB   0%        0.0M        0.0M   0%        1
     104       0.0GiB       0.0GiB   0%        0.0M        0.0M   0%        1
     105       0.0GiB       0.0GiB   0%        0.0M        0.0M   0%        1
     106       0.0GiB       0.0GiB   0%        0.0M        0.0M   0%        1
     107       0.0GiB       0.0GiB   0%        0.0M        0.0M   0%        1
     201    1862.1GiB     794.5GiB  43%      195.4M      195.3M 100%        2
     202    1862.1GiB     824.5GiB  44%      195.4M      195.3M 100%        2
     203    1862.1GiB     882.0GiB  47%      195.4M      195.3M 100%        2
     204    1862.1GiB     838.7GiB  45%      195.4M      195.3M 100%        2
     205     931.1GiB     801.3GiB  86%      488.4M      488.4M 100%        2
     206     931.1GiB     815.7GiB  88%      488.4M      488.4M 100%        2
     207     931.1GiB     818.4GiB  88%      488.4M      488.4M 100%        2
     301    1862.1GiB     501.0GiB  27%      195.4M      195.3M 100%        3
     302    1862.1GiB     538.6GiB  29%      195.4M      195.3M 100%        3
     303    1862.1GiB     608.1GiB  33%      195.4M      195.3M 100%        3
     304    1862.1GiB     557.8GiB  30%      195.4M      195.3M 100%        3
     305     931.1GiB     795.4GiB  85%      488.4M      488.4M 100%        3
     306     931.1GiB     807.2GiB  87%      488.4M      488.2M 100%        3
     307     931.1GiB     457.8GiB  49%      488.4M      488.4M 100%        3
     401       0.0GiB       0.0GiB   0%        0.0M        0.0M   0%        4
     402       0.0GiB       0.0GiB   0%        0.0M        0.0M   0%        4
     403       0.0GiB       0.0GiB   0%        0.0M        0.0M   0%        4
     404       0.0GiB       0.0GiB   0%        0.0M        0.0M   0%        4
     405       0.0GiB       0.0GiB   0%        0.0M        0.0M   0%        4
     406       0.0GiB       0.0GiB   0%        0.0M        0.0M   0%        4
     407       0.0GiB       0.0GiB   0%        0.0M        0.0M   0%        4
# WARNINGS (offline nodes, not in active pools): [ERROR from beegfs-storage colva1 [ID: 1]: Communication error]
 [ERROR from beegfs-storage colva1 [ID: 1]: Communication error]
 [ERROR from beegfs-storage colva1 [ID: 1]: Communication error]
 [ERRO

### MDS SPACE (METADATA) AFTER large_contiguous_read_heavy_freq_10gb [HDD] run1
### Timestamp: 2026-04-03 06:09:30
TargetID        Total         Free    %      ITotal       IFree    %   NodeID
========        =====         ====    =      ======       =====    =   ======
       1     667.2GiB      38.4GiB   6%       44.5M       37.0M  83%        1

### OST SPACE (STORAGE) BEFORE large_contiguous_read_heavy_freq_10gb [HDD] run2
### Timestamp: 2026-04-03 06:11:30
TargetID        Total         Free    %      ITotal       IFree    %   NodeID
========        =====         ====    =      ======       =====    =   ======
     101       0.0GiB       0.0GiB   0%        0.0M        0.0M   0%        1
     102       0.0GiB       0.0GiB   0%        0.0M        0.0M   0%        1
     103       0.0GiB       0.0GiB   0%        0.0M        0.0M   0%        1
     104       0.0GiB       0.0GiB   0%        0.0M        0.0M   0%        1
     105       0.0GiB       0.0GiB   0%        0.0M        0.0M   0%        1
     106       0.0GiB       0.0GiB   0%        0.0M        0.0M   0%        1
     107       0.0GiB       0.0GiB   0%        0.0M        0.0M   0%        1
     201    1862.1GiB     794.5GiB  43%      195.4M      195.3M 100%        2
     202    1862.1GiB     824.5GiB  44%      195.4M      195.3M 100%        2
     203    1862.1GiB     882.0GiB  47%      195.4M      195.3M 100%        2
     204    1862.1GiB     838.7GiB  45%      195.4M      195.3M 100%        2
     205     931.1GiB     801.3GiB  86%      488.4M      488.4M 100%        2
     206     931.1GiB     815.7GiB  88%      488.4M      488.4M 100%        2
     207     931.1GiB     818.4GiB  88%      488.4M      488.4M 100%        2
     301    1862.1GiB     501.0GiB  27%      195.4M      195.3M 100%        3
     302    1862.1GiB     538.6GiB  29%      195.4M      195.3M 100%        3
     303    1862.1GiB     608.1GiB  33%      195.4M      195.3M 100%        3
     304    1862.1GiB     557.8GiB  30%      195.4M      195.3M 100%        3
     305     931.1GiB     795.4GiB  85%      488.4M      488.4M 100%        3
     306     931.1GiB     807.2GiB  87%      488.4M      488.2M 100%        3
     307     931.1GiB     457.8GiB  49%      488.4M      488.4M 100%        3
     401       0.0GiB       0.0GiB   0%        0.0M        0.0M   0%        4
     402       0.0GiB       0.0GiB   0%        0.0M        0.0M   0%        4
     403       0.0GiB       0.0GiB   0%        0.0M        0.0M   0%        4
     404       0.0GiB       0.0GiB   0%        0.0M        0.0M   0%        4
     405       0.0GiB       0.0GiB   0%        0.0M        0.0M   0%        4
     406       0.0GiB       0.0GiB   0%        0.0M        0.0M   0%        4
     407       0.0GiB       0.0GiB   0%        0.0M        0.0M   0%        4
# WARNINGS (offline nodes, not in active pools): [ERROR from beegfs-storage colva1 [ID: 1]: Communication error]
 [ERROR from beegfs-storage colva1 [ID: 1]: Communication error]
 [ERROR from beegfs-storage colva1 [ID: 1]: Communication error]
 [ERRO

### MDS SPACE (METADATA) BEFORE large_contiguous_read_heavy_freq_10gb [HDD] run2
### Timestamp: 2026-04-03 06:12:54
TargetID        Total         Free    %      ITotal       IFree    %   NodeID
========        =====         ====    =      ======       =====    =   ======
       1     667.2GiB      38.4GiB   6%       44.5M       37.0M  83%        1

### FILE OST LAYOUT AFTER large_contiguous_read_heavy_freq_10gb [HDD] run2
### Timestamp: 2026-04-03 06:14:18
  FILE: /mnt/beegfs/advay/hdd/workloads/tmp/workload_large_contiguous_read_heavy_freq_10gb_f0
    Entry type: file
    EntryID: 0-69CF0D0A-1
    Stripe pattern details:
    + Type: RAID0
    + Chunksize: 1M
    + Number of storage targets: desired: 4; actual: 4
    + Storage targets:
      + 204 @ colva2 [ID: 2]
      + 302 @ colva3 [ID: 3]
      + 201 @ colva2 [ID: 2]
      + 202 @ colva2 [ID: 2]
    Chunk path: u3E9/6998/7/0-6998774B-1/0-69CF0D0A-1
    Inlined inode: yes
    Dentry info:
     + Path: 67/66/0-6998774B-1/
     + Metadata node: anjuna3 [ID: 1]

### OST SPACE (STORAGE) AFTER large_contiguous_read_heavy_freq_10gb [HDD] run2
### Timestamp: 2026-04-03 06:14:18
TargetID        Total         Free    %      ITotal       IFree    %   NodeID
========        =====         ====    =      ======       =====    =   ======
     101       0.0GiB       0.0GiB   0%        0.0M        0.0M   0%        1
     102       0.0GiB       0.0GiB   0%        0.0M        0.0M   0%        1
     103       0.0GiB       0.0GiB   0%        0.0M        0.0M   0%        1
     104       0.0GiB       0.0GiB   0%        0.0M        0.0M   0%        1
     105       0.0GiB       0.0GiB   0%        0.0M        0.0M   0%        1
     106       0.0GiB       0.0GiB   0%        0.0M        0.0M   0%        1
     107       0.0GiB       0.0GiB   0%        0.0M        0.0M   0%        1
     201    1862.1GiB     792.0GiB  43%      195.4M      195.3M 100%        2
     202    1862.1GiB     824.5GiB  44%      195.4M      195.3M 100%        2
     203    1862.1GiB     882.0GiB  47%      195.4M      195.3M 100%        2
     204    1862.1GiB     836.2GiB  45%      195.4M      195.3M 100%        2
     205     931.1GiB     801.3GiB  86%      488.4M      488.4M 100%        2
     206     931.1GiB     815.7GiB  88%      488.4M      488.4M 100%        2
     207     931.1GiB     818.4GiB  88%      488.4M      488.4M 100%        2
     301    1862.1GiB     503.5GiB  27%      195.4M      195.3M 100%        3
     302    1862.1GiB     536.1GiB  29%      195.4M      195.3M 100%        3
     303    1862.1GiB     610.6GiB  33%      195.4M      195.3M 100%        3
     304    1862.1GiB     560.3GiB  30%      195.4M      195.3M 100%        3
     305     931.1GiB     795.4GiB  85%      488.4M      488.4M 100%        3
     306     931.1GiB     807.2GiB  87%      488.4M      488.2M 100%        3
     307     931.1GiB     457.8GiB  49%      488.4M      488.4M 100%        3
     401       0.0GiB       0.0GiB   0%        0.0M        0.0M   0%        4
     402       0.0GiB       0.0GiB   0%        0.0M        0.0M   0%        4
     403       0.0GiB       0.0GiB   0%        0.0M        0.0M   0%        4
     404       0.0GiB       0.0GiB   0%        0.0M        0.0M   0%        4
     405       0.0GiB       0.0GiB   0%        0.0M        0.0M   0%        4
     406       0.0GiB       0.0GiB   0%        0.0M        0.0M   0%        4
     407       0.0GiB       0.0GiB   0%        0.0M        0.0M   0%        4
# WARNINGS (offline nodes, not in active pools): [ERROR from beegfs-storage colva1 [ID: 1]: Communication error]
 [ERROR from beegfs-storage colva1 [ID: 1]: Communication error]
 [ERROR from beegfs-storage colva1 [ID: 1]: Communication error]
 [ERRO

### MDS SPACE (METADATA) AFTER large_contiguous_read_heavy_freq_10gb [HDD] run2
### Timestamp: 2026-04-03 06:15:43
TargetID        Total         Free    %      ITotal       IFree    %   NodeID
========        =====         ====    =      ======       =====    =   ======
       1     667.2GiB      38.4GiB   6%       44.5M       37.0M  83%        1

### OST SPACE (STORAGE) BEFORE large_contiguous_read_heavy_freq_10gb [HDD] run3
### Timestamp: 2026-04-03 06:17:43
TargetID        Total         Free    %      ITotal       IFree    %   NodeID
========        =====         ====    =      ======       =====    =   ======
     101       0.0GiB       0.0GiB   0%        0.0M        0.0M   0%        1
     102       0.0GiB       0.0GiB   0%        0.0M        0.0M   0%        1
     103       0.0GiB       0.0GiB   0%        0.0M        0.0M   0%        1
     104       0.0GiB       0.0GiB   0%        0.0M        0.0M   0%        1
     105       0.0GiB       0.0GiB   0%        0.0M        0.0M   0%        1
     106       0.0GiB       0.0GiB   0%        0.0M        0.0M   0%        1
     107       0.0GiB       0.0GiB   0%        0.0M        0.0M   0%        1
     201    1862.1GiB     792.0GiB  43%      195.4M      195.3M 100%        2
     202    1862.1GiB     824.5GiB  44%      195.4M      195.3M 100%        2
     203    1862.1GiB     882.0GiB  47%      195.4M      195.3M 100%        2
     204    1862.1GiB     836.2GiB  45%      195.4M      195.3M 100%        2
     205     931.1GiB     801.3GiB  86%      488.4M      488.4M 100%        2
     206     931.1GiB     815.7GiB  88%      488.4M      488.4M 100%        2
     207     931.1GiB     818.4GiB  88%      488.4M      488.4M 100%        2
     301    1862.1GiB     503.5GiB  27%      195.4M      195.3M 100%        3
     302    1862.1GiB     536.1GiB  29%      195.4M      195.3M 100%        3
     303    1862.1GiB     610.6GiB  33%      195.4M      195.3M 100%        3
     304    1862.1GiB     560.3GiB  30%      195.4M      195.3M 100%        3
     305     931.1GiB     795.4GiB  85%      488.4M      488.4M 100%        3
     306     931.1GiB     807.2GiB  87%      488.4M      488.2M 100%        3
     307     931.1GiB     457.8GiB  49%      488.4M      488.4M 100%        3
     401       0.0GiB       0.0GiB   0%        0.0M        0.0M   0%        4
     402       0.0GiB       0.0GiB   0%        0.0M        0.0M   0%        4
     403       0.0GiB       0.0GiB   0%        0.0M        0.0M   0%        4
     404       0.0GiB       0.0GiB   0%        0.0M        0.0M   0%        4
     405       0.0GiB       0.0GiB   0%        0.0M        0.0M   0%        4
     406       0.0GiB       0.0GiB   0%        0.0M        0.0M   0%        4
     407       0.0GiB       0.0GiB   0%        0.0M        0.0M   0%        4
# WARNINGS (offline nodes, not in active pools): [ERROR from beegfs-storage colva1 [ID: 1]: Communication error]
 [ERROR from beegfs-storage colva1 [ID: 1]: Communication error]
 [ERROR from beegfs-storage colva1 [ID: 1]: Communication error]
 [ERRO

### MDS SPACE (METADATA) BEFORE large_contiguous_read_heavy_freq_10gb [HDD] run3
### Timestamp: 2026-04-03 06:19:05
TargetID        Total         Free    %      ITotal       IFree    %   NodeID
========        =====         ====    =      ======       =====    =   ======
       1     667.2GiB      38.4GiB   6%       44.5M       37.0M  83%        1

### FILE OST LAYOUT AFTER large_contiguous_read_heavy_freq_10gb [HDD] run3
### Timestamp: 2026-04-03 06:20:29
  FILE: /mnt/beegfs/advay/hdd/workloads/tmp/workload_large_contiguous_read_heavy_freq_10gb_f0
    Entry type: file
    EntryID: 0-69CF0E44-1
    Stripe pattern details:
    + Type: RAID0
    + Chunksize: 1M
    + Number of storage targets: desired: 4; actual: 4
    + Storage targets:
      + 304 @ colva3 [ID: 3]
      + 203 @ colva2 [ID: 2]
      + 204 @ colva2 [ID: 2]
      + 303 @ colva3 [ID: 3]
    Chunk path: u3E9/6998/7/0-6998774B-1/0-69CF0E44-1
    Inlined inode: yes
    Dentry info:
     + Path: 67/66/0-6998774B-1/
     + Metadata node: anjuna3 [ID: 1]

### OST SPACE (STORAGE) AFTER large_contiguous_read_heavy_freq_10gb [HDD] run3
### Timestamp: 2026-04-03 06:20:29
TargetID        Total         Free    %      ITotal       IFree    %   NodeID
========        =====         ====    =      ======       =====    =   ======
     101       0.0GiB       0.0GiB   0%        0.0M        0.0M   0%        1
     102       0.0GiB       0.0GiB   0%        0.0M        0.0M   0%        1
     103       0.0GiB       0.0GiB   0%        0.0M        0.0M   0%        1
     104       0.0GiB       0.0GiB   0%        0.0M        0.0M   0%        1
     105       0.0GiB       0.0GiB   0%        0.0M        0.0M   0%        1
     106       0.0GiB       0.0GiB   0%        0.0M        0.0M   0%        1
     107       0.0GiB       0.0GiB   0%        0.0M        0.0M   0%        1
     201    1862.1GiB     794.5GiB  43%      195.4M      195.3M 100%        2
     202    1862.1GiB     827.0GiB  44%      195.4M      195.3M 100%        2
     203    1862.1GiB     879.5GiB  47%      195.4M      195.3M 100%        2
     204    1862.1GiB     836.2GiB  45%      195.4M      195.3M 100%        2
     205     931.1GiB     801.3GiB  86%      488.4M      488.4M 100%        2
     206     931.1GiB     815.7GiB  88%      488.4M      488.4M 100%        2
     207     931.1GiB     818.4GiB  88%      488.4M      488.4M 100%        2
     301    1862.1GiB     503.5GiB  27%      195.4M      195.3M 100%        3
     302    1862.1GiB     538.6GiB  29%      195.4M      195.3M 100%        3
     303    1862.1GiB     608.1GiB  33%      195.4M      195.3M 100%        3
     304    1862.1GiB     557.8GiB  30%      195.4M      195.3M 100%        3
     305     931.1GiB     795.4GiB  85%      488.4M      488.4M 100%        3
     306     931.1GiB     807.2GiB  87%      488.4M      488.2M 100%        3
     307     931.1GiB     457.8GiB  49%      488.4M      488.4M 100%        3
     401       0.0GiB       0.0GiB   0%        0.0M        0.0M   0%        4
     402       0.0GiB       0.0GiB   0%        0.0M        0.0M   0%        4
     403       0.0GiB       0.0GiB   0%        0.0M        0.0M   0%        4
     404       0.0GiB       0.0GiB   0%        0.0M        0.0M   0%        4
     405       0.0GiB       0.0GiB   0%        0.0M        0.0M   0%        4
     406       0.0GiB       0.0GiB   0%        0.0M        0.0M   0%        4
     407       0.0GiB       0.0GiB   0%        0.0M        0.0M   0%        4
# WARNINGS (offline nodes, not in active pools): [ERROR from beegfs-storage colva1 [ID: 1]: Communication error]
 [ERROR from beegfs-storage colva1 [ID: 1]: Communication error]
 [ERROR from beegfs-storage colva1 [ID: 1]: Communication error]
 [ERRO

### MDS SPACE (METADATA) AFTER large_contiguous_read_heavy_freq_10gb [HDD] run3
### Timestamp: 2026-04-03 06:21:53
TargetID        Total         Free    %      ITotal       IFree    %   NodeID
========        =====         ====    =      ======       =====    =   ======
       1     667.2GiB      38.4GiB   6%       44.5M       37.0M  83%        1

### OST SPACE (STORAGE) BEFORE large_contiguous_read_heavy_freq_10gb [SSD] run1
### Timestamp: 2026-04-03 06:23:53
TargetID        Total         Free    %      ITotal       IFree    %   NodeID
========        =====         ====    =      ======       =====    =   ======
     101       0.0GiB       0.0GiB   0%        0.0M        0.0M   0%        1
     102       0.0GiB       0.0GiB   0%        0.0M        0.0M   0%        1
     103       0.0GiB       0.0GiB   0%        0.0M        0.0M   0%        1
     104       0.0GiB       0.0GiB   0%        0.0M        0.0M   0%        1
     105       0.0GiB       0.0GiB   0%        0.0M        0.0M   0%        1
     106       0.0GiB       0.0GiB   0%        0.0M        0.0M   0%        1
     107       0.0GiB       0.0GiB   0%        0.0M        0.0M   0%        1
     201    1862.1GiB     794.5GiB  43%      195.4M      195.3M 100%        2
     202    1862.1GiB     827.0GiB  44%      195.4M      195.3M 100%        2
     203    1862.1GiB     882.0GiB  47%      195.4M      195.3M 100%        2
     204    1862.1GiB     838.7GiB  45%      195.4M      195.3M 100%        2
     205     931.1GiB     801.3GiB  86%      488.4M      488.4M 100%        2
     206     931.1GiB     815.7GiB  88%      488.4M      488.4M 100%        2
     207     931.1GiB     818.4GiB  88%      488.4M      488.4M 100%        2
     301    1862.1GiB     503.5GiB  27%      195.4M      195.3M 100%        3
     302    1862.1GiB     538.6GiB  29%      195.4M      195.3M 100%        3
     303    1862.1GiB     610.6GiB  33%      195.4M      195.3M 100%        3
     304    1862.1GiB     560.3GiB  30%      195.4M      195.3M 100%        3
     305     931.1GiB     795.4GiB  85%      488.4M      488.4M 100%        3
     306     931.1GiB     807.2GiB  87%      488.4M      488.2M 100%        3
     307     931.1GiB     457.8GiB  49%      488.4M      488.4M 100%        3
     401       0.0GiB       0.0GiB   0%        0.0M        0.0M   0%        4
     402       0.0GiB       0.0GiB   0%        0.0M        0.0M   0%        4
     403       0.0GiB       0.0GiB   0%        0.0M        0.0M   0%        4
     404       0.0GiB       0.0GiB   0%        0.0M        0.0M   0%        4
     405       0.0GiB       0.0GiB   0%        0.0M        0.0M   0%        4
     406       0.0GiB       0.0GiB   0%        0.0M        0.0M   0%        4
     407       0.0GiB       0.0GiB   0%        0.0M        0.0M   0%        4
# WARNINGS (offline nodes, not in active pools): [ERROR from beegfs-storage colva1 [ID: 1]: Communication error]
 [ERROR from beegfs-storage colva1 [ID: 1]: Communication error]
 [ERROR from beegfs-storage colva1 [ID: 1]: Communication error]
 [ERRO

### MDS SPACE (METADATA) BEFORE large_contiguous_read_heavy_freq_10gb [SSD] run1
### Timestamp: 2026-04-03 06:25:17
TargetID        Total         Free    %      ITotal       IFree    %   NodeID
========        =====         ====    =      ======       =====    =   ======
       1     667.2GiB      38.4GiB   6%       44.5M       37.0M  83%        1

### FILE OST LAYOUT AFTER large_contiguous_read_heavy_freq_10gb [SSD] run1
### Timestamp: 2026-04-03 06:26:35
  FILE: /mnt/beegfs/advay/ssd/workloads/tmp/workload_large_contiguous_read_heavy_freq_10gb_f0
    Entry type: file
    EntryID: 0-69CF0FBE-1
    Stripe pattern details:
    + Type: RAID0
    + Chunksize: 1M
    + Number of storage targets: desired: 4; actual: 4
    + Storage targets:
      + 306 @ colva3 [ID: 3]
      + 307 @ colva3 [ID: 3]
      + 205 @ colva2 [ID: 2]
      + 206 @ colva2 [ID: 2]
    Chunk path: u3E9/6998/D/1-6998D1FE-1/0-69CF0FBE-1
    Inlined inode: yes
    Dentry info:
     + Path: 9/59/1-6998D1FE-1/
     + Metadata node: anjuna3 [ID: 1]

### OST SPACE (STORAGE) AFTER large_contiguous_read_heavy_freq_10gb [SSD] run1
### Timestamp: 2026-04-03 06:26:35
TargetID        Total         Free    %      ITotal       IFree    %   NodeID
========        =====         ====    =      ======       =====    =   ======
     101       0.0GiB       0.0GiB   0%        0.0M        0.0M   0%        1
     102       0.0GiB       0.0GiB   0%        0.0M        0.0M   0%        1
     103       0.0GiB       0.0GiB   0%        0.0M        0.0M   0%        1
     104       0.0GiB       0.0GiB   0%        0.0M        0.0M   0%        1
     105       0.0GiB       0.0GiB   0%        0.0M        0.0M   0%        1
     106       0.0GiB       0.0GiB   0%        0.0M        0.0M   0%        1
     107       0.0GiB       0.0GiB   0%        0.0M        0.0M   0%        1
     201    1862.1GiB     794.5GiB  43%      195.4M      195.3M 100%        2
     202    1862.1GiB     827.0GiB  44%      195.4M      195.3M 100%        2
     203    1862.1GiB     882.0GiB  47%      195.4M      195.3M 100%        2
     204    1862.1GiB     838.7GiB  45%      195.4M      195.3M 100%        2
     205     931.1GiB     798.8GiB  86%      488.4M      488.4M 100%        2
     206     931.1GiB     813.2GiB  87%      488.4M      488.4M 100%        2
     207     931.1GiB     818.4GiB  88%      488.4M      488.4M 100%        2
     301    1862.1GiB     503.5GiB  27%      195.4M      195.3M 100%        3
     302    1862.1GiB     538.6GiB  29%      195.4M      195.3M 100%        3
     303    1862.1GiB     610.6GiB  33%      195.4M      195.3M 100%        3
     304    1862.1GiB     560.3GiB  30%      195.4M      195.3M 100%        3
     305     931.1GiB     795.4GiB  85%      488.4M      488.4M 100%        3
     306     931.1GiB     804.7GiB  86%      488.4M      488.2M 100%        3
     307     931.1GiB     455.3GiB  49%      488.4M      488.4M 100%        3
     401       0.0GiB       0.0GiB   0%        0.0M        0.0M   0%        4
     402       0.0GiB       0.0GiB   0%        0.0M        0.0M   0%        4
     403       0.0GiB       0.0GiB   0%        0.0M        0.0M   0%        4
     404       0.0GiB       0.0GiB   0%        0.0M        0.0M   0%        4
     405       0.0GiB       0.0GiB   0%        0.0M        0.0M   0%        4
     406       0.0GiB       0.0GiB   0%        0.0M        0.0M   0%        4
     407       0.0GiB       0.0GiB   0%        0.0M        0.0M   0%        4
# WARNINGS (offline nodes, not in active pools): [ERROR from beegfs-storage colva1 [ID: 1]: Communication error]
 [ERROR from beegfs-storage colva1 [ID: 1]: Communication error]
 [ERROR from beegfs-storage colva1 [ID: 1]: Communication error]
 [ERRO

### MDS SPACE (METADATA) AFTER large_contiguous_read_heavy_freq_10gb [SSD] run1
### Timestamp: 2026-04-03 06:28:00
TargetID        Total         Free    %      ITotal       IFree    %   NodeID
========        =====         ====    =      ======       =====    =   ======
       1     667.2GiB      38.4GiB   6%       44.5M       37.0M  83%        1

### OST SPACE (STORAGE) BEFORE large_contiguous_read_heavy_freq_10gb [SSD] run2
### Timestamp: 2026-04-03 06:30:00
TargetID        Total         Free    %      ITotal       IFree    %   NodeID
========        =====         ====    =      ======       =====    =   ======
     101       0.0GiB       0.0GiB   0%        0.0M        0.0M   0%        1
     102       0.0GiB       0.0GiB   0%        0.0M        0.0M   0%        1
     103       0.0GiB       0.0GiB   0%        0.0M        0.0M   0%        1
     104       0.0GiB       0.0GiB   0%        0.0M        0.0M   0%        1
     105       0.0GiB       0.0GiB   0%        0.0M        0.0M   0%        1
     106       0.0GiB       0.0GiB   0%        0.0M        0.0M   0%        1
     107       0.0GiB       0.0GiB   0%        0.0M        0.0M   0%        1
     201    1862.1GiB     794.5GiB  43%      195.4M      195.3M 100%        2
     202    1862.1GiB     827.0GiB  44%      195.4M      195.3M 100%        2
     203    1862.1GiB     882.0GiB  47%      195.4M      195.3M 100%        2
     204    1862.1GiB     838.7GiB  45%      195.4M      195.3M 100%        2
     205     931.1GiB     798.8GiB  86%      488.4M      488.4M 100%        2
     206     931.1GiB     813.2GiB  87%      488.4M      488.4M 100%        2
     207     931.1GiB     818.4GiB  88%      488.4M      488.4M 100%        2
     301    1862.1GiB     503.5GiB  27%      195.4M      195.3M 100%        3
     302    1862.1GiB     538.6GiB  29%      195.4M      195.3M 100%        3
     303    1862.1GiB     610.6GiB  33%      195.4M      195.3M 100%        3
     304    1862.1GiB     560.3GiB  30%      195.4M      195.3M 100%        3
     305     931.1GiB     795.4GiB  85%      488.4M      488.4M 100%        3
     306     931.1GiB     804.7GiB  86%      488.4M      488.2M 100%        3
     307     931.1GiB     455.3GiB  49%      488.4M      488.4M 100%        3
     401       0.0GiB       0.0GiB   0%        0.0M        0.0M   0%        4
     402       0.0GiB       0.0GiB   0%        0.0M        0.0M   0%        4
     403       0.0GiB       0.0GiB   0%        0.0M        0.0M   0%        4
     404       0.0GiB       0.0GiB   0%        0.0M        0.0M   0%        4
     405       0.0GiB       0.0GiB   0%        0.0M        0.0M   0%        4
     406       0.0GiB       0.0GiB   0%        0.0M        0.0M   0%        4
     407       0.0GiB       0.0GiB   0%        0.0M        0.0M   0%        4
# WARNINGS (offline nodes, not in active pools): [ERROR from beegfs-storage colva1 [ID: 1]: Communication error]
 [ERROR from beegfs-storage colva1 [ID: 1]: Communication error]
 [ERROR from beegfs-storage colva1 [ID: 1]: Communication error]
 [ERRO

### MDS SPACE (METADATA) BEFORE large_contiguous_read_heavy_freq_10gb [SSD] run2
### Timestamp: 2026-04-03 06:31:24
TargetID        Total         Free    %      ITotal       IFree    %   NodeID
========        =====         ====    =      ======       =====    =   ======
       1     667.2GiB      38.4GiB   6%       44.5M       37.0M  83%        1

### FILE OST LAYOUT AFTER large_contiguous_read_heavy_freq_10gb [SSD] run2
### Timestamp: 2026-04-03 06:32:42
  FILE: /mnt/beegfs/advay/ssd/workloads/tmp/workload_large_contiguous_read_heavy_freq_10gb_f0
    Entry type: file
    EntryID: 0-69CF1138-1
    Stripe pattern details:
    + Type: RAID0
    + Chunksize: 1M
    + Number of storage targets: desired: 4; actual: 4
    + Storage targets:
      + 306 @ colva3 [ID: 3]
      + 307 @ colva3 [ID: 3]
      + 205 @ colva2 [ID: 2]
      + 206 @ colva2 [ID: 2]
    Chunk path: u3E9/6998/D/1-6998D1FE-1/0-69CF1138-1
    Inlined inode: yes
    Dentry info:
     + Path: 9/59/1-6998D1FE-1/
     + Metadata node: anjuna3 [ID: 1]

### OST SPACE (STORAGE) AFTER large_contiguous_read_heavy_freq_10gb [SSD] run2
### Timestamp: 2026-04-03 06:32:42
TargetID        Total         Free    %      ITotal       IFree    %   NodeID
========        =====         ====    =      ======       =====    =   ======
     101       0.0GiB       0.0GiB   0%        0.0M        0.0M   0%        1
     102       0.0GiB       0.0GiB   0%        0.0M        0.0M   0%        1
     103       0.0GiB       0.0GiB   0%        0.0M        0.0M   0%        1
     104       0.0GiB       0.0GiB   0%        0.0M        0.0M   0%        1
     105       0.0GiB       0.0GiB   0%        0.0M        0.0M   0%        1
     106       0.0GiB       0.0GiB   0%        0.0M        0.0M   0%        1
     107       0.0GiB       0.0GiB   0%        0.0M        0.0M   0%        1
     201    1862.1GiB     794.5GiB  43%      195.4M      195.3M 100%        2
     202    1862.1GiB     827.0GiB  44%      195.4M      195.3M 100%        2
     203    1862.1GiB     882.0GiB  47%      195.4M      195.3M 100%        2
     204    1862.1GiB     838.7GiB  45%      195.4M      195.3M 100%        2
     205     931.1GiB     798.8GiB  86%      488.4M      488.4M 100%        2
     206     931.1GiB     813.2GiB  87%      488.4M      488.4M 100%        2
     207     931.1GiB     818.4GiB  88%      488.4M      488.4M 100%        2
     301    1862.1GiB     503.5GiB  27%      195.4M      195.3M 100%        3
     302    1862.1GiB     538.6GiB  29%      195.4M      195.3M 100%        3
     303    1862.1GiB     610.6GiB  33%      195.4M      195.3M 100%        3
     304    1862.1GiB     560.3GiB  30%      195.4M      195.3M 100%        3
     305     931.1GiB     795.4GiB  85%      488.4M      488.4M 100%        3
     306     931.1GiB     804.7GiB  86%      488.4M      488.2M 100%        3
     307     931.1GiB     455.3GiB  49%      488.4M      488.4M 100%        3
     401       0.0GiB       0.0GiB   0%        0.0M        0.0M   0%        4
     402       0.0GiB       0.0GiB   0%        0.0M        0.0M   0%        4
     403       0.0GiB       0.0GiB   0%        0.0M        0.0M   0%        4
     404       0.0GiB       0.0GiB   0%        0.0M        0.0M   0%        4
     405       0.0GiB       0.0GiB   0%        0.0M        0.0M   0%        4
     406       0.0GiB       0.0GiB   0%        0.0M        0.0M   0%        4
     407       0.0GiB       0.0GiB   0%        0.0M        0.0M   0%        4
# WARNINGS (offline nodes, not in active pools): [ERROR from beegfs-storage colva1 [ID: 1]: Communication error]
 [ERROR from beegfs-storage colva1 [ID: 1]: Communication error]
 [ERROR from beegfs-storage colva1 [ID: 1]: Communication error]
 [ERRO

### MDS SPACE (METADATA) AFTER large_contiguous_read_heavy_freq_10gb [SSD] run2
### Timestamp: 2026-04-03 06:34:06
TargetID        Total         Free    %      ITotal       IFree    %   NodeID
========        =====         ====    =      ======       =====    =   ======
       1     667.2GiB      38.4GiB   6%       44.5M       37.0M  83%        1

### OST SPACE (STORAGE) BEFORE large_contiguous_read_heavy_freq_10gb [SSD] run3
### Timestamp: 2026-04-03 06:36:07
TargetID        Total         Free    %      ITotal       IFree    %   NodeID
========        =====         ====    =      ======       =====    =   ======
     101       0.0GiB       0.0GiB   0%        0.0M        0.0M   0%        1
     102       0.0GiB       0.0GiB   0%        0.0M        0.0M   0%        1
     103       0.0GiB       0.0GiB   0%        0.0M        0.0M   0%        1
     104       0.0GiB       0.0GiB   0%        0.0M        0.0M   0%        1
     105       0.0GiB       0.0GiB   0%        0.0M        0.0M   0%        1
     106       0.0GiB       0.0GiB   0%        0.0M        0.0M   0%        1
     107       0.0GiB       0.0GiB   0%        0.0M        0.0M   0%        1
     201    1862.1GiB     794.5GiB  43%      195.4M      195.3M 100%        2
     202    1862.1GiB     827.0GiB  44%      195.4M      195.3M 100%        2
     203    1862.1GiB     882.0GiB  47%      195.4M      195.3M 100%        2
     204    1862.1GiB     838.7GiB  45%      195.4M      195.3M 100%        2
     205     931.1GiB     798.8GiB  86%      488.4M      488.4M 100%        2
     206     931.1GiB     813.2GiB  87%      488.4M      488.4M 100%        2
     207     931.1GiB     818.4GiB  88%      488.4M      488.4M 100%        2
     301    1862.1GiB     503.5GiB  27%      195.4M      195.3M 100%        3
     302    1862.1GiB     538.6GiB  29%      195.4M      195.3M 100%        3
     303    1862.1GiB     610.6GiB  33%      195.4M      195.3M 100%        3
     304    1862.1GiB     560.3GiB  30%      195.4M      195.3M 100%        3
     305     931.1GiB     795.4GiB  85%      488.4M      488.4M 100%        3
     306     931.1GiB     804.7GiB  86%      488.4M      488.2M 100%        3
     307     931.1GiB     455.3GiB  49%      488.4M      488.4M 100%        3
     401       0.0GiB       0.0GiB   0%        0.0M        0.0M   0%        4
     402       0.0GiB       0.0GiB   0%        0.0M        0.0M   0%        4
     403       0.0GiB       0.0GiB   0%        0.0M        0.0M   0%        4
     404       0.0GiB       0.0GiB   0%        0.0M        0.0M   0%        4
     405       0.0GiB       0.0GiB   0%        0.0M        0.0M   0%        4
     406       0.0GiB       0.0GiB   0%        0.0M        0.0M   0%        4
     407       0.0GiB       0.0GiB   0%        0.0M        0.0M   0%        4
# WARNINGS (offline nodes, not in active pools): [ERROR from beegfs-storage colva1 [ID: 1]: Communication error]
 [ERROR from beegfs-storage colva1 [ID: 1]: Communication error]
 [ERROR from beegfs-storage colva1 [ID: 1]: Communication error]
 [ERRO

### MDS SPACE (METADATA) BEFORE large_contiguous_read_heavy_freq_10gb [SSD] run3
### Timestamp: 2026-04-03 06:37:30
TargetID        Total         Free    %      ITotal       IFree    %   NodeID
========        =====         ====    =      ======       =====    =   ======
       1     667.2GiB      38.4GiB   6%       44.5M       37.0M  83%        1

### FILE OST LAYOUT AFTER large_contiguous_read_heavy_freq_10gb [SSD] run3
### Timestamp: 2026-04-03 06:38:48
  FILE: /mnt/beegfs/advay/ssd/workloads/tmp/workload_large_contiguous_read_heavy_freq_10gb_f0
    Entry type: file
    EntryID: 0-69CF12B2-1
    Stripe pattern details:
    + Type: RAID0
    + Chunksize: 1M
    + Number of storage targets: desired: 4; actual: 4
    + Storage targets:
      + 305 @ colva3 [ID: 3]
      + 306 @ colva3 [ID: 3]
      + 307 @ colva3 [ID: 3]
      + 207 @ colva2 [ID: 2]
    Chunk path: u3E9/6998/D/1-6998D1FE-1/0-69CF12B2-1
    Inlined inode: yes
    Dentry info:
     + Path: 9/59/1-6998D1FE-1/
     + Metadata node: anjuna3 [ID: 1]

### OST SPACE (STORAGE) AFTER large_contiguous_read_heavy_freq_10gb [SSD] run3
### Timestamp: 2026-04-03 06:38:48
TargetID        Total         Free    %      ITotal       IFree    %   NodeID
========        =====         ====    =      ======       =====    =   ======
     101       0.0GiB       0.0GiB   0%        0.0M        0.0M   0%        1
     102       0.0GiB       0.0GiB   0%        0.0M        0.0M   0%        1
     103       0.0GiB       0.0GiB   0%        0.0M        0.0M   0%        1
     104       0.0GiB       0.0GiB   0%        0.0M        0.0M   0%        1
     105       0.0GiB       0.0GiB   0%        0.0M        0.0M   0%        1
     106       0.0GiB       0.0GiB   0%        0.0M        0.0M   0%        1
     107       0.0GiB       0.0GiB   0%        0.0M        0.0M   0%        1
     201    1862.1GiB     794.5GiB  43%      195.4M      195.3M 100%        2
     202    1862.1GiB     827.0GiB  44%      195.4M      195.3M 100%        2
     203    1862.1GiB     882.0GiB  47%      195.4M      195.3M 100%        2
     204    1862.1GiB     838.7GiB  45%      195.4M      195.3M 100%        2
     205     931.1GiB     801.3GiB  86%      488.4M      488.4M 100%        2
     206     931.1GiB     815.7GiB  88%      488.4M      488.4M 100%        2
     207     931.1GiB     815.9GiB  88%      488.4M      488.4M 100%        2
     301    1862.1GiB     503.5GiB  27%      195.4M      195.3M 100%        3
     302    1862.1GiB     538.6GiB  29%      195.4M      195.3M 100%        3
     303    1862.1GiB     610.6GiB  33%      195.4M      195.3M 100%        3
     304    1862.1GiB     560.3GiB  30%      195.4M      195.3M 100%        3
     305     931.1GiB     792.9GiB  85%      488.4M      488.4M 100%        3
     306     931.1GiB     804.7GiB  86%      488.4M      488.2M 100%        3
     307     931.1GiB     455.3GiB  49%      488.4M      488.4M 100%        3
     401       0.0GiB       0.0GiB   0%        0.0M        0.0M   0%        4
     402       0.0GiB       0.0GiB   0%        0.0M        0.0M   0%        4
     403       0.0GiB       0.0GiB   0%        0.0M        0.0M   0%        4
     404       0.0GiB       0.0GiB   0%        0.0M        0.0M   0%        4
     405       0.0GiB       0.0GiB   0%        0.0M        0.0M   0%        4
     406       0.0GiB       0.0GiB   0%        0.0M        0.0M   0%        4
     407       0.0GiB       0.0GiB   0%        0.0M        0.0M   0%        4
# WARNINGS (offline nodes, not in active pools): [ERROR from beegfs-storage colva1 [ID: 1]: Communication error]
 [ERROR from beegfs-storage colva1 [ID: 1]: Communication error]
 [ERROR from beegfs-storage colva1 [ID: 1]: Communication error]
 [ERRO

### MDS SPACE (METADATA) AFTER large_contiguous_read_heavy_freq_10gb [SSD] run3
### Timestamp: 2026-04-03 06:40:13
TargetID        Total         Free    %      ITotal       IFree    %   NodeID
========        =====         ====    =      ======       =====    =   ======
       1     667.2GiB      38.4GiB   6%       44.5M       37.0M  83%        1

### OST SPACE (STORAGE) BEFORE small_contiguous_write_heavy_freq_102mb [HDD] run1
### Timestamp: 2026-04-03 06:42:14
TargetID        Total         Free    %      ITotal       IFree    %   NodeID
========        =====         ====    =      ======       =====    =   ======
     101       0.0GiB       0.0GiB   0%        0.0M        0.0M   0%        1
     102       0.0GiB       0.0GiB   0%        0.0M        0.0M   0%        1
     103       0.0GiB       0.0GiB   0%        0.0M        0.0M   0%        1
     104       0.0GiB       0.0GiB   0%        0.0M        0.0M   0%        1
     105       0.0GiB       0.0GiB   0%        0.0M        0.0M   0%        1
     106       0.0GiB       0.0GiB   0%        0.0M        0.0M   0%        1
     107       0.0GiB       0.0GiB   0%        0.0M        0.0M   0%        1
     201    1862.1GiB     794.5GiB  43%      195.4M      195.3M 100%        2
     202    1862.1GiB     827.0GiB  44%      195.4M      195.3M 100%        2
     203    1862.1GiB     882.0GiB  47%      195.4M      195.3M 100%        2
     204    1862.1GiB     838.7GiB  45%      195.4M      195.3M 100%        2
     205     931.1GiB     801.3GiB  86%      488.4M      488.4M 100%        2
     206     931.1GiB     815.7GiB  88%      488.4M      488.4M 100%        2
     207     931.1GiB     818.4GiB  88%      488.4M      488.4M 100%        2
     301    1862.1GiB     503.5GiB  27%      195.4M      195.3M 100%        3
     302    1862.1GiB     538.6GiB  29%      195.4M      195.3M 100%        3
     303    1862.1GiB     610.6GiB  33%      195.4M      195.3M 100%        3
     304    1862.1GiB     560.3GiB  30%      195.4M      195.3M 100%        3
     305     931.1GiB     795.4GiB  85%      488.4M      488.4M 100%        3
     306     931.1GiB     807.2GiB  87%      488.4M      488.2M 100%        3
     307     931.1GiB     457.8GiB  49%      488.4M      488.4M 100%        3
     401       0.0GiB       0.0GiB   0%        0.0M        0.0M   0%        4
     402       0.0GiB       0.0GiB   0%        0.0M        0.0M   0%        4
     403       0.0GiB       0.0GiB   0%        0.0M        0.0M   0%        4
     404       0.0GiB       0.0GiB   0%        0.0M        0.0M   0%        4
     405       0.0GiB       0.0GiB   0%        0.0M        0.0M   0%        4
     406       0.0GiB       0.0GiB   0%        0.0M        0.0M   0%        4
     407       0.0GiB       0.0GiB   0%        0.0M        0.0M   0%        4
# WARNINGS (offline nodes, not in active pools): [ERROR from beegfs-storage colva1 [ID: 1]: Communication error]
 [ERROR from beegfs-storage colva1 [ID: 1]: Communication error]
 [ERROR from beegfs-storage colva1 [ID: 1]: Communication error]
 [ERRO

### MDS SPACE (METADATA) BEFORE small_contiguous_write_heavy_freq_102mb [HDD] run1
### Timestamp: 2026-04-03 06:43:37
TargetID        Total         Free    %      ITotal       IFree    %   NodeID
========        =====         ====    =      ======       =====    =   ======
       1     667.2GiB      38.4GiB   6%       44.5M       37.0M  83%        1

### FILE OST LAYOUT AFTER small_contiguous_write_heavy_freq_102mb [HDD] run1
### Timestamp: 2026-04-03 06:43:47
  FILE: /mnt/beegfs/advay/hdd/workloads/tmp/workload_small_contiguous_write_heavy_freq_102mb_f0
    Entry type: file
    EntryID: 0-69CF142C-1
    Stripe pattern details:
    + Type: RAID0
    + Chunksize: 1M
    + Number of storage targets: desired: 4; actual: 4
    + Storage targets:
      + 302 @ colva3 [ID: 3]
      + 303 @ colva3 [ID: 3]
      + 202 @ colva2 [ID: 2]
      + 203 @ colva2 [ID: 2]
    Chunk path: u3E9/6998/7/0-6998774B-1/0-69CF142C-1
    Inlined inode: yes
    Dentry info:
     + Path: 67/66/0-6998774B-1/
     + Metadata node: anjuna3 [ID: 1]

### OST SPACE (STORAGE) BEFORE large_contiguous_write_heavy_freq_1gb [HDD] run1
### Timestamp: 2026-04-03 22:28:33
TargetID        Total         Free    %      ITotal       IFree    %   NodeID
========        =====         ====    =      ======       =====    =   ======
     101       0.0GiB       0.0GiB   0%        0.0M        0.0M   0%        1
     102       0.0GiB       0.0GiB   0%        0.0M        0.0M   0%        1
     103       0.0GiB       0.0GiB   0%        0.0M        0.0M   0%        1
     104       0.0GiB       0.0GiB   0%        0.0M        0.0M   0%        1
     105       0.0GiB       0.0GiB   0%        0.0M        0.0M   0%        1
     106       0.0GiB       0.0GiB   0%        0.0M        0.0M   0%        1
     107       0.0GiB       0.0GiB   0%        0.0M        0.0M   0%        1
     201    1862.1GiB     794.5GiB  43%      195.4M      195.3M 100%        2
     202    1862.1GiB     826.9GiB  44%      195.4M      195.3M 100%        2
     203    1862.1GiB     882.0GiB  47%      195.4M      195.3M 100%        2
     204    1862.1GiB     838.7GiB  45%      195.4M      195.3M 100%        2
     205     931.1GiB     801.3GiB  86%      488.4M      488.4M 100%        2
     206     931.1GiB     815.7GiB  88%      488.4M      488.4M 100%        2
     207     931.1GiB     818.4GiB  88%      488.4M      488.4M 100%        2
     301    1862.1GiB     503.5GiB  27%      195.4M      195.3M 100%        3
     302    1862.1GiB     538.6GiB  29%      195.4M      195.3M 100%        3
     303    1862.1GiB     610.5GiB  33%      195.4M      195.3M 100%        3
     304    1862.1GiB     560.3GiB  30%      195.4M      195.3M 100%        3
     305     931.1GiB     795.4GiB  85%      488.4M      488.4M 100%        3
     306     931.1GiB     807.2GiB  87%      488.4M      488.2M 100%        3
     307     931.1GiB     457.8GiB  49%      488.4M      488.4M 100%        3
     401       0.0GiB       0.0GiB   0%        0.0M        0.0M   0%        4
     402       0.0GiB       0.0GiB   0%        0.0M        0.0M   0%        4
     403       0.0GiB       0.0GiB   0%        0.0M        0.0M   0%        4
     404       0.0GiB       0.0GiB   0%        0.0M        0.0M   0%        4
     405       0.0GiB       0.0GiB   0%        0.0M        0.0M   0%        4
     406       0.0GiB       0.0GiB   0%        0.0M        0.0M   0%        4
     407       0.0GiB       0.0GiB   0%        0.0M        0.0M   0%        4
# WARNINGS (offline nodes, not in active pools): [ERROR from beegfs-storage colva1 [ID: 1]: Communication error]
 [ERROR from beegfs-storage colva1 [ID: 1]: Communication error]
 [ERROR from beegfs-storage colva1 [ID: 1]: Communication error]
 [ERRO

### MDS SPACE (METADATA) BEFORE large_contiguous_write_heavy_freq_1gb [HDD] run1
### Timestamp: 2026-04-03 22:29:57
TargetID        Total         Free    %      ITotal       IFree    %   NodeID
========        =====         ====    =      ======       =====    =   ======
       1     667.2GiB      32.4GiB   5%       44.5M       37.0M  83%        1

### FILE OST LAYOUT AFTER large_contiguous_write_heavy_freq_1gb [HDD] run1
### Timestamp: 2026-04-03 22:30:19
  FILE: /mnt/beegfs/advay/hdd/workloads/tmp/workload_large_contiguous_write_heavy_freq_1gb_f0
    Entry type: file
    EntryID: 0-69CFF1F3-1
    Stripe pattern details:
    + Type: RAID0
    + Chunksize: 1M
    + Number of storage targets: desired: 4; actual: 4
    + Storage targets:
      + 201 @ colva2 [ID: 2]
      + 203 @ colva2 [ID: 2]
      + 301 @ colva3 [ID: 3]
      + 303 @ colva3 [ID: 3]
    Chunk path: u3E9/6998/7/0-6998774B-1/0-69CFF1F3-1
    Inlined inode: yes
    Dentry info:
     + Path: 67/66/0-6998774B-1/
     + Metadata node: anjuna3 [ID: 1]

### OST SPACE (STORAGE) AFTER large_contiguous_write_heavy_freq_1gb [HDD] run1
### Timestamp: 2026-04-03 22:30:19
TargetID        Total         Free    %      ITotal       IFree    %   NodeID
========        =====         ====    =      ======       =====    =   ======
     101       0.0GiB       0.0GiB   0%        0.0M        0.0M   0%        1
     102       0.0GiB       0.0GiB   0%        0.0M        0.0M   0%        1
     103       0.0GiB       0.0GiB   0%        0.0M        0.0M   0%        1
     104       0.0GiB       0.0GiB   0%        0.0M        0.0M   0%        1
     105       0.0GiB       0.0GiB   0%        0.0M        0.0M   0%        1
     106       0.0GiB       0.0GiB   0%        0.0M        0.0M   0%        1
     107       0.0GiB       0.0GiB   0%        0.0M        0.0M   0%        1
     201    1862.1GiB     782.4GiB  42%      195.4M      195.3M 100%        2
     202    1862.1GiB     826.9GiB  44%      195.4M      195.3M 100%        2
     203    1862.1GiB     881.7GiB  47%      195.4M      195.3M 100%        2
     204    1862.1GiB     838.7GiB  45%      195.4M      195.3M 100%        2
     205     931.1GiB     801.3GiB  86%      488.4M      488.4M 100%        2
     206     931.1GiB     815.7GiB  88%      488.4M      488.4M 100%        2
     207     931.1GiB     818.4GiB  88%      488.4M      488.4M 100%        2
     301    1862.1GiB     503.3GiB  27%      195.4M      195.3M 100%        3
     302    1862.1GiB     538.6GiB  29%      195.4M      195.3M 100%        3
     303    1862.1GiB     610.3GiB  33%      195.4M      195.3M 100%        3
     304    1862.1GiB     560.3GiB  30%      195.4M      195.3M 100%        3
     305     931.1GiB     795.4GiB  85%      488.4M      488.4M 100%        3
     306     931.1GiB     807.2GiB  87%      488.4M      488.2M 100%        3
     307     931.1GiB     457.8GiB  49%      488.4M      488.4M 100%        3
     401       0.0GiB       0.0GiB   0%        0.0M        0.0M   0%        4
     402       0.0GiB       0.0GiB   0%        0.0M        0.0M   0%        4
     403       0.0GiB       0.0GiB   0%        0.0M        0.0M   0%        4
     404       0.0GiB       0.0GiB   0%        0.0M        0.0M   0%        4
     405       0.0GiB       0.0GiB   0%        0.0M        0.0M   0%        4
     406       0.0GiB       0.0GiB   0%        0.0M        0.0M   0%        4
     407       0.0GiB       0.0GiB   0%        0.0M        0.0M   0%        4
# WARNINGS (offline nodes, not in active pools): [ERROR from beegfs-storage colva1 [ID: 1]: Communication error]
 [ERROR from beegfs-storage colva1 [ID: 1]: Communication error]
 [ERROR from beegfs-storage colva1 [ID: 1]: Communication error]
 [ERRO

### MDS SPACE (METADATA) AFTER large_contiguous_write_heavy_freq_1gb [HDD] run1
### Timestamp: 2026-04-03 22:31:44
TargetID        Total         Free    %      ITotal       IFree    %   NodeID
========        =====         ====    =      ======       =====    =   ======
       1     667.2GiB      32.4GiB   5%       44.5M       37.0M  83%        1

### OST SPACE (STORAGE) BEFORE large_contiguous_write_heavy_freq_1gb [SSD] run1
### Timestamp: 2026-04-03 22:31:44
TargetID        Total         Free    %      ITotal       IFree    %   NodeID
========        =====         ====    =      ======       =====    =   ======
     101       0.0GiB       0.0GiB   0%        0.0M        0.0M   0%        1
     102       0.0GiB       0.0GiB   0%        0.0M        0.0M   0%        1
     103       0.0GiB       0.0GiB   0%        0.0M        0.0M   0%        1
     104       0.0GiB       0.0GiB   0%        0.0M        0.0M   0%        1
     105       0.0GiB       0.0GiB   0%        0.0M        0.0M   0%        1
     106       0.0GiB       0.0GiB   0%        0.0M        0.0M   0%        1
     107       0.0GiB       0.0GiB   0%        0.0M        0.0M   0%        1
     201    1862.1GiB     782.5GiB  42%      195.4M      195.3M 100%        2
     202    1862.1GiB     826.9GiB  44%      195.4M      195.3M 100%        2
     203    1862.1GiB     882.0GiB  47%      195.4M      195.3M 100%        2
     204    1862.1GiB     838.7GiB  45%      195.4M      195.3M 100%        2
     205     931.1GiB     801.3GiB  86%      488.4M      488.4M 100%        2
     206     931.1GiB     815.7GiB  88%      488.4M      488.4M 100%        2
     207     931.1GiB     818.4GiB  88%      488.4M      488.4M 100%        2
     301    1862.1GiB     503.5GiB  27%      195.4M      195.3M 100%        3
     302    1862.1GiB     538.6GiB  29%      195.4M      195.3M 100%        3
     303    1862.1GiB     610.5GiB  33%      195.4M      195.3M 100%        3
     304    1862.1GiB     560.3GiB  30%      195.4M      195.3M 100%        3
     305     931.1GiB     795.4GiB  85%      488.4M      488.4M 100%        3
     306     931.1GiB     807.2GiB  87%      488.4M      488.2M 100%        3
     307     931.1GiB     457.8GiB  49%      488.4M      488.4M 100%        3
     401       0.0GiB       0.0GiB   0%        0.0M        0.0M   0%        4
     402       0.0GiB       0.0GiB   0%        0.0M        0.0M   0%        4
     403       0.0GiB       0.0GiB   0%        0.0M        0.0M   0%        4
     404       0.0GiB       0.0GiB   0%        0.0M        0.0M   0%        4
     405       0.0GiB       0.0GiB   0%        0.0M        0.0M   0%        4
     406       0.0GiB       0.0GiB   0%        0.0M        0.0M   0%        4
     407       0.0GiB       0.0GiB   0%        0.0M        0.0M   0%        4
# WARNINGS (offline nodes, not in active pools): [ERROR from beegfs-storage colva1 [ID: 1]: Communication error]
 [ERROR from beegfs-storage colva1 [ID: 1]: Communication error]
 [ERROR from beegfs-storage colva1 [ID: 1]: Communication error]
 [ERRO

### MDS SPACE (METADATA) BEFORE large_contiguous_write_heavy_freq_1gb [SSD] run1
### Timestamp: 2026-04-03 22:33:08
TargetID        Total         Free    %      ITotal       IFree    %   NodeID
========        =====         ====    =      ======       =====    =   ======
       1     667.2GiB      32.4GiB   5%       44.5M       37.0M  83%        1

### FILE OST LAYOUT AFTER large_contiguous_write_heavy_freq_1gb [SSD] run1
### Timestamp: 2026-04-03 22:33:14
  FILE: /mnt/beegfs/advay/ssd/workloads/tmp/workload_large_contiguous_write_heavy_freq_1gb_f0
    Entry type: file
    EntryID: 0-69CFF2B0-1
    Stripe pattern details:
    + Type: RAID0
    + Chunksize: 1M
    + Number of storage targets: desired: 4; actual: 4
    + Storage targets:
      + 306 @ colva3 [ID: 3]
      + 307 @ colva3 [ID: 3]
      + 205 @ colva2 [ID: 2]
      + 207 @ colva2 [ID: 2]
    Chunk path: u3E9/6998/D/1-6998D1FE-1/0-69CFF2B0-1
    Inlined inode: yes
    Dentry info:
     + Path: 9/59/1-6998D1FE-1/
     + Metadata node: anjuna3 [ID: 1]

### OST SPACE (STORAGE) AFTER large_contiguous_write_heavy_freq_1gb [SSD] run1
### Timestamp: 2026-04-03 22:33:14
TargetID        Total         Free    %      ITotal       IFree    %   NodeID
========        =====         ====    =      ======       =====    =   ======
     101       0.0GiB       0.0GiB   0%        0.0M        0.0M   0%        1
     102       0.0GiB       0.0GiB   0%        0.0M        0.0M   0%        1
     103       0.0GiB       0.0GiB   0%        0.0M        0.0M   0%        1
     104       0.0GiB       0.0GiB   0%        0.0M        0.0M   0%        1
     105       0.0GiB       0.0GiB   0%        0.0M        0.0M   0%        1
     106       0.0GiB       0.0GiB   0%        0.0M        0.0M   0%        1
     107       0.0GiB       0.0GiB   0%        0.0M        0.0M   0%        1
     201    1862.1GiB     781.9GiB  42%      195.4M      195.3M 100%        2
     202    1862.1GiB     826.9GiB  44%      195.4M      195.3M 100%        2
     203    1862.1GiB     882.0GiB  47%      195.4M      195.3M 100%        2
     204    1862.1GiB     838.7GiB  45%      195.4M      195.3M 100%        2
     205     931.1GiB     801.1GiB  86%      488.4M      488.4M 100%        2
     206     931.1GiB     815.7GiB  88%      488.4M      488.4M 100%        2
     207     931.1GiB     818.2GiB  88%      488.4M      488.4M 100%        2
     301    1862.1GiB     503.5GiB  27%      195.4M      195.3M 100%        3
     302    1862.1GiB     538.6GiB  29%      195.4M      195.3M 100%        3
     303    1862.1GiB     610.5GiB  33%      195.4M      195.3M 100%        3
     304    1862.1GiB     560.3GiB  30%      195.4M      195.3M 100%        3
     305     931.1GiB     795.4GiB  85%      488.4M      488.4M 100%        3
     306     931.1GiB     806.9GiB  87%      488.4M      488.2M 100%        3
     307     931.1GiB     457.5GiB  49%      488.4M      488.4M 100%        3
     401       0.0GiB       0.0GiB   0%        0.0M        0.0M   0%        4
     402       0.0GiB       0.0GiB   0%        0.0M        0.0M   0%        4
     403       0.0GiB       0.0GiB   0%        0.0M        0.0M   0%        4
     404       0.0GiB       0.0GiB   0%        0.0M        0.0M   0%        4
     405       0.0GiB       0.0GiB   0%        0.0M        0.0M   0%        4
     406       0.0GiB       0.0GiB   0%        0.0M        0.0M   0%        4
     407       0.0GiB       0.0GiB   0%        0.0M        0.0M   0%        4
# WARNINGS (offline nodes, not in active pools): [ERROR from beegfs-storage colva1 [ID: 1]: Communication error]
 [ERROR from beegfs-storage colva1 [ID: 1]: Communication error]
 [ERROR from beegfs-storage colva1 [ID: 1]: Communication error]
 [ERRO

### MDS SPACE (METADATA) AFTER large_contiguous_write_heavy_freq_1gb [SSD] run1
### Timestamp: 2026-04-03 22:34:37
TargetID        Total         Free    %      ITotal       IFree    %   NodeID
========        =====         ====    =      ======       =====    =   ======
       1     667.2GiB      32.4GiB   5%       44.5M       37.0M  83%        1

### OST SPACE (STORAGE) BEFORE large_contiguous_write_heavy_freq_1gb [HDD] run1
### Timestamp: 2026-04-03 22:40:40
TargetID        Total         Free    %      ITotal       IFree    %   NodeID
========        =====         ====    =      ======       =====    =   ======
     101       0.0GiB       0.0GiB   0%        0.0M        0.0M   0%        1
     102       0.0GiB       0.0GiB   0%        0.0M        0.0M   0%        1
     103       0.0GiB       0.0GiB   0%        0.0M        0.0M   0%        1
     104       0.0GiB       0.0GiB   0%        0.0M        0.0M   0%        1
     105       0.0GiB       0.0GiB   0%        0.0M        0.0M   0%        1
     106       0.0GiB       0.0GiB   0%        0.0M        0.0M   0%        1
     107       0.0GiB       0.0GiB   0%        0.0M        0.0M   0%        1
     201    1862.1GiB     793.5GiB  43%      195.4M      195.3M 100%        2
     202    1862.1GiB     827.0GiB  44%      195.4M      195.3M 100%        2
     203    1862.1GiB     882.0GiB  47%      195.4M      195.3M 100%        2
     204    1862.1GiB     838.7GiB  45%      195.4M      195.3M 100%        2
     205     931.1GiB     801.3GiB  86%      488.4M      488.4M 100%        2
     206     931.1GiB     815.7GiB  88%      488.4M      488.4M 100%        2
     207     931.1GiB     818.4GiB  88%      488.4M      488.4M 100%        2
     301    1862.1GiB     503.5GiB  27%      195.4M      195.3M 100%        3
     302    1862.1GiB     538.6GiB  29%      195.4M      195.3M 100%        3
     303    1862.1GiB     610.6GiB  33%      195.4M      195.3M 100%        3
     304    1862.1GiB     560.3GiB  30%      195.4M      195.3M 100%        3
     305     931.1GiB     795.4GiB  85%      488.4M      488.4M 100%        3
     306     931.1GiB     807.2GiB  87%      488.4M      488.2M 100%        3
     307     931.1GiB     457.8GiB  49%      488.4M      488.4M 100%        3
     401       0.0GiB       0.0GiB   0%        0.0M        0.0M   0%        4
     402       0.0GiB       0.0GiB   0%        0.0M        0.0M   0%        4
     403       0.0GiB       0.0GiB   0%        0.0M        0.0M   0%        4
     404       0.0GiB       0.0GiB   0%        0.0M        0.0M   0%        4
     405       0.0GiB       0.0GiB   0%        0.0M        0.0M   0%        4
     406       0.0GiB       0.0GiB   0%        0.0M        0.0M   0%        4
     407       0.0GiB       0.0GiB   0%        0.0M        0.0M   0%        4
# WARNINGS (offline nodes, not in active pools): [ERROR from beegfs-storage colva1 [ID: 1]: Communication error]
 [ERROR from beegfs-storage colva1 [ID: 1]: Communication error]
 [ERROR from beegfs-storage colva1 [ID: 1]: Communication error]
 [ERRO

### MDS SPACE (METADATA) BEFORE large_contiguous_write_heavy_freq_1gb [HDD] run1
### Timestamp: 2026-04-03 22:42:04
TargetID        Total         Free    %      ITotal       IFree    %   NodeID
========        =====         ====    =      ======       =====    =   ======
       1     667.2GiB      32.4GiB   5%       44.5M       37.0M  83%        1

### FILE OST LAYOUT AFTER large_contiguous_write_heavy_freq_1gb [HDD] run1
### Timestamp: 2026-04-03 22:42:11
  FILE: /mnt/beegfs/advay/hdd/workloads/tmp/workload_large_contiguous_write_heavy_freq_1gb_f0
    Entry type: file
    EntryID: 0-69CFF4E3-1
    Stripe pattern details:
    + Type: RAID0
    + Chunksize: 1M
    + Number of storage targets: desired: 4; actual: 4
    + Storage targets:
      + 302 @ colva3 [ID: 3]
      + 304 @ colva3 [ID: 3]
      + 202 @ colva2 [ID: 2]
      + 204 @ colva2 [ID: 2]
    Chunk path: u3E9/6998/7/0-6998774B-1/0-69CFF4E3-1
    Inlined inode: yes
    Dentry info:
     + Path: 67/66/0-6998774B-1/
     + Metadata node: anjuna3 [ID: 1]

### OST SPACE (STORAGE) AFTER large_contiguous_write_heavy_freq_1gb [HDD] run1
### Timestamp: 2026-04-03 22:42:11
TargetID        Total         Free    %      ITotal       IFree    %   NodeID
========        =====         ====    =      ======       =====    =   ======
     101       0.0GiB       0.0GiB   0%        0.0M        0.0M   0%        1
     102       0.0GiB       0.0GiB   0%        0.0M        0.0M   0%        1
     103       0.0GiB       0.0GiB   0%        0.0M        0.0M   0%        1
     104       0.0GiB       0.0GiB   0%        0.0M        0.0M   0%        1
     105       0.0GiB       0.0GiB   0%        0.0M        0.0M   0%        1
     106       0.0GiB       0.0GiB   0%        0.0M        0.0M   0%        1
     107       0.0GiB       0.0GiB   0%        0.0M        0.0M   0%        1
     201    1862.1GiB     783.8GiB  42%      195.4M      195.3M 100%        2
     202    1862.1GiB     826.7GiB  44%      195.4M      195.3M 100%        2
     203    1862.1GiB     882.0GiB  47%      195.4M      195.3M 100%        2
     204    1862.1GiB     838.4GiB  45%      195.4M      195.3M 100%        2
     205     931.1GiB     801.3GiB  86%      488.4M      488.4M 100%        2
     206     931.1GiB     815.7GiB  88%      488.4M      488.4M 100%        2
     207     931.1GiB     818.4GiB  88%      488.4M      488.4M 100%        2
     301    1862.1GiB     503.5GiB  27%      195.4M      195.3M 100%        3
     302    1862.1GiB     538.4GiB  29%      195.4M      195.3M 100%        3
     303    1862.1GiB     610.6GiB  33%      195.4M      195.3M 100%        3
     304    1862.1GiB     560.0GiB  30%      195.4M      195.3M 100%        3
     305     931.1GiB     795.4GiB  85%      488.4M      488.4M 100%        3
     306     931.1GiB     807.2GiB  87%      488.4M      488.2M 100%        3
     307     931.1GiB     457.8GiB  49%      488.4M      488.4M 100%        3
     401       0.0GiB       0.0GiB   0%        0.0M        0.0M   0%        4
     402       0.0GiB       0.0GiB   0%        0.0M        0.0M   0%        4
     403       0.0GiB       0.0GiB   0%        0.0M        0.0M   0%        4
     404       0.0GiB       0.0GiB   0%        0.0M        0.0M   0%        4
     405       0.0GiB       0.0GiB   0%        0.0M        0.0M   0%        4
     406       0.0GiB       0.0GiB   0%        0.0M        0.0M   0%        4
     407       0.0GiB       0.0GiB   0%        0.0M        0.0M   0%        4
# WARNINGS (offline nodes, not in active pools): [ERROR from beegfs-storage colva1 [ID: 1]: Communication error]
 [ERROR from beegfs-storage colva1 [ID: 1]: Communication error]
 [ERROR from beegfs-storage colva1 [ID: 1]: Communication error]
 [ERRO

### MDS SPACE (METADATA) AFTER large_contiguous_write_heavy_freq_1gb [HDD] run1
### Timestamp: 2026-04-03 22:43:33
TargetID        Total         Free    %      ITotal       IFree    %   NodeID
========        =====         ====    =      ======       =====    =   ======
       1     667.2GiB      32.4GiB   5%       44.5M       37.0M  83%        1

### OST SPACE (STORAGE) BEFORE large_contiguous_write_heavy_freq_1gb [SSD] run1
### Timestamp: 2026-04-03 22:43:34
TargetID        Total         Free    %      ITotal       IFree    %   NodeID
========        =====         ====    =      ======       =====    =   ======
     101       0.0GiB       0.0GiB   0%        0.0M        0.0M   0%        1
     102       0.0GiB       0.0GiB   0%        0.0M        0.0M   0%        1
     103       0.0GiB       0.0GiB   0%        0.0M        0.0M   0%        1
     104       0.0GiB       0.0GiB   0%        0.0M        0.0M   0%        1
     105       0.0GiB       0.0GiB   0%        0.0M        0.0M   0%        1
     106       0.0GiB       0.0GiB   0%        0.0M        0.0M   0%        1
     107       0.0GiB       0.0GiB   0%        0.0M        0.0M   0%        1
     201    1862.1GiB     783.2GiB  42%      195.4M      195.3M 100%        2
     202    1862.1GiB     827.0GiB  44%      195.4M      195.3M 100%        2
     203    1862.1GiB     882.0GiB  47%      195.4M      195.3M 100%        2
     204    1862.1GiB     838.7GiB  45%      195.4M      195.3M 100%        2
     205     931.1GiB     801.3GiB  86%      488.4M      488.4M 100%        2
     206     931.1GiB     815.7GiB  88%      488.4M      488.4M 100%        2
     207     931.1GiB     818.4GiB  88%      488.4M      488.4M 100%        2
     301    1862.1GiB     503.5GiB  27%      195.4M      195.3M 100%        3
     302    1862.1GiB     538.6GiB  29%      195.4M      195.3M 100%        3
     303    1862.1GiB     610.6GiB  33%      195.4M      195.3M 100%        3
     304    1862.1GiB     560.3GiB  30%      195.4M      195.3M 100%        3
     305     931.1GiB     795.4GiB  85%      488.4M      488.4M 100%        3
     306     931.1GiB     807.2GiB  87%      488.4M      488.2M 100%        3
     307     931.1GiB     457.8GiB  49%      488.4M      488.4M 100%        3
     401       0.0GiB       0.0GiB   0%        0.0M        0.0M   0%        4
     402       0.0GiB       0.0GiB   0%        0.0M        0.0M   0%        4
     403       0.0GiB       0.0GiB   0%        0.0M        0.0M   0%        4
     404       0.0GiB       0.0GiB   0%        0.0M        0.0M   0%        4
     405       0.0GiB       0.0GiB   0%        0.0M        0.0M   0%        4
     406       0.0GiB       0.0GiB   0%        0.0M        0.0M   0%        4
     407       0.0GiB       0.0GiB   0%        0.0M        0.0M   0%        4
# WARNINGS (offline nodes, not in active pools): [ERROR from beegfs-storage colva1 [ID: 1]: Communication error]
 [ERROR from beegfs-storage colva1 [ID: 1]: Communication error]
 [ERROR from beegfs-storage colva1 [ID: 1]: Communication error]
 [ERRO

### MDS SPACE (METADATA) BEFORE large_contiguous_write_heavy_freq_1gb [SSD] run1
### Timestamp: 2026-04-03 22:45:00
TargetID        Total         Free    %      ITotal       IFree    %   NodeID
========        =====         ====    =      ======       =====    =   ======
       1     667.2GiB      32.4GiB   5%       44.5M       37.0M  83%        1

### FILE OST LAYOUT AFTER large_contiguous_write_heavy_freq_1gb [SSD] run1
### Timestamp: 2026-04-03 22:45:06
  FILE: /mnt/beegfs/advay/ssd/workloads/tmp/workload_large_contiguous_write_heavy_freq_1gb_f0
    Entry type: file
    EntryID: 0-69CFF561-1
    Stripe pattern details:
    + Type: RAID0
    + Chunksize: 1M
    + Number of storage targets: desired: 4; actual: 4
    + Storage targets:
      + 206 @ colva2 [ID: 2]
      + 207 @ colva2 [ID: 2]
      + 305 @ colva3 [ID: 3]
      + 307 @ colva3 [ID: 3]
    Chunk path: u3E9/6998/D/1-6998D1FE-1/0-69CFF561-1
    Inlined inode: yes
    Dentry info:
     + Path: 9/59/1-6998D1FE-1/
     + Metadata node: anjuna3 [ID: 1]

### OST SPACE (STORAGE) AFTER large_contiguous_write_heavy_freq_1gb [SSD] run1
### Timestamp: 2026-04-03 22:45:06
TargetID        Total         Free    %      ITotal       IFree    %   NodeID
========        =====         ====    =      ======       =====    =   ======
     101       0.0GiB       0.0GiB   0%        0.0M        0.0M   0%        1
     102       0.0GiB       0.0GiB   0%        0.0M        0.0M   0%        1
     103       0.0GiB       0.0GiB   0%        0.0M        0.0M   0%        1
     104       0.0GiB       0.0GiB   0%        0.0M        0.0M   0%        1
     105       0.0GiB       0.0GiB   0%        0.0M        0.0M   0%        1
     106       0.0GiB       0.0GiB   0%        0.0M        0.0M   0%        1
     107       0.0GiB       0.0GiB   0%        0.0M        0.0M   0%        1
     201    1862.1GiB     782.5GiB  42%      195.4M      195.3M 100%        2
     202    1862.1GiB     827.0GiB  44%      195.4M      195.3M 100%        2
     203    1862.1GiB     882.0GiB  47%      195.4M      195.3M 100%        2
     204    1862.1GiB     838.7GiB  45%      195.4M      195.3M 100%        2
     205     931.1GiB     801.3GiB  86%      488.4M      488.4M 100%        2
     206     931.1GiB     815.4GiB  88%      488.4M      488.4M 100%        2
     207     931.1GiB     818.2GiB  88%      488.4M      488.4M 100%        2
     301    1862.1GiB     503.5GiB  27%      195.4M      195.3M 100%        3
     302    1862.1GiB     538.6GiB  29%      195.4M      195.3M 100%        3
     303    1862.1GiB     610.6GiB  33%      195.4M      195.3M 100%        3
     304    1862.1GiB     560.3GiB  30%      195.4M      195.3M 100%        3
     305     931.1GiB     795.1GiB  85%      488.4M      488.4M 100%        3
     306     931.1GiB     807.2GiB  87%      488.4M      488.2M 100%        3
     307     931.1GiB     457.5GiB  49%      488.4M      488.4M 100%        3
     401       0.0GiB       0.0GiB   0%        0.0M        0.0M   0%        4
     402       0.0GiB       0.0GiB   0%        0.0M        0.0M   0%        4
     403       0.0GiB       0.0GiB   0%        0.0M        0.0M   0%        4
     404       0.0GiB       0.0GiB   0%        0.0M        0.0M   0%        4
     405       0.0GiB       0.0GiB   0%        0.0M        0.0M   0%        4
     406       0.0GiB       0.0GiB   0%        0.0M        0.0M   0%        4
     407       0.0GiB       0.0GiB   0%        0.0M        0.0M   0%        4
# WARNINGS (offline nodes, not in active pools): [ERROR from beegfs-storage colva1 [ID: 1]: Communication error]
 [ERROR from beegfs-storage colva1 [ID: 1]: Communication error]
 [ERROR from beegfs-storage colva1 [ID: 1]: Communication error]
 [ERRO

### MDS SPACE (METADATA) AFTER large_contiguous_write_heavy_freq_1gb [SSD] run1
### Timestamp: 2026-04-03 22:46:29
TargetID        Total         Free    %      ITotal       IFree    %   NodeID
========        =====         ====    =      ======       =====    =   ======
       1     667.2GiB      32.4GiB   5%       44.5M       37.0M  83%        1
