
### OST SPACE (STORAGE) BEFORE large_contiguous_write_heavy_freq_1gb [HDD] run1
### Timestamp: 2026-04-04 05:40:39
TargetID        Total         Free    %      ITotal       IFree    %   NodeID
========        =====         ====    =      ======       =====    =   ======
     101       0.0GiB       0.0GiB   0%        0.0M        0.0M   0%        1
     102       0.0GiB       0.0GiB   0%        0.0M        0.0M   0%        1
     103       0.0GiB       0.0GiB   0%        0.0M        0.0M   0%        1
     104       0.0GiB       0.0GiB   0%        0.0M        0.0M   0%        1
     105       0.0GiB       0.0GiB   0%        0.0M        0.0M   0%        1
     106       0.0GiB       0.0GiB   0%        0.0M        0.0M   0%        1
     107       0.0GiB       0.0GiB   0%        0.0M        0.0M   0%        1
     201    1862.1GiB     794.5GiB  43%      195.4M      195.3M 100%        2
     202    1862.1GiB     827.0GiB  44%      195.4M      195.3M 100%        2
     203    1862.1GiB     882.0GiB  47%      195.4M      195.3M 100%        2
     204    1862.1GiB     838.7GiB  45%      195.4M      195.3M 100%        2
     205     931.1GiB     801.3GiB  86%      488.4M      488.4M 100%        2
     206     931.1GiB     815.7GiB  88%      488.4M      488.4M 100%        2
     207     931.1GiB     818.4GiB  88%      488.4M      488.4M 100%        2
     301    1862.1GiB     503.5GiB  27%      195.4M      195.3M 100%        3
     302    1862.1GiB     538.6GiB  29%      195.4M      195.3M 100%        3
     303    1862.1GiB     610.6GiB  33%      195.4M      195.3M 100%        3
     304    1862.1GiB     560.3GiB  30%      195.4M      195.3M 100%        3
     305     931.1GiB     795.4GiB  85%      488.4M      488.4M 100%        3
     306     931.1GiB     807.2GiB  87%      488.4M      488.2M 100%        3
     307     931.1GiB     457.8GiB  49%      488.4M      488.4M 100%        3
     401       0.0GiB       0.0GiB   0%        0.0M        0.0M   0%        4
     402       0.0GiB       0.0GiB   0%        0.0M        0.0M   0%        4
     403       0.0GiB       0.0GiB   0%        0.0M        0.0M   0%        4
     404       0.0GiB       0.0GiB   0%        0.0M        0.0M   0%        4
     405       0.0GiB       0.0GiB   0%        0.0M        0.0M   0%        4
     406       0.0GiB       0.0GiB   0%        0.0M        0.0M   0%        4
     407       0.0GiB       0.0GiB   0%        0.0M        0.0M   0%        4
# WARNINGS (offline nodes, not in active pools): [ERROR from beegfs-storage colva1 [ID: 1]: Communication error]
 [ERROR from beegfs-storage colva1 [ID: 1]: Communication error]
 [ERROR from beegfs-storage colva1 [ID: 1]: Communication error]
 [ERRO

### MDS SPACE (METADATA) BEFORE large_contiguous_write_heavy_freq_1gb [HDD] run1
### Timestamp: 2026-04-04 05:42:03
TargetID        Total         Free    %      ITotal       IFree    %   NodeID
========        =====         ====    =      ======       =====    =   ======
       1     667.2GiB      34.9GiB   5%       44.5M       37.0M  83%        1

### FILE OST LAYOUT AFTER large_contiguous_write_heavy_freq_1gb [HDD] run1
### Timestamp: 2026-04-04 05:42:10
  FILE: /mnt/beegfs/advay/hdd/workloads/tmp/workload_large_contiguous_write_heavy_freq_1gb_f0
    Entry type: file
    EntryID: 0-69D0574E-1
    Stripe pattern details:
    + Type: RAID0
    + Chunksize: 1M
    + Number of storage targets: desired: 4; actual: 4
    + Storage targets:
      + 204 @ colva2 [ID: 2]
      + 302 @ colva3 [ID: 3]
      + 304 @ colva3 [ID: 3]
      + 201 @ colva2 [ID: 2]
    Chunk path: u3E9/6998/7/0-6998774B-1/0-69D0574E-1
    Inlined inode: yes
    Dentry info:
     + Path: 67/66/0-6998774B-1/
     + Metadata node: anjuna3 [ID: 1]

### OST SPACE (STORAGE) AFTER large_contiguous_write_heavy_freq_1gb [HDD] run1
### Timestamp: 2026-04-04 05:42:10
TargetID        Total         Free    %      ITotal       IFree    %   NodeID
========        =====         ====    =      ======       =====    =   ======
     101       0.0GiB       0.0GiB   0%        0.0M        0.0M   0%        1
     102       0.0GiB       0.0GiB   0%        0.0M        0.0M   0%        1
     103       0.0GiB       0.0GiB   0%        0.0M        0.0M   0%        1
     104       0.0GiB       0.0GiB   0%        0.0M        0.0M   0%        1
     105       0.0GiB       0.0GiB   0%        0.0M        0.0M   0%        1
     106       0.0GiB       0.0GiB   0%        0.0M        0.0M   0%        1
     107       0.0GiB       0.0GiB   0%        0.0M        0.0M   0%        1
     201    1862.1GiB     794.3GiB  43%      195.4M      195.3M 100%        2
     202    1862.1GiB     827.0GiB  44%      195.4M      195.3M 100%        2
     203    1862.1GiB     882.0GiB  47%      195.4M      195.3M 100%        2
     204    1862.1GiB     838.4GiB  45%      195.4M      195.3M 100%        2
     205     931.1GiB     801.3GiB  86%      488.4M      488.4M 100%        2
     206     931.1GiB     815.7GiB  88%      488.4M      488.4M 100%        2
     207     931.1GiB     818.4GiB  88%      488.4M      488.4M 100%        2
     301    1862.1GiB     503.5GiB  27%      195.4M      195.3M 100%        3
     302    1862.1GiB     538.4GiB  29%      195.4M      195.3M 100%        3
     303    1862.1GiB     610.6GiB  33%      195.4M      195.3M 100%        3
     304    1862.1GiB     560.0GiB  30%      195.4M      195.3M 100%        3
     305     931.1GiB     795.4GiB  85%      488.4M      488.4M 100%        3
     306     931.1GiB     807.2GiB  87%      488.4M      488.2M 100%        3
     307     931.1GiB     457.8GiB  49%      488.4M      488.4M 100%        3
     401       0.0GiB       0.0GiB   0%        0.0M        0.0M   0%        4
     402       0.0GiB       0.0GiB   0%        0.0M        0.0M   0%        4
     403       0.0GiB       0.0GiB   0%        0.0M        0.0M   0%        4
     404       0.0GiB       0.0GiB   0%        0.0M        0.0M   0%        4
     405       0.0GiB       0.0GiB   0%        0.0M        0.0M   0%        4
     406       0.0GiB       0.0GiB   0%        0.0M        0.0M   0%        4
     407       0.0GiB       0.0GiB   0%        0.0M        0.0M   0%        4
# WARNINGS (offline nodes, not in active pools): [ERROR from beegfs-storage colva1 [ID: 1]: Communication error]
 [ERROR from beegfs-storage colva1 [ID: 1]: Communication error]
 [ERROR from beegfs-storage colva1 [ID: 1]: Communication error]
 [ERRO

### MDS SPACE (METADATA) AFTER large_contiguous_write_heavy_freq_1gb [HDD] run1
### Timestamp: 2026-04-04 05:43:32
TargetID        Total         Free    %      ITotal       IFree    %   NodeID
========        =====         ====    =      ======       =====    =   ======
       1     667.2GiB      34.9GiB   5%       44.5M       37.0M  83%        1

### OST SPACE (STORAGE) BEFORE large_contiguous_write_heavy_freq_1gb [HDD] run2
### Timestamp: 2026-04-04 05:43:33
TargetID        Total         Free    %      ITotal       IFree    %   NodeID
========        =====         ====    =      ======       =====    =   ======
     101       0.0GiB       0.0GiB   0%        0.0M        0.0M   0%        1
     102       0.0GiB       0.0GiB   0%        0.0M        0.0M   0%        1
     103       0.0GiB       0.0GiB   0%        0.0M        0.0M   0%        1
     104       0.0GiB       0.0GiB   0%        0.0M        0.0M   0%        1
     105       0.0GiB       0.0GiB   0%        0.0M        0.0M   0%        1
     106       0.0GiB       0.0GiB   0%        0.0M        0.0M   0%        1
     107       0.0GiB       0.0GiB   0%        0.0M        0.0M   0%        1
     201    1862.1GiB     794.5GiB  43%      195.4M      195.3M 100%        2
     202    1862.1GiB     827.0GiB  44%      195.4M      195.3M 100%        2
     203    1862.1GiB     882.0GiB  47%      195.4M      195.3M 100%        2
     204    1862.1GiB     838.7GiB  45%      195.4M      195.3M 100%        2
     205     931.1GiB     801.3GiB  86%      488.4M      488.4M 100%        2
     206     931.1GiB     815.7GiB  88%      488.4M      488.4M 100%        2
     207     931.1GiB     818.4GiB  88%      488.4M      488.4M 100%        2
     301    1862.1GiB     503.5GiB  27%      195.4M      195.3M 100%        3
     302    1862.1GiB     538.6GiB  29%      195.4M      195.3M 100%        3
     303    1862.1GiB     610.6GiB  33%      195.4M      195.3M 100%        3
     304    1862.1GiB     560.3GiB  30%      195.4M      195.3M 100%        3
     305     931.1GiB     795.4GiB  85%      488.4M      488.4M 100%        3
     306     931.1GiB     807.2GiB  87%      488.4M      488.2M 100%        3
     307     931.1GiB     457.8GiB  49%      488.4M      488.4M 100%        3
     401       0.0GiB       0.0GiB   0%        0.0M        0.0M   0%        4
     402       0.0GiB       0.0GiB   0%        0.0M        0.0M   0%        4
     403       0.0GiB       0.0GiB   0%        0.0M        0.0M   0%        4
     404       0.0GiB       0.0GiB   0%        0.0M        0.0M   0%        4
     405       0.0GiB       0.0GiB   0%        0.0M        0.0M   0%        4
     406       0.0GiB       0.0GiB   0%        0.0M        0.0M   0%        4
     407       0.0GiB       0.0GiB   0%        0.0M        0.0M   0%        4
# WARNINGS (offline nodes, not in active pools): [ERROR from beegfs-storage colva1 [ID: 1]: Communication error]
 [ERROR from beegfs-storage colva1 [ID: 1]: Communication error]
 [ERROR from beegfs-storage colva1 [ID: 1]: Communication error]
 [ERRO

### MDS SPACE (METADATA) BEFORE large_contiguous_write_heavy_freq_1gb [HDD] run2
### Timestamp: 2026-04-04 05:44:59
TargetID        Total         Free    %      ITotal       IFree    %   NodeID
========        =====         ====    =      ======       =====    =   ======
       1     667.2GiB      34.9GiB   5%       44.5M       37.0M  83%        1

### FILE OST LAYOUT AFTER large_contiguous_write_heavy_freq_1gb [HDD] run2
### Timestamp: 2026-04-04 05:45:05
  FILE: /mnt/beegfs/advay/hdd/workloads/tmp/workload_large_contiguous_write_heavy_freq_1gb_f0
    Entry type: file
    EntryID: 0-69D057CC-1
    Stripe pattern details:
    + Type: RAID0
    + Chunksize: 1M
    + Number of storage targets: desired: 4; actual: 4
    + Storage targets:
      + 302 @ colva3 [ID: 3]
      + 304 @ colva3 [ID: 3]
      + 201 @ colva2 [ID: 2]
      + 204 @ colva2 [ID: 2]
    Chunk path: u3E9/6998/7/0-6998774B-1/0-69D057CC-1
    Inlined inode: yes
    Dentry info:
     + Path: 67/66/0-6998774B-1/
     + Metadata node: anjuna3 [ID: 1]

### OST SPACE (STORAGE) AFTER large_contiguous_write_heavy_freq_1gb [HDD] run2
### Timestamp: 2026-04-04 05:45:05
TargetID        Total         Free    %      ITotal       IFree    %   NodeID
========        =====         ====    =      ======       =====    =   ======
     101       0.0GiB       0.0GiB   0%        0.0M        0.0M   0%        1
     102       0.0GiB       0.0GiB   0%        0.0M        0.0M   0%        1
     103       0.0GiB       0.0GiB   0%        0.0M        0.0M   0%        1
     104       0.0GiB       0.0GiB   0%        0.0M        0.0M   0%        1
     105       0.0GiB       0.0GiB   0%        0.0M        0.0M   0%        1
     106       0.0GiB       0.0GiB   0%        0.0M        0.0M   0%        1
     107       0.0GiB       0.0GiB   0%        0.0M        0.0M   0%        1
     201    1862.1GiB     794.3GiB  43%      195.4M      195.3M 100%        2
     202    1862.1GiB     827.0GiB  44%      195.4M      195.3M 100%        2
     203    1862.1GiB     882.0GiB  47%      195.4M      195.3M 100%        2
     204    1862.1GiB     838.4GiB  45%      195.4M      195.3M 100%        2
     205     931.1GiB     801.3GiB  86%      488.4M      488.4M 100%        2
     206     931.1GiB     815.7GiB  88%      488.4M      488.4M 100%        2
     207     931.1GiB     818.4GiB  88%      488.4M      488.4M 100%        2
     301    1862.1GiB     503.5GiB  27%      195.4M      195.3M 100%        3
     302    1862.1GiB     538.4GiB  29%      195.4M      195.3M 100%        3
     303    1862.1GiB     610.6GiB  33%      195.4M      195.3M 100%        3
     304    1862.1GiB     560.0GiB  30%      195.4M      195.3M 100%        3
     305     931.1GiB     795.4GiB  85%      488.4M      488.4M 100%        3
     306     931.1GiB     807.2GiB  87%      488.4M      488.2M 100%        3
     307     931.1GiB     457.8GiB  49%      488.4M      488.4M 100%        3
     401       0.0GiB       0.0GiB   0%        0.0M        0.0M   0%        4
     402       0.0GiB       0.0GiB   0%        0.0M        0.0M   0%        4
     403       0.0GiB       0.0GiB   0%        0.0M        0.0M   0%        4
     404       0.0GiB       0.0GiB   0%        0.0M        0.0M   0%        4
     405       0.0GiB       0.0GiB   0%        0.0M        0.0M   0%        4
     406       0.0GiB       0.0GiB   0%        0.0M        0.0M   0%        4
     407       0.0GiB       0.0GiB   0%        0.0M        0.0M   0%        4
# WARNINGS (offline nodes, not in active pools): [ERROR from beegfs-storage colva1 [ID: 1]: Communication error]
 [ERROR from beegfs-storage colva1 [ID: 1]: Communication error]
 [ERROR from beegfs-storage colva1 [ID: 1]: Communication error]
 [ERRO

### MDS SPACE (METADATA) AFTER large_contiguous_write_heavy_freq_1gb [HDD] run2
### Timestamp: 2026-04-04 05:46:28
TargetID        Total         Free    %      ITotal       IFree    %   NodeID
========        =====         ====    =      ======       =====    =   ======
       1     667.2GiB      34.9GiB   5%       44.5M       37.0M  83%        1

### OST SPACE (STORAGE) BEFORE large_contiguous_write_heavy_freq_1gb [HDD] run3
### Timestamp: 2026-04-04 05:46:28
TargetID        Total         Free    %      ITotal       IFree    %   NodeID
========        =====         ====    =      ======       =====    =   ======
     101       0.0GiB       0.0GiB   0%        0.0M        0.0M   0%        1
     102       0.0GiB       0.0GiB   0%        0.0M        0.0M   0%        1
     103       0.0GiB       0.0GiB   0%        0.0M        0.0M   0%        1
     104       0.0GiB       0.0GiB   0%        0.0M        0.0M   0%        1
     105       0.0GiB       0.0GiB   0%        0.0M        0.0M   0%        1
     106       0.0GiB       0.0GiB   0%        0.0M        0.0M   0%        1
     107       0.0GiB       0.0GiB   0%        0.0M        0.0M   0%        1
     201    1862.1GiB     794.5GiB  43%      195.4M      195.3M 100%        2
     202    1862.1GiB     827.0GiB  44%      195.4M      195.3M 100%        2
     203    1862.1GiB     882.0GiB  47%      195.4M      195.3M 100%        2
     204    1862.1GiB     838.7GiB  45%      195.4M      195.3M 100%        2
     205     931.1GiB     801.3GiB  86%      488.4M      488.4M 100%        2
     206     931.1GiB     815.7GiB  88%      488.4M      488.4M 100%        2
     207     931.1GiB     818.4GiB  88%      488.4M      488.4M 100%        2
     301    1862.1GiB     503.5GiB  27%      195.4M      195.3M 100%        3
     302    1862.1GiB     538.6GiB  29%      195.4M      195.3M 100%        3
     303    1862.1GiB     610.6GiB  33%      195.4M      195.3M 100%        3
     304    1862.1GiB     560.3GiB  30%      195.4M      195.3M 100%        3
     305     931.1GiB     795.4GiB  85%      488.4M      488.4M 100%        3
     306     931.1GiB     807.2GiB  87%      488.4M      488.2M 100%        3
     307     931.1GiB     457.8GiB  49%      488.4M      488.4M 100%        3
     401       0.0GiB       0.0GiB   0%        0.0M        0.0M   0%        4
     402       0.0GiB       0.0GiB   0%        0.0M        0.0M   0%        4
     403       0.0GiB       0.0GiB   0%        0.0M        0.0M   0%        4
     404       0.0GiB       0.0GiB   0%        0.0M        0.0M   0%        4
     405       0.0GiB       0.0GiB   0%        0.0M        0.0M   0%        4
     406       0.0GiB       0.0GiB   0%        0.0M        0.0M   0%        4
     407       0.0GiB       0.0GiB   0%        0.0M        0.0M   0%        4
# WARNINGS (offline nodes, not in active pools): [ERROR from beegfs-storage colva1 [ID: 1]: Communication error]
 [ERROR from beegfs-storage colva1 [ID: 1]: Communication error]
 [ERROR from beegfs-storage colva1 [ID: 1]: Communication error]
 [ERRO

### MDS SPACE (METADATA) BEFORE large_contiguous_write_heavy_freq_1gb [HDD] run3
### Timestamp: 2026-04-04 05:47:54
TargetID        Total         Free    %      ITotal       IFree    %   NodeID
========        =====         ====    =      ======       =====    =   ======
       1     667.2GiB      34.9GiB   5%       44.5M       37.0M  83%        1

### FILE OST LAYOUT AFTER large_contiguous_write_heavy_freq_1gb [HDD] run3
### Timestamp: 2026-04-04 05:48:01
  FILE: /mnt/beegfs/advay/hdd/workloads/tmp/workload_large_contiguous_write_heavy_freq_1gb_f0
    Entry type: file
    EntryID: 0-69D05886-1
    Stripe pattern details:
    + Type: RAID0
    + Chunksize: 1M
    + Number of storage targets: desired: 4; actual: 4
    + Storage targets:
      + 301 @ colva3 [ID: 3]
      + 303 @ colva3 [ID: 3]
      + 304 @ colva3 [ID: 3]
      + 203 @ colva2 [ID: 2]
    Chunk path: u3E9/6998/7/0-6998774B-1/0-69D05886-1
    Inlined inode: yes
    Dentry info:
     + Path: 67/66/0-6998774B-1/
     + Metadata node: anjuna3 [ID: 1]

### OST SPACE (STORAGE) AFTER large_contiguous_write_heavy_freq_1gb [HDD] run3
### Timestamp: 2026-04-04 05:48:01
TargetID        Total         Free    %      ITotal       IFree    %   NodeID
========        =====         ====    =      ======       =====    =   ======
     101       0.0GiB       0.0GiB   0%        0.0M        0.0M   0%        1
     102       0.0GiB       0.0GiB   0%        0.0M        0.0M   0%        1
     103       0.0GiB       0.0GiB   0%        0.0M        0.0M   0%        1
     104       0.0GiB       0.0GiB   0%        0.0M        0.0M   0%        1
     105       0.0GiB       0.0GiB   0%        0.0M        0.0M   0%        1
     106       0.0GiB       0.0GiB   0%        0.0M        0.0M   0%        1
     107       0.0GiB       0.0GiB   0%        0.0M        0.0M   0%        1
     201    1862.1GiB     794.5GiB  43%      195.4M      195.3M 100%        2
     202    1862.1GiB     827.0GiB  44%      195.4M      195.3M 100%        2
     203    1862.1GiB     881.7GiB  47%      195.4M      195.3M 100%        2
     204    1862.1GiB     838.7GiB  45%      195.4M      195.3M 100%        2
     205     931.1GiB     801.3GiB  86%      488.4M      488.4M 100%        2
     206     931.1GiB     815.7GiB  88%      488.4M      488.4M 100%        2
     207     931.1GiB     818.4GiB  88%      488.4M      488.4M 100%        2
     301    1862.1GiB     503.3GiB  27%      195.4M      195.3M 100%        3
     302    1862.1GiB     538.6GiB  29%      195.4M      195.3M 100%        3
     303    1862.1GiB     610.3GiB  33%      195.4M      195.3M 100%        3
     304    1862.1GiB     560.0GiB  30%      195.4M      195.3M 100%        3
     305     931.1GiB     795.4GiB  85%      488.4M      488.4M 100%        3
     306     931.1GiB     807.2GiB  87%      488.4M      488.2M 100%        3
     307     931.1GiB     457.8GiB  49%      488.4M      488.4M 100%        3
     401       0.0GiB       0.0GiB   0%        0.0M        0.0M   0%        4
     402       0.0GiB       0.0GiB   0%        0.0M        0.0M   0%        4
     403       0.0GiB       0.0GiB   0%        0.0M        0.0M   0%        4
     404       0.0GiB       0.0GiB   0%        0.0M        0.0M   0%        4
     405       0.0GiB       0.0GiB   0%        0.0M        0.0M   0%        4
     406       0.0GiB       0.0GiB   0%        0.0M        0.0M   0%        4
     407       0.0GiB       0.0GiB   0%        0.0M        0.0M   0%        4
# WARNINGS (offline nodes, not in active pools): [ERROR from beegfs-storage colva1 [ID: 1]: Communication error]
 [ERROR from beegfs-storage colva1 [ID: 1]: Communication error]
 [ERROR from beegfs-storage colva1 [ID: 1]: Communication error]
 [ERRO

### MDS SPACE (METADATA) AFTER large_contiguous_write_heavy_freq_1gb [HDD] run3
### Timestamp: 2026-04-04 05:49:25
TargetID        Total         Free    %      ITotal       IFree    %   NodeID
========        =====         ====    =      ======       =====    =   ======
       1     667.2GiB      34.9GiB   5%       44.5M       37.0M  83%        1

### OST SPACE (STORAGE) BEFORE large_contiguous_write_heavy_freq_1gb [SSD] run1
### Timestamp: 2026-04-04 05:49:26
TargetID        Total         Free    %      ITotal       IFree    %   NodeID
========        =====         ====    =      ======       =====    =   ======
     101       0.0GiB       0.0GiB   0%        0.0M        0.0M   0%        1
     102       0.0GiB       0.0GiB   0%        0.0M        0.0M   0%        1
     103       0.0GiB       0.0GiB   0%        0.0M        0.0M   0%        1
     104       0.0GiB       0.0GiB   0%        0.0M        0.0M   0%        1
     105       0.0GiB       0.0GiB   0%        0.0M        0.0M   0%        1
     106       0.0GiB       0.0GiB   0%        0.0M        0.0M   0%        1
     107       0.0GiB       0.0GiB   0%        0.0M        0.0M   0%        1
     201    1862.1GiB     794.5GiB  43%      195.4M      195.3M 100%        2
     202    1862.1GiB     827.0GiB  44%      195.4M      195.3M 100%        2
     203    1862.1GiB     882.0GiB  47%      195.4M      195.3M 100%        2
     204    1862.1GiB     838.7GiB  45%      195.4M      195.3M 100%        2
     205     931.1GiB     801.3GiB  86%      488.4M      488.4M 100%        2
     206     931.1GiB     815.7GiB  88%      488.4M      488.4M 100%        2
     207     931.1GiB     818.4GiB  88%      488.4M      488.4M 100%        2
     301    1862.1GiB     503.5GiB  27%      195.4M      195.3M 100%        3
     302    1862.1GiB     538.6GiB  29%      195.4M      195.3M 100%        3
     303    1862.1GiB     610.6GiB  33%      195.4M      195.3M 100%        3
     304    1862.1GiB     560.3GiB  30%      195.4M      195.3M 100%        3
     305     931.1GiB     795.4GiB  85%      488.4M      488.4M 100%        3
     306     931.1GiB     807.2GiB  87%      488.4M      488.2M 100%        3
     307     931.1GiB     457.8GiB  49%      488.4M      488.4M 100%        3
     401       0.0GiB       0.0GiB   0%        0.0M        0.0M   0%        4
     402       0.0GiB       0.0GiB   0%        0.0M        0.0M   0%        4
     403       0.0GiB       0.0GiB   0%        0.0M        0.0M   0%        4
     404       0.0GiB       0.0GiB   0%        0.0M        0.0M   0%        4
     405       0.0GiB       0.0GiB   0%        0.0M        0.0M   0%        4
     406       0.0GiB       0.0GiB   0%        0.0M        0.0M   0%        4
     407       0.0GiB       0.0GiB   0%        0.0M        0.0M   0%        4
# WARNINGS (offline nodes, not in active pools): [ERROR from beegfs-storage colva1 [ID: 1]: Communication error]
 [ERROR from beegfs-storage colva1 [ID: 1]: Communication error]
 [ERROR from beegfs-storage colva1 [ID: 1]: Communication error]
 [ERRO

### MDS SPACE (METADATA) BEFORE large_contiguous_write_heavy_freq_1gb [SSD] run1
### Timestamp: 2026-04-04 05:50:52
TargetID        Total         Free    %      ITotal       IFree    %   NodeID
========        =====         ====    =      ======       =====    =   ======
       1     667.2GiB      34.9GiB   5%       44.5M       37.0M  83%        1

### FILE OST LAYOUT AFTER large_contiguous_write_heavy_freq_1gb [SSD] run1
### Timestamp: 2026-04-04 05:50:58
  FILE: /mnt/beegfs/advay/ssd/workloads/tmp/workload_large_contiguous_write_heavy_freq_1gb_f0
    Entry type: file
    EntryID: 0-69D05940-1
    Stripe pattern details:
    + Type: RAID0
    + Chunksize: 1M
    + Number of storage targets: desired: 4; actual: 4
    + Storage targets:
      + 305 @ colva3 [ID: 3]
      + 306 @ colva3 [ID: 3]
      + 307 @ colva3 [ID: 3]
      + 206 @ colva2 [ID: 2]
    Chunk path: u3E9/6998/D/1-6998D1FE-1/0-69D05940-1
    Inlined inode: yes
    Dentry info:
     + Path: 9/59/1-6998D1FE-1/
     + Metadata node: anjuna3 [ID: 1]

### OST SPACE (STORAGE) AFTER large_contiguous_write_heavy_freq_1gb [SSD] run1
### Timestamp: 2026-04-04 05:50:58
TargetID        Total         Free    %      ITotal       IFree    %   NodeID
========        =====         ====    =      ======       =====    =   ======
     101       0.0GiB       0.0GiB   0%        0.0M        0.0M   0%        1
     102       0.0GiB       0.0GiB   0%        0.0M        0.0M   0%        1
     103       0.0GiB       0.0GiB   0%        0.0M        0.0M   0%        1
     104       0.0GiB       0.0GiB   0%        0.0M        0.0M   0%        1
     105       0.0GiB       0.0GiB   0%        0.0M        0.0M   0%        1
     106       0.0GiB       0.0GiB   0%        0.0M        0.0M   0%        1
     107       0.0GiB       0.0GiB   0%        0.0M        0.0M   0%        1
     201    1862.1GiB     794.5GiB  43%      195.4M      195.3M 100%        2
     202    1862.1GiB     827.0GiB  44%      195.4M      195.3M 100%        2
     203    1862.1GiB     882.0GiB  47%      195.4M      195.3M 100%        2
     204    1862.1GiB     838.7GiB  45%      195.4M      195.3M 100%        2
     205     931.1GiB     801.3GiB  86%      488.4M      488.4M 100%        2
     206     931.1GiB     815.4GiB  88%      488.4M      488.4M 100%        2
     207     931.1GiB     818.4GiB  88%      488.4M      488.4M 100%        2
     301    1862.1GiB     503.5GiB  27%      195.4M      195.3M 100%        3
     302    1862.1GiB     538.6GiB  29%      195.4M      195.3M 100%        3
     303    1862.1GiB     610.6GiB  33%      195.4M      195.3M 100%        3
     304    1862.1GiB     560.3GiB  30%      195.4M      195.3M 100%        3
     305     931.1GiB     795.1GiB  85%      488.4M      488.4M 100%        3
     306     931.1GiB     806.9GiB  87%      488.4M      488.2M 100%        3
     307     931.1GiB     457.5GiB  49%      488.4M      488.4M 100%        3
     401       0.0GiB       0.0GiB   0%        0.0M        0.0M   0%        4
     402       0.0GiB       0.0GiB   0%        0.0M        0.0M   0%        4
     403       0.0GiB       0.0GiB   0%        0.0M        0.0M   0%        4
     404       0.0GiB       0.0GiB   0%        0.0M        0.0M   0%        4
     405       0.0GiB       0.0GiB   0%        0.0M        0.0M   0%        4
     406       0.0GiB       0.0GiB   0%        0.0M        0.0M   0%        4
     407       0.0GiB       0.0GiB   0%        0.0M        0.0M   0%        4
# WARNINGS (offline nodes, not in active pools): [ERROR from beegfs-storage colva1 [ID: 1]: Communication error]
 [ERROR from beegfs-storage colva1 [ID: 1]: Communication error]
 [ERROR from beegfs-storage colva1 [ID: 1]: Communication error]
 [ERRO

### MDS SPACE (METADATA) AFTER large_contiguous_write_heavy_freq_1gb [SSD] run1
### Timestamp: 2026-04-04 05:52:22
TargetID        Total         Free    %      ITotal       IFree    %   NodeID
========        =====         ====    =      ======       =====    =   ======
       1     667.2GiB      34.9GiB   5%       44.5M       37.0M  83%        1

### OST SPACE (STORAGE) BEFORE large_contiguous_write_heavy_freq_1gb [SSD] run2
### Timestamp: 2026-04-04 05:52:23
TargetID        Total         Free    %      ITotal       IFree    %   NodeID
========        =====         ====    =      ======       =====    =   ======
     101       0.0GiB       0.0GiB   0%        0.0M        0.0M   0%        1
     102       0.0GiB       0.0GiB   0%        0.0M        0.0M   0%        1
     103       0.0GiB       0.0GiB   0%        0.0M        0.0M   0%        1
     104       0.0GiB       0.0GiB   0%        0.0M        0.0M   0%        1
     105       0.0GiB       0.0GiB   0%        0.0M        0.0M   0%        1
     106       0.0GiB       0.0GiB   0%        0.0M        0.0M   0%        1
     107       0.0GiB       0.0GiB   0%        0.0M        0.0M   0%        1
     201    1862.1GiB     794.5GiB  43%      195.4M      195.3M 100%        2
     202    1862.1GiB     827.0GiB  44%      195.4M      195.3M 100%        2
     203    1862.1GiB     882.0GiB  47%      195.4M      195.3M 100%        2
     204    1862.1GiB     838.7GiB  45%      195.4M      195.3M 100%        2
     205     931.1GiB     801.3GiB  86%      488.4M      488.4M 100%        2
     206     931.1GiB     815.7GiB  88%      488.4M      488.4M 100%        2
     207     931.1GiB     818.4GiB  88%      488.4M      488.4M 100%        2
     301    1862.1GiB     503.5GiB  27%      195.4M      195.3M 100%        3
     302    1862.1GiB     538.6GiB  29%      195.4M      195.3M 100%        3
     303    1862.1GiB     610.6GiB  33%      195.4M      195.3M 100%        3
     304    1862.1GiB     560.3GiB  30%      195.4M      195.3M 100%        3
     305     931.1GiB     795.4GiB  85%      488.4M      488.4M 100%        3
     306     931.1GiB     807.2GiB  87%      488.4M      488.2M 100%        3
     307     931.1GiB     457.8GiB  49%      488.4M      488.4M 100%        3
     401       0.0GiB       0.0GiB   0%        0.0M        0.0M   0%        4
     402       0.0GiB       0.0GiB   0%        0.0M        0.0M   0%        4
     403       0.0GiB       0.0GiB   0%        0.0M        0.0M   0%        4
     404       0.0GiB       0.0GiB   0%        0.0M        0.0M   0%        4
     405       0.0GiB       0.0GiB   0%        0.0M        0.0M   0%        4
     406       0.0GiB       0.0GiB   0%        0.0M        0.0M   0%        4
     407       0.0GiB       0.0GiB   0%        0.0M        0.0M   0%        4
# WARNINGS (offline nodes, not in active pools): [ERROR from beegfs-storage colva1 [ID: 1]: Communication error]
 [ERROR from beegfs-storage colva1 [ID: 1]: Communication error]
 [ERROR from beegfs-storage colva1 [ID: 1]: Communication error]
 [ERRO

### MDS SPACE (METADATA) BEFORE large_contiguous_write_heavy_freq_1gb [SSD] run2
### Timestamp: 2026-04-04 05:53:49
TargetID        Total         Free    %      ITotal       IFree    %   NodeID
========        =====         ====    =      ======       =====    =   ======
       1     667.2GiB      34.9GiB   5%       44.5M       37.0M  83%        1

### FILE OST LAYOUT AFTER large_contiguous_write_heavy_freq_1gb [SSD] run2
### Timestamp: 2026-04-04 05:53:55
  FILE: /mnt/beegfs/advay/ssd/workloads/tmp/workload_large_contiguous_write_heavy_freq_1gb_f0
    Entry type: file
    EntryID: 0-69D059FD-1
    Stripe pattern details:
    + Type: RAID0
    + Chunksize: 1M
    + Number of storage targets: desired: 4; actual: 4
    + Storage targets:
      + 307 @ colva3 [ID: 3]
      + 205 @ colva2 [ID: 2]
      + 206 @ colva2 [ID: 2]
      + 306 @ colva3 [ID: 3]
    Chunk path: u3E9/6998/D/1-6998D1FE-1/0-69D059FD-1
    Inlined inode: yes
    Dentry info:
     + Path: 9/59/1-6998D1FE-1/
     + Metadata node: anjuna3 [ID: 1]

### OST SPACE (STORAGE) AFTER large_contiguous_write_heavy_freq_1gb [SSD] run2
### Timestamp: 2026-04-04 05:53:55
TargetID        Total         Free    %      ITotal       IFree    %   NodeID
========        =====         ====    =      ======       =====    =   ======
     101       0.0GiB       0.0GiB   0%        0.0M        0.0M   0%        1
     102       0.0GiB       0.0GiB   0%        0.0M        0.0M   0%        1
     103       0.0GiB       0.0GiB   0%        0.0M        0.0M   0%        1
     104       0.0GiB       0.0GiB   0%        0.0M        0.0M   0%        1
     105       0.0GiB       0.0GiB   0%        0.0M        0.0M   0%        1
     106       0.0GiB       0.0GiB   0%        0.0M        0.0M   0%        1
     107       0.0GiB       0.0GiB   0%        0.0M        0.0M   0%        1
     201    1862.1GiB     794.5GiB  43%      195.4M      195.3M 100%        2
     202    1862.1GiB     827.0GiB  44%      195.4M      195.3M 100%        2
     203    1862.1GiB     882.0GiB  47%      195.4M      195.3M 100%        2
     204    1862.1GiB     838.7GiB  45%      195.4M      195.3M 100%        2
     205     931.1GiB     801.1GiB  86%      488.4M      488.4M 100%        2
     206     931.1GiB     815.4GiB  88%      488.4M      488.4M 100%        2
     207     931.1GiB     818.4GiB  88%      488.4M      488.4M 100%        2
     301    1862.1GiB     503.5GiB  27%      195.4M      195.3M 100%        3
     302    1862.1GiB     538.6GiB  29%      195.4M      195.3M 100%        3
     303    1862.1GiB     610.6GiB  33%      195.4M      195.3M 100%        3
     304    1862.1GiB     560.3GiB  30%      195.4M      195.3M 100%        3
     305     931.1GiB     795.4GiB  85%      488.4M      488.4M 100%        3
     306     931.1GiB     806.9GiB  87%      488.4M      488.2M 100%        3
     307     931.1GiB     457.5GiB  49%      488.4M      488.4M 100%        3
     401       0.0GiB       0.0GiB   0%        0.0M        0.0M   0%        4
     402       0.0GiB       0.0GiB   0%        0.0M        0.0M   0%        4
     403       0.0GiB       0.0GiB   0%        0.0M        0.0M   0%        4
     404       0.0GiB       0.0GiB   0%        0.0M        0.0M   0%        4
     405       0.0GiB       0.0GiB   0%        0.0M        0.0M   0%        4
     406       0.0GiB       0.0GiB   0%        0.0M        0.0M   0%        4
     407       0.0GiB       0.0GiB   0%        0.0M        0.0M   0%        4
# WARNINGS (offline nodes, not in active pools): [ERROR from beegfs-storage colva1 [ID: 1]: Communication error]
 [ERROR from beegfs-storage colva1 [ID: 1]: Communication error]
 [ERROR from beegfs-storage colva1 [ID: 1]: Communication error]
 [ERRO

### MDS SPACE (METADATA) AFTER large_contiguous_write_heavy_freq_1gb [SSD] run2
### Timestamp: 2026-04-04 05:55:18
TargetID        Total         Free    %      ITotal       IFree    %   NodeID
========        =====         ====    =      ======       =====    =   ======
       1     667.2GiB      34.9GiB   5%       44.5M       37.0M  83%        1

### OST SPACE (STORAGE) BEFORE large_contiguous_write_heavy_freq_1gb [SSD] run3
### Timestamp: 2026-04-04 05:55:18
TargetID        Total         Free    %      ITotal       IFree    %   NodeID
========        =====         ====    =      ======       =====    =   ======
     101       0.0GiB       0.0GiB   0%        0.0M        0.0M   0%        1
     102       0.0GiB       0.0GiB   0%        0.0M        0.0M   0%        1
     103       0.0GiB       0.0GiB   0%        0.0M        0.0M   0%        1
     104       0.0GiB       0.0GiB   0%        0.0M        0.0M   0%        1
     105       0.0GiB       0.0GiB   0%        0.0M        0.0M   0%        1
     106       0.0GiB       0.0GiB   0%        0.0M        0.0M   0%        1
     107       0.0GiB       0.0GiB   0%        0.0M        0.0M   0%        1
     201    1862.1GiB     794.5GiB  43%      195.4M      195.3M 100%        2
     202    1862.1GiB     827.0GiB  44%      195.4M      195.3M 100%        2
     203    1862.1GiB     882.0GiB  47%      195.4M      195.3M 100%        2
     204    1862.1GiB     838.7GiB  45%      195.4M      195.3M 100%        2
     205     931.1GiB     801.3GiB  86%      488.4M      488.4M 100%        2
     206     931.1GiB     815.7GiB  88%      488.4M      488.4M 100%        2
     207     931.1GiB     818.4GiB  88%      488.4M      488.4M 100%        2
     301    1862.1GiB     503.5GiB  27%      195.4M      195.3M 100%        3
     302    1862.1GiB     538.6GiB  29%      195.4M      195.3M 100%        3
     303    1862.1GiB     610.6GiB  33%      195.4M      195.3M 100%        3
     304    1862.1GiB     560.3GiB  30%      195.4M      195.3M 100%        3
     305     931.1GiB     795.4GiB  85%      488.4M      488.4M 100%        3
     306     931.1GiB     807.2GiB  87%      488.4M      488.2M 100%        3
     307     931.1GiB     457.8GiB  49%      488.4M      488.4M 100%        3
     401       0.0GiB       0.0GiB   0%        0.0M        0.0M   0%        4
     402       0.0GiB       0.0GiB   0%        0.0M        0.0M   0%        4
     403       0.0GiB       0.0GiB   0%        0.0M        0.0M   0%        4
     404       0.0GiB       0.0GiB   0%        0.0M        0.0M   0%        4
     405       0.0GiB       0.0GiB   0%        0.0M        0.0M   0%        4
     406       0.0GiB       0.0GiB   0%        0.0M        0.0M   0%        4
     407       0.0GiB       0.0GiB   0%        0.0M        0.0M   0%        4
# WARNINGS (offline nodes, not in active pools): [ERROR from beegfs-storage colva1 [ID: 1]: Communication error]
 [ERROR from beegfs-storage colva1 [ID: 1]: Communication error]
 [ERROR from beegfs-storage colva1 [ID: 1]: Communication error]
 [ERRO

### MDS SPACE (METADATA) BEFORE large_contiguous_write_heavy_freq_1gb [SSD] run3
### Timestamp: 2026-04-04 05:56:44
TargetID        Total         Free    %      ITotal       IFree    %   NodeID
========        =====         ====    =      ======       =====    =   ======
       1     667.2GiB      34.9GiB   5%       44.5M       37.0M  83%        1

### FILE OST LAYOUT AFTER large_contiguous_write_heavy_freq_1gb [SSD] run3
### Timestamp: 2026-04-04 05:56:50
  FILE: /mnt/beegfs/advay/ssd/workloads/tmp/workload_large_contiguous_write_heavy_freq_1gb_f0
    Entry type: file
    EntryID: 0-69D05ABA-1
    Stripe pattern details:
    + Type: RAID0
    + Chunksize: 1M
    + Number of storage targets: desired: 4; actual: 4
    + Storage targets:
      + 206 @ colva2 [ID: 2]
      + 207 @ colva2 [ID: 2]
      + 305 @ colva3 [ID: 3]
      + 307 @ colva3 [ID: 3]
    Chunk path: u3E9/6998/D/1-6998D1FE-1/0-69D05ABA-1
    Inlined inode: yes
    Dentry info:
     + Path: 9/59/1-6998D1FE-1/
     + Metadata node: anjuna3 [ID: 1]

### OST SPACE (STORAGE) AFTER large_contiguous_write_heavy_freq_1gb [SSD] run3
### Timestamp: 2026-04-04 05:56:50
TargetID        Total         Free    %      ITotal       IFree    %   NodeID
========        =====         ====    =      ======       =====    =   ======
     101       0.0GiB       0.0GiB   0%        0.0M        0.0M   0%        1
     102       0.0GiB       0.0GiB   0%        0.0M        0.0M   0%        1
     103       0.0GiB       0.0GiB   0%        0.0M        0.0M   0%        1
     104       0.0GiB       0.0GiB   0%        0.0M        0.0M   0%        1
     105       0.0GiB       0.0GiB   0%        0.0M        0.0M   0%        1
     106       0.0GiB       0.0GiB   0%        0.0M        0.0M   0%        1
     107       0.0GiB       0.0GiB   0%        0.0M        0.0M   0%        1
     201    1862.1GiB     794.5GiB  43%      195.4M      195.3M 100%        2
     202    1862.1GiB     827.0GiB  44%      195.4M      195.3M 100%        2
     203    1862.1GiB     882.0GiB  47%      195.4M      195.3M 100%        2
     204    1862.1GiB     838.7GiB  45%      195.4M      195.3M 100%        2
     205     931.1GiB     801.3GiB  86%      488.4M      488.4M 100%        2
     206     931.1GiB     815.4GiB  88%      488.4M      488.4M 100%        2
     207     931.1GiB     818.2GiB  88%      488.4M      488.4M 100%        2
     301    1862.1GiB     503.5GiB  27%      195.4M      195.3M 100%        3
     302    1862.1GiB     538.6GiB  29%      195.4M      195.3M 100%        3
     303    1862.1GiB     610.6GiB  33%      195.4M      195.3M 100%        3
     304    1862.1GiB     560.3GiB  30%      195.4M      195.3M 100%        3
     305     931.1GiB     795.1GiB  85%      488.4M      488.4M 100%        3
     306     931.1GiB     807.2GiB  87%      488.4M      488.2M 100%        3
     307     931.1GiB     457.5GiB  49%      488.4M      488.4M 100%        3
     401       0.0GiB       0.0GiB   0%        0.0M        0.0M   0%        4
     402       0.0GiB       0.0GiB   0%        0.0M        0.0M   0%        4
     403       0.0GiB       0.0GiB   0%        0.0M        0.0M   0%        4
     404       0.0GiB       0.0GiB   0%        0.0M        0.0M   0%        4
     405       0.0GiB       0.0GiB   0%        0.0M        0.0M   0%        4
     406       0.0GiB       0.0GiB   0%        0.0M        0.0M   0%        4
     407       0.0GiB       0.0GiB   0%        0.0M        0.0M   0%        4
# WARNINGS (offline nodes, not in active pools): [ERROR from beegfs-storage colva1 [ID: 1]: Communication error]
 [ERROR from beegfs-storage colva1 [ID: 1]: Communication error]
 [ERROR from beegfs-storage colva1 [ID: 1]: Communication error]
 [ERRO

### MDS SPACE (METADATA) AFTER large_contiguous_write_heavy_freq_1gb [SSD] run3
### Timestamp: 2026-04-04 05:58:14
TargetID        Total         Free    %      ITotal       IFree    %   NodeID
========        =====         ====    =      ======       =====    =   ======
       1     667.2GiB      34.9GiB   5%       44.5M       37.0M  83%        1

### OST SPACE (STORAGE) BEFORE small_contiguous_write_heavy_freq_102mb [HDD] run1
### Timestamp: 2026-04-04 06:55:15
TargetID        Total         Free    %      ITotal       IFree    %   NodeID
========        =====         ====    =      ======       =====    =   ======
     101       0.0GiB       0.0GiB   0%        0.0M        0.0M   0%        1
     102       0.0GiB       0.0GiB   0%        0.0M        0.0M   0%        1
     103       0.0GiB       0.0GiB   0%        0.0M        0.0M   0%        1
     104       0.0GiB       0.0GiB   0%        0.0M        0.0M   0%        1
     105       0.0GiB       0.0GiB   0%        0.0M        0.0M   0%        1
     106       0.0GiB       0.0GiB   0%        0.0M        0.0M   0%        1
     107       0.0GiB       0.0GiB   0%        0.0M        0.0M   0%        1
     201    1862.1GiB     794.5GiB  43%      195.4M      195.3M 100%        2
     202    1862.1GiB     827.0GiB  44%      195.4M      195.3M 100%        2
     203    1862.1GiB     882.0GiB  47%      195.4M      195.3M 100%        2
     204    1862.1GiB     838.7GiB  45%      195.4M      195.3M 100%        2
     205     931.1GiB     801.3GiB  86%      488.4M      488.4M 100%        2
     206     931.1GiB     815.7GiB  88%      488.4M      488.4M 100%        2
     207     931.1GiB     818.4GiB  88%      488.4M      488.4M 100%        2
     301    1862.1GiB     503.5GiB  27%      195.4M      195.3M 100%        3
     302    1862.1GiB     538.6GiB  29%      195.4M      195.3M 100%        3
     303    1862.1GiB     610.6GiB  33%      195.4M      195.3M 100%        3
     304    1862.1GiB     560.3GiB  30%      195.4M      195.3M 100%        3
     305     931.1GiB     795.4GiB  85%      488.4M      488.4M 100%        3
     306     931.1GiB     807.2GiB  87%      488.4M      488.2M 100%        3
     307     931.1GiB     457.8GiB  49%      488.4M      488.4M 100%        3
     401       0.0GiB       0.0GiB   0%        0.0M        0.0M   0%        4
     402       0.0GiB       0.0GiB   0%        0.0M        0.0M   0%        4
     403       0.0GiB       0.0GiB   0%        0.0M        0.0M   0%        4
     404       0.0GiB       0.0GiB   0%        0.0M        0.0M   0%        4
     405       0.0GiB       0.0GiB   0%        0.0M        0.0M   0%        4
     406       0.0GiB       0.0GiB   0%        0.0M        0.0M   0%        4
     407       0.0GiB       0.0GiB   0%        0.0M        0.0M   0%        4
# WARNINGS (offline nodes, not in active pools): [ERROR from beegfs-storage colva1 [ID: 1]: Communication error]
 [ERROR from beegfs-storage colva1 [ID: 1]: Communication error]
 [ERROR from beegfs-storage colva1 [ID: 1]: Communication error]
 [ERRO

### MDS SPACE (METADATA) BEFORE small_contiguous_write_heavy_freq_102mb [HDD] run1
### Timestamp: 2026-04-04 06:56:37
TargetID        Total         Free    %      ITotal       IFree    %   NodeID
========        =====         ====    =      ======       =====    =   ======
       1     667.2GiB      34.9GiB   5%       44.5M       37.0M  83%        1

### FILE OST LAYOUT AFTER small_contiguous_write_heavy_freq_102mb [HDD] run1
### Timestamp: 2026-04-04 06:56:48
  FILE: /mnt/beegfs/advay/hdd/workloads/tmp/workload_small_contiguous_write_heavy_freq_102mb_f0
    Entry type: file
    EntryID: 0-69D068AB-1
    Stripe pattern details:
    + Type: RAID0
    + Chunksize: 1M
    + Number of storage targets: desired: 4; actual: 4
    + Storage targets:
      + 202 @ colva2 [ID: 2]
      + 203 @ colva2 [ID: 2]
      + 302 @ colva3 [ID: 3]
      + 303 @ colva3 [ID: 3]
    Chunk path: u3E9/6998/7/0-6998774B-1/0-69D068AB-1
    Inlined inode: yes
    Dentry info:
     + Path: 67/66/0-6998774B-1/
     + Metadata node: anjuna3 [ID: 1]

### OST SPACE (STORAGE) AFTER small_contiguous_write_heavy_freq_102mb [HDD] run1
### Timestamp: 2026-04-04 06:56:48
TargetID        Total         Free    %      ITotal       IFree    %   NodeID
========        =====         ====    =      ======       =====    =   ======
     101       0.0GiB       0.0GiB   0%        0.0M        0.0M   0%        1
     102       0.0GiB       0.0GiB   0%        0.0M        0.0M   0%        1
     103       0.0GiB       0.0GiB   0%        0.0M        0.0M   0%        1
     104       0.0GiB       0.0GiB   0%        0.0M        0.0M   0%        1
     105       0.0GiB       0.0GiB   0%        0.0M        0.0M   0%        1
     106       0.0GiB       0.0GiB   0%        0.0M        0.0M   0%        1
     107       0.0GiB       0.0GiB   0%        0.0M        0.0M   0%        1
     201    1862.1GiB     794.5GiB  43%      195.4M      195.3M 100%        2
     202    1862.1GiB     826.9GiB  44%      195.4M      195.3M 100%        2
     203    1862.1GiB     882.0GiB  47%      195.4M      195.3M 100%        2
     204    1862.1GiB     838.7GiB  45%      195.4M      195.3M 100%        2
     205     931.1GiB     801.3GiB  86%      488.4M      488.4M 100%        2
     206     931.1GiB     815.7GiB  88%      488.4M      488.4M 100%        2
     207     931.1GiB     818.4GiB  88%      488.4M      488.4M 100%        2
     301    1862.1GiB     503.5GiB  27%      195.4M      195.3M 100%        3
     302    1862.1GiB     538.6GiB  29%      195.4M      195.3M 100%        3
     303    1862.1GiB     610.5GiB  33%      195.4M      195.3M 100%        3
     304    1862.1GiB     560.3GiB  30%      195.4M      195.3M 100%        3
     305     931.1GiB     795.4GiB  85%      488.4M      488.4M 100%        3
     306     931.1GiB     807.2GiB  87%      488.4M      488.2M 100%        3
     307     931.1GiB     457.8GiB  49%      488.4M      488.4M 100%        3
     401       0.0GiB       0.0GiB   0%        0.0M        0.0M   0%        4
     402       0.0GiB       0.0GiB   0%        0.0M        0.0M   0%        4
     403       0.0GiB       0.0GiB   0%        0.0M        0.0M   0%        4
     404       0.0GiB       0.0GiB   0%        0.0M        0.0M   0%        4
     405       0.0GiB       0.0GiB   0%        0.0M        0.0M   0%        4
     406       0.0GiB       0.0GiB   0%        0.0M        0.0M   0%        4
     407       0.0GiB       0.0GiB   0%        0.0M        0.0M   0%        4
# WARNINGS (offline nodes, not in active pools): [ERROR from beegfs-storage colva1 [ID: 1]: Communication error]
 [ERROR from beegfs-storage colva1 [ID: 1]: Communication error]
 [ERROR from beegfs-storage colva1 [ID: 1]: Communication error]
 [ERRO

### MDS SPACE (METADATA) AFTER small_contiguous_write_heavy_freq_102mb [HDD] run1
### Timestamp: 2026-04-04 06:58:15
TargetID        Total         Free    %      ITotal       IFree    %   NodeID
========        =====         ====    =      ======       =====    =   ======
       1     667.2GiB      34.9GiB   5%       44.5M       37.0M  83%        1

### OST SPACE (STORAGE) BEFORE small_contiguous_write_heavy_freq_102mb [HDD] run2
### Timestamp: 2026-04-04 06:58:15
TargetID        Total         Free    %      ITotal       IFree    %   NodeID
========        =====         ====    =      ======       =====    =   ======
     101       0.0GiB       0.0GiB   0%        0.0M        0.0M   0%        1
     102       0.0GiB       0.0GiB   0%        0.0M        0.0M   0%        1
     103       0.0GiB       0.0GiB   0%        0.0M        0.0M   0%        1
     104       0.0GiB       0.0GiB   0%        0.0M        0.0M   0%        1
     105       0.0GiB       0.0GiB   0%        0.0M        0.0M   0%        1
     106       0.0GiB       0.0GiB   0%        0.0M        0.0M   0%        1
     107       0.0GiB       0.0GiB   0%        0.0M        0.0M   0%        1
     201    1862.1GiB     794.5GiB  43%      195.4M      195.3M 100%        2
     202    1862.1GiB     827.0GiB  44%      195.4M      195.3M 100%        2
     203    1862.1GiB     882.0GiB  47%      195.4M      195.3M 100%        2
     204    1862.1GiB     838.7GiB  45%      195.4M      195.3M 100%        2
     205     931.1GiB     801.3GiB  86%      488.4M      488.4M 100%        2
     206     931.1GiB     815.7GiB  88%      488.4M      488.4M 100%        2
     207     931.1GiB     818.4GiB  88%      488.4M      488.4M 100%        2
     301    1862.1GiB     503.5GiB  27%      195.4M      195.3M 100%        3
     302    1862.1GiB     538.6GiB  29%      195.4M      195.3M 100%        3
     303    1862.1GiB     610.6GiB  33%      195.4M      195.3M 100%        3
     304    1862.1GiB     560.3GiB  30%      195.4M      195.3M 100%        3
     305     931.1GiB     795.4GiB  85%      488.4M      488.4M 100%        3
     306     931.1GiB     807.2GiB  87%      488.4M      488.2M 100%        3
     307     931.1GiB     457.8GiB  49%      488.4M      488.4M 100%        3
     401       0.0GiB       0.0GiB   0%        0.0M        0.0M   0%        4
     402       0.0GiB       0.0GiB   0%        0.0M        0.0M   0%        4
     403       0.0GiB       0.0GiB   0%        0.0M        0.0M   0%        4
     404       0.0GiB       0.0GiB   0%        0.0M        0.0M   0%        4
     405       0.0GiB       0.0GiB   0%        0.0M        0.0M   0%        4
     406       0.0GiB       0.0GiB   0%        0.0M        0.0M   0%        4
     407       0.0GiB       0.0GiB   0%        0.0M        0.0M   0%        4
# WARNINGS (offline nodes, not in active pools): [ERROR from beegfs-storage colva1 [ID: 1]: Communication error]
 [ERROR from beegfs-storage colva1 [ID: 1]: Communication error]
 [ERROR from beegfs-storage colva1 [ID: 1]: Communication error]
 [ERRO

### MDS SPACE (METADATA) BEFORE small_contiguous_write_heavy_freq_102mb [HDD] run2
### Timestamp: 2026-04-04 06:59:41
TargetID        Total         Free    %      ITotal       IFree    %   NodeID
========        =====         ====    =      ======       =====    =   ======
       1     667.2GiB      34.9GiB   5%       44.5M       37.0M  83%        1

### FILE OST LAYOUT AFTER small_contiguous_write_heavy_freq_102mb [HDD] run2
### Timestamp: 2026-04-04 06:59:51
  FILE: /mnt/beegfs/advay/hdd/workloads/tmp/workload_small_contiguous_write_heavy_freq_102mb_f0
    Entry type: file
    EntryID: 0-69D06968-1
    Stripe pattern details:
    + Type: RAID0
    + Chunksize: 1M
    + Number of storage targets: desired: 4; actual: 4
    + Storage targets:
      + 302 @ colva3 [ID: 3]
      + 201 @ colva2 [ID: 2]
      + 202 @ colva2 [ID: 2]
      + 204 @ colva2 [ID: 2]
    Chunk path: u3E9/6998/7/0-6998774B-1/0-69D06968-1
    Inlined inode: yes
    Dentry info:
     + Path: 67/66/0-6998774B-1/
     + Metadata node: anjuna3 [ID: 1]

### OST SPACE (STORAGE) AFTER small_contiguous_write_heavy_freq_102mb [HDD] run2
### Timestamp: 2026-04-04 06:59:51
TargetID        Total         Free    %      ITotal       IFree    %   NodeID
========        =====         ====    =      ======       =====    =   ======
     101       0.0GiB       0.0GiB   0%        0.0M        0.0M   0%        1
     102       0.0GiB       0.0GiB   0%        0.0M        0.0M   0%        1
     103       0.0GiB       0.0GiB   0%        0.0M        0.0M   0%        1
     104       0.0GiB       0.0GiB   0%        0.0M        0.0M   0%        1
     105       0.0GiB       0.0GiB   0%        0.0M        0.0M   0%        1
     106       0.0GiB       0.0GiB   0%        0.0M        0.0M   0%        1
     107       0.0GiB       0.0GiB   0%        0.0M        0.0M   0%        1
     201    1862.1GiB     794.5GiB  43%      195.4M      195.3M 100%        2
     202    1862.1GiB     826.9GiB  44%      195.4M      195.3M 100%        2
     203    1862.1GiB     882.0GiB  47%      195.4M      195.3M 100%        2
     204    1862.1GiB     838.7GiB  45%      195.4M      195.3M 100%        2
     205     931.1GiB     801.3GiB  86%      488.4M      488.4M 100%        2
     206     931.1GiB     815.7GiB  88%      488.4M      488.4M 100%        2
     207     931.1GiB     818.4GiB  88%      488.4M      488.4M 100%        2
     301    1862.1GiB     503.5GiB  27%      195.4M      195.3M 100%        3
     302    1862.1GiB     538.6GiB  29%      195.4M      195.3M 100%        3
     303    1862.1GiB     610.6GiB  33%      195.4M      195.3M 100%        3
     304    1862.1GiB     560.3GiB  30%      195.4M      195.3M 100%        3
     305     931.1GiB     795.4GiB  85%      488.4M      488.4M 100%        3
     306     931.1GiB     807.2GiB  87%      488.4M      488.2M 100%        3
     307     931.1GiB     457.8GiB  49%      488.4M      488.4M 100%        3
     401       0.0GiB       0.0GiB   0%        0.0M        0.0M   0%        4
     402       0.0GiB       0.0GiB   0%        0.0M        0.0M   0%        4
     403       0.0GiB       0.0GiB   0%        0.0M        0.0M   0%        4
     404       0.0GiB       0.0GiB   0%        0.0M        0.0M   0%        4
     405       0.0GiB       0.0GiB   0%        0.0M        0.0M   0%        4
     406       0.0GiB       0.0GiB   0%        0.0M        0.0M   0%        4
     407       0.0GiB       0.0GiB   0%        0.0M        0.0M   0%        4
# WARNINGS (offline nodes, not in active pools): [ERROR from beegfs-storage colva1 [ID: 1]: Communication error]
 [ERROR from beegfs-storage colva1 [ID: 1]: Communication error]
 [ERROR from beegfs-storage colva1 [ID: 1]: Communication error]
 [ERRO

### MDS SPACE (METADATA) AFTER small_contiguous_write_heavy_freq_102mb [HDD] run2
### Timestamp: 2026-04-04 07:01:13
TargetID        Total         Free    %      ITotal       IFree    %   NodeID
========        =====         ====    =      ======       =====    =   ======
       1     667.2GiB      34.9GiB   5%       44.5M       37.0M  83%        1

### OST SPACE (STORAGE) BEFORE small_contiguous_write_heavy_freq_102mb [HDD] run3
### Timestamp: 2026-04-04 07:01:14
TargetID        Total         Free    %      ITotal       IFree    %   NodeID
========        =====         ====    =      ======       =====    =   ======
     101       0.0GiB       0.0GiB   0%        0.0M        0.0M   0%        1
     102       0.0GiB       0.0GiB   0%        0.0M        0.0M   0%        1
     103       0.0GiB       0.0GiB   0%        0.0M        0.0M   0%        1
     104       0.0GiB       0.0GiB   0%        0.0M        0.0M   0%        1
     105       0.0GiB       0.0GiB   0%        0.0M        0.0M   0%        1
     106       0.0GiB       0.0GiB   0%        0.0M        0.0M   0%        1
     107       0.0GiB       0.0GiB   0%        0.0M        0.0M   0%        1
     201    1862.1GiB     794.5GiB  43%      195.4M      195.3M 100%        2
     202    1862.1GiB     827.0GiB  44%      195.4M      195.3M 100%        2
     203    1862.1GiB     882.0GiB  47%      195.4M      195.3M 100%        2
     204    1862.1GiB     838.7GiB  45%      195.4M      195.3M 100%        2
     205     931.1GiB     801.3GiB  86%      488.4M      488.4M 100%        2
     206     931.1GiB     815.7GiB  88%      488.4M      488.4M 100%        2
     207     931.1GiB     818.4GiB  88%      488.4M      488.4M 100%        2
     301    1862.1GiB     503.5GiB  27%      195.4M      195.3M 100%        3
     302    1862.1GiB     538.6GiB  29%      195.4M      195.3M 100%        3
     303    1862.1GiB     610.6GiB  33%      195.4M      195.3M 100%        3
     304    1862.1GiB     560.3GiB  30%      195.4M      195.3M 100%        3
     305     931.1GiB     795.4GiB  85%      488.4M      488.4M 100%        3
     306     931.1GiB     807.2GiB  87%      488.4M      488.2M 100%        3
     307     931.1GiB     457.8GiB  49%      488.4M      488.4M 100%        3
     401       0.0GiB       0.0GiB   0%        0.0M        0.0M   0%        4
     402       0.0GiB       0.0GiB   0%        0.0M        0.0M   0%        4
     403       0.0GiB       0.0GiB   0%        0.0M        0.0M   0%        4
     404       0.0GiB       0.0GiB   0%        0.0M        0.0M   0%        4
     405       0.0GiB       0.0GiB   0%        0.0M        0.0M   0%        4
     406       0.0GiB       0.0GiB   0%        0.0M        0.0M   0%        4
     407       0.0GiB       0.0GiB   0%        0.0M        0.0M   0%        4
# WARNINGS (offline nodes, not in active pools): [ERROR from beegfs-storage colva1 [ID: 1]: Communication error]
 [ERROR from beegfs-storage colva1 [ID: 1]: Communication error]
 [ERROR from beegfs-storage colva1 [ID: 1]: Communication error]
 [ERRO

### MDS SPACE (METADATA) BEFORE small_contiguous_write_heavy_freq_102mb [HDD] run3
### Timestamp: 2026-04-04 07:02:38
TargetID        Total         Free    %      ITotal       IFree    %   NodeID
========        =====         ====    =      ======       =====    =   ======
       1     667.2GiB      34.9GiB   5%       44.5M       37.0M  83%        1

### FILE OST LAYOUT AFTER small_contiguous_write_heavy_freq_102mb [HDD] run3
### Timestamp: 2026-04-04 07:02:47
  FILE: /mnt/beegfs/advay/hdd/workloads/tmp/workload_small_contiguous_write_heavy_freq_102mb_f0
    Entry type: file
    EntryID: 0-69D06A1F-1
    Stripe pattern details:
    + Type: RAID0
    + Chunksize: 1M
    + Number of storage targets: desired: 4; actual: 4
    + Storage targets:
      + 204 @ colva2 [ID: 2]
      + 303 @ colva3 [ID: 3]
      + 304 @ colva3 [ID: 3]
      + 203 @ colva2 [ID: 2]
    Chunk path: u3E9/6998/7/0-6998774B-1/0-69D06A1F-1
    Inlined inode: yes
    Dentry info:
     + Path: 67/66/0-6998774B-1/
     + Metadata node: anjuna3 [ID: 1]

### OST SPACE (STORAGE) AFTER small_contiguous_write_heavy_freq_102mb [HDD] run3
### Timestamp: 2026-04-04 07:02:47
TargetID        Total         Free    %      ITotal       IFree    %   NodeID
========        =====         ====    =      ======       =====    =   ======
     101       0.0GiB       0.0GiB   0%        0.0M        0.0M   0%        1
     102       0.0GiB       0.0GiB   0%        0.0M        0.0M   0%        1
     103       0.0GiB       0.0GiB   0%        0.0M        0.0M   0%        1
     104       0.0GiB       0.0GiB   0%        0.0M        0.0M   0%        1
     105       0.0GiB       0.0GiB   0%        0.0M        0.0M   0%        1
     106       0.0GiB       0.0GiB   0%        0.0M        0.0M   0%        1
     107       0.0GiB       0.0GiB   0%        0.0M        0.0M   0%        1
     201    1862.1GiB     794.5GiB  43%      195.4M      195.3M 100%        2
     202    1862.1GiB     827.0GiB  44%      195.4M      195.3M 100%        2
     203    1862.1GiB     882.0GiB  47%      195.4M      195.3M 100%        2
     204    1862.1GiB     838.7GiB  45%      195.4M      195.3M 100%        2
     205     931.1GiB     801.3GiB  86%      488.4M      488.4M 100%        2
     206     931.1GiB     815.7GiB  88%      488.4M      488.4M 100%        2
     207     931.1GiB     818.4GiB  88%      488.4M      488.4M 100%        2
     301    1862.1GiB     503.5GiB  27%      195.4M      195.3M 100%        3
     302    1862.1GiB     538.6GiB  29%      195.4M      195.3M 100%        3
     303    1862.1GiB     610.5GiB  33%      195.4M      195.3M 100%        3
     304    1862.1GiB     560.3GiB  30%      195.4M      195.3M 100%        3
     305     931.1GiB     795.4GiB  85%      488.4M      488.4M 100%        3
     306     931.1GiB     807.2GiB  87%      488.4M      488.2M 100%        3
     307     931.1GiB     457.8GiB  49%      488.4M      488.4M 100%        3
     401       0.0GiB       0.0GiB   0%        0.0M        0.0M   0%        4
     402       0.0GiB       0.0GiB   0%        0.0M        0.0M   0%        4
     403       0.0GiB       0.0GiB   0%        0.0M        0.0M   0%        4
     404       0.0GiB       0.0GiB   0%        0.0M        0.0M   0%        4
     405       0.0GiB       0.0GiB   0%        0.0M        0.0M   0%        4
     406       0.0GiB       0.0GiB   0%        0.0M        0.0M   0%        4
     407       0.0GiB       0.0GiB   0%        0.0M        0.0M   0%        4
# WARNINGS (offline nodes, not in active pools): [ERROR from beegfs-storage colva1 [ID: 1]: Communication error]
 [ERROR from beegfs-storage colva1 [ID: 1]: Communication error]
 [ERROR from beegfs-storage colva1 [ID: 1]: Communication error]
 [ERRO

### MDS SPACE (METADATA) AFTER small_contiguous_write_heavy_freq_102mb [HDD] run3
### Timestamp: 2026-04-04 07:04:10
TargetID        Total         Free    %      ITotal       IFree    %   NodeID
========        =====         ====    =      ======       =====    =   ======
       1     667.2GiB      34.9GiB   5%       44.5M       37.0M  83%        1

### OST SPACE (STORAGE) BEFORE small_contiguous_write_heavy_freq_102mb [SSD] run1
### Timestamp: 2026-04-04 07:04:11
TargetID        Total         Free    %      ITotal       IFree    %   NodeID
========        =====         ====    =      ======       =====    =   ======
     101       0.0GiB       0.0GiB   0%        0.0M        0.0M   0%        1
     102       0.0GiB       0.0GiB   0%        0.0M        0.0M   0%        1
     103       0.0GiB       0.0GiB   0%        0.0M        0.0M   0%        1
     104       0.0GiB       0.0GiB   0%        0.0M        0.0M   0%        1
     105       0.0GiB       0.0GiB   0%        0.0M        0.0M   0%        1
     106       0.0GiB       0.0GiB   0%        0.0M        0.0M   0%        1
     107       0.0GiB       0.0GiB   0%        0.0M        0.0M   0%        1
     201    1862.1GiB     794.5GiB  43%      195.4M      195.3M 100%        2
     202    1862.1GiB     827.0GiB  44%      195.4M      195.3M 100%        2
     203    1862.1GiB     882.0GiB  47%      195.4M      195.3M 100%        2
     204    1862.1GiB     838.7GiB  45%      195.4M      195.3M 100%        2
     205     931.1GiB     801.3GiB  86%      488.4M      488.4M 100%        2
     206     931.1GiB     815.7GiB  88%      488.4M      488.4M 100%        2
     207     931.1GiB     818.4GiB  88%      488.4M      488.4M 100%        2
     301    1862.1GiB     503.5GiB  27%      195.4M      195.3M 100%        3
     302    1862.1GiB     538.6GiB  29%      195.4M      195.3M 100%        3
     303    1862.1GiB     610.6GiB  33%      195.4M      195.3M 100%        3
     304    1862.1GiB     560.3GiB  30%      195.4M      195.3M 100%        3
     305     931.1GiB     795.4GiB  85%      488.4M      488.4M 100%        3
     306     931.1GiB     807.2GiB  87%      488.4M      488.2M 100%        3
     307     931.1GiB     457.8GiB  49%      488.4M      488.4M 100%        3
     401       0.0GiB       0.0GiB   0%        0.0M        0.0M   0%        4
     402       0.0GiB       0.0GiB   0%        0.0M        0.0M   0%        4
     403       0.0GiB       0.0GiB   0%        0.0M        0.0M   0%        4
     404       0.0GiB       0.0GiB   0%        0.0M        0.0M   0%        4
     405       0.0GiB       0.0GiB   0%        0.0M        0.0M   0%        4
     406       0.0GiB       0.0GiB   0%        0.0M        0.0M   0%        4
     407       0.0GiB       0.0GiB   0%        0.0M        0.0M   0%        4
# WARNINGS (offline nodes, not in active pools): [ERROR from beegfs-storage colva1 [ID: 1]: Communication error]
 [ERROR from beegfs-storage colva1 [ID: 1]: Communication error]
 [ERROR from beegfs-storage colva1 [ID: 1]: Communication error]
 [ERRO

### MDS SPACE (METADATA) BEFORE small_contiguous_write_heavy_freq_102mb [SSD] run1
### Timestamp: 2026-04-04 07:05:35
TargetID        Total         Free    %      ITotal       IFree    %   NodeID
========        =====         ====    =      ======       =====    =   ======
       1     667.2GiB      34.9GiB   5%       44.5M       37.0M  83%        1

### FILE OST LAYOUT AFTER small_contiguous_write_heavy_freq_102mb [SSD] run1
### Timestamp: 2026-04-04 07:05:45
  FILE: /mnt/beegfs/advay/ssd/workloads/tmp/workload_small_contiguous_write_heavy_freq_102mb_f0
    Entry type: file
    EntryID: 0-69D06ADC-1
    Stripe pattern details:
    + Type: RAID0
    + Chunksize: 1M
    + Number of storage targets: desired: 4; actual: 4
    + Storage targets:
      + 206 @ colva2 [ID: 2]
      + 207 @ colva2 [ID: 2]
      + 305 @ colva3 [ID: 3]
      + 205 @ colva2 [ID: 2]
    Chunk path: u3E9/6998/D/1-6998D1FE-1/0-69D06ADC-1
    Inlined inode: yes
    Dentry info:
     + Path: 9/59/1-6998D1FE-1/
     + Metadata node: anjuna3 [ID: 1]

### OST SPACE (STORAGE) AFTER small_contiguous_write_heavy_freq_102mb [SSD] run1
### Timestamp: 2026-04-04 07:05:45
TargetID        Total         Free    %      ITotal       IFree    %   NodeID
========        =====         ====    =      ======       =====    =   ======
     101       0.0GiB       0.0GiB   0%        0.0M        0.0M   0%        1
     102       0.0GiB       0.0GiB   0%        0.0M        0.0M   0%        1
     103       0.0GiB       0.0GiB   0%        0.0M        0.0M   0%        1
     104       0.0GiB       0.0GiB   0%        0.0M        0.0M   0%        1
     105       0.0GiB       0.0GiB   0%        0.0M        0.0M   0%        1
     106       0.0GiB       0.0GiB   0%        0.0M        0.0M   0%        1
     107       0.0GiB       0.0GiB   0%        0.0M        0.0M   0%        1
     201    1862.1GiB     794.5GiB  43%      195.4M      195.3M 100%        2
     202    1862.1GiB     827.0GiB  44%      195.4M      195.3M 100%        2
     203    1862.1GiB     882.0GiB  47%      195.4M      195.3M 100%        2
     204    1862.1GiB     838.7GiB  45%      195.4M      195.3M 100%        2
     205     931.1GiB     801.3GiB  86%      488.4M      488.4M 100%        2
     206     931.1GiB     815.6GiB  88%      488.4M      488.4M 100%        2
     207     931.1GiB     818.4GiB  88%      488.4M      488.4M 100%        2
     301    1862.1GiB     503.5GiB  27%      195.4M      195.3M 100%        3
     302    1862.1GiB     538.6GiB  29%      195.4M      195.3M 100%        3
     303    1862.1GiB     610.6GiB  33%      195.4M      195.3M 100%        3
     304    1862.1GiB     560.3GiB  30%      195.4M      195.3M 100%        3
     305     931.1GiB     795.4GiB  85%      488.4M      488.4M 100%        3
     306     931.1GiB     807.2GiB  87%      488.4M      488.2M 100%        3
     307     931.1GiB     457.8GiB  49%      488.4M      488.4M 100%        3
     401       0.0GiB       0.0GiB   0%        0.0M        0.0M   0%        4
     402       0.0GiB       0.0GiB   0%        0.0M        0.0M   0%        4
     403       0.0GiB       0.0GiB   0%        0.0M        0.0M   0%        4
     404       0.0GiB       0.0GiB   0%        0.0M        0.0M   0%        4
     405       0.0GiB       0.0GiB   0%        0.0M        0.0M   0%        4
     406       0.0GiB       0.0GiB   0%        0.0M        0.0M   0%        4
     407       0.0GiB       0.0GiB   0%        0.0M        0.0M   0%        4
# WARNINGS (offline nodes, not in active pools): [ERROR from beegfs-storage colva1 [ID: 1]: Communication error]
 [ERROR from beegfs-storage colva1 [ID: 1]: Communication error]
 [ERROR from beegfs-storage colva1 [ID: 1]: Communication error]
 [ERRO

### MDS SPACE (METADATA) AFTER small_contiguous_write_heavy_freq_102mb [SSD] run1
### Timestamp: 2026-04-04 07:07:07
TargetID        Total         Free    %      ITotal       IFree    %   NodeID
========        =====         ====    =      ======       =====    =   ======
       1     667.2GiB      34.9GiB   5%       44.5M       37.0M  83%        1

### OST SPACE (STORAGE) BEFORE small_contiguous_write_heavy_freq_102mb [SSD] run2
### Timestamp: 2026-04-04 07:07:07
TargetID        Total         Free    %      ITotal       IFree    %   NodeID
========        =====         ====    =      ======       =====    =   ======
     101       0.0GiB       0.0GiB   0%        0.0M        0.0M   0%        1
     102       0.0GiB       0.0GiB   0%        0.0M        0.0M   0%        1
     103       0.0GiB       0.0GiB   0%        0.0M        0.0M   0%        1
     104       0.0GiB       0.0GiB   0%        0.0M        0.0M   0%        1
     105       0.0GiB       0.0GiB   0%        0.0M        0.0M   0%        1
     106       0.0GiB       0.0GiB   0%        0.0M        0.0M   0%        1
     107       0.0GiB       0.0GiB   0%        0.0M        0.0M   0%        1
     201    1862.1GiB     794.5GiB  43%      195.4M      195.3M 100%        2
     202    1862.1GiB     827.0GiB  44%      195.4M      195.3M 100%        2
     203    1862.1GiB     882.0GiB  47%      195.4M      195.3M 100%        2
     204    1862.1GiB     838.7GiB  45%      195.4M      195.3M 100%        2
     205     931.1GiB     801.3GiB  86%      488.4M      488.4M 100%        2
     206     931.1GiB     815.7GiB  88%      488.4M      488.4M 100%        2
     207     931.1GiB     818.4GiB  88%      488.4M      488.4M 100%        2
     301    1862.1GiB     503.5GiB  27%      195.4M      195.3M 100%        3
     302    1862.1GiB     538.6GiB  29%      195.4M      195.3M 100%        3
     303    1862.1GiB     610.6GiB  33%      195.4M      195.3M 100%        3
     304    1862.1GiB     560.3GiB  30%      195.4M      195.3M 100%        3
     305     931.1GiB     795.4GiB  85%      488.4M      488.4M 100%        3
     306     931.1GiB     807.2GiB  87%      488.4M      488.2M 100%        3
     307     931.1GiB     457.8GiB  49%      488.4M      488.4M 100%        3
     401       0.0GiB       0.0GiB   0%        0.0M        0.0M   0%        4
     402       0.0GiB       0.0GiB   0%        0.0M        0.0M   0%        4
     403       0.0GiB       0.0GiB   0%        0.0M        0.0M   0%        4
     404       0.0GiB       0.0GiB   0%        0.0M        0.0M   0%        4
     405       0.0GiB       0.0GiB   0%        0.0M        0.0M   0%        4
     406       0.0GiB       0.0GiB   0%        0.0M        0.0M   0%        4
     407       0.0GiB       0.0GiB   0%        0.0M        0.0M   0%        4
# WARNINGS (offline nodes, not in active pools): [ERROR from beegfs-storage colva1 [ID: 1]: Communication error]
 [ERROR from beegfs-storage colva1 [ID: 1]: Communication error]
 [ERROR from beegfs-storage colva1 [ID: 1]: Communication error]
 [ERRO

### MDS SPACE (METADATA) BEFORE small_contiguous_write_heavy_freq_102mb [SSD] run2
### Timestamp: 2026-04-04 07:08:32
TargetID        Total         Free    %      ITotal       IFree    %   NodeID
========        =====         ====    =      ======       =====    =   ======
       1     667.2GiB      34.9GiB   5%       44.5M       37.0M  83%        1

### FILE OST LAYOUT AFTER small_contiguous_write_heavy_freq_102mb [SSD] run2
### Timestamp: 2026-04-04 07:08:42
  FILE: /mnt/beegfs/advay/ssd/workloads/tmp/workload_small_contiguous_write_heavy_freq_102mb_f0
    Entry type: file
    EntryID: 0-69D06B96-1
    Stripe pattern details:
    + Type: RAID0
    + Chunksize: 1M
    + Number of storage targets: desired: 4; actual: 4
    + Storage targets:
      + 307 @ colva3 [ID: 3]
      + 205 @ colva2 [ID: 2]
      + 206 @ colva2 [ID: 2]
      + 207 @ colva2 [ID: 2]
    Chunk path: u3E9/6998/D/1-6998D1FE-1/0-69D06B96-1
    Inlined inode: yes
    Dentry info:
     + Path: 9/59/1-6998D1FE-1/
     + Metadata node: anjuna3 [ID: 1]

### OST SPACE (STORAGE) AFTER small_contiguous_write_heavy_freq_102mb [SSD] run2
### Timestamp: 2026-04-04 07:08:42
TargetID        Total         Free    %      ITotal       IFree    %   NodeID
========        =====         ====    =      ======       =====    =   ======
     101       0.0GiB       0.0GiB   0%        0.0M        0.0M   0%        1
     102       0.0GiB       0.0GiB   0%        0.0M        0.0M   0%        1
     103       0.0GiB       0.0GiB   0%        0.0M        0.0M   0%        1
     104       0.0GiB       0.0GiB   0%        0.0M        0.0M   0%        1
     105       0.0GiB       0.0GiB   0%        0.0M        0.0M   0%        1
     106       0.0GiB       0.0GiB   0%        0.0M        0.0M   0%        1
     107       0.0GiB       0.0GiB   0%        0.0M        0.0M   0%        1
     201    1862.1GiB     794.5GiB  43%      195.4M      195.3M 100%        2
     202    1862.1GiB     827.0GiB  44%      195.4M      195.3M 100%        2
     203    1862.1GiB     882.0GiB  47%      195.4M      195.3M 100%        2
     204    1862.1GiB     838.7GiB  45%      195.4M      195.3M 100%        2
     205     931.1GiB     801.3GiB  86%      488.4M      488.4M 100%        2
     206     931.1GiB     815.6GiB  88%      488.4M      488.4M 100%        2
     207     931.1GiB     818.4GiB  88%      488.4M      488.4M 100%        2
     301    1862.1GiB     503.5GiB  27%      195.4M      195.3M 100%        3
     302    1862.1GiB     538.6GiB  29%      195.4M      195.3M 100%        3
     303    1862.1GiB     610.6GiB  33%      195.4M      195.3M 100%        3
     304    1862.1GiB     560.3GiB  30%      195.4M      195.3M 100%        3
     305     931.1GiB     795.4GiB  85%      488.4M      488.4M 100%        3
     306     931.1GiB     807.2GiB  87%      488.4M      488.2M 100%        3
     307     931.1GiB     457.8GiB  49%      488.4M      488.4M 100%        3
     401       0.0GiB       0.0GiB   0%        0.0M        0.0M   0%        4
     402       0.0GiB       0.0GiB   0%        0.0M        0.0M   0%        4
     403       0.0GiB       0.0GiB   0%        0.0M        0.0M   0%        4
     404       0.0GiB       0.0GiB   0%        0.0M        0.0M   0%        4
     405       0.0GiB       0.0GiB   0%        0.0M        0.0M   0%        4
     406       0.0GiB       0.0GiB   0%        0.0M        0.0M   0%        4
     407       0.0GiB       0.0GiB   0%        0.0M        0.0M   0%        4
# WARNINGS (offline nodes, not in active pools): [ERROR from beegfs-storage colva1 [ID: 1]: Communication error]
 [ERROR from beegfs-storage colva1 [ID: 1]: Communication error]
 [ERROR from beegfs-storage colva1 [ID: 1]: Communication error]
 [ERRO

### MDS SPACE (METADATA) AFTER small_contiguous_write_heavy_freq_102mb [SSD] run2
### Timestamp: 2026-04-04 07:10:04
TargetID        Total         Free    %      ITotal       IFree    %   NodeID
========        =====         ====    =      ======       =====    =   ======
       1     667.2GiB      34.9GiB   5%       44.5M       37.0M  83%        1

### OST SPACE (STORAGE) BEFORE small_contiguous_write_heavy_freq_102mb [SSD] run3
### Timestamp: 2026-04-04 07:10:04
TargetID        Total         Free    %      ITotal       IFree    %   NodeID
========        =====         ====    =      ======       =====    =   ======
     101       0.0GiB       0.0GiB   0%        0.0M        0.0M   0%        1
     102       0.0GiB       0.0GiB   0%        0.0M        0.0M   0%        1
     103       0.0GiB       0.0GiB   0%        0.0M        0.0M   0%        1
     104       0.0GiB       0.0GiB   0%        0.0M        0.0M   0%        1
     105       0.0GiB       0.0GiB   0%        0.0M        0.0M   0%        1
     106       0.0GiB       0.0GiB   0%        0.0M        0.0M   0%        1
     107       0.0GiB       0.0GiB   0%        0.0M        0.0M   0%        1
     201    1862.1GiB     794.5GiB  43%      195.4M      195.3M 100%        2
     202    1862.1GiB     827.0GiB  44%      195.4M      195.3M 100%        2
     203    1862.1GiB     882.0GiB  47%      195.4M      195.3M 100%        2
     204    1862.1GiB     838.7GiB  45%      195.4M      195.3M 100%        2
     205     931.1GiB     801.3GiB  86%      488.4M      488.4M 100%        2
     206     931.1GiB     815.7GiB  88%      488.4M      488.4M 100%        2
     207     931.1GiB     818.4GiB  88%      488.4M      488.4M 100%        2
     301    1862.1GiB     503.5GiB  27%      195.4M      195.3M 100%        3
     302    1862.1GiB     538.6GiB  29%      195.4M      195.3M 100%        3
     303    1862.1GiB     610.6GiB  33%      195.4M      195.3M 100%        3
     304    1862.1GiB     560.3GiB  30%      195.4M      195.3M 100%        3
     305     931.1GiB     795.4GiB  85%      488.4M      488.4M 100%        3
     306     931.1GiB     807.2GiB  87%      488.4M      488.2M 100%        3
     307     931.1GiB     457.8GiB  49%      488.4M      488.4M 100%        3
     401       0.0GiB       0.0GiB   0%        0.0M        0.0M   0%        4
     402       0.0GiB       0.0GiB   0%        0.0M        0.0M   0%        4
     403       0.0GiB       0.0GiB   0%        0.0M        0.0M   0%        4
     404       0.0GiB       0.0GiB   0%        0.0M        0.0M   0%        4
     405       0.0GiB       0.0GiB   0%        0.0M        0.0M   0%        4
     406       0.0GiB       0.0GiB   0%        0.0M        0.0M   0%        4
     407       0.0GiB       0.0GiB   0%        0.0M        0.0M   0%        4
# WARNINGS (offline nodes, not in active pools): [ERROR from beegfs-storage colva1 [ID: 1]: Communication error]
 [ERROR from beegfs-storage colva1 [ID: 1]: Communication error]
 [ERROR from beegfs-storage colva1 [ID: 1]: Communication error]
 [ERRO

### MDS SPACE (METADATA) BEFORE small_contiguous_write_heavy_freq_102mb [SSD] run3
### Timestamp: 2026-04-04 07:11:29
TargetID        Total         Free    %      ITotal       IFree    %   NodeID
========        =====         ====    =      ======       =====    =   ======
       1     667.2GiB      34.9GiB   5%       44.5M       37.0M  83%        1

### FILE OST LAYOUT AFTER small_contiguous_write_heavy_freq_102mb [SSD] run3
### Timestamp: 2026-04-04 07:11:39
  FILE: /mnt/beegfs/advay/ssd/workloads/tmp/workload_small_contiguous_write_heavy_freq_102mb_f0
    Entry type: file
    EntryID: 0-69D06C11-1
    Stripe pattern details:
    + Type: RAID0
    + Chunksize: 1M
    + Number of storage targets: desired: 4; actual: 4
    + Storage targets:
      + 307 @ colva3 [ID: 3]
      + 205 @ colva2 [ID: 2]
      + 206 @ colva2 [ID: 2]
      + 306 @ colva3 [ID: 3]
    Chunk path: u3E9/6998/D/1-6998D1FE-1/0-69D06C11-1
    Inlined inode: yes
    Dentry info:
     + Path: 9/59/1-6998D1FE-1/
     + Metadata node: anjuna3 [ID: 1]

### OST SPACE (STORAGE) AFTER small_contiguous_write_heavy_freq_102mb [SSD] run3
### Timestamp: 2026-04-04 07:11:39
TargetID        Total         Free    %      ITotal       IFree    %   NodeID
========        =====         ====    =      ======       =====    =   ======
     101       0.0GiB       0.0GiB   0%        0.0M        0.0M   0%        1
     102       0.0GiB       0.0GiB   0%        0.0M        0.0M   0%        1
     103       0.0GiB       0.0GiB   0%        0.0M        0.0M   0%        1
     104       0.0GiB       0.0GiB   0%        0.0M        0.0M   0%        1
     105       0.0GiB       0.0GiB   0%        0.0M        0.0M   0%        1
     106       0.0GiB       0.0GiB   0%        0.0M        0.0M   0%        1
     107       0.0GiB       0.0GiB   0%        0.0M        0.0M   0%        1
     201    1862.1GiB     794.5GiB  43%      195.4M      195.3M 100%        2
     202    1862.1GiB     827.0GiB  44%      195.4M      195.3M 100%        2
     203    1862.1GiB     882.0GiB  47%      195.4M      195.3M 100%        2
     204    1862.1GiB     838.7GiB  45%      195.4M      195.3M 100%        2
     205     931.1GiB     801.3GiB  86%      488.4M      488.4M 100%        2
     206     931.1GiB     815.6GiB  88%      488.4M      488.4M 100%        2
     207     931.1GiB     818.4GiB  88%      488.4M      488.4M 100%        2
     301    1862.1GiB     503.5GiB  27%      195.4M      195.3M 100%        3
     302    1862.1GiB     538.6GiB  29%      195.4M      195.3M 100%        3
     303    1862.1GiB     610.6GiB  33%      195.4M      195.3M 100%        3
     304    1862.1GiB     560.3GiB  30%      195.4M      195.3M 100%        3
     305     931.1GiB     795.4GiB  85%      488.4M      488.4M 100%        3
     306     931.1GiB     807.2GiB  87%      488.4M      488.2M 100%        3
     307     931.1GiB     457.8GiB  49%      488.4M      488.4M 100%        3
     401       0.0GiB       0.0GiB   0%        0.0M        0.0M   0%        4
     402       0.0GiB       0.0GiB   0%        0.0M        0.0M   0%        4
     403       0.0GiB       0.0GiB   0%        0.0M        0.0M   0%        4
     404       0.0GiB       0.0GiB   0%        0.0M        0.0M   0%        4
     405       0.0GiB       0.0GiB   0%        0.0M        0.0M   0%        4
     406       0.0GiB       0.0GiB   0%        0.0M        0.0M   0%        4
     407       0.0GiB       0.0GiB   0%        0.0M        0.0M   0%        4
# WARNINGS (offline nodes, not in active pools): [ERROR from beegfs-storage colva1 [ID: 1]: Communication error]
 [ERROR from beegfs-storage colva1 [ID: 1]: Communication error]
 [ERROR from beegfs-storage colva1 [ID: 1]: Communication error]
 [ERRO

### MDS SPACE (METADATA) AFTER small_contiguous_write_heavy_freq_102mb [SSD] run3
### Timestamp: 2026-04-04 07:13:01
TargetID        Total         Free    %      ITotal       IFree    %   NodeID
========        =====         ====    =      ======       =====    =   ======
       1     667.2GiB      34.9GiB   5%       44.5M       37.0M  83%        1

### OST SPACE (STORAGE) BEFORE small_contiguous_write_heavy_freq_1gb [HDD] run1
### Timestamp: 2026-04-04 07:13:01
TargetID        Total         Free    %      ITotal       IFree    %   NodeID
========        =====         ====    =      ======       =====    =   ======
     101       0.0GiB       0.0GiB   0%        0.0M        0.0M   0%        1
     102       0.0GiB       0.0GiB   0%        0.0M        0.0M   0%        1
     103       0.0GiB       0.0GiB   0%        0.0M        0.0M   0%        1
     104       0.0GiB       0.0GiB   0%        0.0M        0.0M   0%        1
     105       0.0GiB       0.0GiB   0%        0.0M        0.0M   0%        1
     106       0.0GiB       0.0GiB   0%        0.0M        0.0M   0%        1
     107       0.0GiB       0.0GiB   0%        0.0M        0.0M   0%        1
     201    1862.1GiB     794.5GiB  43%      195.4M      195.3M 100%        2
     202    1862.1GiB     827.0GiB  44%      195.4M      195.3M 100%        2
     203    1862.1GiB     882.0GiB  47%      195.4M      195.3M 100%        2
     204    1862.1GiB     838.7GiB  45%      195.4M      195.3M 100%        2
     205     931.1GiB     801.3GiB  86%      488.4M      488.4M 100%        2
     206     931.1GiB     815.7GiB  88%      488.4M      488.4M 100%        2
     207     931.1GiB     818.4GiB  88%      488.4M      488.4M 100%        2
     301    1862.1GiB     503.5GiB  27%      195.4M      195.3M 100%        3
     302    1862.1GiB     538.6GiB  29%      195.4M      195.3M 100%        3
     303    1862.1GiB     610.6GiB  33%      195.4M      195.3M 100%        3
     304    1862.1GiB     560.3GiB  30%      195.4M      195.3M 100%        3
     305     931.1GiB     795.4GiB  85%      488.4M      488.4M 100%        3
     306     931.1GiB     807.2GiB  87%      488.4M      488.2M 100%        3
     307     931.1GiB     457.8GiB  49%      488.4M      488.4M 100%        3
     401       0.0GiB       0.0GiB   0%        0.0M        0.0M   0%        4
     402       0.0GiB       0.0GiB   0%        0.0M        0.0M   0%        4
     403       0.0GiB       0.0GiB   0%        0.0M        0.0M   0%        4
     404       0.0GiB       0.0GiB   0%        0.0M        0.0M   0%        4
     405       0.0GiB       0.0GiB   0%        0.0M        0.0M   0%        4
     406       0.0GiB       0.0GiB   0%        0.0M        0.0M   0%        4
     407       0.0GiB       0.0GiB   0%        0.0M        0.0M   0%        4
# WARNINGS (offline nodes, not in active pools): [ERROR from beegfs-storage colva1 [ID: 1]: Communication error]
 [ERROR from beegfs-storage colva1 [ID: 1]: Communication error]
 [ERROR from beegfs-storage colva1 [ID: 1]: Communication error]
 [ERRO

### MDS SPACE (METADATA) BEFORE small_contiguous_write_heavy_freq_1gb [HDD] run1
### Timestamp: 2026-04-04 07:14:26
TargetID        Total         Free    %      ITotal       IFree    %   NodeID
========        =====         ====    =      ======       =====    =   ======
       1     667.2GiB      34.9GiB   5%       44.5M       37.0M  83%        1

### FILE OST LAYOUT AFTER small_contiguous_write_heavy_freq_1gb [HDD] run1
### Timestamp: 2026-04-04 07:15:42
  FILE: /mnt/beegfs/advay/hdd/workloads/tmp/workload_small_contiguous_write_heavy_freq_1gb_f0
    Entry type: file
    EntryID: 0-69D06CCE-1
    Stripe pattern details:
    + Type: RAID0
    + Chunksize: 1M
    + Number of storage targets: desired: 4; actual: 4
    + Storage targets:
      + 203 @ colva2 [ID: 2]
      + 204 @ colva2 [ID: 2]
      + 303 @ colva3 [ID: 3]
      + 304 @ colva3 [ID: 3]
    Chunk path: u3E9/6998/7/0-6998774B-1/0-69D06CCE-1
    Inlined inode: yes
    Dentry info:
     + Path: 67/66/0-6998774B-1/
     + Metadata node: anjuna3 [ID: 1]

### OST SPACE (STORAGE) AFTER small_contiguous_write_heavy_freq_1gb [HDD] run1
### Timestamp: 2026-04-04 07:15:42
TargetID        Total         Free    %      ITotal       IFree    %   NodeID
========        =====         ====    =      ======       =====    =   ======
     101       0.0GiB       0.0GiB   0%        0.0M        0.0M   0%        1
     102       0.0GiB       0.0GiB   0%        0.0M        0.0M   0%        1
     103       0.0GiB       0.0GiB   0%        0.0M        0.0M   0%        1
     104       0.0GiB       0.0GiB   0%        0.0M        0.0M   0%        1
     105       0.0GiB       0.0GiB   0%        0.0M        0.0M   0%        1
     106       0.0GiB       0.0GiB   0%        0.0M        0.0M   0%        1
     107       0.0GiB       0.0GiB   0%        0.0M        0.0M   0%        1
     201    1862.1GiB     794.5GiB  43%      195.4M      195.3M 100%        2
     202    1862.1GiB     827.0GiB  44%      195.4M      195.3M 100%        2
     203    1862.1GiB     881.7GiB  47%      195.4M      195.3M 100%        2
     204    1862.1GiB     838.4GiB  45%      195.4M      195.3M 100%        2
     205     931.1GiB     801.3GiB  86%      488.4M      488.4M 100%        2
     206     931.1GiB     815.7GiB  88%      488.4M      488.4M 100%        2
     207     931.1GiB     818.4GiB  88%      488.4M      488.4M 100%        2
     301    1862.1GiB     503.5GiB  27%      195.4M      195.3M 100%        3
     302    1862.1GiB     538.6GiB  29%      195.4M      195.3M 100%        3
     303    1862.1GiB     610.3GiB  33%      195.4M      195.3M 100%        3
     304    1862.1GiB     560.0GiB  30%      195.4M      195.3M 100%        3
     305     931.1GiB     795.4GiB  85%      488.4M      488.4M 100%        3
     306     931.1GiB     807.2GiB  87%      488.4M      488.2M 100%        3
     307     931.1GiB     457.8GiB  49%      488.4M      488.4M 100%        3
     401       0.0GiB       0.0GiB   0%        0.0M        0.0M   0%        4
     402       0.0GiB       0.0GiB   0%        0.0M        0.0M   0%        4
     403       0.0GiB       0.0GiB   0%        0.0M        0.0M   0%        4
     404       0.0GiB       0.0GiB   0%        0.0M        0.0M   0%        4
     405       0.0GiB       0.0GiB   0%        0.0M        0.0M   0%        4
     406       0.0GiB       0.0GiB   0%        0.0M        0.0M   0%        4
     407       0.0GiB       0.0GiB   0%        0.0M        0.0M   0%        4
# WARNINGS (offline nodes, not in active pools): [ERROR from beegfs-storage colva1 [ID: 1]: Communication error]
 [ERROR from beegfs-storage colva1 [ID: 1]: Communication error]
 [ERROR from beegfs-storage colva1 [ID: 1]: Communication error]
 [ERRO

### MDS SPACE (METADATA) AFTER small_contiguous_write_heavy_freq_1gb [HDD] run1
### Timestamp: 2026-04-04 07:17:04
TargetID        Total         Free    %      ITotal       IFree    %   NodeID
========        =====         ====    =      ======       =====    =   ======
       1     667.2GiB      34.9GiB   5%       44.5M       37.0M  83%        1

### OST SPACE (STORAGE) BEFORE small_contiguous_write_heavy_freq_1gb [HDD] run2
### Timestamp: 2026-04-04 07:17:04
TargetID        Total         Free    %      ITotal       IFree    %   NodeID
========        =====         ====    =      ======       =====    =   ======
     101       0.0GiB       0.0GiB   0%        0.0M        0.0M   0%        1
     102       0.0GiB       0.0GiB   0%        0.0M        0.0M   0%        1
     103       0.0GiB       0.0GiB   0%        0.0M        0.0M   0%        1
     104       0.0GiB       0.0GiB   0%        0.0M        0.0M   0%        1
     105       0.0GiB       0.0GiB   0%        0.0M        0.0M   0%        1
     106       0.0GiB       0.0GiB   0%        0.0M        0.0M   0%        1
     107       0.0GiB       0.0GiB   0%        0.0M        0.0M   0%        1
     201    1862.1GiB     794.5GiB  43%      195.4M      195.3M 100%        2
     202    1862.1GiB     827.0GiB  44%      195.4M      195.3M 100%        2
     203    1862.1GiB     882.0GiB  47%      195.4M      195.3M 100%        2
     204    1862.1GiB     838.7GiB  45%      195.4M      195.3M 100%        2
     205     931.1GiB     801.3GiB  86%      488.4M      488.4M 100%        2
     206     931.1GiB     815.7GiB  88%      488.4M      488.4M 100%        2
     207     931.1GiB     818.4GiB  88%      488.4M      488.4M 100%        2
     301    1862.1GiB     503.5GiB  27%      195.4M      195.3M 100%        3
     302    1862.1GiB     538.6GiB  29%      195.4M      195.3M 100%        3
     303    1862.1GiB     610.6GiB  33%      195.4M      195.3M 100%        3
     304    1862.1GiB     560.3GiB  30%      195.4M      195.3M 100%        3
     305     931.1GiB     795.4GiB  85%      488.4M      488.4M 100%        3
     306     931.1GiB     807.2GiB  87%      488.4M      488.2M 100%        3
     307     931.1GiB     457.8GiB  49%      488.4M      488.4M 100%        3
     401       0.0GiB       0.0GiB   0%        0.0M        0.0M   0%        4
     402       0.0GiB       0.0GiB   0%        0.0M        0.0M   0%        4
     403       0.0GiB       0.0GiB   0%        0.0M        0.0M   0%        4
     404       0.0GiB       0.0GiB   0%        0.0M        0.0M   0%        4
     405       0.0GiB       0.0GiB   0%        0.0M        0.0M   0%        4
     406       0.0GiB       0.0GiB   0%        0.0M        0.0M   0%        4
     407       0.0GiB       0.0GiB   0%        0.0M        0.0M   0%        4
# WARNINGS (offline nodes, not in active pools): [ERROR from beegfs-storage colva1 [ID: 1]: Communication error]
 [ERROR from beegfs-storage colva1 [ID: 1]: Communication error]
 [ERROR from beegfs-storage colva1 [ID: 1]: Communication error]
 [ERRO

### MDS SPACE (METADATA) BEFORE small_contiguous_write_heavy_freq_1gb [HDD] run2
### Timestamp: 2026-04-04 07:18:30
TargetID        Total         Free    %      ITotal       IFree    %   NodeID
========        =====         ====    =      ======       =====    =   ======
       1     667.2GiB      34.9GiB   5%       44.5M       37.0M  83%        1

### FILE OST LAYOUT AFTER small_contiguous_write_heavy_freq_1gb [HDD] run2
### Timestamp: 2026-04-04 07:19:46
  FILE: /mnt/beegfs/advay/hdd/workloads/tmp/workload_small_contiguous_write_heavy_freq_1gb_f0
    Entry type: file
    EntryID: 0-69D06DCA-1
    Stripe pattern details:
    + Type: RAID0
    + Chunksize: 1M
    + Number of storage targets: desired: 4; actual: 4
    + Storage targets:
      + 302 @ colva3 [ID: 3]
      + 304 @ colva3 [ID: 3]
      + 201 @ colva2 [ID: 2]
      + 204 @ colva2 [ID: 2]
    Chunk path: u3E9/6998/7/0-6998774B-1/0-69D06DCA-1
    Inlined inode: yes
    Dentry info:
     + Path: 67/66/0-6998774B-1/
     + Metadata node: anjuna3 [ID: 1]

### OST SPACE (STORAGE) AFTER small_contiguous_write_heavy_freq_1gb [HDD] run2
### Timestamp: 2026-04-04 07:19:46
TargetID        Total         Free    %      ITotal       IFree    %   NodeID
========        =====         ====    =      ======       =====    =   ======
     101       0.0GiB       0.0GiB   0%        0.0M        0.0M   0%        1
     102       0.0GiB       0.0GiB   0%        0.0M        0.0M   0%        1
     103       0.0GiB       0.0GiB   0%        0.0M        0.0M   0%        1
     104       0.0GiB       0.0GiB   0%        0.0M        0.0M   0%        1
     105       0.0GiB       0.0GiB   0%        0.0M        0.0M   0%        1
     106       0.0GiB       0.0GiB   0%        0.0M        0.0M   0%        1
     107       0.0GiB       0.0GiB   0%        0.0M        0.0M   0%        1
     201    1862.1GiB     794.3GiB  43%      195.4M      195.3M 100%        2
     202    1862.1GiB     827.0GiB  44%      195.4M      195.3M 100%        2
     203    1862.1GiB     882.0GiB  47%      195.4M      195.3M 100%        2
     204    1862.1GiB     838.4GiB  45%      195.4M      195.3M 100%        2
     205     931.1GiB     801.3GiB  86%      488.4M      488.4M 100%        2
     206     931.1GiB     815.7GiB  88%      488.4M      488.4M 100%        2
     207     931.1GiB     818.4GiB  88%      488.4M      488.4M 100%        2
     301    1862.1GiB     503.5GiB  27%      195.4M      195.3M 100%        3
     302    1862.1GiB     538.4GiB  29%      195.4M      195.3M 100%        3
     303    1862.1GiB     610.6GiB  33%      195.4M      195.3M 100%        3
     304    1862.1GiB     560.0GiB  30%      195.4M      195.3M 100%        3
     305     931.1GiB     795.4GiB  85%      488.4M      488.4M 100%        3
     306     931.1GiB     807.2GiB  87%      488.4M      488.2M 100%        3
     307     931.1GiB     457.8GiB  49%      488.4M      488.4M 100%        3
     401       0.0GiB       0.0GiB   0%        0.0M        0.0M   0%        4
     402       0.0GiB       0.0GiB   0%        0.0M        0.0M   0%        4
     403       0.0GiB       0.0GiB   0%        0.0M        0.0M   0%        4
     404       0.0GiB       0.0GiB   0%        0.0M        0.0M   0%        4
     405       0.0GiB       0.0GiB   0%        0.0M        0.0M   0%        4
     406       0.0GiB       0.0GiB   0%        0.0M        0.0M   0%        4
     407       0.0GiB       0.0GiB   0%        0.0M        0.0M   0%        4
# WARNINGS (offline nodes, not in active pools): [ERROR from beegfs-storage colva1 [ID: 1]: Communication error]
 [ERROR from beegfs-storage colva1 [ID: 1]: Communication error]
 [ERROR from beegfs-storage colva1 [ID: 1]: Communication error]
 [ERRO

### MDS SPACE (METADATA) AFTER small_contiguous_write_heavy_freq_1gb [HDD] run2
### Timestamp: 2026-04-04 07:21:10
TargetID        Total         Free    %      ITotal       IFree    %   NodeID
========        =====         ====    =      ======       =====    =   ======
       1     667.2GiB      34.9GiB   5%       44.5M       37.0M  83%        1

### OST SPACE (STORAGE) BEFORE small_contiguous_write_heavy_freq_1gb [HDD] run3
### Timestamp: 2026-04-04 07:21:10
TargetID        Total         Free    %      ITotal       IFree    %   NodeID
========        =====         ====    =      ======       =====    =   ======
     101       0.0GiB       0.0GiB   0%        0.0M        0.0M   0%        1
     102       0.0GiB       0.0GiB   0%        0.0M        0.0M   0%        1
     103       0.0GiB       0.0GiB   0%        0.0M        0.0M   0%        1
     104       0.0GiB       0.0GiB   0%        0.0M        0.0M   0%        1
     105       0.0GiB       0.0GiB   0%        0.0M        0.0M   0%        1
     106       0.0GiB       0.0GiB   0%        0.0M        0.0M   0%        1
     107       0.0GiB       0.0GiB   0%        0.0M        0.0M   0%        1
     201    1862.1GiB     794.5GiB  43%      195.4M      195.3M 100%        2
     202    1862.1GiB     827.0GiB  44%      195.4M      195.3M 100%        2
     203    1862.1GiB     882.0GiB  47%      195.4M      195.3M 100%        2
     204    1862.1GiB     838.7GiB  45%      195.4M      195.3M 100%        2
     205     931.1GiB     801.3GiB  86%      488.4M      488.4M 100%        2
     206     931.1GiB     815.7GiB  88%      488.4M      488.4M 100%        2
     207     931.1GiB     818.4GiB  88%      488.4M      488.4M 100%        2
     301    1862.1GiB     503.5GiB  27%      195.4M      195.3M 100%        3
     302    1862.1GiB     538.6GiB  29%      195.4M      195.3M 100%        3
     303    1862.1GiB     610.6GiB  33%      195.4M      195.3M 100%        3
     304    1862.1GiB     560.3GiB  30%      195.4M      195.3M 100%        3
     305     931.1GiB     795.4GiB  85%      488.4M      488.4M 100%        3
     306     931.1GiB     807.2GiB  87%      488.4M      488.2M 100%        3
     307     931.1GiB     457.8GiB  49%      488.4M      488.4M 100%        3
     401       0.0GiB       0.0GiB   0%        0.0M        0.0M   0%        4
     402       0.0GiB       0.0GiB   0%        0.0M        0.0M   0%        4
     403       0.0GiB       0.0GiB   0%        0.0M        0.0M   0%        4
     404       0.0GiB       0.0GiB   0%        0.0M        0.0M   0%        4
     405       0.0GiB       0.0GiB   0%        0.0M        0.0M   0%        4
     406       0.0GiB       0.0GiB   0%        0.0M        0.0M   0%        4
     407       0.0GiB       0.0GiB   0%        0.0M        0.0M   0%        4
# WARNINGS (offline nodes, not in active pools): [ERROR from beegfs-storage colva1 [ID: 1]: Communication error]
 [ERROR from beegfs-storage colva1 [ID: 1]: Communication error]
 [ERROR from beegfs-storage colva1 [ID: 1]: Communication error]
 [ERRO

### MDS SPACE (METADATA) BEFORE small_contiguous_write_heavy_freq_1gb [HDD] run3
### Timestamp: 2026-04-04 07:22:34
TargetID        Total         Free    %      ITotal       IFree    %   NodeID
========        =====         ====    =      ======       =====    =   ======
       1     667.2GiB      34.9GiB   5%       44.5M       37.0M  83%        1

### FILE OST LAYOUT AFTER small_contiguous_write_heavy_freq_1gb [HDD] run3
### Timestamp: 2026-04-04 07:23:48
  FILE: /mnt/beegfs/advay/hdd/workloads/tmp/workload_small_contiguous_write_heavy_freq_1gb_f0
    Entry type: file
    EntryID: 0-69D06EC3-1
    Stripe pattern details:
    + Type: RAID0
    + Chunksize: 1M
    + Number of storage targets: desired: 4; actual: 4
    + Storage targets:
      + 203 @ colva2 [ID: 2]
      + 301 @ colva3 [ID: 3]
      + 303 @ colva3 [ID: 3]
      + 304 @ colva3 [ID: 3]
    Chunk path: u3E9/6998/7/0-6998774B-1/0-69D06EC3-1
    Inlined inode: yes
    Dentry info:
     + Path: 67/66/0-6998774B-1/
     + Metadata node: anjuna3 [ID: 1]

### OST SPACE (STORAGE) AFTER small_contiguous_write_heavy_freq_1gb [HDD] run3
### Timestamp: 2026-04-04 07:23:48
TargetID        Total         Free    %      ITotal       IFree    %   NodeID
========        =====         ====    =      ======       =====    =   ======
     101       0.0GiB       0.0GiB   0%        0.0M        0.0M   0%        1
     102       0.0GiB       0.0GiB   0%        0.0M        0.0M   0%        1
     103       0.0GiB       0.0GiB   0%        0.0M        0.0M   0%        1
     104       0.0GiB       0.0GiB   0%        0.0M        0.0M   0%        1
     105       0.0GiB       0.0GiB   0%        0.0M        0.0M   0%        1
     106       0.0GiB       0.0GiB   0%        0.0M        0.0M   0%        1
     107       0.0GiB       0.0GiB   0%        0.0M        0.0M   0%        1
     201    1862.1GiB     794.5GiB  43%      195.4M      195.3M 100%        2
     202    1862.1GiB     827.0GiB  44%      195.4M      195.3M 100%        2
     203    1862.1GiB     881.7GiB  47%      195.4M      195.3M 100%        2
     204    1862.1GiB     838.7GiB  45%      195.4M      195.3M 100%        2
     205     931.1GiB     801.3GiB  86%      488.4M      488.4M 100%        2
     206     931.1GiB     815.7GiB  88%      488.4M      488.4M 100%        2
     207     931.1GiB     818.4GiB  88%      488.4M      488.4M 100%        2
     301    1862.1GiB     503.3GiB  27%      195.4M      195.3M 100%        3
     302    1862.1GiB     538.6GiB  29%      195.4M      195.3M 100%        3
     303    1862.1GiB     610.3GiB  33%      195.4M      195.3M 100%        3
     304    1862.1GiB     560.0GiB  30%      195.4M      195.3M 100%        3
     305     931.1GiB     795.4GiB  85%      488.4M      488.4M 100%        3
     306     931.1GiB     807.2GiB  87%      488.4M      488.2M 100%        3
     307     931.1GiB     457.8GiB  49%      488.4M      488.4M 100%        3
     401       0.0GiB       0.0GiB   0%        0.0M        0.0M   0%        4
     402       0.0GiB       0.0GiB   0%        0.0M        0.0M   0%        4
     403       0.0GiB       0.0GiB   0%        0.0M        0.0M   0%        4
     404       0.0GiB       0.0GiB   0%        0.0M        0.0M   0%        4
     405       0.0GiB       0.0GiB   0%        0.0M        0.0M   0%        4
     406       0.0GiB       0.0GiB   0%        0.0M        0.0M   0%        4
     407       0.0GiB       0.0GiB   0%        0.0M        0.0M   0%        4
# WARNINGS (offline nodes, not in active pools): [ERROR from beegfs-storage colva1 [ID: 1]: Communication error]
 [ERROR from beegfs-storage colva1 [ID: 1]: Communication error]
 [ERROR from beegfs-storage colva1 [ID: 1]: Communication error]
 [ERRO

### MDS SPACE (METADATA) AFTER small_contiguous_write_heavy_freq_1gb [HDD] run3
### Timestamp: 2026-04-04 07:25:12
TargetID        Total         Free    %      ITotal       IFree    %   NodeID
========        =====         ====    =      ======       =====    =   ======
       1     667.2GiB      34.9GiB   5%       44.5M       37.0M  83%        1

### OST SPACE (STORAGE) BEFORE small_contiguous_write_heavy_freq_1gb [SSD] run1
### Timestamp: 2026-04-04 07:25:13
TargetID        Total         Free    %      ITotal       IFree    %   NodeID
========        =====         ====    =      ======       =====    =   ======
     101       0.0GiB       0.0GiB   0%        0.0M        0.0M   0%        1
     102       0.0GiB       0.0GiB   0%        0.0M        0.0M   0%        1
     103       0.0GiB       0.0GiB   0%        0.0M        0.0M   0%        1
     104       0.0GiB       0.0GiB   0%        0.0M        0.0M   0%        1
     105       0.0GiB       0.0GiB   0%        0.0M        0.0M   0%        1
     106       0.0GiB       0.0GiB   0%        0.0M        0.0M   0%        1
     107       0.0GiB       0.0GiB   0%        0.0M        0.0M   0%        1
     201    1862.1GiB     794.5GiB  43%      195.4M      195.3M 100%        2
     202    1862.1GiB     827.0GiB  44%      195.4M      195.3M 100%        2
     203    1862.1GiB     882.0GiB  47%      195.4M      195.3M 100%        2
     204    1862.1GiB     838.7GiB  45%      195.4M      195.3M 100%        2
     205     931.1GiB     801.3GiB  86%      488.4M      488.4M 100%        2
     206     931.1GiB     815.7GiB  88%      488.4M      488.4M 100%        2
     207     931.1GiB     818.4GiB  88%      488.4M      488.4M 100%        2
     301    1862.1GiB     503.5GiB  27%      195.4M      195.3M 100%        3
     302    1862.1GiB     538.6GiB  29%      195.4M      195.3M 100%        3
     303    1862.1GiB     610.6GiB  33%      195.4M      195.3M 100%        3
     304    1862.1GiB     560.3GiB  30%      195.4M      195.3M 100%        3
     305     931.1GiB     795.4GiB  85%      488.4M      488.4M 100%        3
     306     931.1GiB     807.2GiB  87%      488.4M      488.2M 100%        3
     307     931.1GiB     457.8GiB  49%      488.4M      488.4M 100%        3
     401       0.0GiB       0.0GiB   0%        0.0M        0.0M   0%        4
     402       0.0GiB       0.0GiB   0%        0.0M        0.0M   0%        4
     403       0.0GiB       0.0GiB   0%        0.0M        0.0M   0%        4
     404       0.0GiB       0.0GiB   0%        0.0M        0.0M   0%        4
     405       0.0GiB       0.0GiB   0%        0.0M        0.0M   0%        4
     406       0.0GiB       0.0GiB   0%        0.0M        0.0M   0%        4
     407       0.0GiB       0.0GiB   0%        0.0M        0.0M   0%        4
# WARNINGS (offline nodes, not in active pools): [ERROR from beegfs-storage colva1 [ID: 1]: Communication error]
 [ERROR from beegfs-storage colva1 [ID: 1]: Communication error]
 [ERROR from beegfs-storage colva1 [ID: 1]: Communication error]
 [ERRO

### MDS SPACE (METADATA) BEFORE small_contiguous_write_heavy_freq_1gb [SSD] run1
### Timestamp: 2026-04-04 07:26:39
TargetID        Total         Free    %      ITotal       IFree    %   NodeID
========        =====         ====    =      ======       =====    =   ======
       1     667.2GiB      34.9GiB   5%       44.5M       37.0M  83%        1

### FILE OST LAYOUT AFTER small_contiguous_write_heavy_freq_1gb [SSD] run1
### Timestamp: 2026-04-04 07:28:00
  FILE: /mnt/beegfs/advay/ssd/workloads/tmp/workload_small_contiguous_write_heavy_freq_1gb_f0
    Entry type: file
    EntryID: 0-69D06FB9-1
    Stripe pattern details:
    + Type: RAID0
    + Chunksize: 1M
    + Number of storage targets: desired: 4; actual: 4
    + Storage targets:
      + 205 @ colva2 [ID: 2]
      + 206 @ colva2 [ID: 2]
      + 207 @ colva2 [ID: 2]
      + 305 @ colva3 [ID: 3]
    Chunk path: u3E9/6998/D/1-6998D1FE-1/0-69D06FB9-1
    Inlined inode: yes
    Dentry info:
     + Path: 9/59/1-6998D1FE-1/
     + Metadata node: anjuna3 [ID: 1]

### OST SPACE (STORAGE) AFTER small_contiguous_write_heavy_freq_1gb [SSD] run1
### Timestamp: 2026-04-04 07:28:00
TargetID        Total         Free    %      ITotal       IFree    %   NodeID
========        =====         ====    =      ======       =====    =   ======
     101       0.0GiB       0.0GiB   0%        0.0M        0.0M   0%        1
     102       0.0GiB       0.0GiB   0%        0.0M        0.0M   0%        1
     103       0.0GiB       0.0GiB   0%        0.0M        0.0M   0%        1
     104       0.0GiB       0.0GiB   0%        0.0M        0.0M   0%        1
     105       0.0GiB       0.0GiB   0%        0.0M        0.0M   0%        1
     106       0.0GiB       0.0GiB   0%        0.0M        0.0M   0%        1
     107       0.0GiB       0.0GiB   0%        0.0M        0.0M   0%        1
     201    1862.1GiB     794.5GiB  43%      195.4M      195.3M 100%        2
     202    1862.1GiB     827.0GiB  44%      195.4M      195.3M 100%        2
     203    1862.1GiB     882.0GiB  47%      195.4M      195.3M 100%        2
     204    1862.1GiB     838.7GiB  45%      195.4M      195.3M 100%        2
     205     931.1GiB     801.1GiB  86%      488.4M      488.4M 100%        2
     206     931.1GiB     815.4GiB  88%      488.4M      488.4M 100%        2
     207     931.1GiB     818.2GiB  88%      488.4M      488.4M 100%        2
     301    1862.1GiB     503.5GiB  27%      195.4M      195.3M 100%        3
     302    1862.1GiB     538.6GiB  29%      195.4M      195.3M 100%        3
     303    1862.1GiB     610.6GiB  33%      195.4M      195.3M 100%        3
     304    1862.1GiB     560.3GiB  30%      195.4M      195.3M 100%        3
     305     931.1GiB     795.1GiB  85%      488.4M      488.4M 100%        3
     306     931.1GiB     807.2GiB  87%      488.4M      488.2M 100%        3
     307     931.1GiB     457.8GiB  49%      488.4M      488.4M 100%        3
     401       0.0GiB       0.0GiB   0%        0.0M        0.0M   0%        4
     402       0.0GiB       0.0GiB   0%        0.0M        0.0M   0%        4
     403       0.0GiB       0.0GiB   0%        0.0M        0.0M   0%        4
     404       0.0GiB       0.0GiB   0%        0.0M        0.0M   0%        4
     405       0.0GiB       0.0GiB   0%        0.0M        0.0M   0%        4
     406       0.0GiB       0.0GiB   0%        0.0M        0.0M   0%        4
     407       0.0GiB       0.0GiB   0%        0.0M        0.0M   0%        4
# WARNINGS (offline nodes, not in active pools): [ERROR from beegfs-storage colva1 [ID: 1]: Communication error]
 [ERROR from beegfs-storage colva1 [ID: 1]: Communication error]
 [ERROR from beegfs-storage colva1 [ID: 1]: Communication error]
 [ERRO

### MDS SPACE (METADATA) AFTER small_contiguous_write_heavy_freq_1gb [SSD] run1
### Timestamp: 2026-04-04 07:29:25
TargetID        Total         Free    %      ITotal       IFree    %   NodeID
========        =====         ====    =      ======       =====    =   ======
       1     667.2GiB      34.9GiB   5%       44.5M       37.0M  83%        1

### OST SPACE (STORAGE) BEFORE small_contiguous_write_heavy_freq_1gb [SSD] run2
### Timestamp: 2026-04-04 07:29:25
TargetID        Total         Free    %      ITotal       IFree    %   NodeID
========        =====         ====    =      ======       =====    =   ======
     101       0.0GiB       0.0GiB   0%        0.0M        0.0M   0%        1
     102       0.0GiB       0.0GiB   0%        0.0M        0.0M   0%        1
     103       0.0GiB       0.0GiB   0%        0.0M        0.0M   0%        1
     104       0.0GiB       0.0GiB   0%        0.0M        0.0M   0%        1
     105       0.0GiB       0.0GiB   0%        0.0M        0.0M   0%        1
     106       0.0GiB       0.0GiB   0%        0.0M        0.0M   0%        1
     107       0.0GiB       0.0GiB   0%        0.0M        0.0M   0%        1
     201    1862.1GiB     794.5GiB  43%      195.4M      195.3M 100%        2
     202    1862.1GiB     827.0GiB  44%      195.4M      195.3M 100%        2
     203    1862.1GiB     882.0GiB  47%      195.4M      195.3M 100%        2
     204    1862.1GiB     838.7GiB  45%      195.4M      195.3M 100%        2
     205     931.1GiB     801.3GiB  86%      488.4M      488.4M 100%        2
     206     931.1GiB     815.7GiB  88%      488.4M      488.4M 100%        2
     207     931.1GiB     818.4GiB  88%      488.4M      488.4M 100%        2
     301    1862.1GiB     503.5GiB  27%      195.4M      195.3M 100%        3
     302    1862.1GiB     538.6GiB  29%      195.4M      195.3M 100%        3
     303    1862.1GiB     610.6GiB  33%      195.4M      195.3M 100%        3
     304    1862.1GiB     560.3GiB  30%      195.4M      195.3M 100%        3
     305     931.1GiB     795.4GiB  85%      488.4M      488.4M 100%        3
     306     931.1GiB     807.2GiB  87%      488.4M      488.2M 100%        3
     307     931.1GiB     457.8GiB  49%      488.4M      488.4M 100%        3
     401       0.0GiB       0.0GiB   0%        0.0M        0.0M   0%        4
     402       0.0GiB       0.0GiB   0%        0.0M        0.0M   0%        4
     403       0.0GiB       0.0GiB   0%        0.0M        0.0M   0%        4
     404       0.0GiB       0.0GiB   0%        0.0M        0.0M   0%        4
     405       0.0GiB       0.0GiB   0%        0.0M        0.0M   0%        4
     406       0.0GiB       0.0GiB   0%        0.0M        0.0M   0%        4
     407       0.0GiB       0.0GiB   0%        0.0M        0.0M   0%        4
# WARNINGS (offline nodes, not in active pools): [ERROR from beegfs-storage colva1 [ID: 1]: Communication error]
 [ERROR from beegfs-storage colva1 [ID: 1]: Communication error]
 [ERROR from beegfs-storage colva1 [ID: 1]: Communication error]
 [ERRO

### MDS SPACE (METADATA) BEFORE small_contiguous_write_heavy_freq_1gb [SSD] run2
### Timestamp: 2026-04-04 07:30:51
TargetID        Total         Free    %      ITotal       IFree    %   NodeID
========        =====         ====    =      ======       =====    =   ======
       1     667.2GiB      34.9GiB   5%       44.5M       37.0M  83%        1

### FILE OST LAYOUT AFTER small_contiguous_write_heavy_freq_1gb [SSD] run2
### Timestamp: 2026-04-04 07:32:11
  FILE: /mnt/beegfs/advay/ssd/workloads/tmp/workload_small_contiguous_write_heavy_freq_1gb_f0
    Entry type: file
    EntryID: 0-69D070B2-1
    Stripe pattern details:
    + Type: RAID0
    + Chunksize: 1M
    + Number of storage targets: desired: 4; actual: 4
    + Storage targets:
      + 306 @ colva3 [ID: 3]
      + 307 @ colva3 [ID: 3]
      + 205 @ colva2 [ID: 2]
      + 207 @ colva2 [ID: 2]
    Chunk path: u3E9/6998/D/1-6998D1FE-1/0-69D070B2-1
    Inlined inode: yes
    Dentry info:
     + Path: 9/59/1-6998D1FE-1/
     + Metadata node: anjuna3 [ID: 1]

### OST SPACE (STORAGE) AFTER small_contiguous_write_heavy_freq_1gb [SSD] run2
### Timestamp: 2026-04-04 07:32:11
TargetID        Total         Free    %      ITotal       IFree    %   NodeID
========        =====         ====    =      ======       =====    =   ======
     101       0.0GiB       0.0GiB   0%        0.0M        0.0M   0%        1
     102       0.0GiB       0.0GiB   0%        0.0M        0.0M   0%        1
     103       0.0GiB       0.0GiB   0%        0.0M        0.0M   0%        1
     104       0.0GiB       0.0GiB   0%        0.0M        0.0M   0%        1
     105       0.0GiB       0.0GiB   0%        0.0M        0.0M   0%        1
     106       0.0GiB       0.0GiB   0%        0.0M        0.0M   0%        1
     107       0.0GiB       0.0GiB   0%        0.0M        0.0M   0%        1
     201    1862.1GiB     794.5GiB  43%      195.4M      195.3M 100%        2
     202    1862.1GiB     827.0GiB  44%      195.4M      195.3M 100%        2
     203    1862.1GiB     882.0GiB  47%      195.4M      195.3M 100%        2
     204    1862.1GiB     838.7GiB  45%      195.4M      195.3M 100%        2
     205     931.1GiB     801.1GiB  86%      488.4M      488.4M 100%        2
     206     931.1GiB     815.7GiB  88%      488.4M      488.4M 100%        2
     207     931.1GiB     818.2GiB  88%      488.4M      488.4M 100%        2
     301    1862.1GiB     503.5GiB  27%      195.4M      195.3M 100%        3
     302    1862.1GiB     538.6GiB  29%      195.4M      195.3M 100%        3
     303    1862.1GiB     610.6GiB  33%      195.4M      195.3M 100%        3
     304    1862.1GiB     560.3GiB  30%      195.4M      195.3M 100%        3
     305     931.1GiB     795.4GiB  85%      488.4M      488.4M 100%        3
     306     931.1GiB     806.9GiB  87%      488.4M      488.2M 100%        3
     307     931.1GiB     457.5GiB  49%      488.4M      488.4M 100%        3
     401       0.0GiB       0.0GiB   0%        0.0M        0.0M   0%        4
     402       0.0GiB       0.0GiB   0%        0.0M        0.0M   0%        4
     403       0.0GiB       0.0GiB   0%        0.0M        0.0M   0%        4
     404       0.0GiB       0.0GiB   0%        0.0M        0.0M   0%        4
     405       0.0GiB       0.0GiB   0%        0.0M        0.0M   0%        4
     406       0.0GiB       0.0GiB   0%        0.0M        0.0M   0%        4
     407       0.0GiB       0.0GiB   0%        0.0M        0.0M   0%        4
# WARNINGS (offline nodes, not in active pools): [ERROR from beegfs-storage colva1 [ID: 1]: Communication error]
 [ERROR from beegfs-storage colva1 [ID: 1]: Communication error]
 [ERROR from beegfs-storage colva1 [ID: 1]: Communication error]
 [ERRO

### MDS SPACE (METADATA) AFTER small_contiguous_write_heavy_freq_1gb [SSD] run2
### Timestamp: 2026-04-04 07:33:37
TargetID        Total         Free    %      ITotal       IFree    %   NodeID
========        =====         ====    =      ======       =====    =   ======
       1     667.2GiB      34.9GiB   5%       44.5M       37.0M  83%        1

### OST SPACE (STORAGE) BEFORE small_contiguous_write_heavy_freq_1gb [SSD] run3
### Timestamp: 2026-04-04 07:33:37
TargetID        Total         Free    %      ITotal       IFree    %   NodeID
========        =====         ====    =      ======       =====    =   ======
     101       0.0GiB       0.0GiB   0%        0.0M        0.0M   0%        1
     102       0.0GiB       0.0GiB   0%        0.0M        0.0M   0%        1
     103       0.0GiB       0.0GiB   0%        0.0M        0.0M   0%        1
     104       0.0GiB       0.0GiB   0%        0.0M        0.0M   0%        1
     105       0.0GiB       0.0GiB   0%        0.0M        0.0M   0%        1
     106       0.0GiB       0.0GiB   0%        0.0M        0.0M   0%        1
     107       0.0GiB       0.0GiB   0%        0.0M        0.0M   0%        1
     201    1862.1GiB     794.5GiB  43%      195.4M      195.3M 100%        2
     202    1862.1GiB     827.0GiB  44%      195.4M      195.3M 100%        2
     203    1862.1GiB     882.0GiB  47%      195.4M      195.3M 100%        2
     204    1862.1GiB     838.7GiB  45%      195.4M      195.3M 100%        2
     205     931.1GiB     801.3GiB  86%      488.4M      488.4M 100%        2
     206     931.1GiB     815.7GiB  88%      488.4M      488.4M 100%        2
     207     931.1GiB     818.4GiB  88%      488.4M      488.4M 100%        2
     301    1862.1GiB     503.5GiB  27%      195.4M      195.3M 100%        3
     302    1862.1GiB     538.6GiB  29%      195.4M      195.3M 100%        3
     303    1862.1GiB     610.6GiB  33%      195.4M      195.3M 100%        3
     304    1862.1GiB     560.3GiB  30%      195.4M      195.3M 100%        3
     305     931.1GiB     795.4GiB  85%      488.4M      488.4M 100%        3
     306     931.1GiB     807.2GiB  87%      488.4M      488.2M 100%        3
     307     931.1GiB     457.8GiB  49%      488.4M      488.4M 100%        3
     401       0.0GiB       0.0GiB   0%        0.0M        0.0M   0%        4
     402       0.0GiB       0.0GiB   0%        0.0M        0.0M   0%        4
     403       0.0GiB       0.0GiB   0%        0.0M        0.0M   0%        4
     404       0.0GiB       0.0GiB   0%        0.0M        0.0M   0%        4
     405       0.0GiB       0.0GiB   0%        0.0M        0.0M   0%        4
     406       0.0GiB       0.0GiB   0%        0.0M        0.0M   0%        4
     407       0.0GiB       0.0GiB   0%        0.0M        0.0M   0%        4
# WARNINGS (offline nodes, not in active pools): [ERROR from beegfs-storage colva1 [ID: 1]: Communication error]
 [ERROR from beegfs-storage colva1 [ID: 1]: Communication error]
 [ERROR from beegfs-storage colva1 [ID: 1]: Communication error]
 [ERRO

### MDS SPACE (METADATA) BEFORE small_contiguous_write_heavy_freq_1gb [SSD] run3
### Timestamp: 2026-04-04 07:35:03
TargetID        Total         Free    %      ITotal       IFree    %   NodeID
========        =====         ====    =      ======       =====    =   ======
       1     667.2GiB      34.9GiB   5%       44.5M       37.0M  83%        1

### FILE OST LAYOUT AFTER small_contiguous_write_heavy_freq_1gb [SSD] run3
### Timestamp: 2026-04-04 07:36:23
  FILE: /mnt/beegfs/advay/ssd/workloads/tmp/workload_small_contiguous_write_heavy_freq_1gb_f0
    Entry type: file
    EntryID: 0-69D071AB-1
    Stripe pattern details:
    + Type: RAID0
    + Chunksize: 1M
    + Number of storage targets: desired: 4; actual: 4
    + Storage targets:
      + 305 @ colva3 [ID: 3]
      + 306 @ colva3 [ID: 3]
      + 307 @ colva3 [ID: 3]
      + 207 @ colva2 [ID: 2]
    Chunk path: u3E9/6998/D/1-6998D1FE-1/0-69D071AB-1
    Inlined inode: yes
    Dentry info:
     + Path: 9/59/1-6998D1FE-1/
     + Metadata node: anjuna3 [ID: 1]

### OST SPACE (STORAGE) AFTER small_contiguous_write_heavy_freq_1gb [SSD] run3
### Timestamp: 2026-04-04 07:36:23
TargetID        Total         Free    %      ITotal       IFree    %   NodeID
========        =====         ====    =      ======       =====    =   ======
     101       0.0GiB       0.0GiB   0%        0.0M        0.0M   0%        1
     102       0.0GiB       0.0GiB   0%        0.0M        0.0M   0%        1
     103       0.0GiB       0.0GiB   0%        0.0M        0.0M   0%        1
     104       0.0GiB       0.0GiB   0%        0.0M        0.0M   0%        1
     105       0.0GiB       0.0GiB   0%        0.0M        0.0M   0%        1
     106       0.0GiB       0.0GiB   0%        0.0M        0.0M   0%        1
     107       0.0GiB       0.0GiB   0%        0.0M        0.0M   0%        1
     201    1862.1GiB     794.5GiB  43%      195.4M      195.3M 100%        2
     202    1862.1GiB     827.0GiB  44%      195.4M      195.3M 100%        2
     203    1862.1GiB     882.0GiB  47%      195.4M      195.3M 100%        2
     204    1862.1GiB     838.7GiB  45%      195.4M      195.3M 100%        2
     205     931.1GiB     801.3GiB  86%      488.4M      488.4M 100%        2
     206     931.1GiB     815.7GiB  88%      488.4M      488.4M 100%        2
     207     931.1GiB     818.2GiB  88%      488.4M      488.4M 100%        2
     301    1862.1GiB     503.5GiB  27%      195.4M      195.3M 100%        3
     302    1862.1GiB     538.6GiB  29%      195.4M      195.3M 100%        3
     303    1862.1GiB     610.6GiB  33%      195.4M      195.3M 100%        3
     304    1862.1GiB     560.3GiB  30%      195.4M      195.3M 100%        3
     305     931.1GiB     795.1GiB  85%      488.4M      488.4M 100%        3
     306     931.1GiB     806.9GiB  87%      488.4M      488.2M 100%        3
     307     931.1GiB     457.5GiB  49%      488.4M      488.4M 100%        3
     401       0.0GiB       0.0GiB   0%        0.0M        0.0M   0%        4
     402       0.0GiB       0.0GiB   0%        0.0M        0.0M   0%        4
     403       0.0GiB       0.0GiB   0%        0.0M        0.0M   0%        4
     404       0.0GiB       0.0GiB   0%        0.0M        0.0M   0%        4
     405       0.0GiB       0.0GiB   0%        0.0M        0.0M   0%        4
     406       0.0GiB       0.0GiB   0%        0.0M        0.0M   0%        4
     407       0.0GiB       0.0GiB   0%        0.0M        0.0M   0%        4
# WARNINGS (offline nodes, not in active pools): [ERROR from beegfs-storage colva1 [ID: 1]: Communication error]
 [ERROR from beegfs-storage colva1 [ID: 1]: Communication error]
 [ERROR from beegfs-storage colva1 [ID: 1]: Communication error]
 [ERRO

### MDS SPACE (METADATA) AFTER small_contiguous_write_heavy_freq_1gb [SSD] run3
### Timestamp: 2026-04-04 07:37:49
TargetID        Total         Free    %      ITotal       IFree    %   NodeID
========        =====         ====    =      ======       =====    =   ======
       1     667.2GiB      34.9GiB   5%       44.5M       37.0M  83%        1

### OST SPACE (STORAGE) BEFORE small_contiguous_write_heavy_freq_10gb [HDD] run1
### Timestamp: 2026-04-04 07:37:49
TargetID        Total         Free    %      ITotal       IFree    %   NodeID
========        =====         ====    =      ======       =====    =   ======
     101       0.0GiB       0.0GiB   0%        0.0M        0.0M   0%        1
     102       0.0GiB       0.0GiB   0%        0.0M        0.0M   0%        1
     103       0.0GiB       0.0GiB   0%        0.0M        0.0M   0%        1
     104       0.0GiB       0.0GiB   0%        0.0M        0.0M   0%        1
     105       0.0GiB       0.0GiB   0%        0.0M        0.0M   0%        1
     106       0.0GiB       0.0GiB   0%        0.0M        0.0M   0%        1
     107       0.0GiB       0.0GiB   0%        0.0M        0.0M   0%        1
     201    1862.1GiB     794.5GiB  43%      195.4M      195.3M 100%        2
     202    1862.1GiB     827.0GiB  44%      195.4M      195.3M 100%        2
     203    1862.1GiB     882.0GiB  47%      195.4M      195.3M 100%        2
     204    1862.1GiB     838.7GiB  45%      195.4M      195.3M 100%        2
     205     931.1GiB     801.3GiB  86%      488.4M      488.4M 100%        2
     206     931.1GiB     815.7GiB  88%      488.4M      488.4M 100%        2
     207     931.1GiB     818.4GiB  88%      488.4M      488.4M 100%        2
     301    1862.1GiB     503.5GiB  27%      195.4M      195.3M 100%        3
     302    1862.1GiB     538.6GiB  29%      195.4M      195.3M 100%        3
     303    1862.1GiB     610.6GiB  33%      195.4M      195.3M 100%        3
     304    1862.1GiB     560.3GiB  30%      195.4M      195.3M 100%        3
     305     931.1GiB     795.4GiB  85%      488.4M      488.4M 100%        3
     306     931.1GiB     807.2GiB  87%      488.4M      488.2M 100%        3
     307     931.1GiB     457.8GiB  49%      488.4M      488.4M 100%        3
     401       0.0GiB       0.0GiB   0%        0.0M        0.0M   0%        4
     402       0.0GiB       0.0GiB   0%        0.0M        0.0M   0%        4
     403       0.0GiB       0.0GiB   0%        0.0M        0.0M   0%        4
     404       0.0GiB       0.0GiB   0%        0.0M        0.0M   0%        4
     405       0.0GiB       0.0GiB   0%        0.0M        0.0M   0%        4
     406       0.0GiB       0.0GiB   0%        0.0M        0.0M   0%        4
     407       0.0GiB       0.0GiB   0%        0.0M        0.0M   0%        4
# WARNINGS (offline nodes, not in active pools): [ERROR from beegfs-storage colva1 [ID: 1]: Communication error]
 [ERROR from beegfs-storage colva1 [ID: 1]: Communication error]
 [ERROR from beegfs-storage colva1 [ID: 1]: Communication error]
 [ERRO

### MDS SPACE (METADATA) BEFORE small_contiguous_write_heavy_freq_10gb [HDD] run1
### Timestamp: 2026-04-04 07:39:15
TargetID        Total         Free    %      ITotal       IFree    %   NodeID
========        =====         ====    =      ======       =====    =   ======
       1     667.2GiB      34.9GiB   5%       44.5M       37.0M  83%        1

### OST SPACE (STORAGE) BEFORE small_contiguous_write_heavy_freq_10gb [HDD] run2
### Timestamp: 2026-04-04 07:59:20
TargetID        Total         Free    %      ITotal       IFree    %   NodeID
========        =====         ====    =      ======       =====    =   ======
     101       0.0GiB       0.0GiB   0%        0.0M        0.0M   0%        1
     102       0.0GiB       0.0GiB   0%        0.0M        0.0M   0%        1
     103       0.0GiB       0.0GiB   0%        0.0M        0.0M   0%        1
     104       0.0GiB       0.0GiB   0%        0.0M        0.0M   0%        1
     105       0.0GiB       0.0GiB   0%        0.0M        0.0M   0%        1
     106       0.0GiB       0.0GiB   0%        0.0M        0.0M   0%        1
     107       0.0GiB       0.0GiB   0%        0.0M        0.0M   0%        1
     201    1862.1GiB     794.5GiB  43%      195.4M      195.3M 100%        2
     202    1862.1GiB     827.0GiB  44%      195.4M      195.3M 100%        2
     203    1862.1GiB     882.0GiB  47%      195.4M      195.3M 100%        2
     204    1862.1GiB     838.7GiB  45%      195.4M      195.3M 100%        2
     205     931.1GiB     801.3GiB  86%      488.4M      488.4M 100%        2
     206     931.1GiB     815.7GiB  88%      488.4M      488.4M 100%        2
     207     931.1GiB     818.4GiB  88%      488.4M      488.4M 100%        2
     301    1862.1GiB     503.5GiB  27%      195.4M      195.3M 100%        3
     302    1862.1GiB     538.6GiB  29%      195.4M      195.3M 100%        3
     303    1862.1GiB     610.6GiB  33%      195.4M      195.3M 100%        3
     304    1862.1GiB     560.3GiB  30%      195.4M      195.3M 100%        3
     305     931.1GiB     795.4GiB  85%      488.4M      488.4M 100%        3
     306     931.1GiB     807.2GiB  87%      488.4M      488.2M 100%        3
     307     931.1GiB     457.8GiB  49%      488.4M      488.4M 100%        3
     401       0.0GiB       0.0GiB   0%        0.0M        0.0M   0%        4
     402       0.0GiB       0.0GiB   0%        0.0M        0.0M   0%        4
     403       0.0GiB       0.0GiB   0%        0.0M        0.0M   0%        4
     404       0.0GiB       0.0GiB   0%        0.0M        0.0M   0%        4
     405       0.0GiB       0.0GiB   0%        0.0M        0.0M   0%        4
     406       0.0GiB       0.0GiB   0%        0.0M        0.0M   0%        4
     407       0.0GiB       0.0GiB   0%        0.0M        0.0M   0%        4
# WARNINGS (offline nodes, not in active pools): [ERROR from beegfs-storage colva1 [ID: 1]: Communication error]
 [ERROR from beegfs-storage colva1 [ID: 1]: Communication error]
 [ERROR from beegfs-storage colva1 [ID: 1]: Communication error]
 [ERRO

### MDS SPACE (METADATA) BEFORE small_contiguous_write_heavy_freq_10gb [HDD] run2
### Timestamp: 2026-04-04 08:00:44
TargetID        Total         Free    %      ITotal       IFree    %   NodeID
========        =====         ====    =      ======       =====    =   ======
       1     667.2GiB      34.9GiB   5%       44.5M       37.0M  83%        1

### OST SPACE (STORAGE) BEFORE small_contiguous_write_heavy_freq_10gb [HDD] run3
### Timestamp: 2026-04-04 08:10:46
TargetID        Total         Free    %      ITotal       IFree    %   NodeID
========        =====         ====    =      ======       =====    =   ======
     101       0.0GiB       0.0GiB   0%        0.0M        0.0M   0%        1
     102       0.0GiB       0.0GiB   0%        0.0M        0.0M   0%        1
     103       0.0GiB       0.0GiB   0%        0.0M        0.0M   0%        1
     104       0.0GiB       0.0GiB   0%        0.0M        0.0M   0%        1
     105       0.0GiB       0.0GiB   0%        0.0M        0.0M   0%        1
     106       0.0GiB       0.0GiB   0%        0.0M        0.0M   0%        1
     107       0.0GiB       0.0GiB   0%        0.0M        0.0M   0%        1
     201    1862.1GiB     794.5GiB  43%      195.4M      195.3M 100%        2
     202    1862.1GiB     827.0GiB  44%      195.4M      195.3M 100%        2
     203    1862.1GiB     882.0GiB  47%      195.4M      195.3M 100%        2
     204    1862.1GiB     838.7GiB  45%      195.4M      195.3M 100%        2
     205     931.1GiB     801.3GiB  86%      488.4M      488.4M 100%        2
     206     931.1GiB     815.7GiB  88%      488.4M      488.4M 100%        2
     207     931.1GiB     818.4GiB  88%      488.4M      488.4M 100%        2
     301    1862.1GiB     503.5GiB  27%      195.4M      195.3M 100%        3
     302    1862.1GiB     538.6GiB  29%      195.4M      195.3M 100%        3
     303    1862.1GiB     610.6GiB  33%      195.4M      195.3M 100%        3
     304    1862.1GiB     560.3GiB  30%      195.4M      195.3M 100%        3
     305     931.1GiB     795.4GiB  85%      488.4M      488.4M 100%        3
     306     931.1GiB     807.2GiB  87%      488.4M      488.2M 100%        3
     307     931.1GiB     457.8GiB  49%      488.4M      488.4M 100%        3
     401       0.0GiB       0.0GiB   0%        0.0M        0.0M   0%        4
     402       0.0GiB       0.0GiB   0%        0.0M        0.0M   0%        4
     403       0.0GiB       0.0GiB   0%        0.0M        0.0M   0%        4
     404       0.0GiB       0.0GiB   0%        0.0M        0.0M   0%        4
     405       0.0GiB       0.0GiB   0%        0.0M        0.0M   0%        4
     406       0.0GiB       0.0GiB   0%        0.0M        0.0M   0%        4
     407       0.0GiB       0.0GiB   0%        0.0M        0.0M   0%        4
# WARNINGS (offline nodes, not in active pools): [ERROR from beegfs-storage colva1 [ID: 1]: Communication error]
 [ERROR from beegfs-storage colva1 [ID: 1]: Communication error]
 [ERROR from beegfs-storage colva1 [ID: 1]: Communication error]
 [ERRO

### MDS SPACE (METADATA) BEFORE small_contiguous_write_heavy_freq_10gb [HDD] run3
### Timestamp: 2026-04-04 08:12:12
TargetID        Total         Free    %      ITotal       IFree    %   NodeID
========        =====         ====    =      ======       =====    =   ======
       1     667.2GiB      34.9GiB   5%       44.5M       37.0M  83%        1

### OST SPACE (STORAGE) BEFORE small_contiguous_write_heavy_freq_10gb [SSD] run1
### Timestamp: 2026-04-04 08:22:15
TargetID        Total         Free    %      ITotal       IFree    %   NodeID
========        =====         ====    =      ======       =====    =   ======
     101       0.0GiB       0.0GiB   0%        0.0M        0.0M   0%        1
     102       0.0GiB       0.0GiB   0%        0.0M        0.0M   0%        1
     103       0.0GiB       0.0GiB   0%        0.0M        0.0M   0%        1
     104       0.0GiB       0.0GiB   0%        0.0M        0.0M   0%        1
     105       0.0GiB       0.0GiB   0%        0.0M        0.0M   0%        1
     106       0.0GiB       0.0GiB   0%        0.0M        0.0M   0%        1
     107       0.0GiB       0.0GiB   0%        0.0M        0.0M   0%        1
     201    1862.1GiB     794.5GiB  43%      195.4M      195.3M 100%        2
     202    1862.1GiB     827.0GiB  44%      195.4M      195.3M 100%        2
     203    1862.1GiB     882.0GiB  47%      195.4M      195.3M 100%        2
     204    1862.1GiB     838.7GiB  45%      195.4M      195.3M 100%        2
     205     931.1GiB     801.3GiB  86%      488.4M      488.4M 100%        2
     206     931.1GiB     815.7GiB  88%      488.4M      488.4M 100%        2
     207     931.1GiB     818.4GiB  88%      488.4M      488.4M 100%        2
     301    1862.1GiB     503.5GiB  27%      195.4M      195.3M 100%        3
     302    1862.1GiB     538.6GiB  29%      195.4M      195.3M 100%        3
     303    1862.1GiB     610.6GiB  33%      195.4M      195.3M 100%        3
     304    1862.1GiB     560.3GiB  30%      195.4M      195.3M 100%        3
     305     931.1GiB     795.4GiB  85%      488.4M      488.4M 100%        3
     306     931.1GiB     807.2GiB  87%      488.4M      488.2M 100%        3
     307     931.1GiB     457.8GiB  49%      488.4M      488.4M 100%        3
     401       0.0GiB       0.0GiB   0%        0.0M        0.0M   0%        4
     402       0.0GiB       0.0GiB   0%        0.0M        0.0M   0%        4
     403       0.0GiB       0.0GiB   0%        0.0M        0.0M   0%        4
     404       0.0GiB       0.0GiB   0%        0.0M        0.0M   0%        4
     405       0.0GiB       0.0GiB   0%        0.0M        0.0M   0%        4
     406       0.0GiB       0.0GiB   0%        0.0M        0.0M   0%        4
     407       0.0GiB       0.0GiB   0%        0.0M        0.0M   0%        4
# WARNINGS (offline nodes, not in active pools): [ERROR from beegfs-storage colva1 [ID: 1]: Communication error]
 [ERROR from beegfs-storage colva1 [ID: 1]: Communication error]
 [ERROR from beegfs-storage colva1 [ID: 1]: Communication error]
 [ERRO

### MDS SPACE (METADATA) BEFORE small_contiguous_write_heavy_freq_10gb [SSD] run1
### Timestamp: 2026-04-04 08:23:36
TargetID        Total         Free    %      ITotal       IFree    %   NodeID
========        =====         ====    =      ======       =====    =   ======
       1     667.2GiB      34.9GiB   5%       44.5M       37.0M  83%        1

### OST SPACE (STORAGE) BEFORE small_contiguous_write_heavy_freq_10gb [SSD] run2
### Timestamp: 2026-04-04 08:33:39
TargetID        Total         Free    %      ITotal       IFree    %   NodeID
========        =====         ====    =      ======       =====    =   ======
     101       0.0GiB       0.0GiB   0%        0.0M        0.0M   0%        1
     102       0.0GiB       0.0GiB   0%        0.0M        0.0M   0%        1
     103       0.0GiB       0.0GiB   0%        0.0M        0.0M   0%        1
     104       0.0GiB       0.0GiB   0%        0.0M        0.0M   0%        1
     105       0.0GiB       0.0GiB   0%        0.0M        0.0M   0%        1
     106       0.0GiB       0.0GiB   0%        0.0M        0.0M   0%        1
     107       0.0GiB       0.0GiB   0%        0.0M        0.0M   0%        1
     201    1862.1GiB     794.5GiB  43%      195.4M      195.3M 100%        2
     202    1862.1GiB     827.0GiB  44%      195.4M      195.3M 100%        2
     203    1862.1GiB     882.0GiB  47%      195.4M      195.3M 100%        2
     204    1862.1GiB     838.7GiB  45%      195.4M      195.3M 100%        2
     205     931.1GiB     801.3GiB  86%      488.4M      488.4M 100%        2
     206     931.1GiB     815.7GiB  88%      488.4M      488.4M 100%        2
     207     931.1GiB     818.4GiB  88%      488.4M      488.4M 100%        2
     301    1862.1GiB     503.5GiB  27%      195.4M      195.3M 100%        3
     302    1862.1GiB     538.6GiB  29%      195.4M      195.3M 100%        3
     303    1862.1GiB     610.6GiB  33%      195.4M      195.3M 100%        3
     304    1862.1GiB     560.3GiB  30%      195.4M      195.3M 100%        3
     305     931.1GiB     795.4GiB  85%      488.4M      488.4M 100%        3
     306     931.1GiB     807.2GiB  87%      488.4M      488.2M 100%        3
     307     931.1GiB     457.8GiB  49%      488.4M      488.4M 100%        3
     401       0.0GiB       0.0GiB   0%        0.0M        0.0M   0%        4
     402       0.0GiB       0.0GiB   0%        0.0M        0.0M   0%        4
     403       0.0GiB       0.0GiB   0%        0.0M        0.0M   0%        4
     404       0.0GiB       0.0GiB   0%        0.0M        0.0M   0%        4
     405       0.0GiB       0.0GiB   0%        0.0M        0.0M   0%        4
     406       0.0GiB       0.0GiB   0%        0.0M        0.0M   0%        4
     407       0.0GiB       0.0GiB   0%        0.0M        0.0M   0%        4
# WARNINGS (offline nodes, not in active pools): [ERROR from beegfs-storage colva1 [ID: 1]: Communication error]
 [ERROR from beegfs-storage colva1 [ID: 1]: Communication error]
 [ERROR from beegfs-storage colva1 [ID: 1]: Communication error]
 [ERRO

### MDS SPACE (METADATA) BEFORE small_contiguous_write_heavy_freq_10gb [SSD] run2
### Timestamp: 2026-04-04 08:35:02
TargetID        Total         Free    %      ITotal       IFree    %   NodeID
========        =====         ====    =      ======       =====    =   ======
       1     667.2GiB      34.9GiB   5%       44.5M       37.0M  83%        1

### OST SPACE (STORAGE) BEFORE small_contiguous_write_heavy_freq_10gb [SSD] run3
### Timestamp: 2026-04-04 08:45:05
TargetID        Total         Free    %      ITotal       IFree    %   NodeID
========        =====         ====    =      ======       =====    =   ======
     101       0.0GiB       0.0GiB   0%        0.0M        0.0M   0%        1
     102       0.0GiB       0.0GiB   0%        0.0M        0.0M   0%        1
     103       0.0GiB       0.0GiB   0%        0.0M        0.0M   0%        1
     104       0.0GiB       0.0GiB   0%        0.0M        0.0M   0%        1
     105       0.0GiB       0.0GiB   0%        0.0M        0.0M   0%        1
     106       0.0GiB       0.0GiB   0%        0.0M        0.0M   0%        1
     107       0.0GiB       0.0GiB   0%        0.0M        0.0M   0%        1
     201    1862.1GiB     794.5GiB  43%      195.4M      195.3M 100%        2
     202    1862.1GiB     827.0GiB  44%      195.4M      195.3M 100%        2
     203    1862.1GiB     882.0GiB  47%      195.4M      195.3M 100%        2
     204    1862.1GiB     838.7GiB  45%      195.4M      195.3M 100%        2
     205     931.1GiB     801.3GiB  86%      488.4M      488.4M 100%        2
     206     931.1GiB     815.7GiB  88%      488.4M      488.4M 100%        2
     207     931.1GiB     818.4GiB  88%      488.4M      488.4M 100%        2
     301    1862.1GiB     503.5GiB  27%      195.4M      195.3M 100%        3
     302    1862.1GiB     538.6GiB  29%      195.4M      195.3M 100%        3
     303    1862.1GiB     610.6GiB  33%      195.4M      195.3M 100%        3
     304    1862.1GiB     560.3GiB  30%      195.4M      195.3M 100%        3
     305     931.1GiB     795.4GiB  85%      488.4M      488.4M 100%        3
     306     931.1GiB     807.2GiB  87%      488.4M      488.2M 100%        3
     307     931.1GiB     457.8GiB  49%      488.4M      488.4M 100%        3
     401       0.0GiB       0.0GiB   0%        0.0M        0.0M   0%        4
     402       0.0GiB       0.0GiB   0%        0.0M        0.0M   0%        4
     403       0.0GiB       0.0GiB   0%        0.0M        0.0M   0%        4
     404       0.0GiB       0.0GiB   0%        0.0M        0.0M   0%        4
     405       0.0GiB       0.0GiB   0%        0.0M        0.0M   0%        4
     406       0.0GiB       0.0GiB   0%        0.0M        0.0M   0%        4
     407       0.0GiB       0.0GiB   0%        0.0M        0.0M   0%        4
# WARNINGS (offline nodes, not in active pools): [ERROR from beegfs-storage colva1 [ID: 1]: Communication error]
 [ERROR from beegfs-storage colva1 [ID: 1]: Communication error]
 [ERROR from beegfs-storage colva1 [ID: 1]: Communication error]
 [ERRO

### MDS SPACE (METADATA) BEFORE small_contiguous_write_heavy_freq_10gb [SSD] run3
### Timestamp: 2026-04-04 08:46:26
TargetID        Total         Free    %      ITotal       IFree    %   NodeID
========        =====         ====    =      ======       =====    =   ======
       1     667.2GiB      34.9GiB   5%       44.5M       37.0M  83%        1

### OST SPACE (STORAGE) BEFORE large_contiguous_write_heavy_seldom_102mb [HDD] run1
### Timestamp: 2026-04-04 08:56:29
TargetID        Total         Free    %      ITotal       IFree    %   NodeID
========        =====         ====    =      ======       =====    =   ======
     101       0.0GiB       0.0GiB   0%        0.0M        0.0M   0%        1
     102       0.0GiB       0.0GiB   0%        0.0M        0.0M   0%        1
     103       0.0GiB       0.0GiB   0%        0.0M        0.0M   0%        1
     104       0.0GiB       0.0GiB   0%        0.0M        0.0M   0%        1
     105       0.0GiB       0.0GiB   0%        0.0M        0.0M   0%        1
     106       0.0GiB       0.0GiB   0%        0.0M        0.0M   0%        1
     107       0.0GiB       0.0GiB   0%        0.0M        0.0M   0%        1
     201    1862.1GiB     794.5GiB  43%      195.4M      195.3M 100%        2
     202    1862.1GiB     827.0GiB  44%      195.4M      195.3M 100%        2
     203    1862.1GiB     882.0GiB  47%      195.4M      195.3M 100%        2
     204    1862.1GiB     838.7GiB  45%      195.4M      195.3M 100%        2
     205     931.1GiB     801.3GiB  86%      488.4M      488.4M 100%        2
     206     931.1GiB     815.7GiB  88%      488.4M      488.4M 100%        2
     207     931.1GiB     818.4GiB  88%      488.4M      488.4M 100%        2
     301    1862.1GiB     503.5GiB  27%      195.4M      195.3M 100%        3
     302    1862.1GiB     538.6GiB  29%      195.4M      195.3M 100%        3
     303    1862.1GiB     610.6GiB  33%      195.4M      195.3M 100%        3
     304    1862.1GiB     560.3GiB  30%      195.4M      195.3M 100%        3
     305     931.1GiB     795.4GiB  85%      488.4M      488.4M 100%        3
     306     931.1GiB     807.2GiB  87%      488.4M      488.2M 100%        3
     307     931.1GiB     457.8GiB  49%      488.4M      488.4M 100%        3
     401       0.0GiB       0.0GiB   0%        0.0M        0.0M   0%        4
     402       0.0GiB       0.0GiB   0%        0.0M        0.0M   0%        4
     403       0.0GiB       0.0GiB   0%        0.0M        0.0M   0%        4
     404       0.0GiB       0.0GiB   0%        0.0M        0.0M   0%        4
     405       0.0GiB       0.0GiB   0%        0.0M        0.0M   0%        4
     406       0.0GiB       0.0GiB   0%        0.0M        0.0M   0%        4
     407       0.0GiB       0.0GiB   0%        0.0M        0.0M   0%        4
# WARNINGS (offline nodes, not in active pools): [ERROR from beegfs-storage colva1 [ID: 1]: Communication error]
 [ERROR from beegfs-storage colva1 [ID: 1]: Communication error]
 [ERROR from beegfs-storage colva1 [ID: 1]: Communication error]
 [ERRO

### MDS SPACE (METADATA) BEFORE large_contiguous_write_heavy_seldom_102mb [HDD] run1
### Timestamp: 2026-04-04 08:57:52
TargetID        Total         Free    %      ITotal       IFree    %   NodeID
========        =====         ====    =      ======       =====    =   ======
       1     667.2GiB      34.9GiB   5%       44.5M       37.0M  83%        1

### FILE OST LAYOUT AFTER large_contiguous_write_heavy_seldom_102mb [HDD] run1
### Timestamp: 2026-04-04 08:57:55
  FILE: /mnt/beegfs/advay/hdd/workloads/tmp/workload_large_contiguous_write_heavy_seldom_102mb_f0
    Entry type: file
    EntryID: 0-69D08536-1
    Stripe pattern details:
    + Type: RAID0
    + Chunksize: 1M
    + Number of storage targets: desired: 4; actual: 4
    + Storage targets:
      + 302 @ colva3 [ID: 3]
      + 303 @ colva3 [ID: 3]
      + 202 @ colva2 [ID: 2]
      + 204 @ colva2 [ID: 2]
    Chunk path: u3E9/6998/7/0-6998774B-1/0-69D08536-1
    Inlined inode: yes
    Dentry info:
     + Path: 67/66/0-6998774B-1/
     + Metadata node: anjuna3 [ID: 1]

### OST SPACE (STORAGE) AFTER large_contiguous_write_heavy_seldom_102mb [HDD] run1
### Timestamp: 2026-04-04 08:57:55
TargetID        Total         Free    %      ITotal       IFree    %   NodeID
========        =====         ====    =      ======       =====    =   ======
     101       0.0GiB       0.0GiB   0%        0.0M        0.0M   0%        1
     102       0.0GiB       0.0GiB   0%        0.0M        0.0M   0%        1
     103       0.0GiB       0.0GiB   0%        0.0M        0.0M   0%        1
     104       0.0GiB       0.0GiB   0%        0.0M        0.0M   0%        1
     105       0.0GiB       0.0GiB   0%        0.0M        0.0M   0%        1
     106       0.0GiB       0.0GiB   0%        0.0M        0.0M   0%        1
     107       0.0GiB       0.0GiB   0%        0.0M        0.0M   0%        1
     201    1862.1GiB     794.5GiB  43%      195.4M      195.3M 100%        2
     202    1862.1GiB     826.9GiB  44%      195.4M      195.3M 100%        2
     203    1862.1GiB     882.0GiB  47%      195.4M      195.3M 100%        2
     204    1862.1GiB     838.7GiB  45%      195.4M      195.3M 100%        2
     205     931.1GiB     801.3GiB  86%      488.4M      488.4M 100%        2
     206     931.1GiB     815.7GiB  88%      488.4M      488.4M 100%        2
     207     931.1GiB     818.4GiB  88%      488.4M      488.4M 100%        2
     301    1862.1GiB     503.5GiB  27%      195.4M      195.3M 100%        3
     302    1862.1GiB     538.6GiB  29%      195.4M      195.3M 100%        3
     303    1862.1GiB     610.5GiB  33%      195.4M      195.3M 100%        3
     304    1862.1GiB     560.3GiB  30%      195.4M      195.3M 100%        3
     305     931.1GiB     795.4GiB  85%      488.4M      488.4M 100%        3
     306     931.1GiB     807.2GiB  87%      488.4M      488.2M 100%        3
     307     931.1GiB     457.8GiB  49%      488.4M      488.4M 100%        3
     401       0.0GiB       0.0GiB   0%        0.0M        0.0M   0%        4
     402       0.0GiB       0.0GiB   0%        0.0M        0.0M   0%        4
     403       0.0GiB       0.0GiB   0%        0.0M        0.0M   0%        4
     404       0.0GiB       0.0GiB   0%        0.0M        0.0M   0%        4
     405       0.0GiB       0.0GiB   0%        0.0M        0.0M   0%        4
     406       0.0GiB       0.0GiB   0%        0.0M        0.0M   0%        4
     407       0.0GiB       0.0GiB   0%        0.0M        0.0M   0%        4
# WARNINGS (offline nodes, not in active pools): [ERROR from beegfs-storage colva1 [ID: 1]: Communication error]
 [ERROR from beegfs-storage colva1 [ID: 1]: Communication error]
 [ERROR from beegfs-storage colva1 [ID: 1]: Communication error]
 [ERRO

### MDS SPACE (METADATA) AFTER large_contiguous_write_heavy_seldom_102mb [HDD] run1
### Timestamp: 2026-04-04 08:59:19
TargetID        Total         Free    %      ITotal       IFree    %   NodeID
========        =====         ====    =      ======       =====    =   ======
       1     667.2GiB      34.9GiB   5%       44.5M       37.0M  83%        1

### OST SPACE (STORAGE) BEFORE large_contiguous_write_heavy_seldom_102mb [HDD] run2
### Timestamp: 2026-04-04 08:59:19
TargetID        Total         Free    %      ITotal       IFree    %   NodeID
========        =====         ====    =      ======       =====    =   ======
     101       0.0GiB       0.0GiB   0%        0.0M        0.0M   0%        1
     102       0.0GiB       0.0GiB   0%        0.0M        0.0M   0%        1
     103       0.0GiB       0.0GiB   0%        0.0M        0.0M   0%        1
     104       0.0GiB       0.0GiB   0%        0.0M        0.0M   0%        1
     105       0.0GiB       0.0GiB   0%        0.0M        0.0M   0%        1
     106       0.0GiB       0.0GiB   0%        0.0M        0.0M   0%        1
     107       0.0GiB       0.0GiB   0%        0.0M        0.0M   0%        1
     201    1862.1GiB     794.5GiB  43%      195.4M      195.3M 100%        2
     202    1862.1GiB     827.0GiB  44%      195.4M      195.3M 100%        2
     203    1862.1GiB     882.0GiB  47%      195.4M      195.3M 100%        2
     204    1862.1GiB     838.7GiB  45%      195.4M      195.3M 100%        2
     205     931.1GiB     801.3GiB  86%      488.4M      488.4M 100%        2
     206     931.1GiB     815.7GiB  88%      488.4M      488.4M 100%        2
     207     931.1GiB     818.4GiB  88%      488.4M      488.4M 100%        2
     301    1862.1GiB     503.5GiB  27%      195.4M      195.3M 100%        3
     302    1862.1GiB     538.6GiB  29%      195.4M      195.3M 100%        3
     303    1862.1GiB     610.6GiB  33%      195.4M      195.3M 100%        3
     304    1862.1GiB     560.3GiB  30%      195.4M      195.3M 100%        3
     305     931.1GiB     795.4GiB  85%      488.4M      488.4M 100%        3
     306     931.1GiB     807.2GiB  87%      488.4M      488.2M 100%        3
     307     931.1GiB     457.8GiB  49%      488.4M      488.4M 100%        3
     401       0.0GiB       0.0GiB   0%        0.0M        0.0M   0%        4
     402       0.0GiB       0.0GiB   0%        0.0M        0.0M   0%        4
     403       0.0GiB       0.0GiB   0%        0.0M        0.0M   0%        4
     404       0.0GiB       0.0GiB   0%        0.0M        0.0M   0%        4
     405       0.0GiB       0.0GiB   0%        0.0M        0.0M   0%        4
     406       0.0GiB       0.0GiB   0%        0.0M        0.0M   0%        4
     407       0.0GiB       0.0GiB   0%        0.0M        0.0M   0%        4
# WARNINGS (offline nodes, not in active pools): [ERROR from beegfs-storage colva1 [ID: 1]: Communication error]
 [ERROR from beegfs-storage colva1 [ID: 1]: Communication error]
 [ERROR from beegfs-storage colva1 [ID: 1]: Communication error]
 [ERRO

### MDS SPACE (METADATA) BEFORE large_contiguous_write_heavy_seldom_102mb [HDD] run2
### Timestamp: 2026-04-04 09:00:45
TargetID        Total         Free    %      ITotal       IFree    %   NodeID
========        =====         ====    =      ======       =====    =   ======
       1     667.2GiB      34.9GiB   5%       44.5M       37.0M  83%        1

### FILE OST LAYOUT AFTER large_contiguous_write_heavy_seldom_102mb [HDD] run2
### Timestamp: 2026-04-04 09:00:48
  FILE: /mnt/beegfs/advay/hdd/workloads/tmp/workload_large_contiguous_write_heavy_seldom_102mb_f0
    Entry type: file
    EntryID: 0-69D085B1-1
    Stripe pattern details:
    + Type: RAID0
    + Chunksize: 1M
    + Number of storage targets: desired: 4; actual: 4
    + Storage targets:
      + 302 @ colva3 [ID: 3]
      + 201 @ colva2 [ID: 2]
      + 202 @ colva2 [ID: 2]
      + 301 @ colva3 [ID: 3]
    Chunk path: u3E9/6998/7/0-6998774B-1/0-69D085B1-1
    Inlined inode: yes
    Dentry info:
     + Path: 67/66/0-6998774B-1/
     + Metadata node: anjuna3 [ID: 1]

### OST SPACE (STORAGE) AFTER large_contiguous_write_heavy_seldom_102mb [HDD] run2
### Timestamp: 2026-04-04 09:00:48
TargetID        Total         Free    %      ITotal       IFree    %   NodeID
========        =====         ====    =      ======       =====    =   ======
     101       0.0GiB       0.0GiB   0%        0.0M        0.0M   0%        1
     102       0.0GiB       0.0GiB   0%        0.0M        0.0M   0%        1
     103       0.0GiB       0.0GiB   0%        0.0M        0.0M   0%        1
     104       0.0GiB       0.0GiB   0%        0.0M        0.0M   0%        1
     105       0.0GiB       0.0GiB   0%        0.0M        0.0M   0%        1
     106       0.0GiB       0.0GiB   0%        0.0M        0.0M   0%        1
     107       0.0GiB       0.0GiB   0%        0.0M        0.0M   0%        1
     201    1862.1GiB     794.5GiB  43%      195.4M      195.3M 100%        2
     202    1862.1GiB     826.9GiB  44%      195.4M      195.3M 100%        2
     203    1862.1GiB     882.0GiB  47%      195.4M      195.3M 100%        2
     204    1862.1GiB     838.7GiB  45%      195.4M      195.3M 100%        2
     205     931.1GiB     801.3GiB  86%      488.4M      488.4M 100%        2
     206     931.1GiB     815.7GiB  88%      488.4M      488.4M 100%        2
     207     931.1GiB     818.4GiB  88%      488.4M      488.4M 100%        2
     301    1862.1GiB     503.5GiB  27%      195.4M      195.3M 100%        3
     302    1862.1GiB     538.6GiB  29%      195.4M      195.3M 100%        3
     303    1862.1GiB     610.6GiB  33%      195.4M      195.3M 100%        3
     304    1862.1GiB     560.3GiB  30%      195.4M      195.3M 100%        3
     305     931.1GiB     795.4GiB  85%      488.4M      488.4M 100%        3
     306     931.1GiB     807.2GiB  87%      488.4M      488.2M 100%        3
     307     931.1GiB     457.8GiB  49%      488.4M      488.4M 100%        3
     401       0.0GiB       0.0GiB   0%        0.0M        0.0M   0%        4
     402       0.0GiB       0.0GiB   0%        0.0M        0.0M   0%        4
     403       0.0GiB       0.0GiB   0%        0.0M        0.0M   0%        4
     404       0.0GiB       0.0GiB   0%        0.0M        0.0M   0%        4
     405       0.0GiB       0.0GiB   0%        0.0M        0.0M   0%        4
     406       0.0GiB       0.0GiB   0%        0.0M        0.0M   0%        4
     407       0.0GiB       0.0GiB   0%        0.0M        0.0M   0%        4
# WARNINGS (offline nodes, not in active pools): [ERROR from beegfs-storage colva1 [ID: 1]: Communication error]
 [ERROR from beegfs-storage colva1 [ID: 1]: Communication error]
 [ERROR from beegfs-storage colva1 [ID: 1]: Communication error]
 [ERRO

### MDS SPACE (METADATA) AFTER large_contiguous_write_heavy_seldom_102mb [HDD] run2
### Timestamp: 2026-04-04 09:02:13
TargetID        Total         Free    %      ITotal       IFree    %   NodeID
========        =====         ====    =      ======       =====    =   ======
       1     667.2GiB      34.9GiB   5%       44.5M       37.0M  83%        1

### OST SPACE (STORAGE) BEFORE large_contiguous_write_heavy_seldom_102mb [HDD] run3
### Timestamp: 2026-04-04 09:02:13
TargetID        Total         Free    %      ITotal       IFree    %   NodeID
========        =====         ====    =      ======       =====    =   ======
     101       0.0GiB       0.0GiB   0%        0.0M        0.0M   0%        1
     102       0.0GiB       0.0GiB   0%        0.0M        0.0M   0%        1
     103       0.0GiB       0.0GiB   0%        0.0M        0.0M   0%        1
     104       0.0GiB       0.0GiB   0%        0.0M        0.0M   0%        1
     105       0.0GiB       0.0GiB   0%        0.0M        0.0M   0%        1
     106       0.0GiB       0.0GiB   0%        0.0M        0.0M   0%        1
     107       0.0GiB       0.0GiB   0%        0.0M        0.0M   0%        1
     201    1862.1GiB     794.5GiB  43%      195.4M      195.3M 100%        2
     202    1862.1GiB     827.0GiB  44%      195.4M      195.3M 100%        2
     203    1862.1GiB     882.0GiB  47%      195.4M      195.3M 100%        2
     204    1862.1GiB     838.7GiB  45%      195.4M      195.3M 100%        2
     205     931.1GiB     801.3GiB  86%      488.4M      488.4M 100%        2
     206     931.1GiB     815.7GiB  88%      488.4M      488.4M 100%        2
     207     931.1GiB     818.4GiB  88%      488.4M      488.4M 100%        2
     301    1862.1GiB     503.5GiB  27%      195.4M      195.3M 100%        3
     302    1862.1GiB     538.6GiB  29%      195.4M      195.3M 100%        3
     303    1862.1GiB     610.6GiB  33%      195.4M      195.3M 100%        3
     304    1862.1GiB     560.3GiB  30%      195.4M      195.3M 100%        3
     305     931.1GiB     795.4GiB  85%      488.4M      488.4M 100%        3
     306     931.1GiB     807.2GiB  87%      488.4M      488.2M 100%        3
     307     931.1GiB     457.8GiB  49%      488.4M      488.4M 100%        3
     401       0.0GiB       0.0GiB   0%        0.0M        0.0M   0%        4
     402       0.0GiB       0.0GiB   0%        0.0M        0.0M   0%        4
     403       0.0GiB       0.0GiB   0%        0.0M        0.0M   0%        4
     404       0.0GiB       0.0GiB   0%        0.0M        0.0M   0%        4
     405       0.0GiB       0.0GiB   0%        0.0M        0.0M   0%        4
     406       0.0GiB       0.0GiB   0%        0.0M        0.0M   0%        4
     407       0.0GiB       0.0GiB   0%        0.0M        0.0M   0%        4
# WARNINGS (offline nodes, not in active pools): [ERROR from beegfs-storage colva1 [ID: 1]: Communication error]
 [ERROR from beegfs-storage colva1 [ID: 1]: Communication error]
 [ERROR from beegfs-storage colva1 [ID: 1]: Communication error]
 [ERRO

### MDS SPACE (METADATA) BEFORE large_contiguous_write_heavy_seldom_102mb [HDD] run3
### Timestamp: 2026-04-04 09:03:39
TargetID        Total         Free    %      ITotal       IFree    %   NodeID
========        =====         ====    =      ======       =====    =   ======
       1     667.2GiB      34.9GiB   5%       44.5M       37.0M  83%        1

### FILE OST LAYOUT AFTER large_contiguous_write_heavy_seldom_102mb [HDD] run3
### Timestamp: 2026-04-04 09:03:41
  FILE: /mnt/beegfs/advay/hdd/workloads/tmp/workload_large_contiguous_write_heavy_seldom_102mb_f0
    Entry type: file
    EntryID: 0-69D0866B-1
    Stripe pattern details:
    + Type: RAID0
    + Chunksize: 1M
    + Number of storage targets: desired: 4; actual: 4
    + Storage targets:
      + 204 @ colva2 [ID: 2]
      + 302 @ colva3 [ID: 3]
      + 304 @ colva3 [ID: 3]
      + 201 @ colva2 [ID: 2]
    Chunk path: u3E9/6998/7/0-6998774B-1/0-69D0866B-1
    Inlined inode: yes
    Dentry info:
     + Path: 67/66/0-6998774B-1/
     + Metadata node: anjuna3 [ID: 1]

### OST SPACE (STORAGE) AFTER large_contiguous_write_heavy_seldom_102mb [HDD] run3
### Timestamp: 2026-04-04 09:03:41
TargetID        Total         Free    %      ITotal       IFree    %   NodeID
========        =====         ====    =      ======       =====    =   ======
     101       0.0GiB       0.0GiB   0%        0.0M        0.0M   0%        1
     102       0.0GiB       0.0GiB   0%        0.0M        0.0M   0%        1
     103       0.0GiB       0.0GiB   0%        0.0M        0.0M   0%        1
     104       0.0GiB       0.0GiB   0%        0.0M        0.0M   0%        1
     105       0.0GiB       0.0GiB   0%        0.0M        0.0M   0%        1
     106       0.0GiB       0.0GiB   0%        0.0M        0.0M   0%        1
     107       0.0GiB       0.0GiB   0%        0.0M        0.0M   0%        1
     201    1862.1GiB     794.5GiB  43%      195.4M      195.3M 100%        2
     202    1862.1GiB     827.0GiB  44%      195.4M      195.3M 100%        2
     203    1862.1GiB     882.0GiB  47%      195.4M      195.3M 100%        2
     204    1862.1GiB     838.7GiB  45%      195.4M      195.3M 100%        2
     205     931.1GiB     801.3GiB  86%      488.4M      488.4M 100%        2
     206     931.1GiB     815.7GiB  88%      488.4M      488.4M 100%        2
     207     931.1GiB     818.4GiB  88%      488.4M      488.4M 100%        2
     301    1862.1GiB     503.5GiB  27%      195.4M      195.3M 100%        3
     302    1862.1GiB     538.6GiB  29%      195.4M      195.3M 100%        3
     303    1862.1GiB     610.6GiB  33%      195.4M      195.3M 100%        3
     304    1862.1GiB     560.3GiB  30%      195.4M      195.3M 100%        3
     305     931.1GiB     795.4GiB  85%      488.4M      488.4M 100%        3
     306     931.1GiB     807.2GiB  87%      488.4M      488.2M 100%        3
     307     931.1GiB     457.8GiB  49%      488.4M      488.4M 100%        3
     401       0.0GiB       0.0GiB   0%        0.0M        0.0M   0%        4
     402       0.0GiB       0.0GiB   0%        0.0M        0.0M   0%        4
     403       0.0GiB       0.0GiB   0%        0.0M        0.0M   0%        4
     404       0.0GiB       0.0GiB   0%        0.0M        0.0M   0%        4
     405       0.0GiB       0.0GiB   0%        0.0M        0.0M   0%        4
     406       0.0GiB       0.0GiB   0%        0.0M        0.0M   0%        4
     407       0.0GiB       0.0GiB   0%        0.0M        0.0M   0%        4
# WARNINGS (offline nodes, not in active pools): [ERROR from beegfs-storage colva1 [ID: 1]: Communication error]
 [ERROR from beegfs-storage colva1 [ID: 1]: Communication error]
 [ERROR from beegfs-storage colva1 [ID: 1]: Communication error]
 [ERRO

### MDS SPACE (METADATA) AFTER large_contiguous_write_heavy_seldom_102mb [HDD] run3
### Timestamp: 2026-04-04 09:05:06
TargetID        Total         Free    %      ITotal       IFree    %   NodeID
========        =====         ====    =      ======       =====    =   ======
       1     667.2GiB      34.9GiB   5%       44.5M       37.0M  83%        1

### OST SPACE (STORAGE) BEFORE large_contiguous_write_heavy_seldom_102mb [SSD] run1
### Timestamp: 2026-04-04 09:05:07
TargetID        Total         Free    %      ITotal       IFree    %   NodeID
========        =====         ====    =      ======       =====    =   ======
     101       0.0GiB       0.0GiB   0%        0.0M        0.0M   0%        1
     102       0.0GiB       0.0GiB   0%        0.0M        0.0M   0%        1
     103       0.0GiB       0.0GiB   0%        0.0M        0.0M   0%        1
     104       0.0GiB       0.0GiB   0%        0.0M        0.0M   0%        1
     105       0.0GiB       0.0GiB   0%        0.0M        0.0M   0%        1
     106       0.0GiB       0.0GiB   0%        0.0M        0.0M   0%        1
     107       0.0GiB       0.0GiB   0%        0.0M        0.0M   0%        1
     201    1862.1GiB     794.5GiB  43%      195.4M      195.3M 100%        2
     202    1862.1GiB     827.0GiB  44%      195.4M      195.3M 100%        2
     203    1862.1GiB     882.0GiB  47%      195.4M      195.3M 100%        2
     204    1862.1GiB     838.7GiB  45%      195.4M      195.3M 100%        2
     205     931.1GiB     801.3GiB  86%      488.4M      488.4M 100%        2
     206     931.1GiB     815.7GiB  88%      488.4M      488.4M 100%        2
     207     931.1GiB     818.4GiB  88%      488.4M      488.4M 100%        2
     301    1862.1GiB     503.5GiB  27%      195.4M      195.3M 100%        3
     302    1862.1GiB     538.6GiB  29%      195.4M      195.3M 100%        3
     303    1862.1GiB     610.6GiB  33%      195.4M      195.3M 100%        3
     304    1862.1GiB     560.3GiB  30%      195.4M      195.3M 100%        3
     305     931.1GiB     795.4GiB  85%      488.4M      488.4M 100%        3
     306     931.1GiB     807.2GiB  87%      488.4M      488.2M 100%        3
     307     931.1GiB     457.8GiB  49%      488.4M      488.4M 100%        3
     401       0.0GiB       0.0GiB   0%        0.0M        0.0M   0%        4
     402       0.0GiB       0.0GiB   0%        0.0M        0.0M   0%        4
     403       0.0GiB       0.0GiB   0%        0.0M        0.0M   0%        4
     404       0.0GiB       0.0GiB   0%        0.0M        0.0M   0%        4
     405       0.0GiB       0.0GiB   0%        0.0M        0.0M   0%        4
     406       0.0GiB       0.0GiB   0%        0.0M        0.0M   0%        4
     407       0.0GiB       0.0GiB   0%        0.0M        0.0M   0%        4
# WARNINGS (offline nodes, not in active pools): [ERROR from beegfs-storage colva1 [ID: 1]: Communication error]
 [ERROR from beegfs-storage colva1 [ID: 1]: Communication error]
 [ERROR from beegfs-storage colva1 [ID: 1]: Communication error]
 [ERRO

### MDS SPACE (METADATA) BEFORE large_contiguous_write_heavy_seldom_102mb [SSD] run1
### Timestamp: 2026-04-04 09:06:33
TargetID        Total         Free    %      ITotal       IFree    %   NodeID
========        =====         ====    =      ======       =====    =   ======
       1     667.2GiB      34.9GiB   5%       44.5M       37.0M  83%        1

### FILE OST LAYOUT AFTER large_contiguous_write_heavy_seldom_102mb [SSD] run1
### Timestamp: 2026-04-04 09:06:36
  FILE: /mnt/beegfs/advay/ssd/workloads/tmp/workload_large_contiguous_write_heavy_seldom_102mb_f0
    Entry type: file
    EntryID: 0-69D08725-1
    Stripe pattern details:
    + Type: RAID0
    + Chunksize: 1M
    + Number of storage targets: desired: 4; actual: 4
    + Storage targets:
      + 207 @ colva2 [ID: 2]
      + 305 @ colva3 [ID: 3]
      + 306 @ colva3 [ID: 3]
      + 205 @ colva2 [ID: 2]
    Chunk path: u3E9/6998/D/1-6998D1FE-1/0-69D08725-1
    Inlined inode: yes
    Dentry info:
     + Path: 9/59/1-6998D1FE-1/
     + Metadata node: anjuna3 [ID: 1]

### OST SPACE (STORAGE) AFTER large_contiguous_write_heavy_seldom_102mb [SSD] run1
### Timestamp: 2026-04-04 09:06:36
TargetID        Total         Free    %      ITotal       IFree    %   NodeID
========        =====         ====    =      ======       =====    =   ======
     101       0.0GiB       0.0GiB   0%        0.0M        0.0M   0%        1
     102       0.0GiB       0.0GiB   0%        0.0M        0.0M   0%        1
     103       0.0GiB       0.0GiB   0%        0.0M        0.0M   0%        1
     104       0.0GiB       0.0GiB   0%        0.0M        0.0M   0%        1
     105       0.0GiB       0.0GiB   0%        0.0M        0.0M   0%        1
     106       0.0GiB       0.0GiB   0%        0.0M        0.0M   0%        1
     107       0.0GiB       0.0GiB   0%        0.0M        0.0M   0%        1
     201    1862.1GiB     794.5GiB  43%      195.4M      195.3M 100%        2
     202    1862.1GiB     827.0GiB  44%      195.4M      195.3M 100%        2
     203    1862.1GiB     882.0GiB  47%      195.4M      195.3M 100%        2
     204    1862.1GiB     838.7GiB  45%      195.4M      195.3M 100%        2
     205     931.1GiB     801.3GiB  86%      488.4M      488.4M 100%        2
     206     931.1GiB     815.7GiB  88%      488.4M      488.4M 100%        2
     207     931.1GiB     818.4GiB  88%      488.4M      488.4M 100%        2
     301    1862.1GiB     503.5GiB  27%      195.4M      195.3M 100%        3
     302    1862.1GiB     538.6GiB  29%      195.4M      195.3M 100%        3
     303    1862.1GiB     610.6GiB  33%      195.4M      195.3M 100%        3
     304    1862.1GiB     560.3GiB  30%      195.4M      195.3M 100%        3
     305     931.1GiB     795.4GiB  85%      488.4M      488.4M 100%        3
     306     931.1GiB     807.2GiB  87%      488.4M      488.2M 100%        3
     307     931.1GiB     457.8GiB  49%      488.4M      488.4M 100%        3
     401       0.0GiB       0.0GiB   0%        0.0M        0.0M   0%        4
     402       0.0GiB       0.0GiB   0%        0.0M        0.0M   0%        4
     403       0.0GiB       0.0GiB   0%        0.0M        0.0M   0%        4
     404       0.0GiB       0.0GiB   0%        0.0M        0.0M   0%        4
     405       0.0GiB       0.0GiB   0%        0.0M        0.0M   0%        4
     406       0.0GiB       0.0GiB   0%        0.0M        0.0M   0%        4
     407       0.0GiB       0.0GiB   0%        0.0M        0.0M   0%        4
# WARNINGS (offline nodes, not in active pools): [ERROR from beegfs-storage colva1 [ID: 1]: Communication error]
 [ERROR from beegfs-storage colva1 [ID: 1]: Communication error]
 [ERROR from beegfs-storage colva1 [ID: 1]: Communication error]
 [ERRO

### MDS SPACE (METADATA) AFTER large_contiguous_write_heavy_seldom_102mb [SSD] run1
### Timestamp: 2026-04-04 09:08:00
TargetID        Total         Free    %      ITotal       IFree    %   NodeID
========        =====         ====    =      ======       =====    =   ======
       1     667.2GiB      34.9GiB   5%       44.5M       37.0M  83%        1

### OST SPACE (STORAGE) BEFORE large_contiguous_write_heavy_seldom_102mb [SSD] run2
### Timestamp: 2026-04-04 09:08:01
TargetID        Total         Free    %      ITotal       IFree    %   NodeID
========        =====         ====    =      ======       =====    =   ======
     101       0.0GiB       0.0GiB   0%        0.0M        0.0M   0%        1
     102       0.0GiB       0.0GiB   0%        0.0M        0.0M   0%        1
     103       0.0GiB       0.0GiB   0%        0.0M        0.0M   0%        1
     104       0.0GiB       0.0GiB   0%        0.0M        0.0M   0%        1
     105       0.0GiB       0.0GiB   0%        0.0M        0.0M   0%        1
     106       0.0GiB       0.0GiB   0%        0.0M        0.0M   0%        1
     107       0.0GiB       0.0GiB   0%        0.0M        0.0M   0%        1
     201    1862.1GiB     794.5GiB  43%      195.4M      195.3M 100%        2
     202    1862.1GiB     827.0GiB  44%      195.4M      195.3M 100%        2
     203    1862.1GiB     882.0GiB  47%      195.4M      195.3M 100%        2
     204    1862.1GiB     838.7GiB  45%      195.4M      195.3M 100%        2
     205     931.1GiB     801.3GiB  86%      488.4M      488.4M 100%        2
     206     931.1GiB     815.7GiB  88%      488.4M      488.4M 100%        2
     207     931.1GiB     818.4GiB  88%      488.4M      488.4M 100%        2
     301    1862.1GiB     503.5GiB  27%      195.4M      195.3M 100%        3
     302    1862.1GiB     538.6GiB  29%      195.4M      195.3M 100%        3
     303    1862.1GiB     610.6GiB  33%      195.4M      195.3M 100%        3
     304    1862.1GiB     560.3GiB  30%      195.4M      195.3M 100%        3
     305     931.1GiB     795.4GiB  85%      488.4M      488.4M 100%        3
     306     931.1GiB     807.2GiB  87%      488.4M      488.2M 100%        3
     307     931.1GiB     457.8GiB  49%      488.4M      488.4M 100%        3
     401       0.0GiB       0.0GiB   0%        0.0M        0.0M   0%        4
     402       0.0GiB       0.0GiB   0%        0.0M        0.0M   0%        4
     403       0.0GiB       0.0GiB   0%        0.0M        0.0M   0%        4
     404       0.0GiB       0.0GiB   0%        0.0M        0.0M   0%        4
     405       0.0GiB       0.0GiB   0%        0.0M        0.0M   0%        4
     406       0.0GiB       0.0GiB   0%        0.0M        0.0M   0%        4
     407       0.0GiB       0.0GiB   0%        0.0M        0.0M   0%        4
# WARNINGS (offline nodes, not in active pools): [ERROR from beegfs-storage colva1 [ID: 1]: Communication error]
 [ERROR from beegfs-storage colva1 [ID: 1]: Communication error]
 [ERROR from beegfs-storage colva1 [ID: 1]: Communication error]
 [ERRO

### MDS SPACE (METADATA) BEFORE large_contiguous_write_heavy_seldom_102mb [SSD] run2
### Timestamp: 2026-04-04 09:09:27
TargetID        Total         Free    %      ITotal       IFree    %   NodeID
========        =====         ====    =      ======       =====    =   ======
       1     667.2GiB      34.9GiB   5%       44.5M       37.0M  83%        1

### FILE OST LAYOUT AFTER large_contiguous_write_heavy_seldom_102mb [SSD] run2
### Timestamp: 2026-04-04 09:09:29
  FILE: /mnt/beegfs/advay/ssd/workloads/tmp/workload_large_contiguous_write_heavy_seldom_102mb_f0
    Entry type: file
    EntryID: 0-69D087E2-1
    Stripe pattern details:
    + Type: RAID0
    + Chunksize: 1M
    + Number of storage targets: desired: 4; actual: 4
    + Storage targets:
      + 207 @ colva2 [ID: 2]
      + 305 @ colva3 [ID: 3]
      + 306 @ colva3 [ID: 3]
      + 206 @ colva2 [ID: 2]
    Chunk path: u3E9/6998/D/1-6998D1FE-1/0-69D087E2-1
    Inlined inode: yes
    Dentry info:
     + Path: 9/59/1-6998D1FE-1/
     + Metadata node: anjuna3 [ID: 1]

### OST SPACE (STORAGE) AFTER large_contiguous_write_heavy_seldom_102mb [SSD] run2
### Timestamp: 2026-04-04 09:09:29
TargetID        Total         Free    %      ITotal       IFree    %   NodeID
========        =====         ====    =      ======       =====    =   ======
     101       0.0GiB       0.0GiB   0%        0.0M        0.0M   0%        1
     102       0.0GiB       0.0GiB   0%        0.0M        0.0M   0%        1
     103       0.0GiB       0.0GiB   0%        0.0M        0.0M   0%        1
     104       0.0GiB       0.0GiB   0%        0.0M        0.0M   0%        1
     105       0.0GiB       0.0GiB   0%        0.0M        0.0M   0%        1
     106       0.0GiB       0.0GiB   0%        0.0M        0.0M   0%        1
     107       0.0GiB       0.0GiB   0%        0.0M        0.0M   0%        1
     201    1862.1GiB     794.5GiB  43%      195.4M      195.3M 100%        2
     202    1862.1GiB     827.0GiB  44%      195.4M      195.3M 100%        2
     203    1862.1GiB     882.0GiB  47%      195.4M      195.3M 100%        2
     204    1862.1GiB     838.7GiB  45%      195.4M      195.3M 100%        2
     205     931.1GiB     801.3GiB  86%      488.4M      488.4M 100%        2
     206     931.1GiB     815.6GiB  88%      488.4M      488.4M 100%        2
     207     931.1GiB     818.4GiB  88%      488.4M      488.4M 100%        2
     301    1862.1GiB     503.5GiB  27%      195.4M      195.3M 100%        3
     302    1862.1GiB     538.6GiB  29%      195.4M      195.3M 100%        3
     303    1862.1GiB     610.6GiB  33%      195.4M      195.3M 100%        3
     304    1862.1GiB     560.3GiB  30%      195.4M      195.3M 100%        3
     305     931.1GiB     795.4GiB  85%      488.4M      488.4M 100%        3
     306     931.1GiB     807.2GiB  87%      488.4M      488.2M 100%        3
     307     931.1GiB     457.8GiB  49%      488.4M      488.4M 100%        3
     401       0.0GiB       0.0GiB   0%        0.0M        0.0M   0%        4
     402       0.0GiB       0.0GiB   0%        0.0M        0.0M   0%        4
     403       0.0GiB       0.0GiB   0%        0.0M        0.0M   0%        4
     404       0.0GiB       0.0GiB   0%        0.0M        0.0M   0%        4
     405       0.0GiB       0.0GiB   0%        0.0M        0.0M   0%        4
     406       0.0GiB       0.0GiB   0%        0.0M        0.0M   0%        4
     407       0.0GiB       0.0GiB   0%        0.0M        0.0M   0%        4
# WARNINGS (offline nodes, not in active pools): [ERROR from beegfs-storage colva1 [ID: 1]: Communication error]
 [ERROR from beegfs-storage colva1 [ID: 1]: Communication error]
 [ERROR from beegfs-storage colva1 [ID: 1]: Communication error]
 [ERRO

### MDS SPACE (METADATA) AFTER large_contiguous_write_heavy_seldom_102mb [SSD] run2
### Timestamp: 2026-04-04 09:10:54
TargetID        Total         Free    %      ITotal       IFree    %   NodeID
========        =====         ====    =      ======       =====    =   ======
       1     667.2GiB      34.9GiB   5%       44.5M       37.0M  83%        1

### OST SPACE (STORAGE) BEFORE large_contiguous_write_heavy_seldom_102mb [SSD] run3
### Timestamp: 2026-04-04 09:10:55
TargetID        Total         Free    %      ITotal       IFree    %   NodeID
========        =====         ====    =      ======       =====    =   ======
     101       0.0GiB       0.0GiB   0%        0.0M        0.0M   0%        1
     102       0.0GiB       0.0GiB   0%        0.0M        0.0M   0%        1
     103       0.0GiB       0.0GiB   0%        0.0M        0.0M   0%        1
     104       0.0GiB       0.0GiB   0%        0.0M        0.0M   0%        1
     105       0.0GiB       0.0GiB   0%        0.0M        0.0M   0%        1
     106       0.0GiB       0.0GiB   0%        0.0M        0.0M   0%        1
     107       0.0GiB       0.0GiB   0%        0.0M        0.0M   0%        1
     201    1862.1GiB     794.5GiB  43%      195.4M      195.3M 100%        2
     202    1862.1GiB     827.0GiB  44%      195.4M      195.3M 100%        2
     203    1862.1GiB     882.0GiB  47%      195.4M      195.3M 100%        2
     204    1862.1GiB     838.7GiB  45%      195.4M      195.3M 100%        2
     205     931.1GiB     801.3GiB  86%      488.4M      488.4M 100%        2
     206     931.1GiB     815.7GiB  88%      488.4M      488.4M 100%        2
     207     931.1GiB     818.4GiB  88%      488.4M      488.4M 100%        2
     301    1862.1GiB     503.5GiB  27%      195.4M      195.3M 100%        3
     302    1862.1GiB     538.6GiB  29%      195.4M      195.3M 100%        3
     303    1862.1GiB     610.6GiB  33%      195.4M      195.3M 100%        3
     304    1862.1GiB     560.3GiB  30%      195.4M      195.3M 100%        3
     305     931.1GiB     795.4GiB  85%      488.4M      488.4M 100%        3
     306     931.1GiB     807.2GiB  87%      488.4M      488.2M 100%        3
     307     931.1GiB     457.8GiB  49%      488.4M      488.4M 100%        3
     401       0.0GiB       0.0GiB   0%        0.0M        0.0M   0%        4
     402       0.0GiB       0.0GiB   0%        0.0M        0.0M   0%        4
     403       0.0GiB       0.0GiB   0%        0.0M        0.0M   0%        4
     404       0.0GiB       0.0GiB   0%        0.0M        0.0M   0%        4
     405       0.0GiB       0.0GiB   0%        0.0M        0.0M   0%        4
     406       0.0GiB       0.0GiB   0%        0.0M        0.0M   0%        4
     407       0.0GiB       0.0GiB   0%        0.0M        0.0M   0%        4
# WARNINGS (offline nodes, not in active pools): [ERROR from beegfs-storage colva1 [ID: 1]: Communication error]
 [ERROR from beegfs-storage colva1 [ID: 1]: Communication error]
 [ERROR from beegfs-storage colva1 [ID: 1]: Communication error]
 [ERRO

### MDS SPACE (METADATA) BEFORE large_contiguous_write_heavy_seldom_102mb [SSD] run3
### Timestamp: 2026-04-04 09:12:21
TargetID        Total         Free    %      ITotal       IFree    %   NodeID
========        =====         ====    =      ======       =====    =   ======
       1     667.2GiB      34.9GiB   5%       44.5M       37.0M  83%        1

### FILE OST LAYOUT AFTER large_contiguous_write_heavy_seldom_102mb [SSD] run3
### Timestamp: 2026-04-04 09:12:23
  FILE: /mnt/beegfs/advay/ssd/workloads/tmp/workload_large_contiguous_write_heavy_seldom_102mb_f0
    Entry type: file
    EntryID: 0-69D0889C-1
    Stripe pattern details:
    + Type: RAID0
    + Chunksize: 1M
    + Number of storage targets: desired: 4; actual: 4
    + Storage targets:
      + 305 @ colva3 [ID: 3]
      + 306 @ colva3 [ID: 3]
      + 307 @ colva3 [ID: 3]
      + 206 @ colva2 [ID: 2]
    Chunk path: u3E9/6998/D/1-6998D1FE-1/0-69D0889C-1
    Inlined inode: yes
    Dentry info:
     + Path: 9/59/1-6998D1FE-1/
     + Metadata node: anjuna3 [ID: 1]

### OST SPACE (STORAGE) AFTER large_contiguous_write_heavy_seldom_102mb [SSD] run3
### Timestamp: 2026-04-04 09:12:23
TargetID        Total         Free    %      ITotal       IFree    %   NodeID
========        =====         ====    =      ======       =====    =   ======
     101       0.0GiB       0.0GiB   0%        0.0M        0.0M   0%        1
     102       0.0GiB       0.0GiB   0%        0.0M        0.0M   0%        1
     103       0.0GiB       0.0GiB   0%        0.0M        0.0M   0%        1
     104       0.0GiB       0.0GiB   0%        0.0M        0.0M   0%        1
     105       0.0GiB       0.0GiB   0%        0.0M        0.0M   0%        1
     106       0.0GiB       0.0GiB   0%        0.0M        0.0M   0%        1
     107       0.0GiB       0.0GiB   0%        0.0M        0.0M   0%        1
     201    1862.1GiB     794.5GiB  43%      195.4M      195.3M 100%        2
     202    1862.1GiB     827.0GiB  44%      195.4M      195.3M 100%        2
     203    1862.1GiB     882.0GiB  47%      195.4M      195.3M 100%        2
     204    1862.1GiB     838.7GiB  45%      195.4M      195.3M 100%        2
     205     931.1GiB     801.3GiB  86%      488.4M      488.4M 100%        2
     206     931.1GiB     815.6GiB  88%      488.4M      488.4M 100%        2
     207     931.1GiB     818.4GiB  88%      488.4M      488.4M 100%        2
     301    1862.1GiB     503.5GiB  27%      195.4M      195.3M 100%        3
     302    1862.1GiB     538.6GiB  29%      195.4M      195.3M 100%        3
     303    1862.1GiB     610.6GiB  33%      195.4M      195.3M 100%        3
     304    1862.1GiB     560.3GiB  30%      195.4M      195.3M 100%        3
     305     931.1GiB     795.4GiB  85%      488.4M      488.4M 100%        3
     306     931.1GiB     807.2GiB  87%      488.4M      488.2M 100%        3
     307     931.1GiB     457.8GiB  49%      488.4M      488.4M 100%        3
     401       0.0GiB       0.0GiB   0%        0.0M        0.0M   0%        4
     402       0.0GiB       0.0GiB   0%        0.0M        0.0M   0%        4
     403       0.0GiB       0.0GiB   0%        0.0M        0.0M   0%        4
     404       0.0GiB       0.0GiB   0%        0.0M        0.0M   0%        4
     405       0.0GiB       0.0GiB   0%        0.0M        0.0M   0%        4
     406       0.0GiB       0.0GiB   0%        0.0M        0.0M   0%        4
     407       0.0GiB       0.0GiB   0%        0.0M        0.0M   0%        4
# WARNINGS (offline nodes, not in active pools): [ERROR from beegfs-storage colva1 [ID: 1]: Communication error]
 [ERROR from beegfs-storage colva1 [ID: 1]: Communication error]
 [ERROR from beegfs-storage colva1 [ID: 1]: Communication error]
 [ERRO

### MDS SPACE (METADATA) AFTER large_contiguous_write_heavy_seldom_102mb [SSD] run3
### Timestamp: 2026-04-04 09:13:48
TargetID        Total         Free    %      ITotal       IFree    %   NodeID
========        =====         ====    =      ======       =====    =   ======
       1     667.2GiB      34.9GiB   5%       44.5M       37.0M  83%        1

### OST SPACE (STORAGE) BEFORE large_contiguous_write_heavy_seldom_1gb [HDD] run1
### Timestamp: 2026-04-04 09:13:48
TargetID        Total         Free    %      ITotal       IFree    %   NodeID
========        =====         ====    =      ======       =====    =   ======
     101       0.0GiB       0.0GiB   0%        0.0M        0.0M   0%        1
     102       0.0GiB       0.0GiB   0%        0.0M        0.0M   0%        1
     103       0.0GiB       0.0GiB   0%        0.0M        0.0M   0%        1
     104       0.0GiB       0.0GiB   0%        0.0M        0.0M   0%        1
     105       0.0GiB       0.0GiB   0%        0.0M        0.0M   0%        1
     106       0.0GiB       0.0GiB   0%        0.0M        0.0M   0%        1
     107       0.0GiB       0.0GiB   0%        0.0M        0.0M   0%        1
     201    1862.1GiB     794.5GiB  43%      195.4M      195.3M 100%        2
     202    1862.1GiB     827.0GiB  44%      195.4M      195.3M 100%        2
     203    1862.1GiB     882.0GiB  47%      195.4M      195.3M 100%        2
     204    1862.1GiB     838.7GiB  45%      195.4M      195.3M 100%        2
     205     931.1GiB     801.3GiB  86%      488.4M      488.4M 100%        2
     206     931.1GiB     815.7GiB  88%      488.4M      488.4M 100%        2
     207     931.1GiB     818.4GiB  88%      488.4M      488.4M 100%        2
     301    1862.1GiB     503.5GiB  27%      195.4M      195.3M 100%        3
     302    1862.1GiB     538.6GiB  29%      195.4M      195.3M 100%        3
     303    1862.1GiB     610.6GiB  33%      195.4M      195.3M 100%        3
     304    1862.1GiB     560.3GiB  30%      195.4M      195.3M 100%        3
     305     931.1GiB     795.4GiB  85%      488.4M      488.4M 100%        3
     306     931.1GiB     807.2GiB  87%      488.4M      488.2M 100%        3
     307     931.1GiB     457.8GiB  49%      488.4M      488.4M 100%        3
     401       0.0GiB       0.0GiB   0%        0.0M        0.0M   0%        4
     402       0.0GiB       0.0GiB   0%        0.0M        0.0M   0%        4
     403       0.0GiB       0.0GiB   0%        0.0M        0.0M   0%        4
     404       0.0GiB       0.0GiB   0%        0.0M        0.0M   0%        4
     405       0.0GiB       0.0GiB   0%        0.0M        0.0M   0%        4
     406       0.0GiB       0.0GiB   0%        0.0M        0.0M   0%        4
     407       0.0GiB       0.0GiB   0%        0.0M        0.0M   0%        4
# WARNINGS (offline nodes, not in active pools): [ERROR from beegfs-storage colva1 [ID: 1]: Communication error]
 [ERROR from beegfs-storage colva1 [ID: 1]: Communication error]
 [ERROR from beegfs-storage colva1 [ID: 1]: Communication error]
 [ERRO

### MDS SPACE (METADATA) BEFORE large_contiguous_write_heavy_seldom_1gb [HDD] run1
### Timestamp: 2026-04-04 09:15:15
TargetID        Total         Free    %      ITotal       IFree    %   NodeID
========        =====         ====    =      ======       =====    =   ======
       1     667.2GiB      34.9GiB   5%       44.5M       37.0M  83%        1

### FILE OST LAYOUT AFTER large_contiguous_write_heavy_seldom_1gb [HDD] run1
### Timestamp: 2026-04-04 09:15:22
  FILE: /mnt/beegfs/advay/hdd/workloads/tmp/workload_large_contiguous_write_heavy_seldom_1gb_f0
    Entry type: file
    EntryID: 0-69D0891A-1
    Stripe pattern details:
    + Type: RAID0
    + Chunksize: 1M
    + Number of storage targets: desired: 4; actual: 4
    + Storage targets:
      + 204 @ colva2 [ID: 2]
      + 303 @ colva3 [ID: 3]
      + 304 @ colva3 [ID: 3]
      + 203 @ colva2 [ID: 2]
    Chunk path: u3E9/6998/7/0-6998774B-1/0-69D0891A-1
    Inlined inode: yes
    Dentry info:
     + Path: 67/66/0-6998774B-1/
     + Metadata node: anjuna3 [ID: 1]

### OST SPACE (STORAGE) AFTER large_contiguous_write_heavy_seldom_1gb [HDD] run1
### Timestamp: 2026-04-04 09:15:22
TargetID        Total         Free    %      ITotal       IFree    %   NodeID
========        =====         ====    =      ======       =====    =   ======
     101       0.0GiB       0.0GiB   0%        0.0M        0.0M   0%        1
     102       0.0GiB       0.0GiB   0%        0.0M        0.0M   0%        1
     103       0.0GiB       0.0GiB   0%        0.0M        0.0M   0%        1
     104       0.0GiB       0.0GiB   0%        0.0M        0.0M   0%        1
     105       0.0GiB       0.0GiB   0%        0.0M        0.0M   0%        1
     106       0.0GiB       0.0GiB   0%        0.0M        0.0M   0%        1
     107       0.0GiB       0.0GiB   0%        0.0M        0.0M   0%        1
     201    1862.1GiB     794.5GiB  43%      195.4M      195.3M 100%        2
     202    1862.1GiB     827.0GiB  44%      195.4M      195.3M 100%        2
     203    1862.1GiB     881.7GiB  47%      195.4M      195.3M 100%        2
     204    1862.1GiB     838.4GiB  45%      195.4M      195.3M 100%        2
     205     931.1GiB     801.3GiB  86%      488.4M      488.4M 100%        2
     206     931.1GiB     815.7GiB  88%      488.4M      488.4M 100%        2
     207     931.1GiB     818.4GiB  88%      488.4M      488.4M 100%        2
     301    1862.1GiB     503.5GiB  27%      195.4M      195.3M 100%        3
     302    1862.1GiB     538.6GiB  29%      195.4M      195.3M 100%        3
     303    1862.1GiB     610.3GiB  33%      195.4M      195.3M 100%        3
     304    1862.1GiB     560.0GiB  30%      195.4M      195.3M 100%        3
     305     931.1GiB     795.4GiB  85%      488.4M      488.4M 100%        3
     306     931.1GiB     807.2GiB  87%      488.4M      488.2M 100%        3
     307     931.1GiB     457.8GiB  49%      488.4M      488.4M 100%        3
     401       0.0GiB       0.0GiB   0%        0.0M        0.0M   0%        4
     402       0.0GiB       0.0GiB   0%        0.0M        0.0M   0%        4
     403       0.0GiB       0.0GiB   0%        0.0M        0.0M   0%        4
     404       0.0GiB       0.0GiB   0%        0.0M        0.0M   0%        4
     405       0.0GiB       0.0GiB   0%        0.0M        0.0M   0%        4
     406       0.0GiB       0.0GiB   0%        0.0M        0.0M   0%        4
     407       0.0GiB       0.0GiB   0%        0.0M        0.0M   0%        4
# WARNINGS (offline nodes, not in active pools): [ERROR from beegfs-storage colva1 [ID: 1]: Communication error]
 [ERROR from beegfs-storage colva1 [ID: 1]: Communication error]
 [ERROR from beegfs-storage colva1 [ID: 1]: Communication error]
 [ERRO

### MDS SPACE (METADATA) AFTER large_contiguous_write_heavy_seldom_1gb [HDD] run1
### Timestamp: 2026-04-04 09:16:44
TargetID        Total         Free    %      ITotal       IFree    %   NodeID
========        =====         ====    =      ======       =====    =   ======
       1     667.2GiB      34.9GiB   5%       44.5M       37.0M  83%        1

### OST SPACE (STORAGE) BEFORE large_contiguous_write_heavy_seldom_1gb [HDD] run2
### Timestamp: 2026-04-04 09:16:44
TargetID        Total         Free    %      ITotal       IFree    %   NodeID
========        =====         ====    =      ======       =====    =   ======
     101       0.0GiB       0.0GiB   0%        0.0M        0.0M   0%        1
     102       0.0GiB       0.0GiB   0%        0.0M        0.0M   0%        1
     103       0.0GiB       0.0GiB   0%        0.0M        0.0M   0%        1
     104       0.0GiB       0.0GiB   0%        0.0M        0.0M   0%        1
     105       0.0GiB       0.0GiB   0%        0.0M        0.0M   0%        1
     106       0.0GiB       0.0GiB   0%        0.0M        0.0M   0%        1
     107       0.0GiB       0.0GiB   0%        0.0M        0.0M   0%        1
     201    1862.1GiB     794.5GiB  43%      195.4M      195.3M 100%        2
     202    1862.1GiB     827.0GiB  44%      195.4M      195.3M 100%        2
     203    1862.1GiB     882.0GiB  47%      195.4M      195.3M 100%        2
     204    1862.1GiB     838.7GiB  45%      195.4M      195.3M 100%        2
     205     931.1GiB     801.3GiB  86%      488.4M      488.4M 100%        2
     206     931.1GiB     815.7GiB  88%      488.4M      488.4M 100%        2
     207     931.1GiB     818.4GiB  88%      488.4M      488.4M 100%        2
     301    1862.1GiB     503.5GiB  27%      195.4M      195.3M 100%        3
     302    1862.1GiB     538.6GiB  29%      195.4M      195.3M 100%        3
     303    1862.1GiB     610.6GiB  33%      195.4M      195.3M 100%        3
     304    1862.1GiB     560.3GiB  30%      195.4M      195.3M 100%        3
     305     931.1GiB     795.4GiB  85%      488.4M      488.4M 100%        3
     306     931.1GiB     807.2GiB  87%      488.4M      488.2M 100%        3
     307     931.1GiB     457.8GiB  49%      488.4M      488.4M 100%        3
     401       0.0GiB       0.0GiB   0%        0.0M        0.0M   0%        4
     402       0.0GiB       0.0GiB   0%        0.0M        0.0M   0%        4
     403       0.0GiB       0.0GiB   0%        0.0M        0.0M   0%        4
     404       0.0GiB       0.0GiB   0%        0.0M        0.0M   0%        4
     405       0.0GiB       0.0GiB   0%        0.0M        0.0M   0%        4
     406       0.0GiB       0.0GiB   0%        0.0M        0.0M   0%        4
     407       0.0GiB       0.0GiB   0%        0.0M        0.0M   0%        4
# WARNINGS (offline nodes, not in active pools): [ERROR from beegfs-storage colva1 [ID: 1]: Communication error]
 [ERROR from beegfs-storage colva1 [ID: 1]: Communication error]
 [ERROR from beegfs-storage colva1 [ID: 1]: Communication error]
 [ERRO

### MDS SPACE (METADATA) BEFORE large_contiguous_write_heavy_seldom_1gb [HDD] run2
### Timestamp: 2026-04-04 09:18:10
TargetID        Total         Free    %      ITotal       IFree    %   NodeID
========        =====         ====    =      ======       =====    =   ======
       1     667.2GiB      34.9GiB   5%       44.5M       37.0M  83%        1

### FILE OST LAYOUT AFTER large_contiguous_write_heavy_seldom_1gb [HDD] run2
### Timestamp: 2026-04-04 09:18:17
  FILE: /mnt/beegfs/advay/hdd/workloads/tmp/workload_large_contiguous_write_heavy_seldom_1gb_f0
    Entry type: file
    EntryID: 0-69D089D4-1
    Stripe pattern details:
    + Type: RAID0
    + Chunksize: 1M
    + Number of storage targets: desired: 4; actual: 4
    + Storage targets:
      + 204 @ colva2 [ID: 2]
      + 303 @ colva3 [ID: 3]
      + 304 @ colva3 [ID: 3]
      + 203 @ colva2 [ID: 2]
    Chunk path: u3E9/6998/7/0-6998774B-1/0-69D089D4-1
    Inlined inode: yes
    Dentry info:
     + Path: 67/66/0-6998774B-1/
     + Metadata node: anjuna3 [ID: 1]

### OST SPACE (STORAGE) AFTER large_contiguous_write_heavy_seldom_1gb [HDD] run2
### Timestamp: 2026-04-04 09:18:17
TargetID        Total         Free    %      ITotal       IFree    %   NodeID
========        =====         ====    =      ======       =====    =   ======
     101       0.0GiB       0.0GiB   0%        0.0M        0.0M   0%        1
     102       0.0GiB       0.0GiB   0%        0.0M        0.0M   0%        1
     103       0.0GiB       0.0GiB   0%        0.0M        0.0M   0%        1
     104       0.0GiB       0.0GiB   0%        0.0M        0.0M   0%        1
     105       0.0GiB       0.0GiB   0%        0.0M        0.0M   0%        1
     106       0.0GiB       0.0GiB   0%        0.0M        0.0M   0%        1
     107       0.0GiB       0.0GiB   0%        0.0M        0.0M   0%        1
     201    1862.1GiB     794.5GiB  43%      195.4M      195.3M 100%        2
     202    1862.1GiB     827.0GiB  44%      195.4M      195.3M 100%        2
     203    1862.1GiB     881.7GiB  47%      195.4M      195.3M 100%        2
     204    1862.1GiB     838.4GiB  45%      195.4M      195.3M 100%        2
     205     931.1GiB     801.3GiB  86%      488.4M      488.4M 100%        2
     206     931.1GiB     815.7GiB  88%      488.4M      488.4M 100%        2
     207     931.1GiB     818.4GiB  88%      488.4M      488.4M 100%        2
     301    1862.1GiB     503.5GiB  27%      195.4M      195.3M 100%        3
     302    1862.1GiB     538.6GiB  29%      195.4M      195.3M 100%        3
     303    1862.1GiB     610.3GiB  33%      195.4M      195.3M 100%        3
     304    1862.1GiB     560.0GiB  30%      195.4M      195.3M 100%        3
     305     931.1GiB     795.4GiB  85%      488.4M      488.4M 100%        3
     306     931.1GiB     807.2GiB  87%      488.4M      488.2M 100%        3
     307     931.1GiB     457.8GiB  49%      488.4M      488.4M 100%        3
     401       0.0GiB       0.0GiB   0%        0.0M        0.0M   0%        4
     402       0.0GiB       0.0GiB   0%        0.0M        0.0M   0%        4
     403       0.0GiB       0.0GiB   0%        0.0M        0.0M   0%        4
     404       0.0GiB       0.0GiB   0%        0.0M        0.0M   0%        4
     405       0.0GiB       0.0GiB   0%        0.0M        0.0M   0%        4
     406       0.0GiB       0.0GiB   0%        0.0M        0.0M   0%        4
     407       0.0GiB       0.0GiB   0%        0.0M        0.0M   0%        4
# WARNINGS (offline nodes, not in active pools): [ERROR from beegfs-storage colva1 [ID: 1]: Communication error]
 [ERROR from beegfs-storage colva1 [ID: 1]: Communication error]
 [ERROR from beegfs-storage colva1 [ID: 1]: Communication error]
 [ERRO

### MDS SPACE (METADATA) AFTER large_contiguous_write_heavy_seldom_1gb [HDD] run2
### Timestamp: 2026-04-04 09:19:39
TargetID        Total         Free    %      ITotal       IFree    %   NodeID
========        =====         ====    =      ======       =====    =   ======
       1     667.2GiB      34.9GiB   5%       44.5M       37.0M  83%        1

### OST SPACE (STORAGE) BEFORE large_contiguous_write_heavy_seldom_1gb [HDD] run3
### Timestamp: 2026-04-04 09:19:40
TargetID        Total         Free    %      ITotal       IFree    %   NodeID
========        =====         ====    =      ======       =====    =   ======
     101       0.0GiB       0.0GiB   0%        0.0M        0.0M   0%        1
     102       0.0GiB       0.0GiB   0%        0.0M        0.0M   0%        1
     103       0.0GiB       0.0GiB   0%        0.0M        0.0M   0%        1
     104       0.0GiB       0.0GiB   0%        0.0M        0.0M   0%        1
     105       0.0GiB       0.0GiB   0%        0.0M        0.0M   0%        1
     106       0.0GiB       0.0GiB   0%        0.0M        0.0M   0%        1
     107       0.0GiB       0.0GiB   0%        0.0M        0.0M   0%        1
     201    1862.1GiB     794.5GiB  43%      195.4M      195.3M 100%        2
     202    1862.1GiB     827.0GiB  44%      195.4M      195.3M 100%        2
     203    1862.1GiB     882.0GiB  47%      195.4M      195.3M 100%        2
     204    1862.1GiB     838.7GiB  45%      195.4M      195.3M 100%        2
     205     931.1GiB     801.3GiB  86%      488.4M      488.4M 100%        2
     206     931.1GiB     815.7GiB  88%      488.4M      488.4M 100%        2
     207     931.1GiB     818.4GiB  88%      488.4M      488.4M 100%        2
     301    1862.1GiB     503.5GiB  27%      195.4M      195.3M 100%        3
     302    1862.1GiB     538.6GiB  29%      195.4M      195.3M 100%        3
     303    1862.1GiB     610.6GiB  33%      195.4M      195.3M 100%        3
     304    1862.1GiB     560.3GiB  30%      195.4M      195.3M 100%        3
     305     931.1GiB     795.4GiB  85%      488.4M      488.4M 100%        3
     306     931.1GiB     807.2GiB  87%      488.4M      488.2M 100%        3
     307     931.1GiB     457.8GiB  49%      488.4M      488.4M 100%        3
     401       0.0GiB       0.0GiB   0%        0.0M        0.0M   0%        4
     402       0.0GiB       0.0GiB   0%        0.0M        0.0M   0%        4
     403       0.0GiB       0.0GiB   0%        0.0M        0.0M   0%        4
     404       0.0GiB       0.0GiB   0%        0.0M        0.0M   0%        4
     405       0.0GiB       0.0GiB   0%        0.0M        0.0M   0%        4
     406       0.0GiB       0.0GiB   0%        0.0M        0.0M   0%        4
     407       0.0GiB       0.0GiB   0%        0.0M        0.0M   0%        4
# WARNINGS (offline nodes, not in active pools): [ERROR from beegfs-storage colva1 [ID: 1]: Communication error]
 [ERROR from beegfs-storage colva1 [ID: 1]: Communication error]
 [ERROR from beegfs-storage colva1 [ID: 1]: Communication error]
 [ERRO

### MDS SPACE (METADATA) BEFORE large_contiguous_write_heavy_seldom_1gb [HDD] run3
### Timestamp: 2026-04-04 09:21:06
TargetID        Total         Free    %      ITotal       IFree    %   NodeID
========        =====         ====    =      ======       =====    =   ======
       1     667.2GiB      34.9GiB   5%       44.5M       37.0M  83%        1

### FILE OST LAYOUT AFTER large_contiguous_write_heavy_seldom_1gb [HDD] run3
### Timestamp: 2026-04-04 09:21:13
  FILE: /mnt/beegfs/advay/hdd/workloads/tmp/workload_large_contiguous_write_heavy_seldom_1gb_f0
    Entry type: file
    EntryID: 0-69D08A91-1
    Stripe pattern details:
    + Type: RAID0
    + Chunksize: 1M
    + Number of storage targets: desired: 4; actual: 4
    + Storage targets:
      + 302 @ colva3 [ID: 3]
      + 303 @ colva3 [ID: 3]
      + 201 @ colva2 [ID: 2]
      + 204 @ colva2 [ID: 2]
    Chunk path: u3E9/6998/7/0-6998774B-1/0-69D08A91-1
    Inlined inode: yes
    Dentry info:
     + Path: 67/66/0-6998774B-1/
     + Metadata node: anjuna3 [ID: 1]

### OST SPACE (STORAGE) AFTER large_contiguous_write_heavy_seldom_1gb [HDD] run3
### Timestamp: 2026-04-04 09:21:13
TargetID        Total         Free    %      ITotal       IFree    %   NodeID
========        =====         ====    =      ======       =====    =   ======
     101       0.0GiB       0.0GiB   0%        0.0M        0.0M   0%        1
     102       0.0GiB       0.0GiB   0%        0.0M        0.0M   0%        1
     103       0.0GiB       0.0GiB   0%        0.0M        0.0M   0%        1
     104       0.0GiB       0.0GiB   0%        0.0M        0.0M   0%        1
     105       0.0GiB       0.0GiB   0%        0.0M        0.0M   0%        1
     106       0.0GiB       0.0GiB   0%        0.0M        0.0M   0%        1
     107       0.0GiB       0.0GiB   0%        0.0M        0.0M   0%        1
     201    1862.1GiB     794.3GiB  43%      195.4M      195.3M 100%        2
     202    1862.1GiB     827.0GiB  44%      195.4M      195.3M 100%        2
     203    1862.1GiB     882.0GiB  47%      195.4M      195.3M 100%        2
     204    1862.1GiB     838.4GiB  45%      195.4M      195.3M 100%        2
     205     931.1GiB     801.3GiB  86%      488.4M      488.4M 100%        2
     206     931.1GiB     815.7GiB  88%      488.4M      488.4M 100%        2
     207     931.1GiB     818.4GiB  88%      488.4M      488.4M 100%        2
     301    1862.1GiB     503.5GiB  27%      195.4M      195.3M 100%        3
     302    1862.1GiB     538.4GiB  29%      195.4M      195.3M 100%        3
     303    1862.1GiB     610.3GiB  33%      195.4M      195.3M 100%        3
     304    1862.1GiB     560.3GiB  30%      195.4M      195.3M 100%        3
     305     931.1GiB     795.4GiB  85%      488.4M      488.4M 100%        3
     306     931.1GiB     807.2GiB  87%      488.4M      488.2M 100%        3
     307     931.1GiB     457.8GiB  49%      488.4M      488.4M 100%        3
     401       0.0GiB       0.0GiB   0%        0.0M        0.0M   0%        4
     402       0.0GiB       0.0GiB   0%        0.0M        0.0M   0%        4
     403       0.0GiB       0.0GiB   0%        0.0M        0.0M   0%        4
     404       0.0GiB       0.0GiB   0%        0.0M        0.0M   0%        4
     405       0.0GiB       0.0GiB   0%        0.0M        0.0M   0%        4
     406       0.0GiB       0.0GiB   0%        0.0M        0.0M   0%        4
     407       0.0GiB       0.0GiB   0%        0.0M        0.0M   0%        4
# WARNINGS (offline nodes, not in active pools): [ERROR from beegfs-storage colva1 [ID: 1]: Communication error]
 [ERROR from beegfs-storage colva1 [ID: 1]: Communication error]
 [ERROR from beegfs-storage colva1 [ID: 1]: Communication error]
 [ERRO

### MDS SPACE (METADATA) AFTER large_contiguous_write_heavy_seldom_1gb [HDD] run3
### Timestamp: 2026-04-04 09:22:35
TargetID        Total         Free    %      ITotal       IFree    %   NodeID
========        =====         ====    =      ======       =====    =   ======
       1     667.2GiB      34.9GiB   5%       44.5M       37.0M  83%        1

### OST SPACE (STORAGE) BEFORE large_contiguous_write_heavy_seldom_1gb [SSD] run1
### Timestamp: 2026-04-04 09:22:35
TargetID        Total         Free    %      ITotal       IFree    %   NodeID
========        =====         ====    =      ======       =====    =   ======
     101       0.0GiB       0.0GiB   0%        0.0M        0.0M   0%        1
     102       0.0GiB       0.0GiB   0%        0.0M        0.0M   0%        1
     103       0.0GiB       0.0GiB   0%        0.0M        0.0M   0%        1
     104       0.0GiB       0.0GiB   0%        0.0M        0.0M   0%        1
     105       0.0GiB       0.0GiB   0%        0.0M        0.0M   0%        1
     106       0.0GiB       0.0GiB   0%        0.0M        0.0M   0%        1
     107       0.0GiB       0.0GiB   0%        0.0M        0.0M   0%        1
     201    1862.1GiB     794.5GiB  43%      195.4M      195.3M 100%        2
     202    1862.1GiB     827.0GiB  44%      195.4M      195.3M 100%        2
     203    1862.1GiB     882.0GiB  47%      195.4M      195.3M 100%        2
     204    1862.1GiB     838.7GiB  45%      195.4M      195.3M 100%        2
     205     931.1GiB     801.3GiB  86%      488.4M      488.4M 100%        2
     206     931.1GiB     815.7GiB  88%      488.4M      488.4M 100%        2
     207     931.1GiB     818.4GiB  88%      488.4M      488.4M 100%        2
     301    1862.1GiB     503.5GiB  27%      195.4M      195.3M 100%        3
     302    1862.1GiB     538.6GiB  29%      195.4M      195.3M 100%        3
     303    1862.1GiB     610.6GiB  33%      195.4M      195.3M 100%        3
     304    1862.1GiB     560.3GiB  30%      195.4M      195.3M 100%        3
     305     931.1GiB     795.4GiB  85%      488.4M      488.4M 100%        3
     306     931.1GiB     807.2GiB  87%      488.4M      488.2M 100%        3
     307     931.1GiB     457.8GiB  49%      488.4M      488.4M 100%        3
     401       0.0GiB       0.0GiB   0%        0.0M        0.0M   0%        4
     402       0.0GiB       0.0GiB   0%        0.0M        0.0M   0%        4
     403       0.0GiB       0.0GiB   0%        0.0M        0.0M   0%        4
     404       0.0GiB       0.0GiB   0%        0.0M        0.0M   0%        4
     405       0.0GiB       0.0GiB   0%        0.0M        0.0M   0%        4
     406       0.0GiB       0.0GiB   0%        0.0M        0.0M   0%        4
     407       0.0GiB       0.0GiB   0%        0.0M        0.0M   0%        4
# WARNINGS (offline nodes, not in active pools): [ERROR from beegfs-storage colva1 [ID: 1]: Communication error]
 [ERROR from beegfs-storage colva1 [ID: 1]: Communication error]
 [ERROR from beegfs-storage colva1 [ID: 1]: Communication error]
 [ERRO

### MDS SPACE (METADATA) BEFORE large_contiguous_write_heavy_seldom_1gb [SSD] run1
### Timestamp: 2026-04-04 09:24:01
TargetID        Total         Free    %      ITotal       IFree    %   NodeID
========        =====         ====    =      ======       =====    =   ======
       1     667.2GiB      34.9GiB   5%       44.5M       37.0M  83%        1

### FILE OST LAYOUT AFTER large_contiguous_write_heavy_seldom_1gb [SSD] run1
### Timestamp: 2026-04-04 09:24:08
  FILE: /mnt/beegfs/advay/ssd/workloads/tmp/workload_large_contiguous_write_heavy_seldom_1gb_f0
    Entry type: file
    EntryID: 0-69D08B4B-1
    Stripe pattern details:
    + Type: RAID0
    + Chunksize: 1M
    + Number of storage targets: desired: 4; actual: 4
    + Storage targets:
      + 307 @ colva3 [ID: 3]
      + 205 @ colva2 [ID: 2]
      + 206 @ colva2 [ID: 2]
      + 207 @ colva2 [ID: 2]
    Chunk path: u3E9/6998/D/1-6998D1FE-1/0-69D08B4B-1
    Inlined inode: yes
    Dentry info:
     + Path: 9/59/1-6998D1FE-1/
     + Metadata node: anjuna3 [ID: 1]

### OST SPACE (STORAGE) AFTER large_contiguous_write_heavy_seldom_1gb [SSD] run1
### Timestamp: 2026-04-04 09:24:08
TargetID        Total         Free    %      ITotal       IFree    %   NodeID
========        =====         ====    =      ======       =====    =   ======
     101       0.0GiB       0.0GiB   0%        0.0M        0.0M   0%        1
     102       0.0GiB       0.0GiB   0%        0.0M        0.0M   0%        1
     103       0.0GiB       0.0GiB   0%        0.0M        0.0M   0%        1
     104       0.0GiB       0.0GiB   0%        0.0M        0.0M   0%        1
     105       0.0GiB       0.0GiB   0%        0.0M        0.0M   0%        1
     106       0.0GiB       0.0GiB   0%        0.0M        0.0M   0%        1
     107       0.0GiB       0.0GiB   0%        0.0M        0.0M   0%        1
     201    1862.1GiB     794.5GiB  43%      195.4M      195.3M 100%        2
     202    1862.1GiB     827.0GiB  44%      195.4M      195.3M 100%        2
     203    1862.1GiB     882.0GiB  47%      195.4M      195.3M 100%        2
     204    1862.1GiB     838.7GiB  45%      195.4M      195.3M 100%        2
     205     931.1GiB     801.1GiB  86%      488.4M      488.4M 100%        2
     206     931.1GiB     815.4GiB  88%      488.4M      488.4M 100%        2
     207     931.1GiB     818.2GiB  88%      488.4M      488.4M 100%        2
     301    1862.1GiB     503.5GiB  27%      195.4M      195.3M 100%        3
     302    1862.1GiB     538.6GiB  29%      195.4M      195.3M 100%        3
     303    1862.1GiB     610.6GiB  33%      195.4M      195.3M 100%        3
     304    1862.1GiB     560.3GiB  30%      195.4M      195.3M 100%        3
     305     931.1GiB     795.4GiB  85%      488.4M      488.4M 100%        3
     306     931.1GiB     807.2GiB  87%      488.4M      488.2M 100%        3
     307     931.1GiB     457.5GiB  49%      488.4M      488.4M 100%        3
     401       0.0GiB       0.0GiB   0%        0.0M        0.0M   0%        4
     402       0.0GiB       0.0GiB   0%        0.0M        0.0M   0%        4
     403       0.0GiB       0.0GiB   0%        0.0M        0.0M   0%        4
     404       0.0GiB       0.0GiB   0%        0.0M        0.0M   0%        4
     405       0.0GiB       0.0GiB   0%        0.0M        0.0M   0%        4
     406       0.0GiB       0.0GiB   0%        0.0M        0.0M   0%        4
     407       0.0GiB       0.0GiB   0%        0.0M        0.0M   0%        4
# WARNINGS (offline nodes, not in active pools): [ERROR from beegfs-storage colva1 [ID: 1]: Communication error]
 [ERROR from beegfs-storage colva1 [ID: 1]: Communication error]
 [ERROR from beegfs-storage colva1 [ID: 1]: Communication error]
 [ERRO

### MDS SPACE (METADATA) AFTER large_contiguous_write_heavy_seldom_1gb [SSD] run1
### Timestamp: 2026-04-04 09:25:31
TargetID        Total         Free    %      ITotal       IFree    %   NodeID
========        =====         ====    =      ======       =====    =   ======
       1     667.2GiB      34.9GiB   5%       44.5M       37.0M  83%        1

### OST SPACE (STORAGE) BEFORE large_contiguous_write_heavy_seldom_1gb [SSD] run2
### Timestamp: 2026-04-04 09:25:31
TargetID        Total         Free    %      ITotal       IFree    %   NodeID
========        =====         ====    =      ======       =====    =   ======
     101       0.0GiB       0.0GiB   0%        0.0M        0.0M   0%        1
     102       0.0GiB       0.0GiB   0%        0.0M        0.0M   0%        1
     103       0.0GiB       0.0GiB   0%        0.0M        0.0M   0%        1
     104       0.0GiB       0.0GiB   0%        0.0M        0.0M   0%        1
     105       0.0GiB       0.0GiB   0%        0.0M        0.0M   0%        1
     106       0.0GiB       0.0GiB   0%        0.0M        0.0M   0%        1
     107       0.0GiB       0.0GiB   0%        0.0M        0.0M   0%        1
     201    1862.1GiB     794.5GiB  43%      195.4M      195.3M 100%        2
     202    1862.1GiB     827.0GiB  44%      195.4M      195.3M 100%        2
     203    1862.1GiB     882.0GiB  47%      195.4M      195.3M 100%        2
     204    1862.1GiB     838.7GiB  45%      195.4M      195.3M 100%        2
     205     931.1GiB     801.3GiB  86%      488.4M      488.4M 100%        2
     206     931.1GiB     815.7GiB  88%      488.4M      488.4M 100%        2
     207     931.1GiB     818.4GiB  88%      488.4M      488.4M 100%        2
     301    1862.1GiB     503.5GiB  27%      195.4M      195.3M 100%        3
     302    1862.1GiB     538.6GiB  29%      195.4M      195.3M 100%        3
     303    1862.1GiB     610.6GiB  33%      195.4M      195.3M 100%        3
     304    1862.1GiB     560.3GiB  30%      195.4M      195.3M 100%        3
     305     931.1GiB     795.4GiB  85%      488.4M      488.4M 100%        3
     306     931.1GiB     807.2GiB  87%      488.4M      488.2M 100%        3
     307     931.1GiB     457.8GiB  49%      488.4M      488.4M 100%        3
     401       0.0GiB       0.0GiB   0%        0.0M        0.0M   0%        4
     402       0.0GiB       0.0GiB   0%        0.0M        0.0M   0%        4
     403       0.0GiB       0.0GiB   0%        0.0M        0.0M   0%        4
     404       0.0GiB       0.0GiB   0%        0.0M        0.0M   0%        4
     405       0.0GiB       0.0GiB   0%        0.0M        0.0M   0%        4
     406       0.0GiB       0.0GiB   0%        0.0M        0.0M   0%        4
     407       0.0GiB       0.0GiB   0%        0.0M        0.0M   0%        4
# WARNINGS (offline nodes, not in active pools): [ERROR from beegfs-storage colva1 [ID: 1]: Communication error]
 [ERROR from beegfs-storage colva1 [ID: 1]: Communication error]
 [ERROR from beegfs-storage colva1 [ID: 1]: Communication error]
 [ERRO

### MDS SPACE (METADATA) BEFORE large_contiguous_write_heavy_seldom_1gb [SSD] run2
### Timestamp: 2026-04-04 09:26:57
TargetID        Total         Free    %      ITotal       IFree    %   NodeID
========        =====         ====    =      ======       =====    =   ======
       1     667.2GiB      34.9GiB   5%       44.5M       37.0M  83%        1

### FILE OST LAYOUT AFTER large_contiguous_write_heavy_seldom_1gb [SSD] run2
### Timestamp: 2026-04-04 09:27:03
  FILE: /mnt/beegfs/advay/ssd/workloads/tmp/workload_large_contiguous_write_heavy_seldom_1gb_f0
    Entry type: file
    EntryID: 0-69D08C08-1
    Stripe pattern details:
    + Type: RAID0
    + Chunksize: 1M
    + Number of storage targets: desired: 4; actual: 4
    + Storage targets:
      + 206 @ colva2 [ID: 2]
      + 207 @ colva2 [ID: 2]
      + 305 @ colva3 [ID: 3]
      + 205 @ colva2 [ID: 2]
    Chunk path: u3E9/6998/D/1-6998D1FE-1/0-69D08C08-1
    Inlined inode: yes
    Dentry info:
     + Path: 9/59/1-6998D1FE-1/
     + Metadata node: anjuna3 [ID: 1]

### OST SPACE (STORAGE) AFTER large_contiguous_write_heavy_seldom_1gb [SSD] run2
### Timestamp: 2026-04-04 09:27:03
TargetID        Total         Free    %      ITotal       IFree    %   NodeID
========        =====         ====    =      ======       =====    =   ======
     101       0.0GiB       0.0GiB   0%        0.0M        0.0M   0%        1
     102       0.0GiB       0.0GiB   0%        0.0M        0.0M   0%        1
     103       0.0GiB       0.0GiB   0%        0.0M        0.0M   0%        1
     104       0.0GiB       0.0GiB   0%        0.0M        0.0M   0%        1
     105       0.0GiB       0.0GiB   0%        0.0M        0.0M   0%        1
     106       0.0GiB       0.0GiB   0%        0.0M        0.0M   0%        1
     107       0.0GiB       0.0GiB   0%        0.0M        0.0M   0%        1
     201    1862.1GiB     794.5GiB  43%      195.4M      195.3M 100%        2
     202    1862.1GiB     827.0GiB  44%      195.4M      195.3M 100%        2
     203    1862.1GiB     882.0GiB  47%      195.4M      195.3M 100%        2
     204    1862.1GiB     838.7GiB  45%      195.4M      195.3M 100%        2
     205     931.1GiB     801.1GiB  86%      488.4M      488.4M 100%        2
     206     931.1GiB     815.4GiB  88%      488.4M      488.4M 100%        2
     207     931.1GiB     818.2GiB  88%      488.4M      488.4M 100%        2
     301    1862.1GiB     503.5GiB  27%      195.4M      195.3M 100%        3
     302    1862.1GiB     538.6GiB  29%      195.4M      195.3M 100%        3
     303    1862.1GiB     610.6GiB  33%      195.4M      195.3M 100%        3
     304    1862.1GiB     560.3GiB  30%      195.4M      195.3M 100%        3
     305     931.1GiB     795.1GiB  85%      488.4M      488.4M 100%        3
     306     931.1GiB     807.2GiB  87%      488.4M      488.2M 100%        3
     307     931.1GiB     457.8GiB  49%      488.4M      488.4M 100%        3
     401       0.0GiB       0.0GiB   0%        0.0M        0.0M   0%        4
     402       0.0GiB       0.0GiB   0%        0.0M        0.0M   0%        4
     403       0.0GiB       0.0GiB   0%        0.0M        0.0M   0%        4
     404       0.0GiB       0.0GiB   0%        0.0M        0.0M   0%        4
     405       0.0GiB       0.0GiB   0%        0.0M        0.0M   0%        4
     406       0.0GiB       0.0GiB   0%        0.0M        0.0M   0%        4
     407       0.0GiB       0.0GiB   0%        0.0M        0.0M   0%        4
# WARNINGS (offline nodes, not in active pools): [ERROR from beegfs-storage colva1 [ID: 1]: Communication error]
 [ERROR from beegfs-storage colva1 [ID: 1]: Communication error]
 [ERROR from beegfs-storage colva1 [ID: 1]: Communication error]
 [ERRO

### MDS SPACE (METADATA) AFTER large_contiguous_write_heavy_seldom_1gb [SSD] run2
### Timestamp: 2026-04-04 09:28:26
TargetID        Total         Free    %      ITotal       IFree    %   NodeID
========        =====         ====    =      ======       =====    =   ======
       1     667.2GiB      34.9GiB   5%       44.5M       37.0M  83%        1

### OST SPACE (STORAGE) BEFORE large_contiguous_write_heavy_seldom_1gb [SSD] run3
### Timestamp: 2026-04-04 09:28:27
TargetID        Total         Free    %      ITotal       IFree    %   NodeID
========        =====         ====    =      ======       =====    =   ======
     101       0.0GiB       0.0GiB   0%        0.0M        0.0M   0%        1
     102       0.0GiB       0.0GiB   0%        0.0M        0.0M   0%        1
     103       0.0GiB       0.0GiB   0%        0.0M        0.0M   0%        1
     104       0.0GiB       0.0GiB   0%        0.0M        0.0M   0%        1
     105       0.0GiB       0.0GiB   0%        0.0M        0.0M   0%        1
     106       0.0GiB       0.0GiB   0%        0.0M        0.0M   0%        1
     107       0.0GiB       0.0GiB   0%        0.0M        0.0M   0%        1
     201    1862.1GiB     794.5GiB  43%      195.4M      195.3M 100%        2
     202    1862.1GiB     827.0GiB  44%      195.4M      195.3M 100%        2
     203    1862.1GiB     882.0GiB  47%      195.4M      195.3M 100%        2
     204    1862.1GiB     838.7GiB  45%      195.4M      195.3M 100%        2
     205     931.1GiB     801.3GiB  86%      488.4M      488.4M 100%        2
     206     931.1GiB     815.7GiB  88%      488.4M      488.4M 100%        2
     207     931.1GiB     818.4GiB  88%      488.4M      488.4M 100%        2
     301    1862.1GiB     503.5GiB  27%      195.4M      195.3M 100%        3
     302    1862.1GiB     538.6GiB  29%      195.4M      195.3M 100%        3
     303    1862.1GiB     610.6GiB  33%      195.4M      195.3M 100%        3
     304    1862.1GiB     560.3GiB  30%      195.4M      195.3M 100%        3
     305     931.1GiB     795.4GiB  85%      488.4M      488.4M 100%        3
     306     931.1GiB     807.2GiB  87%      488.4M      488.2M 100%        3
     307     931.1GiB     457.8GiB  49%      488.4M      488.4M 100%        3
     401       0.0GiB       0.0GiB   0%        0.0M        0.0M   0%        4
     402       0.0GiB       0.0GiB   0%        0.0M        0.0M   0%        4
     403       0.0GiB       0.0GiB   0%        0.0M        0.0M   0%        4
     404       0.0GiB       0.0GiB   0%        0.0M        0.0M   0%        4
     405       0.0GiB       0.0GiB   0%        0.0M        0.0M   0%        4
     406       0.0GiB       0.0GiB   0%        0.0M        0.0M   0%        4
     407       0.0GiB       0.0GiB   0%        0.0M        0.0M   0%        4
# WARNINGS (offline nodes, not in active pools): [ERROR from beegfs-storage colva1 [ID: 1]: Communication error]
 [ERROR from beegfs-storage colva1 [ID: 1]: Communication error]
 [ERROR from beegfs-storage colva1 [ID: 1]: Communication error]
 [ERRO

### MDS SPACE (METADATA) BEFORE large_contiguous_write_heavy_seldom_1gb [SSD] run3
### Timestamp: 2026-04-04 09:29:53
TargetID        Total         Free    %      ITotal       IFree    %   NodeID
========        =====         ====    =      ======       =====    =   ======
       1     667.2GiB      34.9GiB   5%       44.5M       37.0M  83%        1

### FILE OST LAYOUT AFTER large_contiguous_write_heavy_seldom_1gb [SSD] run3
### Timestamp: 2026-04-04 09:29:59
  FILE: /mnt/beegfs/advay/ssd/workloads/tmp/workload_large_contiguous_write_heavy_seldom_1gb_f0
    Entry type: file
    EntryID: 0-69D08C86-1
    Stripe pattern details:
    + Type: RAID0
    + Chunksize: 1M
    + Number of storage targets: desired: 4; actual: 4
    + Storage targets:
      + 307 @ colva3 [ID: 3]
      + 205 @ colva2 [ID: 2]
      + 206 @ colva2 [ID: 2]
      + 207 @ colva2 [ID: 2]
    Chunk path: u3E9/6998/D/1-6998D1FE-1/0-69D08C86-1
    Inlined inode: yes
    Dentry info:
     + Path: 9/59/1-6998D1FE-1/
     + Metadata node: anjuna3 [ID: 1]

### OST SPACE (STORAGE) AFTER large_contiguous_write_heavy_seldom_1gb [SSD] run3
### Timestamp: 2026-04-04 09:29:59
TargetID        Total         Free    %      ITotal       IFree    %   NodeID
========        =====         ====    =      ======       =====    =   ======
     101       0.0GiB       0.0GiB   0%        0.0M        0.0M   0%        1
     102       0.0GiB       0.0GiB   0%        0.0M        0.0M   0%        1
     103       0.0GiB       0.0GiB   0%        0.0M        0.0M   0%        1
     104       0.0GiB       0.0GiB   0%        0.0M        0.0M   0%        1
     105       0.0GiB       0.0GiB   0%        0.0M        0.0M   0%        1
     106       0.0GiB       0.0GiB   0%        0.0M        0.0M   0%        1
     107       0.0GiB       0.0GiB   0%        0.0M        0.0M   0%        1
     201    1862.1GiB     794.5GiB  43%      195.4M      195.3M 100%        2
     202    1862.1GiB     827.0GiB  44%      195.4M      195.3M 100%        2
     203    1862.1GiB     882.0GiB  47%      195.4M      195.3M 100%        2
     204    1862.1GiB     838.7GiB  45%      195.4M      195.3M 100%        2
     205     931.1GiB     801.1GiB  86%      488.4M      488.4M 100%        2
     206     931.1GiB     815.4GiB  88%      488.4M      488.4M 100%        2
     207     931.1GiB     818.2GiB  88%      488.4M      488.4M 100%        2
     301    1862.1GiB     503.5GiB  27%      195.4M      195.3M 100%        3
     302    1862.1GiB     538.6GiB  29%      195.4M      195.3M 100%        3
     303    1862.1GiB     610.6GiB  33%      195.4M      195.3M 100%        3
     304    1862.1GiB     560.3GiB  30%      195.4M      195.3M 100%        3
     305     931.1GiB     795.4GiB  85%      488.4M      488.4M 100%        3
     306     931.1GiB     807.2GiB  87%      488.4M      488.2M 100%        3
     307     931.1GiB     457.5GiB  49%      488.4M      488.4M 100%        3
     401       0.0GiB       0.0GiB   0%        0.0M        0.0M   0%        4
     402       0.0GiB       0.0GiB   0%        0.0M        0.0M   0%        4
     403       0.0GiB       0.0GiB   0%        0.0M        0.0M   0%        4
     404       0.0GiB       0.0GiB   0%        0.0M        0.0M   0%        4
     405       0.0GiB       0.0GiB   0%        0.0M        0.0M   0%        4
     406       0.0GiB       0.0GiB   0%        0.0M        0.0M   0%        4
     407       0.0GiB       0.0GiB   0%        0.0M        0.0M   0%        4
# WARNINGS (offline nodes, not in active pools): [ERROR from beegfs-storage colva1 [ID: 1]: Communication error]
 [ERROR from beegfs-storage colva1 [ID: 1]: Communication error]
 [ERROR from beegfs-storage colva1 [ID: 1]: Communication error]
 [ERRO

### MDS SPACE (METADATA) AFTER large_contiguous_write_heavy_seldom_1gb [SSD] run3
### Timestamp: 2026-04-04 09:31:22
TargetID        Total         Free    %      ITotal       IFree    %   NodeID
========        =====         ====    =      ======       =====    =   ======
       1     667.2GiB      34.9GiB   5%       44.5M       37.0M  83%        1

### OST SPACE (STORAGE) BEFORE large_contiguous_write_heavy_seldom_10gb [HDD] run1
### Timestamp: 2026-04-04 09:31:22
TargetID        Total         Free    %      ITotal       IFree    %   NodeID
========        =====         ====    =      ======       =====    =   ======
     101       0.0GiB       0.0GiB   0%        0.0M        0.0M   0%        1
     102       0.0GiB       0.0GiB   0%        0.0M        0.0M   0%        1
     103       0.0GiB       0.0GiB   0%        0.0M        0.0M   0%        1
     104       0.0GiB       0.0GiB   0%        0.0M        0.0M   0%        1
     105       0.0GiB       0.0GiB   0%        0.0M        0.0M   0%        1
     106       0.0GiB       0.0GiB   0%        0.0M        0.0M   0%        1
     107       0.0GiB       0.0GiB   0%        0.0M        0.0M   0%        1
     201    1862.1GiB     794.5GiB  43%      195.4M      195.3M 100%        2
     202    1862.1GiB     827.0GiB  44%      195.4M      195.3M 100%        2
     203    1862.1GiB     882.0GiB  47%      195.4M      195.3M 100%        2
     204    1862.1GiB     838.7GiB  45%      195.4M      195.3M 100%        2
     205     931.1GiB     801.3GiB  86%      488.4M      488.4M 100%        2
     206     931.1GiB     815.7GiB  88%      488.4M      488.4M 100%        2
     207     931.1GiB     818.4GiB  88%      488.4M      488.4M 100%        2
     301    1862.1GiB     503.5GiB  27%      195.4M      195.3M 100%        3
     302    1862.1GiB     538.6GiB  29%      195.4M      195.3M 100%        3
     303    1862.1GiB     610.6GiB  33%      195.4M      195.3M 100%        3
     304    1862.1GiB     560.3GiB  30%      195.4M      195.3M 100%        3
     305     931.1GiB     795.4GiB  85%      488.4M      488.4M 100%        3
     306     931.1GiB     807.2GiB  87%      488.4M      488.2M 100%        3
     307     931.1GiB     457.8GiB  49%      488.4M      488.4M 100%        3
     401       0.0GiB       0.0GiB   0%        0.0M        0.0M   0%        4
     402       0.0GiB       0.0GiB   0%        0.0M        0.0M   0%        4
     403       0.0GiB       0.0GiB   0%        0.0M        0.0M   0%        4
     404       0.0GiB       0.0GiB   0%        0.0M        0.0M   0%        4
     405       0.0GiB       0.0GiB   0%        0.0M        0.0M   0%        4
     406       0.0GiB       0.0GiB   0%        0.0M        0.0M   0%        4
     407       0.0GiB       0.0GiB   0%        0.0M        0.0M   0%        4
# WARNINGS (offline nodes, not in active pools): [ERROR from beegfs-storage colva1 [ID: 1]: Communication error]
 [ERROR from beegfs-storage colva1 [ID: 1]: Communication error]
 [ERROR from beegfs-storage colva1 [ID: 1]: Communication error]
 [ERRO

### MDS SPACE (METADATA) BEFORE large_contiguous_write_heavy_seldom_10gb [HDD] run1
### Timestamp: 2026-04-04 09:32:50
TargetID        Total         Free    %      ITotal       IFree    %   NodeID
========        =====         ====    =      ======       =====    =   ======
       1     667.2GiB      34.9GiB   5%       44.5M       37.0M  83%        1

### FILE OST LAYOUT AFTER large_contiguous_write_heavy_seldom_10gb [HDD] run1
### Timestamp: 2026-04-04 09:33:36
  FILE: /mnt/beegfs/advay/hdd/workloads/tmp/workload_large_contiguous_write_heavy_seldom_10gb_f0
    Entry type: file
    EntryID: 0-69D08D43-1
    Stripe pattern details:
    + Type: RAID0
    + Chunksize: 1M
    + Number of storage targets: desired: 4; actual: 4
    + Storage targets:
      + 201 @ colva2 [ID: 2]
      + 202 @ colva2 [ID: 2]
      + 301 @ colva3 [ID: 3]
      + 303 @ colva3 [ID: 3]
    Chunk path: u3E9/6998/7/0-6998774B-1/0-69D08D43-1
    Inlined inode: yes
    Dentry info:
     + Path: 67/66/0-6998774B-1/
     + Metadata node: anjuna3 [ID: 1]

### OST SPACE (STORAGE) AFTER large_contiguous_write_heavy_seldom_10gb [HDD] run1
### Timestamp: 2026-04-04 09:33:36
TargetID        Total         Free    %      ITotal       IFree    %   NodeID
========        =====         ====    =      ======       =====    =   ======
     101       0.0GiB       0.0GiB   0%        0.0M        0.0M   0%        1
     102       0.0GiB       0.0GiB   0%        0.0M        0.0M   0%        1
     103       0.0GiB       0.0GiB   0%        0.0M        0.0M   0%        1
     104       0.0GiB       0.0GiB   0%        0.0M        0.0M   0%        1
     105       0.0GiB       0.0GiB   0%        0.0M        0.0M   0%        1
     106       0.0GiB       0.0GiB   0%        0.0M        0.0M   0%        1
     107       0.0GiB       0.0GiB   0%        0.0M        0.0M   0%        1
     201    1862.1GiB     792.0GiB  43%      195.4M      195.3M 100%        2
     202    1862.1GiB     824.5GiB  44%      195.4M      195.3M 100%        2
     203    1862.1GiB     882.0GiB  47%      195.4M      195.3M 100%        2
     204    1862.1GiB     838.7GiB  45%      195.4M      195.3M 100%        2
     205     931.1GiB     801.3GiB  86%      488.4M      488.4M 100%        2
     206     931.1GiB     815.7GiB  88%      488.4M      488.4M 100%        2
     207     931.1GiB     818.4GiB  88%      488.4M      488.4M 100%        2
     301    1862.1GiB     501.0GiB  27%      195.4M      195.3M 100%        3
     302    1862.1GiB     538.6GiB  29%      195.4M      195.3M 100%        3
     303    1862.1GiB     608.1GiB  33%      195.4M      195.3M 100%        3
     304    1862.1GiB     560.3GiB  30%      195.4M      195.3M 100%        3
     305     931.1GiB     795.4GiB  85%      488.4M      488.4M 100%        3
     306     931.1GiB     807.2GiB  87%      488.4M      488.2M 100%        3
     307     931.1GiB     457.8GiB  49%      488.4M      488.4M 100%        3
     401       0.0GiB       0.0GiB   0%        0.0M        0.0M   0%        4
     402       0.0GiB       0.0GiB   0%        0.0M        0.0M   0%        4
     403       0.0GiB       0.0GiB   0%        0.0M        0.0M   0%        4
     404       0.0GiB       0.0GiB   0%        0.0M        0.0M   0%        4
     405       0.0GiB       0.0GiB   0%        0.0M        0.0M   0%        4
     406       0.0GiB       0.0GiB   0%        0.0M        0.0M   0%        4
     407       0.0GiB       0.0GiB   0%        0.0M        0.0M   0%        4
# WARNINGS (offline nodes, not in active pools): [ERROR from beegfs-storage colva1 [ID: 1]: Communication error]
 [ERROR from beegfs-storage colva1 [ID: 1]: Communication error]
 [ERROR from beegfs-storage colva1 [ID: 1]: Communication error]
 [ERRO

### MDS SPACE (METADATA) AFTER large_contiguous_write_heavy_seldom_10gb [HDD] run1
### Timestamp: 2026-04-04 09:35:02
TargetID        Total         Free    %      ITotal       IFree    %   NodeID
========        =====         ====    =      ======       =====    =   ======
       1     667.2GiB      34.9GiB   5%       44.5M       37.0M  83%        1

### OST SPACE (STORAGE) BEFORE large_contiguous_write_heavy_seldom_10gb [HDD] run2
### Timestamp: 2026-04-04 09:35:02
TargetID        Total         Free    %      ITotal       IFree    %   NodeID
========        =====         ====    =      ======       =====    =   ======
     101       0.0GiB       0.0GiB   0%        0.0M        0.0M   0%        1
     102       0.0GiB       0.0GiB   0%        0.0M        0.0M   0%        1
     103       0.0GiB       0.0GiB   0%        0.0M        0.0M   0%        1
     104       0.0GiB       0.0GiB   0%        0.0M        0.0M   0%        1
     105       0.0GiB       0.0GiB   0%        0.0M        0.0M   0%        1
     106       0.0GiB       0.0GiB   0%        0.0M        0.0M   0%        1
     107       0.0GiB       0.0GiB   0%        0.0M        0.0M   0%        1
     201    1862.1GiB     794.5GiB  43%      195.4M      195.3M 100%        2
     202    1862.1GiB     827.0GiB  44%      195.4M      195.3M 100%        2
     203    1862.1GiB     882.0GiB  47%      195.4M      195.3M 100%        2
     204    1862.1GiB     838.7GiB  45%      195.4M      195.3M 100%        2
     205     931.1GiB     801.3GiB  86%      488.4M      488.4M 100%        2
     206     931.1GiB     815.7GiB  88%      488.4M      488.4M 100%        2
     207     931.1GiB     818.4GiB  88%      488.4M      488.4M 100%        2
     301    1862.1GiB     503.5GiB  27%      195.4M      195.3M 100%        3
     302    1862.1GiB     538.6GiB  29%      195.4M      195.3M 100%        3
     303    1862.1GiB     610.6GiB  33%      195.4M      195.3M 100%        3
     304    1862.1GiB     560.3GiB  30%      195.4M      195.3M 100%        3
     305     931.1GiB     795.4GiB  85%      488.4M      488.4M 100%        3
     306     931.1GiB     807.2GiB  87%      488.4M      488.2M 100%        3
     307     931.1GiB     457.8GiB  49%      488.4M      488.4M 100%        3
     401       0.0GiB       0.0GiB   0%        0.0M        0.0M   0%        4
     402       0.0GiB       0.0GiB   0%        0.0M        0.0M   0%        4
     403       0.0GiB       0.0GiB   0%        0.0M        0.0M   0%        4
     404       0.0GiB       0.0GiB   0%        0.0M        0.0M   0%        4
     405       0.0GiB       0.0GiB   0%        0.0M        0.0M   0%        4
     406       0.0GiB       0.0GiB   0%        0.0M        0.0M   0%        4
     407       0.0GiB       0.0GiB   0%        0.0M        0.0M   0%        4
# WARNINGS (offline nodes, not in active pools): [ERROR from beegfs-storage colva1 [ID: 1]: Communication error]
 [ERROR from beegfs-storage colva1 [ID: 1]: Communication error]
 [ERROR from beegfs-storage colva1 [ID: 1]: Communication error]
 [ERRO

### MDS SPACE (METADATA) BEFORE large_contiguous_write_heavy_seldom_10gb [HDD] run2
### Timestamp: 2026-04-04 09:36:28
TargetID        Total         Free    %      ITotal       IFree    %   NodeID
========        =====         ====    =      ======       =====    =   ======
       1     667.2GiB      34.9GiB   5%       44.5M       37.0M  83%        1

### FILE OST LAYOUT AFTER large_contiguous_write_heavy_seldom_10gb [HDD] run2
### Timestamp: 2026-04-04 09:37:14
  FILE: /mnt/beegfs/advay/hdd/workloads/tmp/workload_large_contiguous_write_heavy_seldom_10gb_f0
    Entry type: file
    EntryID: 0-69D08E3F-1
    Stripe pattern details:
    + Type: RAID0
    + Chunksize: 1M
    + Number of storage targets: desired: 4; actual: 4
    + Storage targets:
      + 204 @ colva2 [ID: 2]
      + 302 @ colva3 [ID: 3]
      + 303 @ colva3 [ID: 3]
      + 201 @ colva2 [ID: 2]
    Chunk path: u3E9/6998/7/0-6998774B-1/0-69D08E3F-1
    Inlined inode: yes
    Dentry info:
     + Path: 67/66/0-6998774B-1/
     + Metadata node: anjuna3 [ID: 1]

### OST SPACE (STORAGE) AFTER large_contiguous_write_heavy_seldom_10gb [HDD] run2
### Timestamp: 2026-04-04 09:37:14
TargetID        Total         Free    %      ITotal       IFree    %   NodeID
========        =====         ====    =      ======       =====    =   ======
     101       0.0GiB       0.0GiB   0%        0.0M        0.0M   0%        1
     102       0.0GiB       0.0GiB   0%        0.0M        0.0M   0%        1
     103       0.0GiB       0.0GiB   0%        0.0M        0.0M   0%        1
     104       0.0GiB       0.0GiB   0%        0.0M        0.0M   0%        1
     105       0.0GiB       0.0GiB   0%        0.0M        0.0M   0%        1
     106       0.0GiB       0.0GiB   0%        0.0M        0.0M   0%        1
     107       0.0GiB       0.0GiB   0%        0.0M        0.0M   0%        1
     201    1862.1GiB     792.0GiB  43%      195.4M      195.3M 100%        2
     202    1862.1GiB     827.0GiB  44%      195.4M      195.3M 100%        2
     203    1862.1GiB     882.0GiB  47%      195.4M      195.3M 100%        2
     204    1862.1GiB     836.2GiB  45%      195.4M      195.3M 100%        2
     205     931.1GiB     801.3GiB  86%      488.4M      488.4M 100%        2
     206     931.1GiB     815.7GiB  88%      488.4M      488.4M 100%        2
     207     931.1GiB     818.4GiB  88%      488.4M      488.4M 100%        2
     301    1862.1GiB     503.5GiB  27%      195.4M      195.3M 100%        3
     302    1862.1GiB     536.1GiB  29%      195.4M      195.3M 100%        3
     303    1862.1GiB     608.1GiB  33%      195.4M      195.3M 100%        3
     304    1862.1GiB     560.3GiB  30%      195.4M      195.3M 100%        3
     305     931.1GiB     795.4GiB  85%      488.4M      488.4M 100%        3
     306     931.1GiB     807.2GiB  87%      488.4M      488.2M 100%        3
     307     931.1GiB     457.8GiB  49%      488.4M      488.4M 100%        3
     401       0.0GiB       0.0GiB   0%        0.0M        0.0M   0%        4
     402       0.0GiB       0.0GiB   0%        0.0M        0.0M   0%        4
     403       0.0GiB       0.0GiB   0%        0.0M        0.0M   0%        4
     404       0.0GiB       0.0GiB   0%        0.0M        0.0M   0%        4
     405       0.0GiB       0.0GiB   0%        0.0M        0.0M   0%        4
     406       0.0GiB       0.0GiB   0%        0.0M        0.0M   0%        4
     407       0.0GiB       0.0GiB   0%        0.0M        0.0M   0%        4
# WARNINGS (offline nodes, not in active pools): [ERROR from beegfs-storage colva1 [ID: 1]: Communication error]
 [ERROR from beegfs-storage colva1 [ID: 1]: Communication error]
 [ERROR from beegfs-storage colva1 [ID: 1]: Communication error]
 [ERRO

### MDS SPACE (METADATA) AFTER large_contiguous_write_heavy_seldom_10gb [HDD] run2
### Timestamp: 2026-04-04 09:38:40
TargetID        Total         Free    %      ITotal       IFree    %   NodeID
========        =====         ====    =      ======       =====    =   ======
       1     667.2GiB      34.9GiB   5%       44.5M       37.0M  83%        1

### OST SPACE (STORAGE) BEFORE large_contiguous_write_heavy_seldom_10gb [HDD] run3
### Timestamp: 2026-04-04 09:38:40
TargetID        Total         Free    %      ITotal       IFree    %   NodeID
========        =====         ====    =      ======       =====    =   ======
     101       0.0GiB       0.0GiB   0%        0.0M        0.0M   0%        1
     102       0.0GiB       0.0GiB   0%        0.0M        0.0M   0%        1
     103       0.0GiB       0.0GiB   0%        0.0M        0.0M   0%        1
     104       0.0GiB       0.0GiB   0%        0.0M        0.0M   0%        1
     105       0.0GiB       0.0GiB   0%        0.0M        0.0M   0%        1
     106       0.0GiB       0.0GiB   0%        0.0M        0.0M   0%        1
     107       0.0GiB       0.0GiB   0%        0.0M        0.0M   0%        1
     201    1862.1GiB     794.5GiB  43%      195.4M      195.3M 100%        2
     202    1862.1GiB     827.0GiB  44%      195.4M      195.3M 100%        2
     203    1862.1GiB     882.0GiB  47%      195.4M      195.3M 100%        2
     204    1862.1GiB     838.7GiB  45%      195.4M      195.3M 100%        2
     205     931.1GiB     801.3GiB  86%      488.4M      488.4M 100%        2
     206     931.1GiB     815.7GiB  88%      488.4M      488.4M 100%        2
     207     931.1GiB     818.4GiB  88%      488.4M      488.4M 100%        2
     301    1862.1GiB     503.5GiB  27%      195.4M      195.3M 100%        3
     302    1862.1GiB     538.6GiB  29%      195.4M      195.3M 100%        3
     303    1862.1GiB     610.6GiB  33%      195.4M      195.3M 100%        3
     304    1862.1GiB     560.3GiB  30%      195.4M      195.3M 100%        3
     305     931.1GiB     795.4GiB  85%      488.4M      488.4M 100%        3
     306     931.1GiB     807.2GiB  87%      488.4M      488.2M 100%        3
     307     931.1GiB     457.8GiB  49%      488.4M      488.4M 100%        3
     401       0.0GiB       0.0GiB   0%        0.0M        0.0M   0%        4
     402       0.0GiB       0.0GiB   0%        0.0M        0.0M   0%        4
     403       0.0GiB       0.0GiB   0%        0.0M        0.0M   0%        4
     404       0.0GiB       0.0GiB   0%        0.0M        0.0M   0%        4
     405       0.0GiB       0.0GiB   0%        0.0M        0.0M   0%        4
     406       0.0GiB       0.0GiB   0%        0.0M        0.0M   0%        4
     407       0.0GiB       0.0GiB   0%        0.0M        0.0M   0%        4
# WARNINGS (offline nodes, not in active pools): [ERROR from beegfs-storage colva1 [ID: 1]: Communication error]
 [ERROR from beegfs-storage colva1 [ID: 1]: Communication error]
 [ERROR from beegfs-storage colva1 [ID: 1]: Communication error]
 [ERRO

### MDS SPACE (METADATA) BEFORE large_contiguous_write_heavy_seldom_10gb [HDD] run3
### Timestamp: 2026-04-04 09:40:06
TargetID        Total         Free    %      ITotal       IFree    %   NodeID
========        =====         ====    =      ======       =====    =   ======
       1     667.2GiB      34.9GiB   5%       44.5M       37.0M  83%        1

### FILE OST LAYOUT AFTER large_contiguous_write_heavy_seldom_10gb [HDD] run3
### Timestamp: 2026-04-04 09:40:53
  FILE: /mnt/beegfs/advay/hdd/workloads/tmp/workload_large_contiguous_write_heavy_seldom_10gb_f0
    Entry type: file
    EntryID: 0-69D08EFC-1
    Stripe pattern details:
    + Type: RAID0
    + Chunksize: 1M
    + Number of storage targets: desired: 4; actual: 4
    + Storage targets:
      + 204 @ colva2 [ID: 2]
      + 302 @ colva3 [ID: 3]
      + 304 @ colva3 [ID: 3]
      + 203 @ colva2 [ID: 2]
    Chunk path: u3E9/6998/7/0-6998774B-1/0-69D08EFC-1
    Inlined inode: yes
    Dentry info:
     + Path: 67/66/0-6998774B-1/
     + Metadata node: anjuna3 [ID: 1]

### OST SPACE (STORAGE) AFTER large_contiguous_write_heavy_seldom_10gb [HDD] run3
### Timestamp: 2026-04-04 09:40:53
TargetID        Total         Free    %      ITotal       IFree    %   NodeID
========        =====         ====    =      ======       =====    =   ======
     101       0.0GiB       0.0GiB   0%        0.0M        0.0M   0%        1
     102       0.0GiB       0.0GiB   0%        0.0M        0.0M   0%        1
     103       0.0GiB       0.0GiB   0%        0.0M        0.0M   0%        1
     104       0.0GiB       0.0GiB   0%        0.0M        0.0M   0%        1
     105       0.0GiB       0.0GiB   0%        0.0M        0.0M   0%        1
     106       0.0GiB       0.0GiB   0%        0.0M        0.0M   0%        1
     107       0.0GiB       0.0GiB   0%        0.0M        0.0M   0%        1
     201    1862.1GiB     794.5GiB  43%      195.4M      195.3M 100%        2
     202    1862.1GiB     827.0GiB  44%      195.4M      195.3M 100%        2
     203    1862.1GiB     879.5GiB  47%      195.4M      195.3M 100%        2
     204    1862.1GiB     836.2GiB  45%      195.4M      195.3M 100%        2
     205     931.1GiB     801.3GiB  86%      488.4M      488.4M 100%        2
     206     931.1GiB     815.7GiB  88%      488.4M      488.4M 100%        2
     207     931.1GiB     818.4GiB  88%      488.4M      488.4M 100%        2
     301    1862.1GiB     503.5GiB  27%      195.4M      195.3M 100%        3
     302    1862.1GiB     536.1GiB  29%      195.4M      195.3M 100%        3
     303    1862.1GiB     610.6GiB  33%      195.4M      195.3M 100%        3
     304    1862.1GiB     557.8GiB  30%      195.4M      195.3M 100%        3
     305     931.1GiB     795.4GiB  85%      488.4M      488.4M 100%        3
     306     931.1GiB     807.2GiB  87%      488.4M      488.2M 100%        3
     307     931.1GiB     457.8GiB  49%      488.4M      488.4M 100%        3
     401       0.0GiB       0.0GiB   0%        0.0M        0.0M   0%        4
     402       0.0GiB       0.0GiB   0%        0.0M        0.0M   0%        4
     403       0.0GiB       0.0GiB   0%        0.0M        0.0M   0%        4
     404       0.0GiB       0.0GiB   0%        0.0M        0.0M   0%        4
     405       0.0GiB       0.0GiB   0%        0.0M        0.0M   0%        4
     406       0.0GiB       0.0GiB   0%        0.0M        0.0M   0%        4
     407       0.0GiB       0.0GiB   0%        0.0M        0.0M   0%        4
# WARNINGS (offline nodes, not in active pools): [ERROR from beegfs-storage colva1 [ID: 1]: Communication error]
 [ERROR from beegfs-storage colva1 [ID: 1]: Communication error]
 [ERROR from beegfs-storage colva1 [ID: 1]: Communication error]
 [ERRO

### MDS SPACE (METADATA) AFTER large_contiguous_write_heavy_seldom_10gb [HDD] run3
### Timestamp: 2026-04-04 09:42:19
TargetID        Total         Free    %      ITotal       IFree    %   NodeID
========        =====         ====    =      ======       =====    =   ======
       1     667.2GiB      34.9GiB   5%       44.5M       37.0M  83%        1

### OST SPACE (STORAGE) BEFORE large_contiguous_write_heavy_seldom_10gb [SSD] run1
### Timestamp: 2026-04-04 09:42:19
TargetID        Total         Free    %      ITotal       IFree    %   NodeID
========        =====         ====    =      ======       =====    =   ======
     101       0.0GiB       0.0GiB   0%        0.0M        0.0M   0%        1
     102       0.0GiB       0.0GiB   0%        0.0M        0.0M   0%        1
     103       0.0GiB       0.0GiB   0%        0.0M        0.0M   0%        1
     104       0.0GiB       0.0GiB   0%        0.0M        0.0M   0%        1
     105       0.0GiB       0.0GiB   0%        0.0M        0.0M   0%        1
     106       0.0GiB       0.0GiB   0%        0.0M        0.0M   0%        1
     107       0.0GiB       0.0GiB   0%        0.0M        0.0M   0%        1
     201    1862.1GiB     794.5GiB  43%      195.4M      195.3M 100%        2
     202    1862.1GiB     827.0GiB  44%      195.4M      195.3M 100%        2
     203    1862.1GiB     882.0GiB  47%      195.4M      195.3M 100%        2
     204    1862.1GiB     838.7GiB  45%      195.4M      195.3M 100%        2
     205     931.1GiB     801.3GiB  86%      488.4M      488.4M 100%        2
     206     931.1GiB     815.7GiB  88%      488.4M      488.4M 100%        2
     207     931.1GiB     818.4GiB  88%      488.4M      488.4M 100%        2
     301    1862.1GiB     503.5GiB  27%      195.4M      195.3M 100%        3
     302    1862.1GiB     538.6GiB  29%      195.4M      195.3M 100%        3
     303    1862.1GiB     610.6GiB  33%      195.4M      195.3M 100%        3
     304    1862.1GiB     560.3GiB  30%      195.4M      195.3M 100%        3
     305     931.1GiB     795.4GiB  85%      488.4M      488.4M 100%        3
     306     931.1GiB     807.2GiB  87%      488.4M      488.2M 100%        3
     307     931.1GiB     457.8GiB  49%      488.4M      488.4M 100%        3
     401       0.0GiB       0.0GiB   0%        0.0M        0.0M   0%        4
     402       0.0GiB       0.0GiB   0%        0.0M        0.0M   0%        4
     403       0.0GiB       0.0GiB   0%        0.0M        0.0M   0%        4
     404       0.0GiB       0.0GiB   0%        0.0M        0.0M   0%        4
     405       0.0GiB       0.0GiB   0%        0.0M        0.0M   0%        4
     406       0.0GiB       0.0GiB   0%        0.0M        0.0M   0%        4
     407       0.0GiB       0.0GiB   0%        0.0M        0.0M   0%        4
# WARNINGS (offline nodes, not in active pools): [ERROR from beegfs-storage colva1 [ID: 1]: Communication error]
 [ERROR from beegfs-storage colva1 [ID: 1]: Communication error]
 [ERROR from beegfs-storage colva1 [ID: 1]: Communication error]
 [ERRO

### MDS SPACE (METADATA) BEFORE large_contiguous_write_heavy_seldom_10gb [SSD] run1
### Timestamp: 2026-04-04 09:43:45
TargetID        Total         Free    %      ITotal       IFree    %   NodeID
========        =====         ====    =      ======       =====    =   ======
       1     667.2GiB      34.9GiB   5%       44.5M       37.0M  83%        1

### FILE OST LAYOUT AFTER large_contiguous_write_heavy_seldom_10gb [SSD] run1
### Timestamp: 2026-04-04 09:44:25
  FILE: /mnt/beegfs/advay/ssd/workloads/tmp/workload_large_contiguous_write_heavy_seldom_10gb_f0
    Entry type: file
    EntryID: 0-69D08FF8-1
    Stripe pattern details:
    + Type: RAID0
    + Chunksize: 1M
    + Number of storage targets: desired: 4; actual: 4
    + Storage targets:
      + 307 @ colva3 [ID: 3]
      + 205 @ colva2 [ID: 2]
      + 206 @ colva2 [ID: 2]
      + 207 @ colva2 [ID: 2]
    Chunk path: u3E9/6998/D/1-6998D1FE-1/0-69D08FF8-1
    Inlined inode: yes
    Dentry info:
     + Path: 9/59/1-6998D1FE-1/
     + Metadata node: anjuna3 [ID: 1]

### OST SPACE (STORAGE) AFTER large_contiguous_write_heavy_seldom_10gb [SSD] run1
### Timestamp: 2026-04-04 09:44:25
TargetID        Total         Free    %      ITotal       IFree    %   NodeID
========        =====         ====    =      ======       =====    =   ======
     101       0.0GiB       0.0GiB   0%        0.0M        0.0M   0%        1
     102       0.0GiB       0.0GiB   0%        0.0M        0.0M   0%        1
     103       0.0GiB       0.0GiB   0%        0.0M        0.0M   0%        1
     104       0.0GiB       0.0GiB   0%        0.0M        0.0M   0%        1
     105       0.0GiB       0.0GiB   0%        0.0M        0.0M   0%        1
     106       0.0GiB       0.0GiB   0%        0.0M        0.0M   0%        1
     107       0.0GiB       0.0GiB   0%        0.0M        0.0M   0%        1
     201    1862.1GiB     794.5GiB  43%      195.4M      195.3M 100%        2
     202    1862.1GiB     827.0GiB  44%      195.4M      195.3M 100%        2
     203    1862.1GiB     882.0GiB  47%      195.4M      195.3M 100%        2
     204    1862.1GiB     838.7GiB  45%      195.4M      195.3M 100%        2
     205     931.1GiB     798.8GiB  86%      488.4M      488.4M 100%        2
     206     931.1GiB     813.2GiB  87%      488.4M      488.4M 100%        2
     207     931.1GiB     815.9GiB  88%      488.4M      488.4M 100%        2
     301    1862.1GiB     503.5GiB  27%      195.4M      195.3M 100%        3
     302    1862.1GiB     538.6GiB  29%      195.4M      195.3M 100%        3
     303    1862.1GiB     610.6GiB  33%      195.4M      195.3M 100%        3
     304    1862.1GiB     560.3GiB  30%      195.4M      195.3M 100%        3
     305     931.1GiB     795.4GiB  85%      488.4M      488.4M 100%        3
     306     931.1GiB     807.2GiB  87%      488.4M      488.2M 100%        3
     307     931.1GiB     455.3GiB  49%      488.4M      488.4M 100%        3
     401       0.0GiB       0.0GiB   0%        0.0M        0.0M   0%        4
     402       0.0GiB       0.0GiB   0%        0.0M        0.0M   0%        4
     403       0.0GiB       0.0GiB   0%        0.0M        0.0M   0%        4
     404       0.0GiB       0.0GiB   0%        0.0M        0.0M   0%        4
     405       0.0GiB       0.0GiB   0%        0.0M        0.0M   0%        4
     406       0.0GiB       0.0GiB   0%        0.0M        0.0M   0%        4
     407       0.0GiB       0.0GiB   0%        0.0M        0.0M   0%        4
# WARNINGS (offline nodes, not in active pools): [ERROR from beegfs-storage colva1 [ID: 1]: Communication error]
 [ERROR from beegfs-storage colva1 [ID: 1]: Communication error]
 [ERROR from beegfs-storage colva1 [ID: 1]: Communication error]
 [ERRO

### MDS SPACE (METADATA) AFTER large_contiguous_write_heavy_seldom_10gb [SSD] run1
### Timestamp: 2026-04-04 09:45:48
TargetID        Total         Free    %      ITotal       IFree    %   NodeID
========        =====         ====    =      ======       =====    =   ======
       1     667.2GiB      34.9GiB   5%       44.5M       37.0M  83%        1

### OST SPACE (STORAGE) BEFORE large_contiguous_write_heavy_seldom_10gb [SSD] run2
### Timestamp: 2026-04-04 09:45:48
TargetID        Total         Free    %      ITotal       IFree    %   NodeID
========        =====         ====    =      ======       =====    =   ======
     101       0.0GiB       0.0GiB   0%        0.0M        0.0M   0%        1
     102       0.0GiB       0.0GiB   0%        0.0M        0.0M   0%        1
     103       0.0GiB       0.0GiB   0%        0.0M        0.0M   0%        1
     104       0.0GiB       0.0GiB   0%        0.0M        0.0M   0%        1
     105       0.0GiB       0.0GiB   0%        0.0M        0.0M   0%        1
     106       0.0GiB       0.0GiB   0%        0.0M        0.0M   0%        1
     107       0.0GiB       0.0GiB   0%        0.0M        0.0M   0%        1
     201    1862.1GiB     794.5GiB  43%      195.4M      195.3M 100%        2
     202    1862.1GiB     827.0GiB  44%      195.4M      195.3M 100%        2
     203    1862.1GiB     882.0GiB  47%      195.4M      195.3M 100%        2
     204    1862.1GiB     838.7GiB  45%      195.4M      195.3M 100%        2
     205     931.1GiB     801.3GiB  86%      488.4M      488.4M 100%        2
     206     931.1GiB     815.7GiB  88%      488.4M      488.4M 100%        2
     207     931.1GiB     818.4GiB  88%      488.4M      488.4M 100%        2
     301    1862.1GiB     503.5GiB  27%      195.4M      195.3M 100%        3
     302    1862.1GiB     538.6GiB  29%      195.4M      195.3M 100%        3
     303    1862.1GiB     610.6GiB  33%      195.4M      195.3M 100%        3
     304    1862.1GiB     560.3GiB  30%      195.4M      195.3M 100%        3
     305     931.1GiB     795.4GiB  85%      488.4M      488.4M 100%        3
     306     931.1GiB     807.2GiB  87%      488.4M      488.2M 100%        3
     307     931.1GiB     457.8GiB  49%      488.4M      488.4M 100%        3
     401       0.0GiB       0.0GiB   0%        0.0M        0.0M   0%        4
     402       0.0GiB       0.0GiB   0%        0.0M        0.0M   0%        4
     403       0.0GiB       0.0GiB   0%        0.0M        0.0M   0%        4
     404       0.0GiB       0.0GiB   0%        0.0M        0.0M   0%        4
     405       0.0GiB       0.0GiB   0%        0.0M        0.0M   0%        4
     406       0.0GiB       0.0GiB   0%        0.0M        0.0M   0%        4
     407       0.0GiB       0.0GiB   0%        0.0M        0.0M   0%        4
# WARNINGS (offline nodes, not in active pools): [ERROR from beegfs-storage colva1 [ID: 1]: Communication error]
 [ERROR from beegfs-storage colva1 [ID: 1]: Communication error]
 [ERROR from beegfs-storage colva1 [ID: 1]: Communication error]
 [ERRO

### MDS SPACE (METADATA) BEFORE large_contiguous_write_heavy_seldom_10gb [SSD] run2
### Timestamp: 2026-04-04 09:47:14
TargetID        Total         Free    %      ITotal       IFree    %   NodeID
========        =====         ====    =      ======       =====    =   ======
       1     667.2GiB      34.9GiB   5%       44.5M       37.0M  83%        1

### FILE OST LAYOUT AFTER large_contiguous_write_heavy_seldom_10gb [SSD] run2
### Timestamp: 2026-04-04 09:47:55
  FILE: /mnt/beegfs/advay/ssd/workloads/tmp/workload_large_contiguous_write_heavy_seldom_10gb_f0
    Entry type: file
    EntryID: 0-69D090B4-1
    Stripe pattern details:
    + Type: RAID0
    + Chunksize: 1M
    + Number of storage targets: desired: 4; actual: 4
    + Storage targets:
      + 205 @ colva2 [ID: 2]
      + 206 @ colva2 [ID: 2]
      + 207 @ colva2 [ID: 2]
      + 307 @ colva3 [ID: 3]
    Chunk path: u3E9/6998/D/1-6998D1FE-1/0-69D090B4-1
    Inlined inode: yes
    Dentry info:
     + Path: 9/59/1-6998D1FE-1/
     + Metadata node: anjuna3 [ID: 1]

### OST SPACE (STORAGE) AFTER large_contiguous_write_heavy_seldom_10gb [SSD] run2
### Timestamp: 2026-04-04 09:47:55
TargetID        Total         Free    %      ITotal       IFree    %   NodeID
========        =====         ====    =      ======       =====    =   ======
     101       0.0GiB       0.0GiB   0%        0.0M        0.0M   0%        1
     102       0.0GiB       0.0GiB   0%        0.0M        0.0M   0%        1
     103       0.0GiB       0.0GiB   0%        0.0M        0.0M   0%        1
     104       0.0GiB       0.0GiB   0%        0.0M        0.0M   0%        1
     105       0.0GiB       0.0GiB   0%        0.0M        0.0M   0%        1
     106       0.0GiB       0.0GiB   0%        0.0M        0.0M   0%        1
     107       0.0GiB       0.0GiB   0%        0.0M        0.0M   0%        1
     201    1862.1GiB     794.5GiB  43%      195.4M      195.3M 100%        2
     202    1862.1GiB     827.0GiB  44%      195.4M      195.3M 100%        2
     203    1862.1GiB     882.0GiB  47%      195.4M      195.3M 100%        2
     204    1862.1GiB     838.7GiB  45%      195.4M      195.3M 100%        2
     205     931.1GiB     798.8GiB  86%      488.4M      488.4M 100%        2
     206     931.1GiB     813.2GiB  87%      488.4M      488.4M 100%        2
     207     931.1GiB     815.9GiB  88%      488.4M      488.4M 100%        2
     301    1862.1GiB     503.5GiB  27%      195.4M      195.3M 100%        3
     302    1862.1GiB     538.6GiB  29%      195.4M      195.3M 100%        3
     303    1862.1GiB     610.6GiB  33%      195.4M      195.3M 100%        3
     304    1862.1GiB     560.3GiB  30%      195.4M      195.3M 100%        3
     305     931.1GiB     795.4GiB  85%      488.4M      488.4M 100%        3
     306     931.1GiB     807.2GiB  87%      488.4M      488.2M 100%        3
     307     931.1GiB     455.3GiB  49%      488.4M      488.4M 100%        3
     401       0.0GiB       0.0GiB   0%        0.0M        0.0M   0%        4
     402       0.0GiB       0.0GiB   0%        0.0M        0.0M   0%        4
     403       0.0GiB       0.0GiB   0%        0.0M        0.0M   0%        4
     404       0.0GiB       0.0GiB   0%        0.0M        0.0M   0%        4
     405       0.0GiB       0.0GiB   0%        0.0M        0.0M   0%        4
     406       0.0GiB       0.0GiB   0%        0.0M        0.0M   0%        4
     407       0.0GiB       0.0GiB   0%        0.0M        0.0M   0%        4
# WARNINGS (offline nodes, not in active pools): [ERROR from beegfs-storage colva1 [ID: 1]: Communication error]
 [ERROR from beegfs-storage colva1 [ID: 1]: Communication error]
 [ERROR from beegfs-storage colva1 [ID: 1]: Communication error]
 [ERRO

### MDS SPACE (METADATA) AFTER large_contiguous_write_heavy_seldom_10gb [SSD] run2
### Timestamp: 2026-04-04 09:49:17
TargetID        Total         Free    %      ITotal       IFree    %   NodeID
========        =====         ====    =      ======       =====    =   ======
       1     667.2GiB      34.9GiB   5%       44.5M       37.0M  83%        1

### OST SPACE (STORAGE) BEFORE large_contiguous_write_heavy_seldom_10gb [SSD] run3
### Timestamp: 2026-04-04 09:49:17
TargetID        Total         Free    %      ITotal       IFree    %   NodeID
========        =====         ====    =      ======       =====    =   ======
     101       0.0GiB       0.0GiB   0%        0.0M        0.0M   0%        1
     102       0.0GiB       0.0GiB   0%        0.0M        0.0M   0%        1
     103       0.0GiB       0.0GiB   0%        0.0M        0.0M   0%        1
     104       0.0GiB       0.0GiB   0%        0.0M        0.0M   0%        1
     105       0.0GiB       0.0GiB   0%        0.0M        0.0M   0%        1
     106       0.0GiB       0.0GiB   0%        0.0M        0.0M   0%        1
     107       0.0GiB       0.0GiB   0%        0.0M        0.0M   0%        1
     201    1862.1GiB     794.5GiB  43%      195.4M      195.3M 100%        2
     202    1862.1GiB     827.0GiB  44%      195.4M      195.3M 100%        2
     203    1862.1GiB     882.0GiB  47%      195.4M      195.3M 100%        2
     204    1862.1GiB     838.7GiB  45%      195.4M      195.3M 100%        2
     205     931.1GiB     801.3GiB  86%      488.4M      488.4M 100%        2
     206     931.1GiB     815.7GiB  88%      488.4M      488.4M 100%        2
     207     931.1GiB     818.4GiB  88%      488.4M      488.4M 100%        2
     301    1862.1GiB     503.5GiB  27%      195.4M      195.3M 100%        3
     302    1862.1GiB     538.6GiB  29%      195.4M      195.3M 100%        3
     303    1862.1GiB     610.6GiB  33%      195.4M      195.3M 100%        3
     304    1862.1GiB     560.3GiB  30%      195.4M      195.3M 100%        3
     305     931.1GiB     795.4GiB  85%      488.4M      488.4M 100%        3
     306     931.1GiB     807.2GiB  87%      488.4M      488.2M 100%        3
     307     931.1GiB     457.8GiB  49%      488.4M      488.4M 100%        3
     401       0.0GiB       0.0GiB   0%        0.0M        0.0M   0%        4
     402       0.0GiB       0.0GiB   0%        0.0M        0.0M   0%        4
     403       0.0GiB       0.0GiB   0%        0.0M        0.0M   0%        4
     404       0.0GiB       0.0GiB   0%        0.0M        0.0M   0%        4
     405       0.0GiB       0.0GiB   0%        0.0M        0.0M   0%        4
     406       0.0GiB       0.0GiB   0%        0.0M        0.0M   0%        4
     407       0.0GiB       0.0GiB   0%        0.0M        0.0M   0%        4
# WARNINGS (offline nodes, not in active pools): [ERROR from beegfs-storage colva1 [ID: 1]: Communication error]
 [ERROR from beegfs-storage colva1 [ID: 1]: Communication error]
 [ERROR from beegfs-storage colva1 [ID: 1]: Communication error]
 [ERRO

### MDS SPACE (METADATA) BEFORE large_contiguous_write_heavy_seldom_10gb [SSD] run3
### Timestamp: 2026-04-04 09:50:43
TargetID        Total         Free    %      ITotal       IFree    %   NodeID
========        =====         ====    =      ======       =====    =   ======
       1     667.2GiB      34.9GiB   5%       44.5M       37.0M  83%        1

### FILE OST LAYOUT AFTER large_contiguous_write_heavy_seldom_10gb [SSD] run3
### Timestamp: 2026-04-04 09:51:23
  FILE: /mnt/beegfs/advay/ssd/workloads/tmp/workload_large_contiguous_write_heavy_seldom_10gb_f0
    Entry type: file
    EntryID: 0-69D09171-1
    Stripe pattern details:
    + Type: RAID0
    + Chunksize: 1M
    + Number of storage targets: desired: 4; actual: 4
    + Storage targets:
      + 305 @ colva3 [ID: 3]
      + 306 @ colva3 [ID: 3]
      + 307 @ colva3 [ID: 3]
      + 207 @ colva2 [ID: 2]
    Chunk path: u3E9/6998/D/1-6998D1FE-1/0-69D09171-1
    Inlined inode: yes
    Dentry info:
     + Path: 9/59/1-6998D1FE-1/
     + Metadata node: anjuna3 [ID: 1]

### OST SPACE (STORAGE) AFTER large_contiguous_write_heavy_seldom_10gb [SSD] run3
### Timestamp: 2026-04-04 09:51:23
TargetID        Total         Free    %      ITotal       IFree    %   NodeID
========        =====         ====    =      ======       =====    =   ======
     101       0.0GiB       0.0GiB   0%        0.0M        0.0M   0%        1
     102       0.0GiB       0.0GiB   0%        0.0M        0.0M   0%        1
     103       0.0GiB       0.0GiB   0%        0.0M        0.0M   0%        1
     104       0.0GiB       0.0GiB   0%        0.0M        0.0M   0%        1
     105       0.0GiB       0.0GiB   0%        0.0M        0.0M   0%        1
     106       0.0GiB       0.0GiB   0%        0.0M        0.0M   0%        1
     107       0.0GiB       0.0GiB   0%        0.0M        0.0M   0%        1
     201    1862.1GiB     794.5GiB  43%      195.4M      195.3M 100%        2
     202    1862.1GiB     827.0GiB  44%      195.4M      195.3M 100%        2
     203    1862.1GiB     882.0GiB  47%      195.4M      195.3M 100%        2
     204    1862.1GiB     838.7GiB  45%      195.4M      195.3M 100%        2
     205     931.1GiB     801.3GiB  86%      488.4M      488.4M 100%        2
     206     931.1GiB     815.7GiB  88%      488.4M      488.4M 100%        2
     207     931.1GiB     815.9GiB  88%      488.4M      488.4M 100%        2
     301    1862.1GiB     503.5GiB  27%      195.4M      195.3M 100%        3
     302    1862.1GiB     538.6GiB  29%      195.4M      195.3M 100%        3
     303    1862.1GiB     610.6GiB  33%      195.4M      195.3M 100%        3
     304    1862.1GiB     560.3GiB  30%      195.4M      195.3M 100%        3
     305     931.1GiB     792.9GiB  85%      488.4M      488.4M 100%        3
     306     931.1GiB     804.7GiB  86%      488.4M      488.2M 100%        3
     307     931.1GiB     455.3GiB  49%      488.4M      488.4M 100%        3
     401       0.0GiB       0.0GiB   0%        0.0M        0.0M   0%        4
     402       0.0GiB       0.0GiB   0%        0.0M        0.0M   0%        4
     403       0.0GiB       0.0GiB   0%        0.0M        0.0M   0%        4
     404       0.0GiB       0.0GiB   0%        0.0M        0.0M   0%        4
     405       0.0GiB       0.0GiB   0%        0.0M        0.0M   0%        4
     406       0.0GiB       0.0GiB   0%        0.0M        0.0M   0%        4
     407       0.0GiB       0.0GiB   0%        0.0M        0.0M   0%        4
# WARNINGS (offline nodes, not in active pools): [ERROR from beegfs-storage colva1 [ID: 1]: Communication error]
 [ERROR from beegfs-storage colva1 [ID: 1]: Communication error]
 [ERROR from beegfs-storage colva1 [ID: 1]: Communication error]
 [ERRO

### MDS SPACE (METADATA) AFTER large_contiguous_write_heavy_seldom_10gb [SSD] run3
### Timestamp: 2026-04-04 09:52:46
TargetID        Total         Free    %      ITotal       IFree    %   NodeID
========        =====         ====    =      ======       =====    =   ======
       1     667.2GiB      34.9GiB   5%       44.5M       37.0M  83%        1

### OST SPACE (STORAGE) BEFORE small_contiguous_write_heavy_seldom_102mb [HDD] run1
### Timestamp: 2026-04-04 09:52:46
TargetID        Total         Free    %      ITotal       IFree    %   NodeID
========        =====         ====    =      ======       =====    =   ======
     101       0.0GiB       0.0GiB   0%        0.0M        0.0M   0%        1
     102       0.0GiB       0.0GiB   0%        0.0M        0.0M   0%        1
     103       0.0GiB       0.0GiB   0%        0.0M        0.0M   0%        1
     104       0.0GiB       0.0GiB   0%        0.0M        0.0M   0%        1
     105       0.0GiB       0.0GiB   0%        0.0M        0.0M   0%        1
     106       0.0GiB       0.0GiB   0%        0.0M        0.0M   0%        1
     107       0.0GiB       0.0GiB   0%        0.0M        0.0M   0%        1
     201    1862.1GiB     794.5GiB  43%      195.4M      195.3M 100%        2
     202    1862.1GiB     827.0GiB  44%      195.4M      195.3M 100%        2
     203    1862.1GiB     882.0GiB  47%      195.4M      195.3M 100%        2
     204    1862.1GiB     838.7GiB  45%      195.4M      195.3M 100%        2
     205     931.1GiB     801.3GiB  86%      488.4M      488.4M 100%        2
     206     931.1GiB     815.7GiB  88%      488.4M      488.4M 100%        2
     207     931.1GiB     818.4GiB  88%      488.4M      488.4M 100%        2
     301    1862.1GiB     503.5GiB  27%      195.4M      195.3M 100%        3
     302    1862.1GiB     538.6GiB  29%      195.4M      195.3M 100%        3
     303    1862.1GiB     610.6GiB  33%      195.4M      195.3M 100%        3
     304    1862.1GiB     560.3GiB  30%      195.4M      195.3M 100%        3
     305     931.1GiB     795.4GiB  85%      488.4M      488.4M 100%        3
     306     931.1GiB     807.2GiB  87%      488.4M      488.2M 100%        3
     307     931.1GiB     457.8GiB  49%      488.4M      488.4M 100%        3
     401       0.0GiB       0.0GiB   0%        0.0M        0.0M   0%        4
     402       0.0GiB       0.0GiB   0%        0.0M        0.0M   0%        4
     403       0.0GiB       0.0GiB   0%        0.0M        0.0M   0%        4
     404       0.0GiB       0.0GiB   0%        0.0M        0.0M   0%        4
     405       0.0GiB       0.0GiB   0%        0.0M        0.0M   0%        4
     406       0.0GiB       0.0GiB   0%        0.0M        0.0M   0%        4
     407       0.0GiB       0.0GiB   0%        0.0M        0.0M   0%        4
# WARNINGS (offline nodes, not in active pools): [ERROR from beegfs-storage colva1 [ID: 1]: Communication error]
 [ERROR from beegfs-storage colva1 [ID: 1]: Communication error]
 [ERROR from beegfs-storage colva1 [ID: 1]: Communication error]
 [ERRO

### MDS SPACE (METADATA) BEFORE small_contiguous_write_heavy_seldom_102mb [HDD] run1
### Timestamp: 2026-04-04 09:54:12
TargetID        Total         Free    %      ITotal       IFree    %   NodeID
========        =====         ====    =      ======       =====    =   ======
       1     667.2GiB      34.9GiB   5%       44.5M       37.0M  83%        1

### FILE OST LAYOUT AFTER small_contiguous_write_heavy_seldom_102mb [HDD] run1
### Timestamp: 2026-04-04 09:54:22
  FILE: /mnt/beegfs/advay/hdd/workloads/tmp/workload_small_contiguous_write_heavy_seldom_102mb_f0
    Entry type: file
    EntryID: 0-69D0922E-1
    Stripe pattern details:
    + Type: RAID0
    + Chunksize: 1M
    + Number of storage targets: desired: 4; actual: 4
    + Storage targets:
      + 204 @ colva2 [ID: 2]
      + 301 @ colva3 [ID: 3]
      + 303 @ colva3 [ID: 3]
      + 201 @ colva2 [ID: 2]
    Chunk path: u3E9/6998/7/0-6998774B-1/0-69D0922E-1
    Inlined inode: yes
    Dentry info:
     + Path: 67/66/0-6998774B-1/
     + Metadata node: anjuna3 [ID: 1]

### OST SPACE (STORAGE) AFTER small_contiguous_write_heavy_seldom_102mb [HDD] run1
### Timestamp: 2026-04-04 09:54:22
TargetID        Total         Free    %      ITotal       IFree    %   NodeID
========        =====         ====    =      ======       =====    =   ======
     101       0.0GiB       0.0GiB   0%        0.0M        0.0M   0%        1
     102       0.0GiB       0.0GiB   0%        0.0M        0.0M   0%        1
     103       0.0GiB       0.0GiB   0%        0.0M        0.0M   0%        1
     104       0.0GiB       0.0GiB   0%        0.0M        0.0M   0%        1
     105       0.0GiB       0.0GiB   0%        0.0M        0.0M   0%        1
     106       0.0GiB       0.0GiB   0%        0.0M        0.0M   0%        1
     107       0.0GiB       0.0GiB   0%        0.0M        0.0M   0%        1
     201    1862.1GiB     794.5GiB  43%      195.4M      195.3M 100%        2
     202    1862.1GiB     827.0GiB  44%      195.4M      195.3M 100%        2
     203    1862.1GiB     882.0GiB  47%      195.4M      195.3M 100%        2
     204    1862.1GiB     838.7GiB  45%      195.4M      195.3M 100%        2
     205     931.1GiB     801.3GiB  86%      488.4M      488.4M 100%        2
     206     931.1GiB     815.7GiB  88%      488.4M      488.4M 100%        2
     207     931.1GiB     818.4GiB  88%      488.4M      488.4M 100%        2
     301    1862.1GiB     503.5GiB  27%      195.4M      195.3M 100%        3
     302    1862.1GiB     538.6GiB  29%      195.4M      195.3M 100%        3
     303    1862.1GiB     610.5GiB  33%      195.4M      195.3M 100%        3
     304    1862.1GiB     560.3GiB  30%      195.4M      195.3M 100%        3
     305     931.1GiB     795.4GiB  85%      488.4M      488.4M 100%        3
     306     931.1GiB     807.2GiB  87%      488.4M      488.2M 100%        3
     307     931.1GiB     457.8GiB  49%      488.4M      488.4M 100%        3
     401       0.0GiB       0.0GiB   0%        0.0M        0.0M   0%        4
     402       0.0GiB       0.0GiB   0%        0.0M        0.0M   0%        4
     403       0.0GiB       0.0GiB   0%        0.0M        0.0M   0%        4
     404       0.0GiB       0.0GiB   0%        0.0M        0.0M   0%        4
     405       0.0GiB       0.0GiB   0%        0.0M        0.0M   0%        4
     406       0.0GiB       0.0GiB   0%        0.0M        0.0M   0%        4
     407       0.0GiB       0.0GiB   0%        0.0M        0.0M   0%        4
# WARNINGS (offline nodes, not in active pools): [ERROR from beegfs-storage colva1 [ID: 1]: Communication error]
 [ERROR from beegfs-storage colva1 [ID: 1]: Communication error]
 [ERROR from beegfs-storage colva1 [ID: 1]: Communication error]
 [ERRO

### MDS SPACE (METADATA) AFTER small_contiguous_write_heavy_seldom_102mb [HDD] run1
### Timestamp: 2026-04-04 09:55:45
TargetID        Total         Free    %      ITotal       IFree    %   NodeID
========        =====         ====    =      ======       =====    =   ======
       1     667.2GiB      34.9GiB   5%       44.5M       37.0M  83%        1

### OST SPACE (STORAGE) BEFORE small_contiguous_write_heavy_seldom_102mb [HDD] run2
### Timestamp: 2026-04-04 09:55:45
TargetID        Total         Free    %      ITotal       IFree    %   NodeID
========        =====         ====    =      ======       =====    =   ======
     101       0.0GiB       0.0GiB   0%        0.0M        0.0M   0%        1
     102       0.0GiB       0.0GiB   0%        0.0M        0.0M   0%        1
     103       0.0GiB       0.0GiB   0%        0.0M        0.0M   0%        1
     104       0.0GiB       0.0GiB   0%        0.0M        0.0M   0%        1
     105       0.0GiB       0.0GiB   0%        0.0M        0.0M   0%        1
     106       0.0GiB       0.0GiB   0%        0.0M        0.0M   0%        1
     107       0.0GiB       0.0GiB   0%        0.0M        0.0M   0%        1
     201    1862.1GiB     794.5GiB  43%      195.4M      195.3M 100%        2
     202    1862.1GiB     827.0GiB  44%      195.4M      195.3M 100%        2
     203    1862.1GiB     882.0GiB  47%      195.4M      195.3M 100%        2
     204    1862.1GiB     838.7GiB  45%      195.4M      195.3M 100%        2
     205     931.1GiB     801.3GiB  86%      488.4M      488.4M 100%        2
     206     931.1GiB     815.7GiB  88%      488.4M      488.4M 100%        2
     207     931.1GiB     818.4GiB  88%      488.4M      488.4M 100%        2
     301    1862.1GiB     503.5GiB  27%      195.4M      195.3M 100%        3
     302    1862.1GiB     538.6GiB  29%      195.4M      195.3M 100%        3
     303    1862.1GiB     610.6GiB  33%      195.4M      195.3M 100%        3
     304    1862.1GiB     560.3GiB  30%      195.4M      195.3M 100%        3
     305     931.1GiB     795.4GiB  85%      488.4M      488.4M 100%        3
     306     931.1GiB     807.2GiB  87%      488.4M      488.2M 100%        3
     307     931.1GiB     457.8GiB  49%      488.4M      488.4M 100%        3
     401       0.0GiB       0.0GiB   0%        0.0M        0.0M   0%        4
     402       0.0GiB       0.0GiB   0%        0.0M        0.0M   0%        4
     403       0.0GiB       0.0GiB   0%        0.0M        0.0M   0%        4
     404       0.0GiB       0.0GiB   0%        0.0M        0.0M   0%        4
     405       0.0GiB       0.0GiB   0%        0.0M        0.0M   0%        4
     406       0.0GiB       0.0GiB   0%        0.0M        0.0M   0%        4
     407       0.0GiB       0.0GiB   0%        0.0M        0.0M   0%        4
# WARNINGS (offline nodes, not in active pools): [ERROR from beegfs-storage colva1 [ID: 1]: Communication error]
 [ERROR from beegfs-storage colva1 [ID: 1]: Communication error]
 [ERROR from beegfs-storage colva1 [ID: 1]: Communication error]
 [ERRO

### MDS SPACE (METADATA) BEFORE small_contiguous_write_heavy_seldom_102mb [HDD] run2
### Timestamp: 2026-04-04 09:57:09
TargetID        Total         Free    %      ITotal       IFree    %   NodeID
========        =====         ====    =      ======       =====    =   ======
       1     667.2GiB      34.9GiB   5%       44.5M       37.0M  83%        1

### FILE OST LAYOUT AFTER small_contiguous_write_heavy_seldom_102mb [HDD] run2
### Timestamp: 2026-04-04 09:57:19
  FILE: /mnt/beegfs/advay/hdd/workloads/tmp/workload_small_contiguous_write_heavy_seldom_102mb_f0
    Entry type: file
    EntryID: 0-69D092EB-1
    Stripe pattern details:
    + Type: RAID0
    + Chunksize: 1M
    + Number of storage targets: desired: 4; actual: 4
    + Storage targets:
      + 201 @ colva2 [ID: 2]
      + 202 @ colva2 [ID: 2]
      + 204 @ colva2 [ID: 2]
      + 303 @ colva3 [ID: 3]
    Chunk path: u3E9/6998/7/0-6998774B-1/0-69D092EB-1
    Inlined inode: yes
    Dentry info:
     + Path: 67/66/0-6998774B-1/
     + Metadata node: anjuna3 [ID: 1]

### OST SPACE (STORAGE) AFTER small_contiguous_write_heavy_seldom_102mb [HDD] run2
### Timestamp: 2026-04-04 09:57:19
TargetID        Total         Free    %      ITotal       IFree    %   NodeID
========        =====         ====    =      ======       =====    =   ======
     101       0.0GiB       0.0GiB   0%        0.0M        0.0M   0%        1
     102       0.0GiB       0.0GiB   0%        0.0M        0.0M   0%        1
     103       0.0GiB       0.0GiB   0%        0.0M        0.0M   0%        1
     104       0.0GiB       0.0GiB   0%        0.0M        0.0M   0%        1
     105       0.0GiB       0.0GiB   0%        0.0M        0.0M   0%        1
     106       0.0GiB       0.0GiB   0%        0.0M        0.0M   0%        1
     107       0.0GiB       0.0GiB   0%        0.0M        0.0M   0%        1
     201    1862.1GiB     794.5GiB  43%      195.4M      195.3M 100%        2
     202    1862.1GiB     826.9GiB  44%      195.4M      195.3M 100%        2
     203    1862.1GiB     882.0GiB  47%      195.4M      195.3M 100%        2
     204    1862.1GiB     838.7GiB  45%      195.4M      195.3M 100%        2
     205     931.1GiB     801.3GiB  86%      488.4M      488.4M 100%        2
     206     931.1GiB     815.7GiB  88%      488.4M      488.4M 100%        2
     207     931.1GiB     818.4GiB  88%      488.4M      488.4M 100%        2
     301    1862.1GiB     503.5GiB  27%      195.4M      195.3M 100%        3
     302    1862.1GiB     538.6GiB  29%      195.4M      195.3M 100%        3
     303    1862.1GiB     610.5GiB  33%      195.4M      195.3M 100%        3
     304    1862.1GiB     560.3GiB  30%      195.4M      195.3M 100%        3
     305     931.1GiB     795.4GiB  85%      488.4M      488.4M 100%        3
     306     931.1GiB     807.2GiB  87%      488.4M      488.2M 100%        3
     307     931.1GiB     457.8GiB  49%      488.4M      488.4M 100%        3
     401       0.0GiB       0.0GiB   0%        0.0M        0.0M   0%        4
     402       0.0GiB       0.0GiB   0%        0.0M        0.0M   0%        4
     403       0.0GiB       0.0GiB   0%        0.0M        0.0M   0%        4
     404       0.0GiB       0.0GiB   0%        0.0M        0.0M   0%        4
     405       0.0GiB       0.0GiB   0%        0.0M        0.0M   0%        4
     406       0.0GiB       0.0GiB   0%        0.0M        0.0M   0%        4
     407       0.0GiB       0.0GiB   0%        0.0M        0.0M   0%        4
# WARNINGS (offline nodes, not in active pools): [ERROR from beegfs-storage colva1 [ID: 1]: Communication error]
 [ERROR from beegfs-storage colva1 [ID: 1]: Communication error]
 [ERROR from beegfs-storage colva1 [ID: 1]: Communication error]
 [ERRO

### MDS SPACE (METADATA) AFTER small_contiguous_write_heavy_seldom_102mb [HDD] run2
### Timestamp: 2026-04-04 09:58:42
TargetID        Total         Free    %      ITotal       IFree    %   NodeID
========        =====         ====    =      ======       =====    =   ======
       1     667.2GiB      34.9GiB   5%       44.5M       37.0M  83%        1

### OST SPACE (STORAGE) BEFORE small_contiguous_write_heavy_seldom_102mb [HDD] run3
### Timestamp: 2026-04-04 09:58:42
TargetID        Total         Free    %      ITotal       IFree    %   NodeID
========        =====         ====    =      ======       =====    =   ======
     101       0.0GiB       0.0GiB   0%        0.0M        0.0M   0%        1
     102       0.0GiB       0.0GiB   0%        0.0M        0.0M   0%        1
     103       0.0GiB       0.0GiB   0%        0.0M        0.0M   0%        1
     104       0.0GiB       0.0GiB   0%        0.0M        0.0M   0%        1
     105       0.0GiB       0.0GiB   0%        0.0M        0.0M   0%        1
     106       0.0GiB       0.0GiB   0%        0.0M        0.0M   0%        1
     107       0.0GiB       0.0GiB   0%        0.0M        0.0M   0%        1
     201    1862.1GiB     794.5GiB  43%      195.4M      195.3M 100%        2
     202    1862.1GiB     827.0GiB  44%      195.4M      195.3M 100%        2
     203    1862.1GiB     882.0GiB  47%      195.4M      195.3M 100%        2
     204    1862.1GiB     838.7GiB  45%      195.4M      195.3M 100%        2
     205     931.1GiB     801.3GiB  86%      488.4M      488.4M 100%        2
     206     931.1GiB     815.7GiB  88%      488.4M      488.4M 100%        2
     207     931.1GiB     818.4GiB  88%      488.4M      488.4M 100%        2
     301    1862.1GiB     503.5GiB  27%      195.4M      195.3M 100%        3
     302    1862.1GiB     538.6GiB  29%      195.4M      195.3M 100%        3
     303    1862.1GiB     610.6GiB  33%      195.4M      195.3M 100%        3
     304    1862.1GiB     560.3GiB  30%      195.4M      195.3M 100%        3
     305     931.1GiB     795.4GiB  85%      488.4M      488.4M 100%        3
     306     931.1GiB     807.2GiB  87%      488.4M      488.2M 100%        3
     307     931.1GiB     457.8GiB  49%      488.4M      488.4M 100%        3
     401       0.0GiB       0.0GiB   0%        0.0M        0.0M   0%        4
     402       0.0GiB       0.0GiB   0%        0.0M        0.0M   0%        4
     403       0.0GiB       0.0GiB   0%        0.0M        0.0M   0%        4
     404       0.0GiB       0.0GiB   0%        0.0M        0.0M   0%        4
     405       0.0GiB       0.0GiB   0%        0.0M        0.0M   0%        4
     406       0.0GiB       0.0GiB   0%        0.0M        0.0M   0%        4
     407       0.0GiB       0.0GiB   0%        0.0M        0.0M   0%        4
# WARNINGS (offline nodes, not in active pools): [ERROR from beegfs-storage colva1 [ID: 1]: Communication error]
 [ERROR from beegfs-storage colva1 [ID: 1]: Communication error]
 [ERROR from beegfs-storage colva1 [ID: 1]: Communication error]
 [ERRO

### MDS SPACE (METADATA) BEFORE small_contiguous_write_heavy_seldom_102mb [HDD] run3
### Timestamp: 2026-04-04 10:00:06
TargetID        Total         Free    %      ITotal       IFree    %   NodeID
========        =====         ====    =      ======       =====    =   ======
       1     667.2GiB      34.9GiB   5%       44.5M       37.0M  83%        1

### FILE OST LAYOUT AFTER small_contiguous_write_heavy_seldom_102mb [HDD] run3
### Timestamp: 2026-04-04 10:00:17
  FILE: /mnt/beegfs/advay/hdd/workloads/tmp/workload_small_contiguous_write_heavy_seldom_102mb_f0
    Entry type: file
    EntryID: 0-69D093A8-1
    Stripe pattern details:
    + Type: RAID0
    + Chunksize: 1M
    + Number of storage targets: desired: 4; actual: 4
    + Storage targets:
      + 303 @ colva3 [ID: 3]
      + 201 @ colva2 [ID: 2]
      + 204 @ colva2 [ID: 2]
      + 301 @ colva3 [ID: 3]
    Chunk path: u3E9/6998/7/0-6998774B-1/0-69D093A8-1
    Inlined inode: yes
    Dentry info:
     + Path: 67/66/0-6998774B-1/
     + Metadata node: anjuna3 [ID: 1]

### OST SPACE (STORAGE) AFTER small_contiguous_write_heavy_seldom_102mb [HDD] run3
### Timestamp: 2026-04-04 10:00:17
TargetID        Total         Free    %      ITotal       IFree    %   NodeID
========        =====         ====    =      ======       =====    =   ======
     101       0.0GiB       0.0GiB   0%        0.0M        0.0M   0%        1
     102       0.0GiB       0.0GiB   0%        0.0M        0.0M   0%        1
     103       0.0GiB       0.0GiB   0%        0.0M        0.0M   0%        1
     104       0.0GiB       0.0GiB   0%        0.0M        0.0M   0%        1
     105       0.0GiB       0.0GiB   0%        0.0M        0.0M   0%        1
     106       0.0GiB       0.0GiB   0%        0.0M        0.0M   0%        1
     107       0.0GiB       0.0GiB   0%        0.0M        0.0M   0%        1
     201    1862.1GiB     794.5GiB  43%      195.4M      195.3M 100%        2
     202    1862.1GiB     827.0GiB  44%      195.4M      195.3M 100%        2
     203    1862.1GiB     882.0GiB  47%      195.4M      195.3M 100%        2
     204    1862.1GiB     838.7GiB  45%      195.4M      195.3M 100%        2
     205     931.1GiB     801.3GiB  86%      488.4M      488.4M 100%        2
     206     931.1GiB     815.7GiB  88%      488.4M      488.4M 100%        2
     207     931.1GiB     818.4GiB  88%      488.4M      488.4M 100%        2
     301    1862.1GiB     503.5GiB  27%      195.4M      195.3M 100%        3
     302    1862.1GiB     538.6GiB  29%      195.4M      195.3M 100%        3
     303    1862.1GiB     610.5GiB  33%      195.4M      195.3M 100%        3
     304    1862.1GiB     560.3GiB  30%      195.4M      195.3M 100%        3
     305     931.1GiB     795.4GiB  85%      488.4M      488.4M 100%        3
     306     931.1GiB     807.2GiB  87%      488.4M      488.2M 100%        3
     307     931.1GiB     457.8GiB  49%      488.4M      488.4M 100%        3
     401       0.0GiB       0.0GiB   0%        0.0M        0.0M   0%        4
     402       0.0GiB       0.0GiB   0%        0.0M        0.0M   0%        4
     403       0.0GiB       0.0GiB   0%        0.0M        0.0M   0%        4
     404       0.0GiB       0.0GiB   0%        0.0M        0.0M   0%        4
     405       0.0GiB       0.0GiB   0%        0.0M        0.0M   0%        4
     406       0.0GiB       0.0GiB   0%        0.0M        0.0M   0%        4
     407       0.0GiB       0.0GiB   0%        0.0M        0.0M   0%        4
# WARNINGS (offline nodes, not in active pools): [ERROR from beegfs-storage colva1 [ID: 1]: Communication error]
 [ERROR from beegfs-storage colva1 [ID: 1]: Communication error]
 [ERROR from beegfs-storage colva1 [ID: 1]: Communication error]
 [ERRO

### MDS SPACE (METADATA) AFTER small_contiguous_write_heavy_seldom_102mb [HDD] run3
### Timestamp: 2026-04-04 10:01:42
TargetID        Total         Free    %      ITotal       IFree    %   NodeID
========        =====         ====    =      ======       =====    =   ======
       1     667.2GiB      34.9GiB   5%       44.5M       37.0M  83%        1

### OST SPACE (STORAGE) BEFORE small_contiguous_write_heavy_seldom_102mb [SSD] run1
### Timestamp: 2026-04-04 10:01:42
TargetID        Total         Free    %      ITotal       IFree    %   NodeID
========        =====         ====    =      ======       =====    =   ======
     101       0.0GiB       0.0GiB   0%        0.0M        0.0M   0%        1
     102       0.0GiB       0.0GiB   0%        0.0M        0.0M   0%        1
     103       0.0GiB       0.0GiB   0%        0.0M        0.0M   0%        1
     104       0.0GiB       0.0GiB   0%        0.0M        0.0M   0%        1
     105       0.0GiB       0.0GiB   0%        0.0M        0.0M   0%        1
     106       0.0GiB       0.0GiB   0%        0.0M        0.0M   0%        1
     107       0.0GiB       0.0GiB   0%        0.0M        0.0M   0%        1
     201    1862.1GiB     794.5GiB  43%      195.4M      195.3M 100%        2
     202    1862.1GiB     827.0GiB  44%      195.4M      195.3M 100%        2
     203    1862.1GiB     882.0GiB  47%      195.4M      195.3M 100%        2
     204    1862.1GiB     838.7GiB  45%      195.4M      195.3M 100%        2
     205     931.1GiB     801.3GiB  86%      488.4M      488.4M 100%        2
     206     931.1GiB     815.7GiB  88%      488.4M      488.4M 100%        2
     207     931.1GiB     818.4GiB  88%      488.4M      488.4M 100%        2
     301    1862.1GiB     503.5GiB  27%      195.4M      195.3M 100%        3
     302    1862.1GiB     538.6GiB  29%      195.4M      195.3M 100%        3
     303    1862.1GiB     610.6GiB  33%      195.4M      195.3M 100%        3
     304    1862.1GiB     560.3GiB  30%      195.4M      195.3M 100%        3
     305     931.1GiB     795.4GiB  85%      488.4M      488.4M 100%        3
     306     931.1GiB     807.2GiB  87%      488.4M      488.2M 100%        3
     307     931.1GiB     457.8GiB  49%      488.4M      488.4M 100%        3
     401       0.0GiB       0.0GiB   0%        0.0M        0.0M   0%        4
     402       0.0GiB       0.0GiB   0%        0.0M        0.0M   0%        4
     403       0.0GiB       0.0GiB   0%        0.0M        0.0M   0%        4
     404       0.0GiB       0.0GiB   0%        0.0M        0.0M   0%        4
     405       0.0GiB       0.0GiB   0%        0.0M        0.0M   0%        4
     406       0.0GiB       0.0GiB   0%        0.0M        0.0M   0%        4
     407       0.0GiB       0.0GiB   0%        0.0M        0.0M   0%        4
# WARNINGS (offline nodes, not in active pools): [ERROR from beegfs-storage colva1 [ID: 1]: Communication error]
 [ERROR from beegfs-storage colva1 [ID: 1]: Communication error]
 [ERROR from beegfs-storage colva1 [ID: 1]: Communication error]
 [ERRO

### MDS SPACE (METADATA) BEFORE small_contiguous_write_heavy_seldom_102mb [SSD] run1
### Timestamp: 2026-04-04 10:03:05
TargetID        Total         Free    %      ITotal       IFree    %   NodeID
========        =====         ====    =      ======       =====    =   ======
       1     667.2GiB      34.9GiB   5%       44.5M       37.0M  83%        1

### FILE OST LAYOUT AFTER small_contiguous_write_heavy_seldom_102mb [SSD] run1
### Timestamp: 2026-04-04 10:03:16
  FILE: /mnt/beegfs/advay/ssd/workloads/tmp/workload_small_contiguous_write_heavy_seldom_102mb_f0
    Entry type: file
    EntryID: 0-69D09465-1
    Stripe pattern details:
    + Type: RAID0
    + Chunksize: 1M
    + Number of storage targets: desired: 4; actual: 4
    + Storage targets:
      + 205 @ colva2 [ID: 2]
      + 206 @ colva2 [ID: 2]
      + 207 @ colva2 [ID: 2]
      + 307 @ colva3 [ID: 3]
    Chunk path: u3E9/6998/D/1-6998D1FE-1/0-69D09465-1
    Inlined inode: yes
    Dentry info:
     + Path: 9/59/1-6998D1FE-1/
     + Metadata node: anjuna3 [ID: 1]

### OST SPACE (STORAGE) AFTER small_contiguous_write_heavy_seldom_102mb [SSD] run1
### Timestamp: 2026-04-04 10:03:16
TargetID        Total         Free    %      ITotal       IFree    %   NodeID
========        =====         ====    =      ======       =====    =   ======
     101       0.0GiB       0.0GiB   0%        0.0M        0.0M   0%        1
     102       0.0GiB       0.0GiB   0%        0.0M        0.0M   0%        1
     103       0.0GiB       0.0GiB   0%        0.0M        0.0M   0%        1
     104       0.0GiB       0.0GiB   0%        0.0M        0.0M   0%        1
     105       0.0GiB       0.0GiB   0%        0.0M        0.0M   0%        1
     106       0.0GiB       0.0GiB   0%        0.0M        0.0M   0%        1
     107       0.0GiB       0.0GiB   0%        0.0M        0.0M   0%        1
     201    1862.1GiB     794.5GiB  43%      195.4M      195.3M 100%        2
     202    1862.1GiB     827.0GiB  44%      195.4M      195.3M 100%        2
     203    1862.1GiB     882.0GiB  47%      195.4M      195.3M 100%        2
     204    1862.1GiB     838.7GiB  45%      195.4M      195.3M 100%        2
     205     931.1GiB     801.3GiB  86%      488.4M      488.4M 100%        2
     206     931.1GiB     815.6GiB  88%      488.4M      488.4M 100%        2
     207     931.1GiB     818.4GiB  88%      488.4M      488.4M 100%        2
     301    1862.1GiB     503.5GiB  27%      195.4M      195.3M 100%        3
     302    1862.1GiB     538.6GiB  29%      195.4M      195.3M 100%        3
     303    1862.1GiB     610.6GiB  33%      195.4M      195.3M 100%        3
     304    1862.1GiB     560.3GiB  30%      195.4M      195.3M 100%        3
     305     931.1GiB     795.4GiB  85%      488.4M      488.4M 100%        3
     306     931.1GiB     807.2GiB  87%      488.4M      488.2M 100%        3
     307     931.1GiB     457.8GiB  49%      488.4M      488.4M 100%        3
     401       0.0GiB       0.0GiB   0%        0.0M        0.0M   0%        4
     402       0.0GiB       0.0GiB   0%        0.0M        0.0M   0%        4
     403       0.0GiB       0.0GiB   0%        0.0M        0.0M   0%        4
     404       0.0GiB       0.0GiB   0%        0.0M        0.0M   0%        4
     405       0.0GiB       0.0GiB   0%        0.0M        0.0M   0%        4
     406       0.0GiB       0.0GiB   0%        0.0M        0.0M   0%        4
     407       0.0GiB       0.0GiB   0%        0.0M        0.0M   0%        4
# WARNINGS (offline nodes, not in active pools): [ERROR from beegfs-storage colva1 [ID: 1]: Communication error]
 [ERROR from beegfs-storage colva1 [ID: 1]: Communication error]
 [ERROR from beegfs-storage colva1 [ID: 1]: Communication error]
 [ERRO

### MDS SPACE (METADATA) AFTER small_contiguous_write_heavy_seldom_102mb [SSD] run1
### Timestamp: 2026-04-04 10:04:40
TargetID        Total         Free    %      ITotal       IFree    %   NodeID
========        =====         ====    =      ======       =====    =   ======
       1     667.2GiB      34.9GiB   5%       44.5M       37.0M  83%        1

### OST SPACE (STORAGE) BEFORE small_contiguous_write_heavy_seldom_102mb [SSD] run2
### Timestamp: 2026-04-04 10:04:40
TargetID        Total         Free    %      ITotal       IFree    %   NodeID
========        =====         ====    =      ======       =====    =   ======
     101       0.0GiB       0.0GiB   0%        0.0M        0.0M   0%        1
     102       0.0GiB       0.0GiB   0%        0.0M        0.0M   0%        1
     103       0.0GiB       0.0GiB   0%        0.0M        0.0M   0%        1
     104       0.0GiB       0.0GiB   0%        0.0M        0.0M   0%        1
     105       0.0GiB       0.0GiB   0%        0.0M        0.0M   0%        1
     106       0.0GiB       0.0GiB   0%        0.0M        0.0M   0%        1
     107       0.0GiB       0.0GiB   0%        0.0M        0.0M   0%        1
     201    1862.1GiB     794.5GiB  43%      195.4M      195.3M 100%        2
     202    1862.1GiB     827.0GiB  44%      195.4M      195.3M 100%        2
     203    1862.1GiB     882.0GiB  47%      195.4M      195.3M 100%        2
     204    1862.1GiB     838.7GiB  45%      195.4M      195.3M 100%        2
     205     931.1GiB     801.3GiB  86%      488.4M      488.4M 100%        2
     206     931.1GiB     815.7GiB  88%      488.4M      488.4M 100%        2
     207     931.1GiB     818.4GiB  88%      488.4M      488.4M 100%        2
     301    1862.1GiB     503.5GiB  27%      195.4M      195.3M 100%        3
     302    1862.1GiB     538.6GiB  29%      195.4M      195.3M 100%        3
     303    1862.1GiB     610.6GiB  33%      195.4M      195.3M 100%        3
     304    1862.1GiB     560.3GiB  30%      195.4M      195.3M 100%        3
     305     931.1GiB     795.4GiB  85%      488.4M      488.4M 100%        3
     306     931.1GiB     807.2GiB  87%      488.4M      488.2M 100%        3
     307     931.1GiB     457.8GiB  49%      488.4M      488.4M 100%        3
     401       0.0GiB       0.0GiB   0%        0.0M        0.0M   0%        4
     402       0.0GiB       0.0GiB   0%        0.0M        0.0M   0%        4
     403       0.0GiB       0.0GiB   0%        0.0M        0.0M   0%        4
     404       0.0GiB       0.0GiB   0%        0.0M        0.0M   0%        4
     405       0.0GiB       0.0GiB   0%        0.0M        0.0M   0%        4
     406       0.0GiB       0.0GiB   0%        0.0M        0.0M   0%        4
     407       0.0GiB       0.0GiB   0%        0.0M        0.0M   0%        4
# WARNINGS (offline nodes, not in active pools): [ERROR from beegfs-storage colva1 [ID: 1]: Communication error]
 [ERROR from beegfs-storage colva1 [ID: 1]: Communication error]
 [ERROR from beegfs-storage colva1 [ID: 1]: Communication error]
 [ERRO

### MDS SPACE (METADATA) BEFORE small_contiguous_write_heavy_seldom_102mb [SSD] run2
### Timestamp: 2026-04-04 10:06:03
TargetID        Total         Free    %      ITotal       IFree    %   NodeID
========        =====         ====    =      ======       =====    =   ======
       1     667.2GiB      34.9GiB   5%       44.5M       37.0M  83%        1

### FILE OST LAYOUT AFTER small_contiguous_write_heavy_seldom_102mb [SSD] run2
### Timestamp: 2026-04-04 10:06:14
  FILE: /mnt/beegfs/advay/ssd/workloads/tmp/workload_small_contiguous_write_heavy_seldom_102mb_f0
    Entry type: file
    EntryID: 0-69D09522-1
    Stripe pattern details:
    + Type: RAID0
    + Chunksize: 1M
    + Number of storage targets: desired: 4; actual: 4
    + Storage targets:
      + 307 @ colva3 [ID: 3]
      + 205 @ colva2 [ID: 2]
      + 206 @ colva2 [ID: 2]
      + 305 @ colva3 [ID: 3]
    Chunk path: u3E9/6998/D/1-6998D1FE-1/0-69D09522-1
    Inlined inode: yes
    Dentry info:
     + Path: 9/59/1-6998D1FE-1/
     + Metadata node: anjuna3 [ID: 1]

### OST SPACE (STORAGE) AFTER small_contiguous_write_heavy_seldom_102mb [SSD] run2
### Timestamp: 2026-04-04 10:06:14
TargetID        Total         Free    %      ITotal       IFree    %   NodeID
========        =====         ====    =      ======       =====    =   ======
     101       0.0GiB       0.0GiB   0%        0.0M        0.0M   0%        1
     102       0.0GiB       0.0GiB   0%        0.0M        0.0M   0%        1
     103       0.0GiB       0.0GiB   0%        0.0M        0.0M   0%        1
     104       0.0GiB       0.0GiB   0%        0.0M        0.0M   0%        1
     105       0.0GiB       0.0GiB   0%        0.0M        0.0M   0%        1
     106       0.0GiB       0.0GiB   0%        0.0M        0.0M   0%        1
     107       0.0GiB       0.0GiB   0%        0.0M        0.0M   0%        1
     201    1862.1GiB     794.5GiB  43%      195.4M      195.3M 100%        2
     202    1862.1GiB     827.0GiB  44%      195.4M      195.3M 100%        2
     203    1862.1GiB     882.0GiB  47%      195.4M      195.3M 100%        2
     204    1862.1GiB     838.7GiB  45%      195.4M      195.3M 100%        2
     205     931.1GiB     801.3GiB  86%      488.4M      488.4M 100%        2
     206     931.1GiB     815.6GiB  88%      488.4M      488.4M 100%        2
     207     931.1GiB     818.4GiB  88%      488.4M      488.4M 100%        2
     301    1862.1GiB     503.5GiB  27%      195.4M      195.3M 100%        3
     302    1862.1GiB     538.6GiB  29%      195.4M      195.3M 100%        3
     303    1862.1GiB     610.6GiB  33%      195.4M      195.3M 100%        3
     304    1862.1GiB     560.3GiB  30%      195.4M      195.3M 100%        3
     305     931.1GiB     795.4GiB  85%      488.4M      488.4M 100%        3
     306     931.1GiB     807.2GiB  87%      488.4M      488.2M 100%        3
     307     931.1GiB     457.8GiB  49%      488.4M      488.4M 100%        3
     401       0.0GiB       0.0GiB   0%        0.0M        0.0M   0%        4
     402       0.0GiB       0.0GiB   0%        0.0M        0.0M   0%        4
     403       0.0GiB       0.0GiB   0%        0.0M        0.0M   0%        4
     404       0.0GiB       0.0GiB   0%        0.0M        0.0M   0%        4
     405       0.0GiB       0.0GiB   0%        0.0M        0.0M   0%        4
     406       0.0GiB       0.0GiB   0%        0.0M        0.0M   0%        4
     407       0.0GiB       0.0GiB   0%        0.0M        0.0M   0%        4
# WARNINGS (offline nodes, not in active pools): [ERROR from beegfs-storage colva1 [ID: 1]: Communication error]
 [ERROR from beegfs-storage colva1 [ID: 1]: Communication error]
 [ERROR from beegfs-storage colva1 [ID: 1]: Communication error]
 [ERRO

### MDS SPACE (METADATA) AFTER small_contiguous_write_heavy_seldom_102mb [SSD] run2
### Timestamp: 2026-04-04 10:07:36
TargetID        Total         Free    %      ITotal       IFree    %   NodeID
========        =====         ====    =      ======       =====    =   ======
       1     667.2GiB      34.9GiB   5%       44.5M       37.0M  83%        1

### OST SPACE (STORAGE) BEFORE small_contiguous_write_heavy_seldom_102mb [SSD] run3
### Timestamp: 2026-04-04 10:07:36
TargetID        Total         Free    %      ITotal       IFree    %   NodeID
========        =====         ====    =      ======       =====    =   ======
     101       0.0GiB       0.0GiB   0%        0.0M        0.0M   0%        1
     102       0.0GiB       0.0GiB   0%        0.0M        0.0M   0%        1
     103       0.0GiB       0.0GiB   0%        0.0M        0.0M   0%        1
     104       0.0GiB       0.0GiB   0%        0.0M        0.0M   0%        1
     105       0.0GiB       0.0GiB   0%        0.0M        0.0M   0%        1
     106       0.0GiB       0.0GiB   0%        0.0M        0.0M   0%        1
     107       0.0GiB       0.0GiB   0%        0.0M        0.0M   0%        1
     201    1862.1GiB     794.5GiB  43%      195.4M      195.3M 100%        2
     202    1862.1GiB     827.0GiB  44%      195.4M      195.3M 100%        2
     203    1862.1GiB     882.0GiB  47%      195.4M      195.3M 100%        2
     204    1862.1GiB     838.7GiB  45%      195.4M      195.3M 100%        2
     205     931.1GiB     801.3GiB  86%      488.4M      488.4M 100%        2
     206     931.1GiB     815.7GiB  88%      488.4M      488.4M 100%        2
     207     931.1GiB     818.4GiB  88%      488.4M      488.4M 100%        2
     301    1862.1GiB     503.5GiB  27%      195.4M      195.3M 100%        3
     302    1862.1GiB     538.6GiB  29%      195.4M      195.3M 100%        3
     303    1862.1GiB     610.6GiB  33%      195.4M      195.3M 100%        3
     304    1862.1GiB     560.3GiB  30%      195.4M      195.3M 100%        3
     305     931.1GiB     795.4GiB  85%      488.4M      488.4M 100%        3
     306     931.1GiB     807.2GiB  87%      488.4M      488.2M 100%        3
     307     931.1GiB     457.8GiB  49%      488.4M      488.4M 100%        3
     401       0.0GiB       0.0GiB   0%        0.0M        0.0M   0%        4
     402       0.0GiB       0.0GiB   0%        0.0M        0.0M   0%        4
     403       0.0GiB       0.0GiB   0%        0.0M        0.0M   0%        4
     404       0.0GiB       0.0GiB   0%        0.0M        0.0M   0%        4
     405       0.0GiB       0.0GiB   0%        0.0M        0.0M   0%        4
     406       0.0GiB       0.0GiB   0%        0.0M        0.0M   0%        4
     407       0.0GiB       0.0GiB   0%        0.0M        0.0M   0%        4
# WARNINGS (offline nodes, not in active pools): [ERROR from beegfs-storage colva1 [ID: 1]: Communication error]
 [ERROR from beegfs-storage colva1 [ID: 1]: Communication error]
 [ERROR from beegfs-storage colva1 [ID: 1]: Communication error]
 [ERRO

### MDS SPACE (METADATA) BEFORE small_contiguous_write_heavy_seldom_102mb [SSD] run3
### Timestamp: 2026-04-04 10:09:00
TargetID        Total         Free    %      ITotal       IFree    %   NodeID
========        =====         ====    =      ======       =====    =   ======
       1     667.2GiB      34.9GiB   5%       44.5M       37.0M  83%        1

### FILE OST LAYOUT AFTER small_contiguous_write_heavy_seldom_102mb [SSD] run3
### Timestamp: 2026-04-04 10:09:10
  FILE: /mnt/beegfs/advay/ssd/workloads/tmp/workload_small_contiguous_write_heavy_seldom_102mb_f0
    Entry type: file
    EntryID: 0-69D095DF-1
    Stripe pattern details:
    + Type: RAID0
    + Chunksize: 1M
    + Number of storage targets: desired: 4; actual: 4
    + Storage targets:
      + 305 @ colva3 [ID: 3]
      + 306 @ colva3 [ID: 3]
      + 307 @ colva3 [ID: 3]
      + 206 @ colva2 [ID: 2]
    Chunk path: u3E9/6998/D/1-6998D1FE-1/0-69D095DF-1
    Inlined inode: yes
    Dentry info:
     + Path: 9/59/1-6998D1FE-1/
     + Metadata node: anjuna3 [ID: 1]

### OST SPACE (STORAGE) AFTER small_contiguous_write_heavy_seldom_102mb [SSD] run3
### Timestamp: 2026-04-04 10:09:10
TargetID        Total         Free    %      ITotal       IFree    %   NodeID
========        =====         ====    =      ======       =====    =   ======
     101       0.0GiB       0.0GiB   0%        0.0M        0.0M   0%        1
     102       0.0GiB       0.0GiB   0%        0.0M        0.0M   0%        1
     103       0.0GiB       0.0GiB   0%        0.0M        0.0M   0%        1
     104       0.0GiB       0.0GiB   0%        0.0M        0.0M   0%        1
     105       0.0GiB       0.0GiB   0%        0.0M        0.0M   0%        1
     106       0.0GiB       0.0GiB   0%        0.0M        0.0M   0%        1
     107       0.0GiB       0.0GiB   0%        0.0M        0.0M   0%        1
     201    1862.1GiB     794.5GiB  43%      195.4M      195.3M 100%        2
     202    1862.1GiB     827.0GiB  44%      195.4M      195.3M 100%        2
     203    1862.1GiB     882.0GiB  47%      195.4M      195.3M 100%        2
     204    1862.1GiB     838.7GiB  45%      195.4M      195.3M 100%        2
     205     931.1GiB     801.3GiB  86%      488.4M      488.4M 100%        2
     206     931.1GiB     815.6GiB  88%      488.4M      488.4M 100%        2
     207     931.1GiB     818.4GiB  88%      488.4M      488.4M 100%        2
     301    1862.1GiB     503.5GiB  27%      195.4M      195.3M 100%        3
     302    1862.1GiB     538.6GiB  29%      195.4M      195.3M 100%        3
     303    1862.1GiB     610.6GiB  33%      195.4M      195.3M 100%        3
     304    1862.1GiB     560.3GiB  30%      195.4M      195.3M 100%        3
     305     931.1GiB     795.4GiB  85%      488.4M      488.4M 100%        3
     306     931.1GiB     807.2GiB  87%      488.4M      488.2M 100%        3
     307     931.1GiB     457.8GiB  49%      488.4M      488.4M 100%        3
     401       0.0GiB       0.0GiB   0%        0.0M        0.0M   0%        4
     402       0.0GiB       0.0GiB   0%        0.0M        0.0M   0%        4
     403       0.0GiB       0.0GiB   0%        0.0M        0.0M   0%        4
     404       0.0GiB       0.0GiB   0%        0.0M        0.0M   0%        4
     405       0.0GiB       0.0GiB   0%        0.0M        0.0M   0%        4
     406       0.0GiB       0.0GiB   0%        0.0M        0.0M   0%        4
     407       0.0GiB       0.0GiB   0%        0.0M        0.0M   0%        4
# WARNINGS (offline nodes, not in active pools): [ERROR from beegfs-storage colva1 [ID: 1]: Communication error]
 [ERROR from beegfs-storage colva1 [ID: 1]: Communication error]
 [ERROR from beegfs-storage colva1 [ID: 1]: Communication error]
 [ERRO

### MDS SPACE (METADATA) AFTER small_contiguous_write_heavy_seldom_102mb [SSD] run3
### Timestamp: 2026-04-04 10:10:33
TargetID        Total         Free    %      ITotal       IFree    %   NodeID
========        =====         ====    =      ======       =====    =   ======
       1     667.2GiB      34.9GiB   5%       44.5M       37.0M  83%        1

### OST SPACE (STORAGE) BEFORE small_contiguous_write_heavy_seldom_1gb [HDD] run1
### Timestamp: 2026-04-04 10:10:33
TargetID        Total         Free    %      ITotal       IFree    %   NodeID
========        =====         ====    =      ======       =====    =   ======
     101       0.0GiB       0.0GiB   0%        0.0M        0.0M   0%        1
     102       0.0GiB       0.0GiB   0%        0.0M        0.0M   0%        1
     103       0.0GiB       0.0GiB   0%        0.0M        0.0M   0%        1
     104       0.0GiB       0.0GiB   0%        0.0M        0.0M   0%        1
     105       0.0GiB       0.0GiB   0%        0.0M        0.0M   0%        1
     106       0.0GiB       0.0GiB   0%        0.0M        0.0M   0%        1
     107       0.0GiB       0.0GiB   0%        0.0M        0.0M   0%        1
     201    1862.1GiB     794.5GiB  43%      195.4M      195.3M 100%        2
     202    1862.1GiB     827.0GiB  44%      195.4M      195.3M 100%        2
     203    1862.1GiB     882.0GiB  47%      195.4M      195.3M 100%        2
     204    1862.1GiB     838.7GiB  45%      195.4M      195.3M 100%        2
     205     931.1GiB     801.3GiB  86%      488.4M      488.4M 100%        2
     206     931.1GiB     815.7GiB  88%      488.4M      488.4M 100%        2
     207     931.1GiB     818.4GiB  88%      488.4M      488.4M 100%        2
     301    1862.1GiB     503.5GiB  27%      195.4M      195.3M 100%        3
     302    1862.1GiB     538.6GiB  29%      195.4M      195.3M 100%        3
     303    1862.1GiB     610.6GiB  33%      195.4M      195.3M 100%        3
     304    1862.1GiB     560.3GiB  30%      195.4M      195.3M 100%        3
     305     931.1GiB     795.4GiB  85%      488.4M      488.4M 100%        3
     306     931.1GiB     807.2GiB  87%      488.4M      488.2M 100%        3
     307     931.1GiB     457.8GiB  49%      488.4M      488.4M 100%        3
     401       0.0GiB       0.0GiB   0%        0.0M        0.0M   0%        4
     402       0.0GiB       0.0GiB   0%        0.0M        0.0M   0%        4
     403       0.0GiB       0.0GiB   0%        0.0M        0.0M   0%        4
     404       0.0GiB       0.0GiB   0%        0.0M        0.0M   0%        4
     405       0.0GiB       0.0GiB   0%        0.0M        0.0M   0%        4
     406       0.0GiB       0.0GiB   0%        0.0M        0.0M   0%        4
     407       0.0GiB       0.0GiB   0%        0.0M        0.0M   0%        4
# WARNINGS (offline nodes, not in active pools): [ERROR from beegfs-storage colva1 [ID: 1]: Communication error]
 [ERROR from beegfs-storage colva1 [ID: 1]: Communication error]
 [ERROR from beegfs-storage colva1 [ID: 1]: Communication error]
 [ERRO

### MDS SPACE (METADATA) BEFORE small_contiguous_write_heavy_seldom_1gb [HDD] run1
### Timestamp: 2026-04-04 10:11:57
TargetID        Total         Free    %      ITotal       IFree    %   NodeID
========        =====         ====    =      ======       =====    =   ======
       1     667.2GiB      34.9GiB   5%       44.5M       37.0M  83%        1

### FILE OST LAYOUT AFTER small_contiguous_write_heavy_seldom_1gb [HDD] run1
### Timestamp: 2026-04-04 10:13:15
  FILE: /mnt/beegfs/advay/hdd/workloads/tmp/workload_small_contiguous_write_heavy_seldom_1gb_f0
    Entry type: file
    EntryID: 0-69D0965D-1
    Stripe pattern details:
    + Type: RAID0
    + Chunksize: 1M
    + Number of storage targets: desired: 4; actual: 4
    + Storage targets:
      + 303 @ colva3 [ID: 3]
      + 201 @ colva2 [ID: 2]
      + 204 @ colva2 [ID: 2]
      + 302 @ colva3 [ID: 3]
    Chunk path: u3E9/6998/7/0-6998774B-1/0-69D0965D-1
    Inlined inode: yes
    Dentry info:
     + Path: 67/66/0-6998774B-1/
     + Metadata node: anjuna3 [ID: 1]

### OST SPACE (STORAGE) AFTER small_contiguous_write_heavy_seldom_1gb [HDD] run1
### Timestamp: 2026-04-04 10:13:15
TargetID        Total         Free    %      ITotal       IFree    %   NodeID
========        =====         ====    =      ======       =====    =   ======
     101       0.0GiB       0.0GiB   0%        0.0M        0.0M   0%        1
     102       0.0GiB       0.0GiB   0%        0.0M        0.0M   0%        1
     103       0.0GiB       0.0GiB   0%        0.0M        0.0M   0%        1
     104       0.0GiB       0.0GiB   0%        0.0M        0.0M   0%        1
     105       0.0GiB       0.0GiB   0%        0.0M        0.0M   0%        1
     106       0.0GiB       0.0GiB   0%        0.0M        0.0M   0%        1
     107       0.0GiB       0.0GiB   0%        0.0M        0.0M   0%        1
     201    1862.1GiB     794.3GiB  43%      195.4M      195.3M 100%        2
     202    1862.1GiB     827.0GiB  44%      195.4M      195.3M 100%        2
     203    1862.1GiB     882.0GiB  47%      195.4M      195.3M 100%        2
     204    1862.1GiB     838.4GiB  45%      195.4M      195.3M 100%        2
     205     931.1GiB     801.3GiB  86%      488.4M      488.4M 100%        2
     206     931.1GiB     815.7GiB  88%      488.4M      488.4M 100%        2
     207     931.1GiB     818.4GiB  88%      488.4M      488.4M 100%        2
     301    1862.1GiB     503.5GiB  27%      195.4M      195.3M 100%        3
     302    1862.1GiB     538.4GiB  29%      195.4M      195.3M 100%        3
     303    1862.1GiB     610.3GiB  33%      195.4M      195.3M 100%        3
     304    1862.1GiB     560.3GiB  30%      195.4M      195.3M 100%        3
     305     931.1GiB     795.4GiB  85%      488.4M      488.4M 100%        3
     306     931.1GiB     807.2GiB  87%      488.4M      488.2M 100%        3
     307     931.1GiB     457.8GiB  49%      488.4M      488.4M 100%        3
     401       0.0GiB       0.0GiB   0%        0.0M        0.0M   0%        4
     402       0.0GiB       0.0GiB   0%        0.0M        0.0M   0%        4
     403       0.0GiB       0.0GiB   0%        0.0M        0.0M   0%        4
     404       0.0GiB       0.0GiB   0%        0.0M        0.0M   0%        4
     405       0.0GiB       0.0GiB   0%        0.0M        0.0M   0%        4
     406       0.0GiB       0.0GiB   0%        0.0M        0.0M   0%        4
     407       0.0GiB       0.0GiB   0%        0.0M        0.0M   0%        4
# WARNINGS (offline nodes, not in active pools): [ERROR from beegfs-storage colva1 [ID: 1]: Communication error]
 [ERROR from beegfs-storage colva1 [ID: 1]: Communication error]
 [ERROR from beegfs-storage colva1 [ID: 1]: Communication error]
 [ERRO

### MDS SPACE (METADATA) AFTER small_contiguous_write_heavy_seldom_1gb [HDD] run1
### Timestamp: 2026-04-04 10:14:40
TargetID        Total         Free    %      ITotal       IFree    %   NodeID
========        =====         ====    =      ======       =====    =   ======
       1     667.2GiB      34.9GiB   5%       44.5M       37.0M  83%        1

### OST SPACE (STORAGE) BEFORE small_contiguous_write_heavy_seldom_1gb [HDD] run1
### Timestamp: 2026-04-23 22:52:57
TargetID        Total         Free    %      ITotal       IFree    %   NodeID
========        =====         ====    =      ======       =====    =   ======
     101    1862.1GiB    1461.1GiB  78%      195.4M      195.2M 100%        1
     102    1862.1GiB    1459.3GiB  78%      195.4M      195.2M 100%        1
     103    1862.1GiB    1452.0GiB  78%      195.4M      195.2M 100%        1
     104     931.1GiB     913.2GiB  98%      488.4M      488.4M 100%        1
     105     931.1GiB     924.4GiB  99%      488.4M      488.4M 100%        1
     106     931.1GiB     924.4GiB  99%      488.4M      488.4M 100%        1
     107     931.1GiB     924.4GiB  99%      488.4M      488.4M 100%        1
     201    1862.1GiB     794.5GiB  43%      195.4M      195.3M 100%        2
     202    1862.1GiB     827.0GiB  44%      195.4M      195.3M 100%        2
     203    1862.1GiB     882.0GiB  47%      195.4M      195.3M 100%        2
     204    1862.1GiB     838.7GiB  45%      195.4M      195.3M 100%        2
     205     931.1GiB     801.3GiB  86%      488.4M      488.4M 100%        2
     206     931.1GiB     815.7GiB  88%      488.4M      488.4M 100%        2
     207     931.1GiB     818.4GiB  88%      488.4M      488.4M 100%        2
     301    1862.1GiB     503.5GiB  27%      195.4M      195.3M 100%        3
     302    1862.1GiB     538.6GiB  29%      195.4M      195.3M 100%        3
     303    1862.1GiB     610.6GiB  33%      195.4M      195.3M 100%        3
     304    1862.1GiB     560.3GiB  30%      195.4M      195.3M 100%        3
     305     931.1GiB     795.4GiB  85%      488.4M      488.4M 100%        3
     306     931.1GiB     807.2GiB  87%      488.4M      488.2M 100%        3
     307     931.1GiB     457.8GiB  49%      488.4M      488.4M 100%        3
     401       0.0GiB       0.0GiB   0%        0.0M        0.0M   0%        4
     402       0.0GiB       0.0GiB   0%        0.0M        0.0M   0%        4
     403       0.0GiB       0.0GiB   0%        0.0M        0.0M   0%        4
     404       0.0GiB       0.0GiB   0%        0.0M        0.0M   0%        4
     405       0.0GiB       0.0GiB   0%        0.0M        0.0M   0%        4
     406       0.0GiB       0.0GiB   0%        0.0M        0.0M   0%        4
     407       0.0GiB       0.0GiB   0%        0.0M        0.0M   0%        4
# WARNINGS (offline nodes, not in active pools): [ERROR from beegfs-storage colva4 [ID: 4]: Communication error]
 [ERROR from beegfs-storage colva4 [ID: 4]: Communication error]
 [ERROR from beegfs-storage colva4 [ID: 4]: Communication error]
 [ERRO

### MDS SPACE (METADATA) BEFORE small_contiguous_write_heavy_seldom_1gb [HDD] run1
### Timestamp: 2026-04-23 22:53:38
TargetID        Total         Free    %      ITotal       IFree    %   NodeID
========        =====         ====    =      ======       =====    =   ======
       1     667.2GiB      30.3GiB   5%       44.5M       37.0M  83%        1

### FILE OST LAYOUT AFTER small_contiguous_write_heavy_seldom_1gb [HDD] run1
### Timestamp: 2026-04-23 22:55:04
  FILE: /mnt/beegfs/advay/hdd/workloads/tmp/workload_small_contiguous_write_heavy_seldom_1gb_f0
    Entry type: file
    EntryID: 0-69EA5576-1
    Stripe pattern details:
    + Type: RAID0
    + Chunksize: 1M
    + Number of storage targets: desired: 4; actual: 4
    + Storage targets:
      + 303 @ colva3 [ID: 3]
      + 201 @ colva2 [ID: 2]
      + 203 @ colva2 [ID: 2]
      + 301 @ colva3 [ID: 3]
    Chunk path: u3E9/6998/7/0-6998774B-1/0-69EA5576-1
    Inlined inode: yes
    Dentry info:
     + Path: 67/66/0-6998774B-1/
     + Metadata node: anjuna3 [ID: 1]

### OST SPACE (STORAGE) AFTER small_contiguous_write_heavy_seldom_1gb [HDD] run1
### Timestamp: 2026-04-23 22:55:04
TargetID        Total         Free    %      ITotal       IFree    %   NodeID
========        =====         ====    =      ======       =====    =   ======
     101    1862.1GiB    1461.1GiB  78%      195.4M      195.2M 100%        1
     102    1862.1GiB    1459.3GiB  78%      195.4M      195.2M 100%        1
     103    1862.1GiB    1452.0GiB  78%      195.4M      195.2M 100%        1
     104     931.1GiB     913.2GiB  98%      488.4M      488.4M 100%        1
     105     931.1GiB     924.4GiB  99%      488.4M      488.4M 100%        1
     106     931.1GiB     924.4GiB  99%      488.4M      488.4M 100%        1
     107     931.1GiB     924.4GiB  99%      488.4M      488.4M 100%        1
     201    1862.1GiB     794.3GiB  43%      195.4M      195.3M 100%        2
     202    1862.1GiB     827.0GiB  44%      195.4M      195.3M 100%        2
     203    1862.1GiB     881.7GiB  47%      195.4M      195.3M 100%        2
     204    1862.1GiB     838.7GiB  45%      195.4M      195.3M 100%        2
     205     931.1GiB     801.3GiB  86%      488.4M      488.4M 100%        2
     206     931.1GiB     815.7GiB  88%      488.4M      488.4M 100%        2
     207     931.1GiB     818.4GiB  88%      488.4M      488.4M 100%        2
     301    1862.1GiB     503.3GiB  27%      195.4M      195.3M 100%        3
     302    1862.1GiB     538.6GiB  29%      195.4M      195.3M 100%        3
     303    1862.1GiB     610.3GiB  33%      195.4M      195.3M 100%        3
     304    1862.1GiB     560.3GiB  30%      195.4M      195.3M 100%        3
     305     931.1GiB     795.4GiB  85%      488.4M      488.4M 100%        3
     306     931.1GiB     807.2GiB  87%      488.4M      488.2M 100%        3
     307     931.1GiB     457.8GiB  49%      488.4M      488.4M 100%        3
     401       0.0GiB       0.0GiB   0%        0.0M        0.0M   0%        4
     402       0.0GiB       0.0GiB   0%        0.0M        0.0M   0%        4
     403       0.0GiB       0.0GiB   0%        0.0M        0.0M   0%        4
     404       0.0GiB       0.0GiB   0%        0.0M        0.0M   0%        4
     405       0.0GiB       0.0GiB   0%        0.0M        0.0M   0%        4
     406       0.0GiB       0.0GiB   0%        0.0M        0.0M   0%        4
     407       0.0GiB       0.0GiB   0%        0.0M        0.0M   0%        4
# WARNINGS (offline nodes, not in active pools): [ERROR from beegfs-storage colva4 [ID: 4]: Communication error]
 [ERROR from beegfs-storage colva4 [ID: 4]: Communication error]
 [ERROR from beegfs-storage colva4 [ID: 4]: Communication error]
 [ERRO

### MDS SPACE (METADATA) AFTER small_contiguous_write_heavy_seldom_1gb [HDD] run1
### Timestamp: 2026-04-23 22:55:47
TargetID        Total         Free    %      ITotal       IFree    %   NodeID
========        =====         ====    =      ======       =====    =   ======
       1     667.2GiB      30.3GiB   5%       44.5M       37.0M  83%        1

### OST SPACE (STORAGE) BEFORE small_contiguous_write_heavy_seldom_1gb [HDD] run2
### Timestamp: 2026-04-23 22:55:47
TargetID        Total         Free    %      ITotal       IFree    %   NodeID
========        =====         ====    =      ======       =====    =   ======
     101    1862.1GiB    1461.1GiB  78%      195.4M      195.2M 100%        1
     102    1862.1GiB    1459.3GiB  78%      195.4M      195.2M 100%        1
     103    1862.1GiB    1452.0GiB  78%      195.4M      195.2M 100%        1
     104     931.1GiB     913.2GiB  98%      488.4M      488.4M 100%        1
     105     931.1GiB     924.4GiB  99%      488.4M      488.4M 100%        1
     106     931.1GiB     924.4GiB  99%      488.4M      488.4M 100%        1
     107     931.1GiB     924.4GiB  99%      488.4M      488.4M 100%        1
     201    1862.1GiB     794.5GiB  43%      195.4M      195.3M 100%        2
     202    1862.1GiB     827.0GiB  44%      195.4M      195.3M 100%        2
     203    1862.1GiB     882.0GiB  47%      195.4M      195.3M 100%        2
     204    1862.1GiB     838.7GiB  45%      195.4M      195.3M 100%        2
     205     931.1GiB     801.3GiB  86%      488.4M      488.4M 100%        2
     206     931.1GiB     815.7GiB  88%      488.4M      488.4M 100%        2
     207     931.1GiB     818.4GiB  88%      488.4M      488.4M 100%        2
     301    1862.1GiB     503.5GiB  27%      195.4M      195.3M 100%        3
     302    1862.1GiB     538.6GiB  29%      195.4M      195.3M 100%        3
     303    1862.1GiB     610.6GiB  33%      195.4M      195.3M 100%        3
     304    1862.1GiB     560.3GiB  30%      195.4M      195.3M 100%        3
     305     931.1GiB     795.4GiB  85%      488.4M      488.4M 100%        3
     306     931.1GiB     807.2GiB  87%      488.4M      488.2M 100%        3
     307     931.1GiB     457.8GiB  49%      488.4M      488.4M 100%        3
     401       0.0GiB       0.0GiB   0%        0.0M        0.0M   0%        4
     402       0.0GiB       0.0GiB   0%        0.0M        0.0M   0%        4
     403       0.0GiB       0.0GiB   0%        0.0M        0.0M   0%        4
     404       0.0GiB       0.0GiB   0%        0.0M        0.0M   0%        4
     405       0.0GiB       0.0GiB   0%        0.0M        0.0M   0%        4
     406       0.0GiB       0.0GiB   0%        0.0M        0.0M   0%        4
     407       0.0GiB       0.0GiB   0%        0.0M        0.0M   0%        4
# WARNINGS (offline nodes, not in active pools): [ERROR from beegfs-storage colva4 [ID: 4]: Communication error]
 [ERROR from beegfs-storage colva4 [ID: 4]: Communication error]
 [ERROR from beegfs-storage colva4 [ID: 4]: Communication error]
 [ERRO

### MDS SPACE (METADATA) BEFORE small_contiguous_write_heavy_seldom_1gb [HDD] run2
### Timestamp: 2026-04-23 22:56:30
TargetID        Total         Free    %      ITotal       IFree    %   NodeID
========        =====         ====    =      ======       =====    =   ======
       1     667.2GiB      30.3GiB   5%       44.5M       37.0M  83%        1

### FILE OST LAYOUT AFTER small_contiguous_write_heavy_seldom_1gb [HDD] run2
### Timestamp: 2026-04-23 22:57:48
  FILE: /mnt/beegfs/advay/hdd/workloads/tmp/workload_small_contiguous_write_heavy_seldom_1gb_f0
    Entry type: file
    EntryID: 0-69EA5630-1
    Stripe pattern details:
    + Type: RAID0
    + Chunksize: 1M
    + Number of storage targets: desired: 4; actual: 4
    + Storage targets:
      + 202 @ colva2 [ID: 2]
      + 301 @ colva3 [ID: 3]
      + 302 @ colva3 [ID: 3]
      + 304 @ colva3 [ID: 3]
    Chunk path: u3E9/6998/7/0-6998774B-1/0-69EA5630-1
    Inlined inode: yes
    Dentry info:
     + Path: 67/66/0-6998774B-1/
     + Metadata node: anjuna3 [ID: 1]
