profile,POSIX_OPENS_mean,POSIX_OPENS_std,POSIX_OPENS_min,POSIX_OPENS_max,POSIX_OPENS_count,POSIX_READS_mean,POSIX_READS_std,POSIX_READS_min,POSIX_READS_max,POSIX_READS_count,POSIX_WRITES_mean,POSIX_WRITES_std,POSIX_WRITES_min,POSIX_WRITES_max,POSIX_WRITES_count,POSIX_SEEKS_mean,POSIX_SEEKS_std,POSIX_SEEKS_min,POSIX_SEEKS_max,POSIX_SEEKS_count,POSIX_MMAPS_mean,POSIX_MMAPS_std,POSIX_MMAPS_min,POSIX_MMAPS_max,POSIX_MMAPS_count,POSIX_FSYNCS_mean,POSIX_FSYNCS_std,POSIX_FSYNCS_min,POSIX_FSYNCS_max,POSIX_FSYNCS_count,POSIX_BYTES_READ_mean,POSIX_BYTES_READ_std,POSIX_BYTES_READ_min,POSIX_BYTES_READ_max,POSIX_BYTES_READ_count,POSIX_BYTES_WRITTEN_mean,POSIX_BYTES_WRITTEN_std,POSIX_BYTES_WRITTEN_min,POSIX_BYTES_WRITTEN_max,POSIX_BYTES_WRITTEN_count,POSIX_CONSEC_READS_mean,POSIX_CONSEC_READS_std,POSIX_CONSEC_READS_min,POSIX_CONSEC_READS_max,POSIX_CONSEC_READS_count,POSIX_CONSEC_WRITES_mean,POSIX_CONSEC_WRITES_std,POSIX_CONSEC_WRITES_min,POSIX_CONSEC_WRITES_max,POSIX_CONSEC_WRITES_count,POSIX_SEQ_READS_mean,POSIX_SEQ_READS_std,POSIX_SEQ_READS_min,POSIX_SEQ_READS_max,POSIX_SEQ_READS_count,POSIX_SEQ_WRITES_mean,POSIX_SEQ_WRITES_std,POSIX_SEQ_WRITES_min,POSIX_SEQ_WRITES_max,POSIX_SEQ_WRITES_count,POSIX_RW_SWITCHES_mean,POSIX_RW_SWITCHES_std,POSIX_RW_SWITCHES_min,POSIX_RW_SWITCHES_max,POSIX_RW_SWITCHES_count,POSIX_MEM_ALIGNMENT_mean,POSIX_MEM_ALIGNMENT_std,POSIX_MEM_ALIGNMENT_min,POSIX_MEM_ALIGNMENT_max,POSIX_MEM_ALIGNMENT_count,POSIX_FILE_NOT_ALIGNED_mean,POSIX_FILE_NOT_ALIGNED_std,POSIX_FILE_NOT_ALIGNED_min,POSIX_FILE_NOT_ALIGNED_max,POSIX_FILE_NOT_ALIGNED_count,POSIX_FILE_ALIGNMENT_mean,POSIX_FILE_ALIGNMENT_std,POSIX_FILE_ALIGNMENT_min,POSIX_FILE_ALIGNMENT_max,POSIX_FILE_ALIGNMENT_count,POSIX_MAX_READ_TIME_SIZE_mean,POSIX_MAX_READ_TIME_SIZE_std,POSIX_MAX_READ_TIME_SIZE_min,POSIX_MAX_READ_TIME_SIZE_max,POSIX_MAX_READ_TIME_SIZE_count,POSIX_MAX_WRITE_TIME_SIZE_mean,POSIX_MAX_WRITE_TIME_SIZE_std,POSIX_MAX_WRITE_TIME_SIZE_min,POSIX_MAX_WRITE_TIME_SIZE_max,POSIX_MAX_WRITE_TIME_SIZE_count,POSIX_SIZE_READ_1K_10K_mean,POSIX_SIZE_READ_1K_10K_std,POSIX_SIZE_READ_1K_10K_min,POSIX_SIZE_READ_1K_10K_max,POSIX_SIZE_READ_1K_10K_count,POSIX_SIZE_READ_1M_4M_mean,POSIX_SIZE_READ_1M_4M_std,POSIX_SIZE_READ_1M_4M_min,POSIX_SIZE_READ_1M_4M_max,POSIX_SIZE_READ_1M_4M_count,POSIX_SIZE_WRITE_1K_10K_mean,POSIX_SIZE_WRITE_1K_10K_std,POSIX_SIZE_WRITE_1K_10K_min,POSIX_SIZE_WRITE_1K_10K_max,POSIX_SIZE_WRITE_1K_10K_count,POSIX_SIZE_WRITE_1M_4M_mean,POSIX_SIZE_WRITE_1M_4M_std,POSIX_SIZE_WRITE_1M_4M_min,POSIX_SIZE_WRITE_1M_4M_max,POSIX_SIZE_WRITE_1M_4M_count,POSIX_STRIDE1_STRIDE_mean,POSIX_STRIDE1_STRIDE_std,POSIX_STRIDE1_STRIDE_min,POSIX_STRIDE1_STRIDE_max,POSIX_STRIDE1_STRIDE_count,POSIX_STRIDE2_STRIDE_mean,POSIX_STRIDE2_STRIDE_std,POSIX_STRIDE2_STRIDE_min,POSIX_STRIDE2_STRIDE_max,POSIX_STRIDE2_STRIDE_count,POSIX_STRIDE3_STRIDE_mean,POSIX_STRIDE3_STRIDE_std,POSIX_STRIDE3_STRIDE_min,POSIX_STRIDE3_STRIDE_max,POSIX_STRIDE3_STRIDE_count,POSIX_STRIDE4_STRIDE_mean,POSIX_STRIDE4_STRIDE_std,POSIX_STRIDE4_STRIDE_min,POSIX_STRIDE4_STRIDE_max,POSIX_STRIDE4_STRIDE_count,POSIX_STRIDE1_COUNT_mean,POSIX_STRIDE1_COUNT_std,POSIX_STRIDE1_COUNT_min,POSIX_STRIDE1_COUNT_max,POSIX_STRIDE1_COUNT_count,POSIX_STRIDE2_COUNT_mean,POSIX_STRIDE2_COUNT_std,POSIX_STRIDE2_COUNT_min,POSIX_STRIDE2_COUNT_max,POSIX_STRIDE2_COUNT_count,POSIX_STRIDE3_COUNT_mean,POSIX_STRIDE3_COUNT_std,POSIX_STRIDE3_COUNT_min,POSIX_STRIDE3_COUNT_max,POSIX_STRIDE3_COUNT_count,POSIX_STRIDE4_COUNT_mean,POSIX_STRIDE4_COUNT_std,POSIX_STRIDE4_COUNT_min,POSIX_STRIDE4_COUNT_max,POSIX_STRIDE4_COUNT_count,POSIX_F_READ_TIME_mean,POSIX_F_READ_TIME_std,POSIX_F_READ_TIME_min,POSIX_F_READ_TIME_max,POSIX_F_READ_TIME_count,POSIX_F_WRITE_TIME_mean,POSIX_F_WRITE_TIME_std,POSIX_F_WRITE_TIME_min,POSIX_F_WRITE_TIME_max,POSIX_F_WRITE_TIME_count,POSIX_F_META_TIME_mean,POSIX_F_META_TIME_std,POSIX_F_META_TIME_min,POSIX_F_META_TIME_max,POSIX_F_META_TIME_count,POSIX_F_MAX_READ_TIME_mean,POSIX_F_MAX_READ_TIME_std,POSIX_F_MAX_READ_TIME_min,POSIX_F_MAX_READ_TIME_max,POSIX_F_MAX_READ_TIME_count,POSIX_F_MAX_WRITE_TIME_mean,POSIX_F_MAX_WRITE_TIME_std,POSIX_F_MAX_WRITE_TIME_min,POSIX_F_MAX_WRITE_TIME_max,POSIX_F_MAX_WRITE_TIME_count,POSIX_OPEN_DURATION_mean,POSIX_OPEN_DURATION_std,POSIX_OPEN_DURATION_min,POSIX_OPEN_DURATION_max,POSIX_OPEN_DURATION_count,POSIX_READ_DURATION_mean,POSIX_READ_DURATION_std,POSIX_READ_DURATION_min,POSIX_READ_DURATION_max,POSIX_READ_DURATION_count,POSIX_WRITE_DURATION_mean,POSIX_WRITE_DURATION_std,POSIX_WRITE_DURATION_min,POSIX_WRITE_DURATION_max,POSIX_WRITE_DURATION_count,POSIX_CLOSE_DURATION_mean,POSIX_CLOSE_DURATION_std,POSIX_CLOSE_DURATION_min,POSIX_CLOSE_DURATION_max,POSIX_CLOSE_DURATION_count,POSIX_READ_BW_MBps_mean,POSIX_READ_BW_MBps_std,POSIX_READ_BW_MBps_min,POSIX_READ_BW_MBps_max,POSIX_READ_BW_MBps_count,POSIX_WRITE_BW_MBps_mean,POSIX_WRITE_BW_MBps_std,POSIX_WRITE_BW_MBps_min,POSIX_WRITE_BW_MBps_max,POSIX_WRITE_BW_MBps_count,POSIX_TOTAL_BW_MBps_mean,POSIX_TOTAL_BW_MBps_std,POSIX_TOTAL_BW_MBps_min,POSIX_TOTAL_BW_MBps_max,POSIX_TOTAL_BW_MBps_count,POSIX_READ_LATENCY_ms_mean,POSIX_READ_LATENCY_ms_std,POSIX_READ_LATENCY_ms_min,POSIX_READ_LATENCY_ms_max,POSIX_READ_LATENCY_ms_count,POSIX_WRITE_LATENCY_ms_mean,POSIX_WRITE_LATENCY_ms_std,POSIX_WRITE_LATENCY_ms_min,POSIX_WRITE_LATENCY_ms_max,POSIX_WRITE_LATENCY_ms_count,POSIX_OPEN_LATENCY_ms_mean,POSIX_OPEN_LATENCY_ms_std,POSIX_OPEN_LATENCY_ms_min,POSIX_OPEN_LATENCY_ms_max,POSIX_OPEN_LATENCY_ms_count,POSIX_CLOSE_LATENCY_ms_mean,POSIX_CLOSE_LATENCY_ms_std,POSIX_CLOSE_LATENCY_ms_min,POSIX_CLOSE_LATENCY_ms_max,POSIX_CLOSE_LATENCY_ms_count,POSIX_READ_DENSITY_mean,POSIX_READ_DENSITY_std,POSIX_READ_DENSITY_min,POSIX_READ_DENSITY_max,POSIX_READ_DENSITY_count,POSIX_WRITE_DENSITY_mean,POSIX_WRITE_DENSITY_std,POSIX_WRITE_DENSITY_min,POSIX_WRITE_DENSITY_max,POSIX_WRITE_DENSITY_count,POSIX_MEAN_READ_SIZE_mean,POSIX_MEAN_READ_SIZE_std,POSIX_MEAN_READ_SIZE_min,POSIX_MEAN_READ_SIZE_max,POSIX_MEAN_READ_SIZE_count,POSIX_MEAN_WRITE_SIZE_mean,POSIX_MEAN_WRITE_SIZE_std,POSIX_MEAN_WRITE_SIZE_min,POSIX_MEAN_WRITE_SIZE_max,POSIX_MEAN_WRITE_SIZE_count,POSIX_SEQ_READ_RATIO_mean,POSIX_SEQ_READ_RATIO_std,POSIX_SEQ_READ_RATIO_min,POSIX_SEQ_READ_RATIO_max,POSIX_SEQ_READ_RATIO_count,POSIX_SEQ_WRITE_RATIO_mean,POSIX_SEQ_WRITE_RATIO_std,POSIX_SEQ_WRITE_RATIO_min,POSIX_SEQ_WRITE_RATIO_max,POSIX_SEQ_WRITE_RATIO_count,POSIX_SEEK_RATE_mean,POSIX_SEEK_RATE_std,POSIX_SEEK_RATE_min,POSIX_SEEK_RATE_max,POSIX_SEEK_RATE_count,POSIX_OPENS_cv,POSIX_READS_cv,POSIX_WRITES_cv,POSIX_SEEKS_cv,POSIX_MMAPS_cv,POSIX_FSYNCS_cv,POSIX_BYTES_READ_cv,POSIX_BYTES_WRITTEN_cv,POSIX_CONSEC_READS_cv,POSIX_CONSEC_WRITES_cv,POSIX_SEQ_READS_cv,POSIX_SEQ_WRITES_cv,POSIX_RW_SWITCHES_cv,POSIX_MEM_ALIGNMENT_cv,POSIX_FILE_NOT_ALIGNED_cv,POSIX_FILE_ALIGNMENT_cv,POSIX_MAX_READ_TIME_SIZE_cv,POSIX_MAX_WRITE_TIME_SIZE_cv,POSIX_SIZE_READ_1K_10K_cv,POSIX_SIZE_READ_1M_4M_cv,POSIX_SIZE_WRITE_1K_10K_cv,POSIX_SIZE_WRITE_1M_4M_cv,POSIX_STRIDE1_STRIDE_cv,POSIX_STRIDE2_STRIDE_cv,POSIX_STRIDE3_STRIDE_cv,POSIX_STRIDE4_STRIDE_cv,POSIX_STRIDE1_COUNT_cv,POSIX_STRIDE2_COUNT_cv,POSIX_STRIDE3_COUNT_cv,POSIX_STRIDE4_COUNT_cv,POSIX_F_READ_TIME_cv,POSIX_F_WRITE_TIME_cv,POSIX_F_META_TIME_cv,POSIX_F_MAX_READ_TIME_cv,POSIX_F_MAX_WRITE_TIME_cv,POSIX_OPEN_DURATION_cv,POSIX_READ_DURATION_cv,POSIX_WRITE_DURATION_cv,POSIX_CLOSE_DURATION_cv,POSIX_READ_BW_MBps_cv,POSIX_WRITE_BW_MBps_cv,POSIX_TOTAL_BW_MBps_cv,POSIX_READ_LATENCY_ms_cv,POSIX_WRITE_LATENCY_ms_cv,POSIX_OPEN_LATENCY_ms_cv,POSIX_CLOSE_LATENCY_ms_cv,POSIX_READ_DENSITY_cv,POSIX_WRITE_DENSITY_cv,POSIX_MEAN_READ_SIZE_cv,POSIX_MEAN_WRITE_SIZE_cv,POSIX_SEQ_READ_RATIO_cv,POSIX_SEQ_WRITE_RATIO_cv,POSIX_SEEK_RATE_cv
large_contiguous_mixed_freq_102mb,3.0,0.0,3,3,3,6.0,0.0,6,6,3,13.0,0.0,13,13,3,19.0,0.0,19,19,3,-3.0,0.0,-3,-3,3,0.0,0.0,0,0,3,25165824.0,0.0,25165824,25165824,3,54525952.0,0.0,54525952,54525952,3,5.0,0.0,5,5,3,11.0,0.0,11,11,3,5.0,0.0,5,5,3,11.0,0.0,11,11,3,0.0,0.0,0,0,3,8.0,0.0,8,8,3,0.0,0.0,0,0,3,524288.0,0.0,524288,524288,3,4194304.0,0.0,4194304,4194304,3,4194304.0,0.0,4194304,4194304,3,0.0,0.0,0,0,3,6.0,0.0,6,6,3,0.0,0.0,0,0,3,13.0,0.0,13,13,3,0.0,0.0,0,0,3,0.0,0.0,0,0,3,0.0,0.0,0,0,3,0.0,0.0,0,0,3,0.0,0.0,0,0,3,0.0,0.0,0,0,3,0.0,0.0,0,0,3,0.0,0.0,0,0,3,0.21325135231018064,0.05519932917985017,0.149698257446289,0.2492372989654541,3,0.22411616643269852,0.006988748259206045,0.2197341918945312,0.2321758270263672,3,0.011761109034220334,0.0004056026544916195,0.0113453865051269,0.0121557712554931,3,0.11510491371154781,0.05246780075773403,0.0682272911071777,0.171781301498413,3,0.02074360847473143,0.006153656682160099,0.017169713973999,0.0278491973876953,3,0.004717270533243834,0.0004064464342341407,0.0044031143188476,0.0051763057708741,3,0.21718835830688474,0.05538808787498825,0.1534321308135986,0.2534480094909668,3,0.1242438952128092,0.0010196665748106826,0.1232311725616455,0.1252703666687011,3,0.10646319389343262,0.05334358434653607,0.0461692810058594,0.14751982688903809,3,116.40008294000758,34.70054442239724,94.69397707325608,156.42095220040372,3,418.55042160969975,3.4345785118140753,415.1021616909839,421.9711532322504,3,226.9690804051794,40.52362411727374,201.76320758120573,273.71381075047236,3,36.198059717814125,9.23134797916471,25.572021802266434,42.24133491516113,3,9.55722270867763,0.07843589037005312,9.479320966280422,9.636182051438546,3,1.572423511081278,0.1354821447447135,1.4677047729492,1.7254352569580333,3,35.487731297810875,17.781194782178687,15.389760335286468,49.17327562967936,3,122054333.36890139,36386158.06825961,99293831.70356657,164019256.37449053,3,438881926.8898125,3601416.597603956,435266164.29728514,442468823.9716602,3,4194304.0,0.0,4194304.0,4194304.0,3,4194304.0,0.0,4194304.0,4194304.0,3,0.8333333333333334,0.0,0.8333333333333334,0.8333333333333334,3,0.8461538461538461,0.0,0.8461538461538461,0.8461538461538461,3,1.0,0.0,1.0,1.0,3,0.0,0.0,0.0,0.0,-0.0,,0.0,0.0,0.0,0.0,0.0,0.0,,0.0,,0.0,0.0,0.0,,0.0,,0.0,,,,,,,,,0.2588463265619111,0.03118359719625468,0.034486769343900374,0.4558258988770715,0.2966531444929699,0.08616135779574371,0.2550232816656107,0.008206975264773876,0.5010518884106733,0.2981144303847434,0.008205889504554928,0.1785424871305466,0.2550232816656107,0.008206975264773942,0.08616135779574367,0.5010518884106732,0.2981144303847434,0.008205889504554928,0.0,0.0,0.0,0.0,0.0
large_contiguous_mixed_freq_10gb,3.0,0.0,3,3,3,640.0,0.0,640,640,3,1280.0,0.0,1280,1280,3,1920.0,0.0,1920,1920,3,-3.0,0.0,-3,-3,3,0.0,0.0,0,0,3,2684354560.0,0.0,2684354560,2684354560,3,5368709120.0,0.0,5368709120,5368709120,3,639.0,0.0,639,639,3,1278.0,0.0,1278,1278,3,639.0,0.0,639,639,3,1278.0,0.0,1278,1278,3,0.0,0.0,0,0,3,8.0,0.0,8,8,3,0.0,0.0,0,0,3,524288.0,0.0,524288,524288,3,4194304.0,0.0,4194304,4194304,3,4194304.0,0.0,4194304,4194304,3,0.0,0.0,0,0,3,640.0,0.0,640,640,3,0.0,0.0,0,0,3,1280.0,0.0,1280,1280,3,0.0,0.0,0,0,3,0.0,0.0,0,0,3,0.0,0.0,0,0,3,0.0,0.0,0,0,3,0.0,0.0,0,0,3,0.0,0.0,0,0,3,0.0,0.0,0,0,3,0.0,0.0,0,0,3,9.300069808959961,0.04960375600269949,9.266479015350342,9.357043266296388,3,21.963877598444622,0.13162547433251698,21.81195068359375,22.043572664260864,3,0.013236443201700832,0.00048405808481097703,0.0126831531524658,0.0135817527770996,3,0.0385346412658691,0.008968393988133575,0.0305714607238769,0.0482497215270996,3,0.03331351280212397,0.005259624951893457,0.0279972553253173,0.0385146141052246,3,0.004517714182535801,0.0002904120657716841,0.0043454170227051,0.0048530101776123,3,9.306621630986532,0.049338873254712014,9.272866487503052,9.363245487213137,3,11.04157296816508,0.016785491145152587,11.027261018753052,11.0600483417511,3,1.7368820508321132,0.053793614317343176,1.6760668754577654,1.7782390117645264,3,275.0781036433454,1.4541151423313587,273.4094714803803,276.0742865704026,3,463.7027621807294,0.7045513368450125,462.9274521949664,464.30387303727423,3,377.4306055956106,0.93469214676476,376.45850038897794,378.32274687108116,3,14.541596298416456,0.07709198946048751,14.488853886723518,14.630071073770527,3,8.62622888137897,0.013113664957150861,8.615047670900822,8.640662766993048,3,1.5059047275119333,0.0968040219238945,1.4484723409016997,1.6176700592041,3,578.9606836107045,17.931204772447742,558.6889584859218,592.7463372548422,3,288440297.60592455,1524750.2394852468,286690609.9670113,289484871.11484647,3,486227587.5564205,738775.6225835958,485414616.1127891,486857897.97393286,3,4194304.0,0.0,4194304.0,4194304.0,3,4194304.0,0.0,4194304.0,4194304.0,3,0.9984375,0.0,0.9984375,0.9984375,3,0.9984375,0.0,0.9984375,0.9984375,3,1.0,0.0,1.0,1.0,3,0.0,0.0,0.0,0.0,-0.0,,0.0,0.0,0.0,0.0,0.0,0.0,,0.0,,0.0,0.0,0.0,,0.0,,0.0,,,,,,,,,0.005333697168048112,0.005992815874271584,0.03657010251430516,0.23273588889166746,0.1578826280835241,0.0642829656852429,0.005301480516886763,0.0015202083248055597,0.030971368661200392,0.00528619007864291,0.0015194029328865885,0.002476460925286527,0.0053014805168867625,0.0015202083248056061,0.06428296568524279,0.030971368661200416,0.00528619007864291,0.0015194029328865885,0.0,0.0,0.0,0.0,0.0
large_contiguous_mixed_freq_1gb,3.0,0.0,3,3,3,64.0,0.0,64,64,3,128.0,0.0,128,128,3,192.0,0.0,192,192,3,-3.0,0.0,-3,-3,3,0.0,0.0,0,0,3,268435456.0,0.0,268435456,268435456,3,536870912.0,0.0,536870912,536870912,3,63.0,0.0,63,63,3,126.0,0.0,126,126,3,63.0,0.0,63,63,3,126.0,0.0,126,126,3,0.0,0.0,0,0,3,8.0,0.0,8,8,3,0.0,0.0,0,0,3,524288.0,0.0,524288,524288,3,4194304.0,0.0,4194304,4194304,3,4194304.0,0.0,4194304,4194304,3,0.0,0.0,0,0,3,64.0,0.0,64,64,3,0.0,0.0,0,0,3,128.0,0.0,128,128,3,0.0,0.0,0,0,3,0.0,0.0,0,0,3,0.0,0.0,0,0,3,0.0,0.0,0,0,3,0.0,0.0,0,0,3,0.0,0.0,0,0,3,0.0,0.0,0,0,3,0.0,0.0,0,0,3,0.9423718452453613,0.0025051736077028514,0.9402995109558104,0.9451558589935304,3,2.261478821436564,0.04736158364075255,2.206857681274414,2.2911384105682373,3,0.011398792266845634,0.004470292326258163,0.008359670639038,0.0165317058563232,3,0.024381240208943635,0.002404674285808657,0.0225884914398193,0.027113914489746,3,0.0483043988545735,0.033055929081713356,0.0260248184204101,0.0862846374511718,3,0.0025559266408284667,0.0002747362506650495,0.0022428035736084,0.0027565956115723,3,0.9467589060465494,0.003076118097796309,0.9441885948181152,0.950167179107666,3,1.1592455705006917,0.03421249626623289,1.122143268585205,1.1895465850830078,3,0.21672662099202464,0.034686880547236135,0.17976784706115712,0.24857449531555165,3,270.3980895688816,0.8774756358341502,269.42627111201443,271.13227315493555,3,441.9254129938008,13.157902616454349,430.41609838615284,456.26972449385016,3,364.7471784032373,6.444779533673449,358.92651290696756,371.67311485729954,3,14.793107906977335,0.04806434527806733,14.75294679403305,14.846362173557281,3,9.056606019536654,0.26728512707994445,8.766744285821915,9.293332695960999,3,0.8519755469428224,0.09157875022168309,0.7476011912028001,0.9188652038574333,3,72.24220699734154,11.562293515745377,59.92261568705237,82.85816510518389,3,283532947.16777956,920099.8923204299,282513921.65755165,284302794.4557097,3,463392381.8553877,13797060.893951235,451323990.7813586,478433482.6308634,3,4194304.0,0.0,4194304.0,4194304.0,3,4194304.0,0.0,4194304.0,4194304.0,3,0.984375,0.0,0.984375,0.984375,3,0.984375,0.0,0.984375,0.984375,3,1.0,0.0,1.0,1.0,3,0.0,0.0,0.0,0.0,-0.0,,0.0,0.0,0.0,0.0,0.0,0.0,,0.0,,0.0,0.0,0.0,,0.0,,0.0,,,,,,,,,0.0026583706000369634,0.02094274913910843,0.3921724531519354,0.09862805440580351,0.6843254416897395,0.10748988107733708,0.003249103946263871,0.02951272546286816,0.16004900730913246,0.0032451251309992,0.02977403477957246,0.017669168989564003,0.003249103946263871,0.02951272546286816,0.10748988107733695,0.16004900730913246,0.0032451251309992,0.02977403477957246,0.0,0.0,0.0,0.0,0.0
large_contiguous_read_heavy_freq_102mb,1.0,0.0,1,1,3,25.0,0.0,25,25,3,0.0,0.0,0,0,3,25.0,0.0,25,25,3,-1.0,0.0,-1,-1,3,0.0,0.0,0,0,3,104857600.0,0.0,104857600,104857600,3,0.0,0.0,0,0,3,24.0,0.0,24,24,3,0.0,0.0,0,0,3,24.0,0.0,24,24,3,0.0,0.0,0,0,3,0.0,0.0,0,0,3,8.0,0.0,8,8,3,0.0,0.0,0,0,3,524288.0,0.0,524288,524288,3,4194304.0,0.0,4194304,4194304,3,0.0,0.0,0,0,3,0.0,0.0,0,0,3,25.0,0.0,25,25,3,0.0,0.0,0,0,3,0.0,0.0,0,0,3,0.0,0.0,0,0,3,0.0,0.0,0,0,3,0.0,0.0,0,0,3,0.0,0.0,0,0,3,0.0,0.0,0,0,3,0.0,0.0,0,0,3,0.0,0.0,0,0,3,0.0,0.0,0,0,3,0.3766477108001709,0.0018563962600629564,0.3745338916778564,0.3780128955841064,3,0.0,0.0,0.0,0.0,3,0.003525177637735967,0.000325549751555051,0.0032126903533935,0.0038623809814453,3,0.0241942405700683,0.002950327592096466,0.0210177898406982,0.0268487930297851,3,0.0,0.0,0.0,0.0,3,0.0017964045206706,8.341800112126646e-05,0.0017039775848389001,0.0018661022186278998,3,0.3767661253611247,0.0018631244284402371,0.3746466636657715,0.3781454563140869,3,0.0,0.0,0.0,0.0,3,0.001710255940755227,0.0002449170834409103,0.0014927387237548828,0.0019755363464356024,3,265.42098024172674,1.315787197813542,264.4485034270521,266.9181650292545,3,,,,,0,265.42098024172674,1.315787197813542,264.4485034270521,266.9181650292545,3,15.07064501444499,0.0745249771376093,14.98586654663086,15.125818252563477,3,,,,,0,1.7964045206706,0.0834180011212665,1.7039775848389,1.8661022186278997,3,1.7102559407552267,0.24491708344091032,1.4927387237548828,1.9755363464356024,3,278314069.77794886,1379702.8767345326,277294353.9295246,279883981.8137156,3,,,,,0,4194304.0,0.0,4194304.0,4194304.0,3,,,,,0,0.96,0.0,0.96,0.96,3,,,,,0,1.0,0.0,1.0,1.0,3,0.0,0.0,,0.0,-0.0,,0.0,,0.0,,0.0,,,0.0,,0.0,0.0,,,0.0,,,,,,,,,,,0.004928733686231962,,0.09234988559729268,0.12194338497842494,,0.04643608951180239,0.004945042303509797,,0.14320493067999993,0.00495735942431987,,0.00495735942431987,0.004945042303509784,,0.04643608951180242,0.14320493067999993,0.00495735942431987,,0.0,,0.0,,0.0
large_contiguous_read_heavy_freq_10gb,1.0,0.0,1,1,3,2560.0,0.0,2560,2560,3,0.0,0.0,0,0,3,2560.0,0.0,2560,2560,3,-1.0,0.0,-1,-1,3,0.0,0.0,0,0,3,10737418240.0,0.0,10737418240,10737418240,3,0.0,0.0,0,0,3,2559.0,0.0,2559,2559,3,0.0,0.0,0,0,3,2559.0,0.0,2559,2559,3,0.0,0.0,0,0,3,0.0,0.0,0,0,3,8.0,0.0,8,8,3,0.0,0.0,0,0,3,524288.0,0.0,524288,524288,3,4194304.0,0.0,4194304,4194304,3,0.0,0.0,0,0,3,0.0,0.0,0,0,3,2560.0,0.0,2560,2560,3,0.0,0.0,0,0,3,0.0,0.0,0,0,3,0.0,0.0,0,0,3,0.0,0.0,0,0,3,0.0,0.0,0,0,3,0.0,0.0,0,0,3,0.0,0.0,0,0,3,0.0,0.0,0,0,3,0.0,0.0,0,0,3,0.0,0.0,0,0,3,37.08997909228007,0.03348989776860871,37.06008791923523,37.12617230415344,3,0.0,0.0,0.0,0.0,3,0.005004564921061167,0.0004783871215644305,0.0045258998870849,0.0054826736450195,3,0.06081581115722651,0.020781516072825714,0.0413343906402587,0.0826902389526367,3,0.0,0.0,0.0,0.0,3,0.001517136891682933,0.000532663087844692,0.0009076595306396001,0.0018935203552245998,3,37.10024197896322,0.032749317383334045,37.07024908065795,37.13518428802491,3,0.0,0.0,0.0,0.0,3,0.0017247200012207031,6.68031670501056e-05,0.001659393310546875,0.00179290771484375,3,276.0091247958555,0.24359265050330275,275.74927111112044,276.23229554567246,3,,,,,0,276.0091247958555,0.24359265050330275,275.74927111112044,276.23229554567246,3,14.492282023032507,0.012792702102865613,14.480566047132012,14.505931362509731,3,,,,,0,1.5171368916829333,0.532663087844692,0.9076595306396,1.8935203552245998,3,1.7247200012207031,0.06680316705010561,1.659393310546875,1.79290771484375,3,289416544.04193896,255425.4070941512,289144067.7046142,289650555.53409904,3,,,,,0,4194304.0,0.0,4194304.0,4194304.0,3,,,,,0,0.999609375,0.0,0.999609375,0.999609375,3,,,,,0,1.0,0.0,1.0,1.0,3,0.0,0.0,,0.0,-0.0,,0.0,,0.0,,0.0,,,0.0,,0.0,0.0,,,0.0,,,,,,,,,,,0.0009029365502009495,,0.09559015201325301,0.341712388232387,,0.3510975777893175,0.0008827251693372712,,0.038732760681632034,0.0008825528890882542,,0.0008825528890882542,0.0008827251693373231,,0.35109757778931744,0.03873276068163204,0.0008825528890882542,,0.0,,0.0,,0.0
large_contiguous_read_heavy_freq_1gb,1.0,0.0,1,1,3,256.0,0.0,256,256,3,0.0,0.0,0,0,3,256.0,0.0,256,256,3,-1.0,0.0,-1,-1,3,0.0,0.0,0,0,3,1073741824.0,0.0,1073741824,1073741824,3,0.0,0.0,0,0,3,255.0,0.0,255,255,3,0.0,0.0,0,0,3,255.0,0.0,255,255,3,0.0,0.0,0,0,3,0.0,0.0,0,0,3,8.0,0.0,8,8,3,0.0,0.0,0,0,3,524288.0,0.0,524288,524288,3,4194304.0,0.0,4194304,4194304,3,0.0,0.0,0,0,3,0.0,0.0,0,0,3,256.0,0.0,256,256,3,0.0,0.0,0,0,3,0.0,0.0,0,0,3,0.0,0.0,0,0,3,0.0,0.0,0,0,3,0.0,0.0,0,0,3,0.0,0.0,0,0,3,0.0,0.0,0,0,3,0.0,0.0,0,0,3,0.0,0.0,0,0,3,0.0,0.0,0,0,3,3.865974267323812,0.239434532320855,3.7052857875823975,4.141160249710083,3,0.0,0.0,0.0,0.0,3,0.0031455357869465666,0.0006206715813124095,0.002446174621582,0.0036308765411376,3,0.10485251744588213,0.11873752859797833,0.0279879570007324,0.2416081428527832,3,0.0,0.0,0.0,0.0,3,0.0012985865275064999,0.0005341002079750049,0.0006957054138183,0.0017125606536865998,3,3.8671135902404785,0.2394372309609433,3.7064340114593506,4.142303943634033,3,0.0,0.0,0.0,0.0,3,0.001661221186320135,8.024346741441771e-05,0.001575469970703125,0.0017344951629638672,3,265.45300799206416,15.893998020293576,247.20542334265488,276.2763337574749,3,,,,,0,265.45300799206416,15.893998020293576,247.20542334265488,276.2763337574749,3,15.10591246187687,0.9353016834411848,14.478257857263088,16.180874779820442,3,,,,,0,1.2985865275064998,0.5341002079750049,0.6957054138183,1.7125606536865998,3,1.661221186320135,0.08024346741441771,1.575469970703125,1.7344951629638672,3,278347653.30828667,16666064.868127357,259213673.9869477,289696732.946078,3,,,,,0,4194304.0,0.0,4194304.0,4194304.0,3,,,,,0,0.99609375,0.0,0.99609375,0.99609375,3,,,,,0,1.0,0.0,1.0,1.0,3,0.0,0.0,,0.0,-0.0,,0.0,,0.0,,0.0,,,0.0,,0.0,0.0,,,0.0,,,,,,,,,,,0.06193381428961283,,0.19731823872043994,1.1324242039230266,,0.41129350771917006,0.06191626529027138,,0.048303903222044475,0.059874996861096916,,0.059874996861096916,0.06191626529027139,,0.4112935077191701,0.048303903222044475,0.059874996861096916,,0.0,,0.0,,0.0
large_contiguous_read_heavy_seldom_102mb,1.0,0.0,1,1,3,25.0,0.0,25,25,3,0.0,0.0,0,0,3,25.0,0.0,25,25,3,-1.0,0.0,-1,-1,3,0.0,0.0,0,0,3,104857600.0,0.0,104857600,104857600,3,0.0,0.0,0,0,3,24.0,0.0,24,24,3,0.0,0.0,0,0,3,24.0,0.0,24,24,3,0.0,0.0,0,0,3,0.0,0.0,0,0,3,8.0,0.0,8,8,3,0.0,0.0,0,0,3,524288.0,0.0,524288,524288,3,4194304.0,0.0,4194304,4194304,3,0.0,0.0,0,0,3,0.0,0.0,0,0,3,25.0,0.0,25,25,3,0.0,0.0,0,0,3,0.0,0.0,0,0,3,0.0,0.0,0,0,3,0.0,0.0,0,0,3,0.0,0.0,0,0,3,0.0,0.0,0,0,3,0.0,0.0,0,0,3,0.0,0.0,0,0,3,0.0,0.0,0,0,3,0.0,0.0,0,0,3,0.38673909505208326,0.019933511854887516,0.369816780090332,0.4087121486663818,3,0.0,0.0,0.0,0.0,3,0.0036142667134602333,0.00015853317685239266,0.0034339427947998,0.0037317276000976,3,0.032212972640991135,0.018561197569522528,0.0175898075103759,0.0530943870544433,3,0.0,0.0,0.0,0.0,3,0.0017266273498535332,0.00015524894484213671,0.0015954971313477,0.0018980503082275998,3,0.3868570327758789,0.019941826169238102,0.3699357509613038,0.4088428020477295,3,0.0,0.0,0.0,0.0,3,0.0018692811330159875,0.00017388093251567932,0.0017294883728027899,0.002063989639282282,3,258.94411467537105,13.118265917633966,244.59278602714818,270.31720978614,3,,,,,0,258.94411467537105,13.118265917633966,244.59278602714818,270.31720978614,3,15.474281311035158,0.7976730467695234,14.797430038452154,16.35371208190918,3,,,,,0,1.7266273498535334,0.1552489448421367,1.5954971313477,1.8980503082275997,3,1.8692811330159875,0.17388093251567935,1.7294883728027899,2.063989639282282,3,271522583.9898419,13755498.802848954,256474125.20120293,283448138.5687115,3,,,,,0,4194304.0,0.0,4194304.0,4194304.0,3,,,,,0,0.96,0.0,0.96,0.96,3,,,,,0,1.0,0.0,1.0,1.0,3,0.0,0.0,,0.0,-0.0,,0.0,,0.0,,0.0,,,0.0,,0.0,0.0,,,0.0,,,,,,,,,,,0.051542531153213285,,0.043863164902021266,0.5762025683374322,,0.08991456370438371,0.05154830978810502,,0.09302021480050543,0.050660606571730216,,0.050660606571730216,0.05154830978810497,,0.08991456370438368,0.09302021480050544,0.050660606571730216,,0.0,,0.0,,0.0
large_contiguous_read_heavy_seldom_10gb,1.0,0.0,1,1,3,2560.0,0.0,2560,2560,3,0.0,0.0,0,0,3,2560.0,0.0,2560,2560,3,-1.0,0.0,-1,-1,3,0.0,0.0,0,0,3,10737418240.0,0.0,10737418240,10737418240,3,0.0,0.0,0,0,3,2559.0,0.0,2559,2559,3,0.0,0.0,0,0,3,2559.0,0.0,2559,2559,3,0.0,0.0,0,0,3,0.0,0.0,0,0,3,8.0,0.0,8,8,3,0.0,0.0,0,0,3,524288.0,0.0,524288,524288,3,4194304.0,0.0,4194304,4194304,3,0.0,0.0,0,0,3,0.0,0.0,0,0,3,2560.0,0.0,2560,2560,3,0.0,0.0,0,0,3,0.0,0.0,0,0,3,0.0,0.0,0,0,3,0.0,0.0,0,0,3,0.0,0.0,0,0,3,0.0,0.0,0,0,3,0.0,0.0,0,0,3,0.0,0.0,0,0,3,0.0,0.0,0,0,3,0.0,0.0,0,0,3,37.07394679387411,0.040781776544726804,37.04377555847168,37.120344161987305,3,0.0,0.0,0.0,0.0,3,0.004895130793253567,0.0004824916631502791,0.0043537616729736,0.0052797794342041,3,0.05923263231913243,0.026060336290105082,0.0408945083618164,0.0890638828277587,3,0.0,0.0,0.0,0.0,3,0.0012761751810709333,0.0006078080517060952,0.0006160736083984,0.0018126964569091996,3,37.084794203440346,0.04052560497575949,37.054948091506965,37.130929946899414,3,0.0,0.0,0.0,0.0,3,0.0018202463785830976,8.465751024676511e-05,0.0017366409301757812,0.0019059181213378906,3,276.1241734699354,0.3015770400126476,275.7808655652882,276.3463593232511,3,,,,,0,276.1241734699354,0.3015770400126476,275.7808655652882,276.3463593232511,3,14.486247735718885,0.01583031444365683,14.474589098244909,14.504269510507584,3,,,,,0,1.2761751810709334,0.6078080517060951,0.6160736083984,1.8126964569091997,3,1.8202463785830976,0.08465751024676511,1.7366409301757812,1.9059181213378906,3,289537181.32041097,316226.446308302,289177196.89098763,289770160.0737373,3,,,,,0,4194304.0,0.0,4194304.0,4194304.0,3,,,,,0,0.999609375,0.0,0.999609375,0.999609375,3,,,,,0,1.0,0.0,1.0,1.0,3,0.0,0.0,,0.0,-0.0,,0.0,,0.0,,0.0,,,0.0,,0.0,0.0,,,0.0,,,,,,,,,,,0.001100011735234657,,0.09856563257007259,0.4399658645879134,,0.4762732113282742,0.0010927822533797406,,0.046508819488856,0.0010921790592357664,,0.0010921790592357664,0.0010927822533797946,,0.47627321132827405,0.046508819488856,0.0010921790592357664,,0.0,,0.0,,0.0
large_contiguous_read_heavy_seldom_1gb,1.0,0.0,1,1,3,256.0,0.0,256,256,3,0.0,0.0,0,0,3,256.0,0.0,256,256,3,-1.0,0.0,-1,-1,3,0.0,0.0,0,0,3,1073741824.0,0.0,1073741824,1073741824,3,0.0,0.0,0,0,3,255.0,0.0,255,255,3,0.0,0.0,0,0,3,255.0,0.0,255,255,3,0.0,0.0,0,0,3,0.0,0.0,0,0,3,8.0,0.0,8,8,3,0.0,0.0,0,0,3,524288.0,0.0,524288,524288,3,4194304.0,0.0,4194304,4194304,3,0.0,0.0,0,0,3,0.0,0.0,0,0,3,256.0,0.0,256,256,3,0.0,0.0,0,0,3,0.0,0.0,0,0,3,0.0,0.0,0,0,3,0.0,0.0,0,0,3,0.0,0.0,0,0,3,0.0,0.0,0,0,3,0.0,0.0,0,0,3,0.0,0.0,0,0,3,0.0,0.0,0,0,3,0.0,0.0,0,0,3,3.722604672114054,0.005558805075229337,3.716862678527832,3.727960109710693,3,0.0,0.0,0.0,0.0,3,0.003745953241984,0.0006180627393718223,0.0031189918518066,0.00435471534729,3,0.028813282648722304,0.002369521010301174,0.0265836715698242,0.0313014984130859,3,0.0,0.0,0.0,0.0,3,0.001947561899821,0.0002365146352794826,0.0016937255859375,0.0021617412567139,3,3.72371768951416,0.005553266042129153,3.717956304550171,3.729036331176758,3,0.0,0.0,0.0,0.0,3,0.0016157627105714372,0.0005701445710871338,0.0009603500366219819,0.001997232437133789,3,274.99440181434807,0.41017861745565903,274.60177618512506,275.420127650987,3,,,,,0,274.99440181434807,0.41017861745565903,274.60177618512506,275.420127650987,3,14.545772224664688,0.02169244547706701,14.523266814649105,14.56654816865921,3,,,,,0,1.9475618998210003,0.23651463527948255,1.6937255859375,2.1617412567139,3,1.6157627105714372,0.5701445710871338,0.9603500366219819,1.997232437133789,3,288352529.87688184,430103.4539771851,287940832.0650937,288798935.77176136,3,,,,,0,4194304.0,0.0,4194304.0,4194304.0,3,,,,,0,0.99609375,0.0,0.99609375,0.99609375,3,,,,,0,1.0,0.0,1.0,1.0,3,0.0,0.0,,0.0,-0.0,,0.0,,0.0,,0.0,,,0.0,,0.0,0.0,,,0.0,,,,,,,,,,,0.0014932568899593925,,0.1649947822211664,0.08223710707277734,,0.12144139567590667,0.0014913230553881482,,0.3528640482645463,0.0014915889732641735,,0.0014915889732641735,0.0014913230553881484,,0.12144139567590664,0.3528640482645463,0.0014915889732641735,,0.0,,0.0,,0.0
large_contiguous_write_heavy_freq_102mb,1.0,0.0,1,1,3,0.0,0.0,0,0,3,25.0,0.0,25,25,3,25.0,0.0,25,25,3,-1.0,0.0,-1,-1,3,0.0,0.0,0,0,3,0.0,0.0,0,0,3,104857600.0,0.0,104857600,104857600,3,0.0,0.0,0,0,3,24.0,0.0,24,24,3,0.0,0.0,0,0,3,24.0,0.0,24,24,3,0.0,0.0,0,0,3,8.0,0.0,8,8,3,0.0,0.0,0,0,3,524288.0,0.0,524288,524288,3,0.0,0.0,0,0,3,4194304.0,0.0,4194304,4194304,3,0.0,0.0,0,0,3,0.0,0.0,0,0,3,0.0,0.0,0,0,3,25.0,0.0,25,25,3,0.0,0.0,0,0,3,0.0,0.0,0,0,3,0.0,0.0,0,0,3,0.0,0.0,0,0,3,0.0,0.0,0,0,3,0.0,0.0,0,0,3,0.0,0.0,0,0,3,0.0,0.0,0,0,3,0.0,0.0,0.0,0.0,3,0.4465399583180745,0.0065378687533934905,0.4400200843811035,0.4530956745147705,3,0.003359079360961867,0.000500445708911613,0.0028104782104492,0.0037906169891357,3,0.0,0.0,0.0,0.0,3,0.025344689687093035,0.0005182264794777504,0.0248000621795654,0.0258316993713378,3,0.002185742060343434,0.0005262566333755008,0.0017998218536377,0.0027852058410645,3,0.0,0.0,0.0,0.0,3,0.4466446240743001,0.0065420240674363105,0.4401304721832276,0.453214168548584,3,0.0011552174886067894,0.00044164828602387635,0.0008206367492676336,0.001655817031860407,3,,,,,0,223.9236686453963,3.2795617972954054,220.64623513481382,227.2053545939662,3,223.9236686453963,3.2795617972954054,220.64623513481382,227.2053545939662,3,,,,,0,17.865784962972008,0.2616809626974514,17.605218887329105,18.12856674194336,3,2.185742060343433,0.5262566333755008,1.7998218536377,2.7852058410644998,3,1.1552174886067894,0.44164828602387635,0.8206367492676336,1.655817031860407,3,,,,,0,234800984.77351508,3438869.791160827,231364346.65272254,238242081.8987227,3,,,,,0,4194304.0,0.0,4194304.0,4194304.0,3,,,,,0,0.96,0.0,0.96,0.96,3,1.0,0.0,1.0,1.0,3,0.0,,0.0,0.0,-0.0,,,0.0,,0.0,,0.0,,0.0,,0.0,,0.0,,,,0.0,,,,,,,,,,0.014641172937846038,0.14898299656972414,,0.020447142414281003,0.24076794921209183,,0.01464704535735783,0.382307479223251,,0.014645891687711195,0.014645891687711195,,0.01464704535735777,0.24076794921209188,0.382307479223251,,0.014645891687711195,,0.0,,0.0,0.0
large_contiguous_write_heavy_freq_10gb,1.0,0.0,1,1,3,0.0,0.0,0,0,3,2560.0,0.0,2560,2560,3,2560.0,0.0,2560,2560,3,-1.0,0.0,-1,-1,3,0.0,0.0,0,0,3,0.0,0.0,0,0,3,10737418240.0,0.0,10737418240,10737418240,3,0.0,0.0,0,0,3,2559.0,0.0,2559,2559,3,0.0,0.0,0,0,3,2559.0,0.0,2559,2559,3,0.0,0.0,0,0,3,8.0,0.0,8,8,3,0.0,0.0,0,0,3,524288.0,0.0,524288,524288,3,0.0,0.0,0,0,3,4194304.0,0.0,4194304,4194304,3,0.0,0.0,0,0,3,0.0,0.0,0,0,3,0.0,0.0,0,0,3,2560.0,0.0,2560,2560,3,0.0,0.0,0,0,3,0.0,0.0,0,0,3,0.0,0.0,0,0,3,0.0,0.0,0,0,3,0.0,0.0,0,0,3,0.0,0.0,0,0,3,0.0,0.0,0,0,3,0.0,0.0,0,0,3,0.0,0.0,0.0,0.0,3,43.83579683303833,0.16825031269460192,43.65483069419861,43.9874894618988,3,0.005294720331827767,0.0003683031016403587,0.0049304962158203,0.005666971206665,3,0.0,0.0,0.0,0.0,3,0.0748502413431803,0.014559880390000265,0.0618400573730468,0.0905771255493164,3,0.0019981861114502,0.00030402332870225243,0.0016472339630127005,0.0021810531616211,3,0.0,0.0,0.0,0.0,3,43.847588539123535,0.16831713968862533,43.66642093658447,43.9991180896759,3,0.0013713041941348554,0.0004675871794681887,0.000833988189704371,0.0016858577728271484,3,,,,,0,233.53851456649772,0.8973680434180056,232.73193747041825,234.50513644961347,3,233.53851456649772,0.8973680434180056,232.73193747041825,234.50513644961347,3,,,,,0,17.12796427309513,0.06574888269086927,17.05719567835331,17.18715550377965,3,1.9981861114502004,0.30402332870225257,1.6472339630127004,2.1810531616211,3,1.3713041941348554,0.4675871794681887,0.833988189704371,1.6858577728271484,3,,,,,0,244882881.45007992,940958.5934950786,244037124.06498128,245896457.9577899,3,,,,,0,4194304.0,0.0,4194304.0,4194304.0,3,,,,,0,0.999609375,0.0,0.999609375,0.999609375,3,1.0,0.0,1.0,1.0,3,0.0,,0.0,0.0,-0.0,,,0.0,,0.0,,0.0,,0.0,,0.0,,0.0,,,,0.0,,,,,,,,,,0.0038381944632016906,0.06956044485039277,,0.19452015289095437,0.1521496556102099,,0.0038386863518946393,0.3409799091026522,,0.0038424841619110715,0.0038424841619110715,,0.0038386863518946397,0.15214965561020993,0.3409799091026522,,0.0038424841619110715,,0.0,,0.0,0.0
large_contiguous_write_heavy_freq_1gb,1.0,0.0,1,1,3,0.0,0.0,0,0,3,256.0,0.0,256,256,3,256.0,0.0,256,256,3,-1.0,0.0,-1,-1,3,0.0,0.0,0,0,3,0.0,0.0,0,0,3,1073741824.0,0.0,1073741824,1073741824,3,0.0,0.0,0,0,3,255.0,0.0,255,255,3,0.0,0.0,0,0,3,255.0,0.0,255,255,3,0.0,0.0,0,0,3,8.0,0.0,8,8,3,0.0,0.0,0,0,3,524288.0,0.0,524288,524288,3,0.0,0.0,0,0,3,4194304.0,0.0,4194304,4194304,3,0.0,0.0,0,0,3,0.0,0.0,0,0,3,0.0,0.0,0,0,3,256.0,0.0,256,256,3,0.0,0.0,0,0,3,0.0,0.0,0,0,3,0.0,0.0,0,0,3,0.0,0.0,0,0,3,0.0,0.0,0,0,3,0.0,0.0,0,0,3,0.0,0.0,0,0,3,0.0,0.0,0,0,3,0.0,0.0,0.0,0.0,3,4.413066705067952,0.040196073745820196,4.37584662437439,4.455691814422607,3,0.004091421763102167,0.00047403713514347255,0.0035505294799804,0.004434585571289,3,0.0,0.0,0.0,0.0,3,0.0593362649281819,0.04843166102992795,0.0278410911560058,0.1151046752929687,3,0.0022342999776205,0.00043265558383624324,0.0017354488372803003,0.0025072097778321006,3,0.0,0.0,0.0,0.0,3,4.414240121841431,0.04018850687014297,4.377025604248047,4.4568562507629395,3,0.0016636848449715913,7.053201747037536e-05,0.0016188621521004976,0.0017449855804452241,3,,,,,0,231.98930264816326,2.1083743722348904,229.75836382982024,233.94882566055233,3,231.98930264816326,2.1083743722348904,229.75836382982024,233.94882566055233,3,,,,,0,17.24312547594309,0.156986354961496,17.097756266593933,17.409594729542732,3,2.2342999776205,0.4326555838362432,1.7354488372803003,2.5072097778321005,3,1.6636848449715913,0.07053201747037537,1.6188621521004976,1.7449855804452241,3,,,,,0,243258415.01360044,2210790.7657405725,240919106.1112176,245313123.81583932,3,,,,,0,4194304.0,0.0,4194304.0,4194304.0,3,,,,,0,0.99609375,0.0,0.99609375,0.99609375,3,1.0,0.0,1.0,1.0,3,0.0,,0.0,0.0,-0.0,,,0.0,,0.0,,0.0,,0.0,,0.0,,0.0,,,,0.0,,,,,,,,,,0.009108421973241227,0.1158612244326656,,0.8162236212297417,0.19364256732303944,,0.009104286527434774,0.04239505918657313,,0.009088239622119418,0.009088239622119418,,0.009104286527434774,0.19364256732303944,0.04239505918657314,,0.009088239622119418,,0.0,,0.0,0.0
large_contiguous_write_heavy_seldom_102mb,1.0,0.0,1,1,3,0.0,0.0,0,0,3,25.0,0.0,25,25,3,25.0,0.0,25,25,3,-1.0,0.0,-1,-1,3,0.0,0.0,0,0,3,0.0,0.0,0,0,3,104857600.0,0.0,104857600,104857600,3,0.0,0.0,0,0,3,24.0,0.0,24,24,3,0.0,0.0,0,0,3,24.0,0.0,24,24,3,0.0,0.0,0,0,3,8.0,0.0,8,8,3,0.0,0.0,0,0,3,524288.0,0.0,524288,524288,3,0.0,0.0,0,0,3,4194304.0,0.0,4194304,4194304,3,0.0,0.0,0,0,3,0.0,0.0,0,0,3,0.0,0.0,0,0,3,25.0,0.0,25,25,3,0.0,0.0,0,0,3,0.0,0.0,0,0,3,0.0,0.0,0,0,3,0.0,0.0,0,0,3,0.0,0.0,0,0,3,0.0,0.0,0,0,3,0.0,0.0,0,0,3,0.0,0.0,0,0,3,0.0,0.0,0.0,0.0,3,0.4551948706309001,0.020220934224143755,0.4405896663665771,0.4782741069793701,3,0.0035664240519205337,0.000845756778220449,0.0025959014892578,0.004145860671997,3,0.0,0.0,0.0,0.0,3,0.026363293329874634,0.000812204037270664,0.0255935192108154,0.0272121429443359,3,0.0018839836120605668,0.0007508489250751086,0.0010185241699219002,0.002361536026001,3,0.0,0.0,0.0,0.0,3,0.45531884829203295,0.020225068512362547,0.44071459770202637,0.4784035682678223,3,0.0016630490620930989,0.00010171405288431979,0.0015599727630615234,0.0017633438110352118,3,,,,,0,219.90910673685403,9.550262441160035,209.02854124201994,226.90421538433242,3,219.90910673685403,9.550262441160035,209.02854124201994,226.90421538433242,3,,,,,0,18.212753931681316,0.8090027404945017,17.628583908081055,19.136142730712894,3,1.8839836120605666,0.7508489250751087,1.0185241699219,2.361536026001,3,1.6630490620930989,0.10171405288431978,1.5599727630615234,1.7633438110352118,3,,,,,0,230591411.50570345,10014175.989501825,219182311.6613923,237926314.55084175,3,,,,,0,4194304.0,0.0,4194304.0,4194304.0,3,,,,,0,0.96,0.0,0.96,0.96,3,1.0,0.0,1.0,1.0,3,0.0,,0.0,0.0,-0.0,,,0.0,,0.0,,0.0,,0.0,,0.0,,0.0,,,,0.0,,,,,,,,,,0.044422588057983915,0.23714419987858865,,0.03080814020873037,0.3985432358691717,,0.0444195723243826,0.06116118592214194,,0.043428226247073966,0.043428226247073966,,0.044419572324382595,0.39854323586917184,0.06116118592214193,,0.043428226247073966,,0.0,,0.0,0.0
large_contiguous_write_heavy_seldom_10gb,1.0,0.0,1,1,3,0.0,0.0,0,0,3,2560.0,0.0,2560,2560,3,2560.0,0.0,2560,2560,3,-1.0,0.0,-1,-1,3,0.0,0.0,0,0,3,0.0,0.0,0,0,3,10737418240.0,0.0,10737418240,10737418240,3,0.0,0.0,0,0,3,2559.0,0.0,2559,2559,3,0.0,0.0,0,0,3,2559.0,0.0,2559,2559,3,0.0,0.0,0,0,3,8.0,0.0,8,8,3,0.0,0.0,0,0,3,524288.0,0.0,524288,524288,3,0.0,0.0,0,0,3,4194304.0,0.0,4194304,4194304,3,0.0,0.0,0,0,3,0.0,0.0,0,0,3,0.0,0.0,0,0,3,2560.0,0.0,2560,2560,3,0.0,0.0,0,0,3,0.0,0.0,0,0,3,0.0,0.0,0,0,3,0.0,0.0,0,0,3,0.0,0.0,0,0,3,0.0,0.0,0,0,3,0.0,0.0,0,0,3,0.0,0.0,0,0,3,0.0,0.0,0.0,0.0,3,44.03953488667806,0.5542416922486019,43.69690132141113,44.67897081375122,3,0.006746133168538333,0.00045126158660265084,0.0063154697418212,0.0072154998779296,3,0.0,0.0,0.0,0.0,3,0.07790629069010413,0.024037933206038215,0.0508427619934082,0.0967762470245361,3,0.0028709570566813336,0.0002985991952179902,0.0025589466094971,0.0031540393829346,3,0.0,0.0,0.0,0.0,3,44.051445166269936,0.5540125206525149,43.709014892578125,44.690619707107544,3,0.0018448829650878906,9.809903303742711e-05,0.0017380714416503906,0.0019309520721435547,3,,,,,0,232.47982241245276,2.9028668029875617,229.13085714878648,234.27661376414986,3,232.47982241245276,2.9028668029875617,229.13085714878648,234.27661376414986,3,,,,,0,17.207595768074196,0.21641114087988914,17.07383394241333,17.457273323088884,3,2.8709570566813327,0.2985991952179902,2.5589466094970996,3.1540393829345996,3,1.8448829650878906,0.0980990330374271,1.7380714416503906,1.9309520721435547,3,,,,,0,243772762.26596007,3043876.4608094855,240261117.66564593,245656834.5543572,3,,,,,0,4194304.0,0.0,4194304.0,4194304.0,3,,,,,0,0.999609375,0.0,0.999609375,0.999609375,3,1.0,0.0,1.0,1.0,3,0.0,,0.0,0.0,-0.0,,,0.0,,0.0,,0.0,,0.0,,0.0,,0.0,,,,0.0,,,,,,,,,,0.012585094135866084,0.0668918883349622,,0.30854932243734173,0.10400684835152296,,0.012576489115429083,0.0531735805977013,,0.012486532262733137,0.012486532262733137,,0.01257648911542911,0.104006848351523,0.053173580597701296,,0.012486532262733137,,0.0,,0.0,0.0
large_contiguous_write_heavy_seldom_1gb,1.0,0.0,1,1,3,0.0,0.0,0,0,3,256.0,0.0,256,256,3,256.0,0.0,256,256,3,-1.0,0.0,-1,-1,3,0.0,0.0,0,0,3,0.0,0.0,0,0,3,1073741824.0,0.0,1073741824,1073741824,3,0.0,0.0,0,0,3,255.0,0.0,255,255,3,0.0,0.0,0,0,3,255.0,0.0,255,255,3,0.0,0.0,0,0,3,8.0,0.0,8,8,3,0.0,0.0,0,0,3,524288.0,0.0,524288,524288,3,0.0,0.0,0,0,3,4194304.0,0.0,4194304,4194304,3,0.0,0.0,0,0,3,0.0,0.0,0,0,3,0.0,0.0,0,0,3,256.0,0.0,256,256,3,0.0,0.0,0,0,3,0.0,0.0,0,0,3,0.0,0.0,0,0,3,0.0,0.0,0,0,3,0.0,0.0,0,0,3,0.0,0.0,0,0,3,0.0,0.0,0,0,3,0.0,0.0,0,0,3,0.0,0.0,0.0,0.0,3,4.409408807754517,0.008018293685766441,4.403581142425537,4.418553352355957,3,0.004120985666910733,0.0006317158546057617,0.0034925937652587,0.0047559738159179,3,0.0,0.0,0.0,0.0,3,0.028466780980428,0.0033229436367976845,0.0257081985473632,0.0321557521820068,3,0.0020608901977539336,0.0005982721734458398,0.0014262199401856002,0.0026144981384276997,3,0.0,0.0,0.0,0.0,3,4.410617907842,0.008050435014073102,4.4047980308532715,4.419805288314819,3,0.0018570423126220703,7.58590821971421e-05,0.0017745494842529297,0.0019237995147705078,3,,,,,0,232.16753152478861,0.4233615230713774,231.68441440333905,232.473769019016,3,232.16753152478861,0.4233615230713774,231.68441440333905,232.473769019016,3,,,,,0,17.228976202507813,0.03144701177372305,17.20624230802059,17.264864407479763,3,2.0608901977539333,0.5982721734458397,1.4262199401856002,2.6144981384276997,3,1.8570423126220703,0.07585908219714209,1.7745494842529297,1.9237995147705078,3,,,,,0,243445301.53613675,443926.73241609265,242938716.51739565,243766414.82288373,3,,,,,0,4194304.0,0.0,4194304.0,4194304.0,3,,,,,0,0.99609375,0.0,0.99609375,0.99609375,3,1.0,0.0,1.0,1.0,3,0.0,,0.0,0.0,-0.0,,,0.0,,0.0,,0.0,,0.0,,0.0,,0.0,,,,0.0,,,,,,,,,,0.001818450961422591,0.15329241731610363,,0.1167305723496568,0.2902979373175088,,0.0018252397242934084,0.0408494096669408,,0.0018235173552946828,0.0018235173552946828,,0.001825239724293408,0.2902979373175088,0.0408494096669408,,0.0018235173552946828,,0.0,,0.0,0.0
large_random_read_heavy_freq_102mb,1.0,0.0,1,1,3,32.0,0.0,32,32,3,0.0,0.0,0,0,3,32.0,0.0,32,32,3,-1.0,0.0,-1,-1,3,0.0,0.0,0,0,3,134217728.0,0.0,134217728,134217728,3,0.0,0.0,0,0,3,2.0,1.0,1,3,3,0.0,0.0,0,0,3,17.666666666666668,0.5773502691896255,17,18,3,0.0,0.0,0,0,3,0.0,0.0,0,0,3,8.0,0.0,8,8,3,0.0,0.0,0,0,3,524288.0,0.0,524288,524288,3,4194304.0,0.0,4194304,4194304,3,0.0,0.0,0,0,3,0.0,0.0,0,0,3,32.0,0.0,32,32,3,0.0,0.0,0,0,3,0.0,0.0,0,0,3,62914560.0,23352896.33807541,37748736,83886080,3,46137344.0,16777216.0,29360128,62914560,3,20971520.0,4194304.0,16777216,25165824,3,95070890.66666667,12107912.717315618,88080384,109051904,3,2.6666666666666665,1.1547005383792515,2,4,3,2.0,0.0,2,2,3,2.0,0.0,2,2,3,1.0,0.0,1,1,3,0.5698754787445068,0.012908582857023303,0.562004804611206,0.584773063659668,3,0.0,0.0,0.0,0.0,3,0.0038268566131591333,0.00016735353961022838,0.0036513805389404,0.0039846897125244,3,0.024466753005981435,0.0010396930706005364,0.0238189697265625,0.0256659984588623,3,0.0,0.0,0.0,0.0,3,0.0019303957621256333,0.0002405713562058347,0.0016529560089112,0.0020811557769775,3,0.5700408617655437,0.012932190558301348,0.562150001525879,0.584965467453003,3,0.0,0.0,0.0,0.0,3,0.0018736521402994792,0.0001226492313121247,0.0017383098602294922,0.0019774436950683594,3,224.62138620809654,5.030308184146962,218.8163355305819,227.69723321633296,3,,,,,0,224.62138620809654,5.030308184146962,218.8163355305819,227.69723321633296,3,17.81377693017324,0.40413095494691714,17.56718754768372,18.280170857906345,3,,,,,0,1.9303957621256334,0.24057135620583436,1.6529560089112,2.0811557769775,3,1.8736521402994792,0.1226492313121247,1.7383098602294922,1.9774436950683594,3,235532594.66454104,5274660.434500085,229445557.84531546,238757854.01704955,3,,,,,0,4194304.0,0.0,4194304.0,4194304.0,3,,,,,0,0.5520833333333334,0.018042195912175797,0.53125,0.5625,3,,,,,0,1.0,0.0,1.0,1.0,3,0.0,0.0,,0.0,-0.0,,0.0,,0.5,,0.032680203916393896,,,0.0,,0.0,0.0,,,0.0,,,0.3711842908553348,0.36363636363636365,0.2,0.1273566770271233,0.4330127018922193,0.0,0.0,0.0,0.022651585018997857,,0.04373133266471546,0.042494117235186896,,0.12462281617368053,0.022686427282155648,,0.0654599798298316,0.022394609298184643,,0.022394609298184643,0.02268642728215565,,0.12462281617368035,0.0654599798298316,0.022394609298184643,,0.0,,0.032680203916393896,,0.0
large_random_read_heavy_freq_10gb,1.0,0.0,1,1,3,4096.0,0.0,4096,4096,3,0.0,0.0,0,0,3,4096.0,0.0,4096,4096,3,-1.0,0.0,-1,-1,3,0.0,0.0,0,0,3,17179869184.0,0.0,17179869184,17179869184,3,0.0,0.0,0,0,3,1.3333333333333333,0.5773502691896258,1,2,3,0.0,0.0,0,0,3,2046.6666666666667,10.785793124908926,2039,2059,3,0.0,0.0,0,0,3,0.0,0.0,0,0,3,8.0,0.0,8,8,3,0.0,0.0,0,0,3,524288.0,0.0,524288,524288,3,4194304.0,0.0,4194304,4194304,3,0.0,0.0,0,0,3,0.0,0.0,0,0,3,4096.0,0.0,4096,4096,3,0.0,0.0,0,0,3,0.0,0.0,0,0,3,4296365397.333333,4515117766.921305,587202560,9323937792,3,3546983082.6666665,2984453860.0423903,583008256,6551502848,3,6428469930.666667,5891798909.925274,2856321024,13228834816,3,5730817365.333333,6006867657.145565,2222981120,12666798080,3,3.6666666666666665,1.1547005383792515,3,5,3,3.3333333333333335,0.5773502691896258,3,4,3,3.0,1.0,2,4,3,3.0,1.0,2,4,3,106.81849249204,5.527285293348714,101.57099056243896,112.58845949172974,3,0.0,0.0,0.0,0.0,3,0.010870059331258066,0.006122167414059802,0.0073339939117431,0.0179393291473388,3,0.06670029958089191,0.0037702013839384946,0.0623781681060791,0.0693128108978271,3,0.0,0.0,0.0,0.0,3,0.0017209053039550666,3.7470420945927575e-05,0.0016946792602539002,0.0017638206481934,3,106.84406526883443,5.528024335959134,101.59567475318909,112.61466336250305,3,0.0,0.0,0.0,0.0,3,0.005378166834508609,0.006051782246749305,0.0018062591552876484,0.012365579605074117,3,153.61737120916362,7.9006968486372156,145.48727058092265,161.26670785741996,3,,,,,0,153.61737120916362,7.9006968486372156,145.48727058092265,161.26670785741996,3,26.08497687227403,1.349615316396273,24.803631531540304,27.493814297486097,3,,,,,0,1.7209053039550666,0.03747042094592765,1.6946792602539003,1.7638206481934,3,5.378166834508609,6.051782246749306,1.8062591552876484,12.365579605074117,3,161079488.63301995,8284481.098756617,152554460.23666155,169100399.458302,3,,,,,0,4194304.0,0.0,4194304.0,4194304.0,3,,,,,0,0.4996744791666667,0.0026332502746359682,0.497802734375,0.502685546875,3,,,,,0,1.0,0.0,1.0,1.0,3,0.0,0.0,,0.0,-0.0,,0.0,,0.4330127018922194,,0.005269931494255175,,,0.0,,0.0,0.0,,,0.0,,,1.0509156808971012,0.8414062854223259,0.9165165231338747,1.048169444987395,0.3149183286488868,0.17320508075688776,0.3333333333333333,0.3333333333333333,0.051744647994920935,,0.5632137992526708,0.05652450450190437,,0.02177366811515501,0.051739180103732116,,1.1252500030156174,0.05143101191257673,,0.05143101191257673,0.051739180103732116,,0.021773668115155055,1.1252500030156174,0.05143101191257673,,0.0,,0.005269931494255175,,0.0
large_random_read_heavy_freq_1gb,1.0,0.0,1,1,3,512.0,0.0,512,512,3,0.0,0.0,0,0,3,512.0,0.0,512,512,3,-1.0,0.0,-1,-1,3,0.0,0.0,0,0,3,2147483648.0,0.0,2147483648,2147483648,3,0.0,0.0,0,0,3,0.6666666666666666,0.5773502691896258,0,1,3,0.0,0.0,0,0,3,261.3333333333333,1.1547005383792557,260,262,3,0.0,0.0,0,0,3,0.0,0.0,0,0,3,8.0,0.0,8,8,3,0.0,0.0,0,0,3,524288.0,0.0,524288,524288,3,4194304.0,0.0,4194304,4194304,3,0.0,0.0,0,0,3,0.0,0.0,0,0,3,512.0,0.0,512,512,3,0.0,0.0,0,0,3,0.0,0.0,0,0,3,795519658.6666666,599012596.3816818,155189248,1342177280,3,489335466.6666667,224476913.94266412,268435456,717225984,3,303387989.3333333,151479617.98187,209715200,478150656,3,788529152.0,399649167.5172774,327155712,1027604480,3,3.6666666666666665,1.1547005383792517,3,5,3,3.3333333333333335,0.5773502691896257,3,4,3,3.3333333333333335,0.5773502691896257,3,4,3,2.6666666666666665,0.5773502691896258,2,3,3,12.756536801656088,0.6102150286674872,12.200400352478027,13.409300327301024,3,0.0,0.0,0.0,0.0,3,0.003644227981567333,0.0004173565407741237,0.0032353401184082,0.0040695667266845,3,0.06912922859191888,0.0531920887111776,0.0298607349395751,0.1296644210815429,3,0.0,0.0,0.0,0.0,3,0.0014557043711344335,0.0003866611575415833,0.001039981842041,0.0018045902252197005,3,12.759570757548014,0.6102859170633327,12.203309297561646,13.412373065948486,3,0.0,0.0,0.0,0.0,3,0.0017222563425693949,6.52205923608348e-05,0.0016508102416992188,0.00177860260009588,3,160.74960108453746,7.611814906960062,152.69482812101984,167.82332972656957,3,,,,,0,160.74960108453746,7.611814906960062,152.69482812101984,167.82332972656957,3,24.921036635835964,1.1919646817643217,23.83458847180009,26.196041144430637,3,,,,,0,1.4557043711344335,0.3866611575415832,1.039981842041,1.8045902252197006,3,1.7222563425693949,0.06522059236083479,1.6508102416992188,1.77860260009588,3,168558173.70681995,7981566.4278805535,160112132.0918265,175975515.7913674,3,,,,,0,4194304.0,0.0,4194304.0,4194304.0,3,,,,,0,0.5104166666666666,0.0022552744890219838,0.5078125,0.51171875,3,,,,,0,1.0,0.0,1.0,1.0,3,0.0,0.0,,0.0,-0.0,,0.0,,0.8660254037844388,,0.004418496958083887,,,0.0,,0.0,0.0,,,0.0,,,0.752982770263225,0.45873828739983175,0.49929339099656606,0.5068286524393171,0.31491832864888686,0.1732050807568877,0.1732050807568877,0.2165063509461097,0.04783547746189761,,0.11452536528590736,0.7694587339485471,,0.26561791336812257,0.04782965890152016,,0.03786927111183326,0.047351998733465246,,0.047351998733465246,0.04782965890152016,,0.2656179133681225,0.037869271111833254,0.047351998733465246,,0.0,,0.004418496958083887,,0.0
large_strided_mixed_freq_102mb,1.0,0.0,1,1,3,12.0,0.0,12,12,3,13.0,0.0,13,13,3,25.0,0.0,25,25,3,-1.0,0.0,-1,-1,3,1.0,0.0,1,1,3,50331648.0,0.0,50331648,50331648,3,54525952.0,0.0,54525952,54525952,3,2.0,0.0,2,2,3,3.0,0.0,3,3,3,2.0,0.0,2,2,3,3.0,0.0,3,3,3,2.0,0.0,2,2,3,8.0,0.0,8,8,3,0.0,0.0,0,0,3,524288.0,0.0,524288,524288,3,4194304.0,0.0,4194304,4194304,3,4194304.0,0.0,4194304,4194304,3,0.0,0.0,0,0,3,12.0,0.0,12,12,3,0.0,0.0,0,0,3,13.0,0.0,13,13,3,0.0,0.0,0,0,3,0.0,0.0,0,0,3,0.0,0.0,0,0,3,0.0,0.0,0,0,3,0.0,0.0,0,0,3,0.0,0.0,0,0,3,0.0,0.0,0,0,3,0.0,0.0,0,0,3,0.41343410809834796,0.024073467914205695,0.3878989219665527,0.4357147216796875,3,0.2804574171702066,0.01982872373315245,0.2659223079681396,0.3030457496643066,3,0.0040700435638427335,0.00028669335981553287,0.0037648677825927,0.0043337345123291,3,0.214178721110026,0.016848106319780547,0.2042508125305175,0.2336318492889404,3,0.017212549845377536,8.050690908071648e-05,0.0171260833740234,0.0172853469848632,3,0.0021560192108154336,0.0002583503767150014,0.0018997192382811997,0.002416372299194401,3,0.4134867191314698,0.024077373321370738,0.38794946670532227,0.4357740879058839,3,0.633598804473877,0.02398243904785773,0.6084599494934082,0.6562273502349854,3,0.0018936793009440105,4.669982393778428e-05,0.001844644546508789,0.0019376277923583984,3,116.35231274385482,6.864722726919724,110.14881639857113,123.72745452556512,3,82.14982537438068,3.129921246542527,79.24083015037328,85.46166439269204,3,95.63866708219196,4.429496955030951,91.57497097279456,100.36035225509686,3,34.457226594289146,2.006447776780897,32.32912222544352,36.314507325490325,3,48.73836957491361,1.8448030036813639,46.804611499492935,50.47902694115272,3,2.1560192108154337,0.2583503767150014,1.8997192382811996,2.4163722991944008,3,1.8936793009440105,0.04669982393778428,1.844644546508789,1.9376277923583984,3,122004242.68770032,7198183.4981025765,115499405.30394812,129737639.35659897,3,86140335.2917666,3281960.3010145766,83090032.71575782,89613050.20223145,3,4194304.0,0.0,4194304.0,4194304.0,3,4194304.0,0.0,4194304.0,4194304.0,3,0.16666666666666666,0.0,0.16666666666666666,0.16666666666666666,3,0.23076923076923075,0.0,0.23076923076923078,0.23076923076923078,3,1.0,0.0,1.0,1.0,3,0.0,0.0,0.0,0.0,-0.0,0.0,0.0,0.0,0.0,0.0,0.0,0.0,0.0,0.0,,0.0,0.0,0.0,,0.0,,0.0,,,,,,,,,0.058228064503277714,0.0707013704013348,0.07043987498375845,0.0786637730978209,0.004677221550782424,0.1198274929179736,0.058230100768279426,0.037851143150076,0.024660893697525308,0.058999452310261755,0.03810015702746249,0.04631491728365721,0.058230100768279495,0.037851143150076,0.1198274929179736,0.024660893697525308,0.058999452310261755,0.03810015702746249,0.0,0.0,0.0,0.0,0.0
large_strided_mixed_freq_10gb,1.0,0.0,1,1,3,1280.0,0.0,1280,1280,3,1280.0,0.0,1280,1280,3,2560.0,0.0,2560,2560,3,-1.0,0.0,-1,-1,3,1.0,0.0,1,1,3,5368709120.0,0.0,5368709120,5368709120,3,5368709120.0,0.0,5368709120,5368709120,3,319.0,0.0,319,319,3,319.0,0.0,319,319,3,319.0,0.0,319,319,3,319.0,0.0,319,319,3,2.0,0.0,2,2,3,8.0,0.0,8,8,3,0.0,0.0,0,0,3,524288.0,0.0,524288,524288,3,4194304.0,0.0,4194304,4194304,3,4194304.0,0.0,4194304,4194304,3,0.0,0.0,0,0,3,1280.0,0.0,1280,1280,3,0.0,0.0,0,0,3,1280.0,0.0,1280,1280,3,0.0,0.0,0,0,3,0.0,0.0,0,0,3,0.0,0.0,0,0,3,0.0,0.0,0,0,3,0.0,0.0,0,0,3,0.0,0.0,0,0,3,0.0,0.0,0,0,3,0.0,0.0,0,0,3,20.468448877334595,0.24031887191335033,20.25850486755371,20.73056983947754,3,22.215216716130573,0.2958421782580497,21.936345100402832,22.52551960945129,3,0.006262302398681567,0.0012669083441181515,0.0052626132965087,0.0076870918273925,3,0.03567528724670404,0.0011838095650056274,0.0343139171600341,0.0364627838134765,3,0.08912833531697588,0.015787999679344123,0.0779802799224853,0.1071944236755371,3,0.0016554196675618,0.00047518350041039835,0.0013482570648192995,0.0022027492523193004,3,20.473581552505493,0.24034931347565974,20.263681173324585,20.73577094078064,3,42.67593693733215,0.09472897318430802,42.59366416931152,42.77949905395508,3,0.0026241143544491288,0.0015486694829411384,0.001609563827507543,0.00440669059753418,3,250.1012704977835,2.9255271171239694,246.9163077959448,252.66879972134802,3,119.97432683909135,0.26612175156002327,119.68349590869373,120.20567142680645,3,162.156022002393,0.5359316323292979,161.53860847649895,162.50110345521406,3,15.994985587894917,0.18777290115285916,15.831000916659832,16.199821047484875,3,33.340575732290745,0.07400701030024064,33.27630013227463,33.421483635902405,3,1.6554196675618,0.47518350041039836,1.3482570648192995,2.2027492523193004,3,2.6241143544491288,1.5486694829411383,1.609563827507543,4.40669059753418,3,262250189.81348383,3067637.5223653833,258910514.3634406,264942439.33661222,3,125802199.73962705,279048.88176380296,125497241.40595444,126044782.122035,3,4194304.0,0.0,4194304.0,4194304.0,3,4194304.0,0.0,4194304.0,4194304.0,3,0.24921874999999996,0.0,0.24921875,0.24921875,3,0.24921874999999996,0.0,0.24921875,0.24921875,3,1.0,0.0,1.0,1.0,3,0.0,0.0,0.0,0.0,-0.0,0.0,0.0,0.0,0.0,0.0,0.0,0.0,0.0,0.0,,0.0,0.0,0.0,,0.0,,0.0,,,,,,,,,0.011740942039797824,0.01331709620654915,0.2023071170093734,0.033182902125476144,0.17713782741701284,0.2870471516810457,0.011739485485686629,0.002219728024329345,0.5901684430464713,0.011697370074535054,0.002218155821928001,0.003305036875666504,0.011739485485686627,0.0022197280243293448,0.2870471516810458,0.5901684430464712,0.011697370074535054,0.002218155821928001,0.0,0.0,0.0,0.0,0.0
large_strided_mixed_freq_1gb,1.0,0.0,1,1,3,128.0,0.0,128,128,3,128.0,0.0,128,128,3,256.0,0.0,256,256,3,-1.0,0.0,-1,-1,3,1.0,0.0,1,1,3,536870912.0,0.0,536870912,536870912,3,536870912.0,0.0,536870912,536870912,3,31.0,0.0,31,31,3,31.0,0.0,31,31,3,31.0,0.0,31,31,3,31.0,0.0,31,31,3,2.0,0.0,2,2,3,8.0,0.0,8,8,3,0.0,0.0,0,0,3,524288.0,0.0,524288,524288,3,4194304.0,0.0,4194304,4194304,3,4194304.0,0.0,4194304,4194304,3,0.0,0.0,0,0,3,128.0,0.0,128,128,3,0.0,0.0,0,0,3,128.0,0.0,128,128,3,0.0,0.0,0,0,3,0.0,0.0,0,0,3,0.0,0.0,0,0,3,0.0,0.0,0,0,3,0.0,0.0,0,0,3,0.0,0.0,0,0,3,0.0,0.0,0,0,3,0.0,0.0,0,0,3,2.020748138427735,0.01270363937278436,2.0064327716827397,2.030678033828736,3,2.3032583395640054,0.10720483333882308,2.212527275085449,2.42155385017395,3,0.005674521128336533,0.0037295335432723496,0.0033900737762451,0.0099782943725585,3,0.028890132904052696,0.0036526994568019124,0.0250594615936279,0.0323340892791748,3,0.07619857788085933,0.08292459457509688,0.0275499820709228,0.1719474792480468,3,0.0014918645222981666,0.00013233118915272906,0.0013542175292969002,0.0016181468963623004,3,2.0212924480438232,0.012707285889612415,2.006972551345825,2.031223773956299,3,4.299526611963908,0.10640350721718614,4.206959247589111,4.415775775909424,3,0.0039717356363932295,0.003625094292937464,0.0018167495727539062,0.008157014846801758,3,253.30997014431003,1.5970798515555302,252.06479294142778,255.1106140722581,3,119.13114643479764,2.9258823593514585,115.94791628534495,121.70310427737388,3,162.0395875244931,2.923366995591215,158.9702504620351,164.79099435489667,3,15.791347250342369,0.099275671012597,15.67947305738926,15.868935734033585,3,33.59005165596803,0.8312774001342668,32.86686912178993,34.498248249292374,3,1.4918645222981668,0.13233118915272907,1.3542175292969,1.6181468963623002,3,3.971735636393229,3.6250942929374643,1.8167495727539062,8.157014846801758,3,265614755.25404003,1674659.6024246917,264309092.32335058,267502867.2614321,3,124918061.00401437,3068010.020839315,121580202.26682186,127614954.2707516,3,4194304.0,0.0,4194304.0,4194304.0,3,4194304.0,0.0,4194304.0,4194304.0,3,0.2421875,0.0,0.2421875,0.2421875,3,0.2421875,0.0,0.2421875,0.2421875,3,1.0,0.0,1.0,1.0,3,0.0,0.0,0.0,0.0,-0.0,0.0,0.0,0.0,0.0,0.0,0.0,0.0,0.0,0.0,,0.0,0.0,0.0,,0.0,,0.0,,,,,,,,,0.006286602041691631,0.046544858428306565,0.6572419872838944,0.1264341520661372,1.0882695829934521,0.08870188088451715,0.006286713187846883,0.02474772616155151,0.9127229566138612,0.006304844024282495,0.024560179658414016,0.018041066632247093,0.006286713187846884,0.024747726161551513,0.08870188088451715,0.9127229566138614,0.006304844024282495,0.024560179658414016,0.0,0.0,0.0,0.0,0.0
large_strided_read_heavy_freq_102mb,1.0,0.0,1,1,3,25.0,0.0,25,25,3,0.0,0.0,0,0,3,25.0,0.0,25,25,3,-1.0,0.0,-1,-1,3,1.0,0.0,1,1,3,104857600.0,0.0,104857600,104857600,3,0.0,0.0,0,0,3,6.0,0.0,6,6,3,0.0,0.0,0,0,3,6.0,0.0,6,6,3,0.0,0.0,0,0,3,0.0,0.0,0,0,3,8.0,0.0,8,8,3,0.0,0.0,0,0,3,524288.0,0.0,524288,524288,3,4194304.0,0.0,4194304,4194304,3,0.0,0.0,0,0,3,0.0,0.0,0,0,3,25.0,0.0,25,25,3,0.0,0.0,0,0,3,0.0,0.0,0,0,3,0.0,0.0,0,0,3,0.0,0.0,0,0,3,0.0,0.0,0,0,3,0.0,0.0,0,0,3,0.0,0.0,0,0,3,0.0,0.0,0,0,3,0.0,0.0,0,0,3,0.0,0.0,0,0,3,0.4372679392496745,0.008500374916291211,0.4274530410766601,0.4422602653503418,3,0.0013218720753987335,0.00022080216512337293,0.0010850429534912,0.0015220642089843,3,0.005589962005615166,0.002652788649071021,0.0027346611022949,0.0079782009124755,3,0.0241147677103678,0.002958866227984549,0.0215299129486084,0.0273420810699462,3,0.0,0.0,0.0,0.0,3,0.0017458597819010333,0.0009277248133723216,0.0007562637329101001,0.0025959014892578,3,0.4373773733774821,0.008515736278833171,0.42754459381103516,0.44236516952514654,3,0.0,0.0,0.0,0.0,3,0.003824472427368127,0.0017285621081842442,0.001954793930053711,0.005364418029785101,3,228.69396520941766,4.503276769962541,226.05758068010695,233.89373049632735,3,,,,,0,228.69396520941766,4.503276769962541,226.05758068010695,233.89373049632735,3,17.495094935099285,0.3406294511533275,17.101783752441406,17.694606781005863,3,,,,,0,1.7458597819010333,0.9277248133723217,0.7562637329101001,2.5959014892578,3,3.824472427368127,1.7285621081842444,1.954793930053711,5.364418029785101,3,239803003.26343033,4722027.942340242,237038553.71922383,245255352.34891695,3,,,,,0,4194304.0,0.0,4194304.0,4194304.0,3,,,,,0,0.24,0.0,0.24,0.24,3,,,,,0,1.0,0.0,1.0,1.0,3,0.0,0.0,,0.0,-0.0,0.0,0.0,,0.0,,0.0,,,0.0,,0.0,0.0,,,0.0,,,,,,,,,,,0.01943973969570544,0.16703746847573697,0.47456291230714476,0.12269934604065982,,0.5313856376038056,0.019469997300211494,,0.4519740019079657,0.01969127941718462,,0.01969127941718462,0.01946999730021153,,0.5313856376038056,0.45197400190796577,0.01969127941718462,,0.0,,0.0,,0.0
large_strided_read_heavy_freq_10gb,1.0,0.0,1,1,3,2560.0,0.0,2560,2560,3,0.0,0.0,0,0,3,2560.0,0.0,2560,2560,3,-1.0,0.0,-1,-1,3,1.0,0.0,1,1,3,10737418240.0,0.0,10737418240,10737418240,3,0.0,0.0,0,0,3,639.0,0.0,639,639,3,0.0,0.0,0,0,3,639.0,0.0,639,639,3,0.0,0.0,0,0,3,0.0,0.0,0,0,3,8.0,0.0,8,8,3,0.0,0.0,0,0,3,524288.0,0.0,524288,524288,3,4194304.0,0.0,4194304,4194304,3,0.0,0.0,0,0,3,0.0,0.0,0,0,3,2560.0,0.0,2560,2560,3,0.0,0.0,0,0,3,0.0,0.0,0,0,3,0.0,0.0,0,0,3,0.0,0.0,0,0,3,0.0,0.0,0,0,3,0.0,0.0,0,0,3,0.0,0.0,0,0,3,0.0,0.0,0,0,3,0.0,0.0,0,0,3,0.0,0.0,0,0,3,45.663022915522255,0.42385170195265537,45.25239515304565,46.09896397590637,3,0.0004467169443766,8.29410001045246e-05,0.0003538131713867,0.0005133152008056,3,0.0077779293060302,0.005332782878040402,0.0044198036193847,0.0139269828796386,3,0.08225719134012853,0.043837106638610346,0.0519297122955322,0.1325190067291259,3,0.0,0.0,0.0,0.0,3,0.0006098747253417668,0.0004911514739684075,0.0003077983856201003,0.0011765956878662,3,45.6741848786672,0.4243294003347076,45.26289439201355,46.11045002937317,3,0.0,0.0,0.0,0.0,3,0.004945278167724609,0.005407624298886263,0.0018169879913259024,0.011189460754394531,3,224.20955756013575,2.081373050782978,222.0754729888114,226.23387517628137,3,,,,,0,224.20955756013575,2.081373050782978,222.0754729888114,226.23387517628137,3,17.841478468229372,0.16575367200574512,17.680818121880293,18.011894542723894,3,,,,,0,0.6098747253417668,0.49115147396840747,0.30779838562010026,1.1765956878662,3,4.945278167724609,5.407624298886263,1.8169879913259024,11.189460754394531,3,235100761.0281769,2182477.828097812,232863011.16471592,237223411.89684442,3,,,,,0,4194304.0,0.0,4194304.0,4194304.0,3,,,,,0,0.249609375,0.0,0.249609375,0.249609375,3,,,,,0,1.0,0.0,1.0,1.0,3,0.0,0.0,,0.0,-0.0,0.0,0.0,,0.0,,0.0,,,0.0,,0.0,0.0,,,0.0,,,,,,,,,,,0.00928216475586366,0.18566790704630642,0.6856301553044349,0.5329273456146412,,0.8053317403720441,0.009290355185580924,,1.0934924417759062,0.00928315935071023,,0.00928315935071023,0.009290355185580922,,0.8053317403720441,1.0934924417759062,0.00928315935071023,,0.0,,0.0,,0.0
large_strided_read_heavy_freq_1gb,1.0,0.0,1,1,3,256.0,0.0,256,256,3,0.0,0.0,0,0,3,256.0,0.0,256,256,3,-1.0,0.0,-1,-1,3,1.0,0.0,1,1,3,1073741824.0,0.0,1073741824,1073741824,3,0.0,0.0,0,0,3,63.0,0.0,63,63,3,0.0,0.0,0,0,3,63.0,0.0,63,63,3,0.0,0.0,0,0,3,0.0,0.0,0,0,3,8.0,0.0,8,8,3,0.0,0.0,0,0,3,524288.0,0.0,524288,524288,3,4194304.0,0.0,4194304,4194304,3,0.0,0.0,0,0,3,0.0,0.0,0,0,3,256.0,0.0,256,256,3,0.0,0.0,0,0,3,0.0,0.0,0,0,3,0.0,0.0,0,0,3,0.0,0.0,0,0,3,0.0,0.0,0,0,3,0.0,0.0,0,0,3,0.0,0.0,0,0,3,0.0,0.0,0,0,3,0.0,0.0,0,0,3,0.0,0.0,0,0,3,4.644158363342285,0.1458441666309525,4.532442808151245,4.809150218963623,3,0.0016079743703205998,0.00016617558321458902,0.0014221668243408,0.0017423629760742,3,0.0034513473510741667,5.4773522837685586e-05,0.0033888816833496,0.0034911632537841,3,0.0352741877237955,0.0030287450902978445,0.0334441661834716,0.0387701988220214,3,0.0,0.0,0.0,0.0,3,0.0013370513916015668,0.0001231493699076249,0.0012052059173584002,0.0014491081237793003,3,4.6453187465667725,0.1458578954269687,4.533560514450073,4.810317516326905,3,0.0,0.0,0.0,0.0,3,0.0018956661224365234,8.167115341039207e-05,0.0018131732940673828,0.001976490020751953,3,220.57983737321072,6.825377276758208,212.87576059675845,225.87103375727466,3,,,,,0,220.57983737321072,6.825377276758208,212.87576059675845,225.87103375727466,3,18.145776353776455,0.5697574040115966,17.7092207595706,18.790302798151973,3,,,,,0,1.337051391601567,0.12314936990762501,1.2052059173584002,1.4491081237793004,3,1.8956661224365234,0.08167115341039206,1.8131732940673828,1.9764900207519531,3,231294723.5534518,7156926.803354015,223216413.5435066,236842945.09306803,3,,,,,0,4194304.0,0.0,4194304.0,4194304.0,3,,,,,0,0.24609375,0.0,0.24609375,0.24609375,3,,,,,0,1.0,0.0,1.0,1.0,3,0.0,0.0,,0.0,-0.0,0.0,0.0,,0.0,,0.0,,,0.0,,0.0,0.0,,,0.0,,,,,,,,,,,0.03140378841990911,0.10334467158295361,0.01587018554381041,0.0858629294036073,,0.09210518808862858,0.03139889927569949,,0.04308308960304629,0.030942888334848078,,0.030942888334848078,0.0313988992756995,,0.09210518808862865,0.04308308960304629,0.030942888334848078,,0.0,,0.0,,0.0
small_contiguous_mixed_freq_102mb,1.0,0.0,1,1,3,13107.0,0.0,13107,13107,3,0.0,0.0,0,0,3,13107.0,0.0,13107,13107,3,-1.0,0.0,-1,-1,3,0.0,0.0,0,0,3,53686272.0,0.0,53686272,53686272,3,0.0,0.0,0,0,3,13106.0,0.0,13106,13106,3,0.0,0.0,0,0,3,13106.0,0.0,13106,13106,3,0.0,0.0,0,0,3,0.0,0.0,0,0,3,8.0,0.0,8,8,3,13004.0,0.0,13004,13004,3,524288.0,0.0,524288,524288,3,4096.0,0.0,4096,4096,3,0.0,0.0,0,0,3,13107.0,0.0,13107,13107,3,0.0,0.0,0,0,3,0.0,0.0,0,0,3,0.0,0.0,0,0,3,0.0,0.0,0,0,3,0.0,0.0,0,0,3,0.0,0.0,0,0,3,0.0,0.0,0,0,3,0.0,0.0,0,0,3,0.0,0.0,0,0,3,0.0,0.0,0,0,3,0.0,0.0,0,0,3,0.3649749755859375,0.03272335307684234,0.3309338092803955,0.3961982727050781,3,0.0,0.0,0.0,0.0,3,0.004868745803832967,0.00015063526583947008,0.0047018527984619,0.0049946308135986,3,0.015776077906290636,0.0007545402370529214,0.0149064064025878,0.01625657081604,3,0.0,0.0,0.0,0.0,3,0.0017553170522053999,9.375318641429162e-05,0.0016901493072509998,0.0018627643585204998,3,0.3688143889109294,0.0324911768916926,0.3350205421447754,0.3998236656188965,3,0.0,0.0,0.0,0.0,3,0.00177264213562008,0.00023350772113662647,0.0015294551849365234,0.0019950866699218195,3,139.55315368264678,12.479556199838944,128.0544979015875,152.82411765626847,3,,,,,0,139.55315368264678,12.479556199838944,128.0544979015875,152.82411765626847,3,0.028138734181042905,0.0024789178981988705,0.02556042894215117,0.030504590342480847,3,,,,,0,1.7553170522053998,0.09375318641429166,1.6901493072509997,1.8627643585204998,3,1.77264213562008,0.23350772113662646,1.5294551849365234,1.9950866699218195,3,146332087.67593503,13085763.12180232,134274873.191655,160247701.99553937,3,,,,,0,4096.0,0.0,4096.0,4096.0,3,,,,,0,0.9999237048905165,0.0,0.9999237048905165,0.9999237048905165,3,,,,,0,1.0,0.0,1.0,1.0,3,0.0,0.0,,0.0,-0.0,,0.0,,0.0,,0.0,,,0.0,0.0,0.0,0.0,,0.0,,,,,,,,,,,,0.08965916916442743,,0.030939234026323783,0.047828125693525646,,0.05341096999912299,0.08809628330292556,,0.13172863063809784,0.08942511057986043,,0.08942511057986043,0.08809628330292554,,0.053410969999123016,0.13172863063809784,0.08942511057986043,,0.0,,0.0,,0.0
small_contiguous_mixed_freq_10gb,1.0,0.0,1,1,3,1310720.0,0.0,1310720,1310720,3,0.0,0.0,0,0,3,1310720.0,0.0,1310720,1310720,3,-1.0,0.0,-1,-1,3,0.0,0.0,0,0,3,5368709120.0,0.0,5368709120,5368709120,3,0.0,0.0,0,0,3,1310719.0,0.0,1310719,1310719,3,0.0,0.0,0,0,3,1310719.0,0.0,1310719,1310719,3,0.0,0.0,0,0,3,0.0,0.0,0,0,3,8.0,0.0,8,8,3,1300480.0,0.0,1300480,1300480,3,524288.0,0.0,524288,524288,3,4096.0,0.0,4096,4096,3,0.0,0.0,0,0,3,1310720.0,0.0,1310720,1310720,3,0.0,0.0,0,0,3,0.0,0.0,0,0,3,0.0,0.0,0,0,3,0.0,0.0,0,0,3,0.0,0.0,0,0,3,0.0,0.0,0,0,3,0.0,0.0,0,0,3,0.0,0.0,0,0,3,0.0,0.0,0,0,3,0.0,0.0,0,0,3,0.0,0.0,0,0,3,56.53249470392863,12.840915917199553,45.6162850856781,70.68061661720276,3,0.0,0.0,0.0,0.0,3,0.14219363530476883,0.0023291979735231543,0.1402361392974853,0.1447696685791015,3,0.09574651718139643,0.062038084338956495,0.052666425704956,0.1668527126312255,3,0.0,0.0,0.0,0.0,3,0.0017876625061034664,6.79434388966723e-05,0.0017175674438475999,0.0018532276153563998,3,56.92718092600504,12.841687322397972,46.00430154800415,71.07349038124084,3,0.0,0.0,0.0,0.0,3,0.001893440882364909,0.00019557653967927603,0.001726388931274414,0.0021085739135742188,3,92.88996633602085,19.742064883098934,72.03811115137486,111.29394051678905,3,,,,,0,92.88996633602085,19.742064883098934,72.03811115137486,111.29394051678905,3,0.04343199228363422,0.009797429902952555,0.03509849666443188,0.05422476988314884,3,,,,,0,1.7876625061034666,0.0679434388966722,1.7175674438475999,1.8532276153563998,3,1.893440882364909,0.19557653967927602,1.726388931274414,2.1085739135742188,3,97402189.3407594,20701055.426860347,75537434.43866405,116700154.9713326,3,,,,,0,4096.0,0.0,4096.0,4096.0,3,,,,,0,0.9999992370605467,0.0,0.9999992370605468,0.9999992370605468,3,,,,,0,1.0,0.0,1.0,1.0,3,0.0,0.0,,0.0,-0.0,,0.0,,0.0,,0.0,,,0.0,0.0,0.0,0.0,,0.0,,,,,,,,,,,,0.2271422123585711,,0.0163804657538356,0.6479408981678396,,0.03800686016778822,0.22558094592967504,,0.1032916007575588,0.21253172610359058,,0.21253172610359058,0.22558094592967504,,0.03800686016778816,0.10329160075755879,0.21253172610359058,,0.0,,0.0,,0.0
small_contiguous_mixed_freq_1gb,1.0,0.0,1,1,3,131072.0,0.0,131072,131072,3,0.0,0.0,0,0,3,131072.0,0.0,131072,131072,3,-1.0,0.0,-1,-1,3,0.0,0.0,0,0,3,536870912.0,0.0,536870912,536870912,3,0.0,0.0,0,0,3,131071.0,0.0,131071,131071,3,0.0,0.0,0,0,3,131071.0,0.0,131071,131071,3,0.0,0.0,0,0,3,0.0,0.0,0,0,3,8.0,0.0,8,8,3,130048.0,0.0,130048,130048,3,524288.0,0.0,524288,524288,3,4096.0,0.0,4096,4096,3,0.0,0.0,0,0,3,131072.0,0.0,131072,131072,3,0.0,0.0,0,0,3,0.0,0.0,0,0,3,0.0,0.0,0,0,3,0.0,0.0,0,0,3,0.0,0.0,0,0,3,0.0,0.0,0,0,3,0.0,0.0,0,0,3,0.0,0.0,0,0,3,0.0,0.0,0,0,3,0.0,0.0,0,0,3,0.0,0.0,0,0,3,3.8821566899617515,0.812223513521449,2.976283311843872,4.54545521736145,3,0.0,0.0,0.0,0.0,3,0.019978364308675067,0.004762766788587064,0.0170090198516845,0.0254719257354736,3,0.05592441558837887,0.006384155884419297,0.0516638755798339,0.0632646083831787,3,0.0,0.0,0.0,0.0,3,0.0043823719024658,0.004581774137000993,0.001713752746582,0.0096728801727295,3,3.92222269376119,0.8124294556606104,3.0162429809570312,4.586025714874268,3,0.0,0.0,0.0,0.0,3,0.0019064744313557942,0.00013385506437816033,0.0017757415771475493,0.0020432472229003906,3,134.77933574130526,30.80626851162939,111.64350830815985,169.7475976678597,3,,,,,0,134.77933574130526,30.80626851162939,111.64350830815985,169.7475976678597,3,0.029924184370126266,0.0061983448460434755,0.023012107703834772,0.03498859950923361,3,,,,,0,4.3823719024658,4.581774137000994,1.713752746582,9.672880172729501,3,1.9064744313557942,0.13385506437816033,1.7757415771475493,2.0432472229003906,3,141326376.7542749,32302713.8108503,117066703.36773703,177993256.97217366,3,,,,,0,4096.0,0.0,4096.0,4096.0,3,,,,,0,0.9999923706054688,0.0,0.9999923706054688,0.9999923706054688,3,,,,,0,1.0,0.0,1.0,1.0,3,0.0,0.0,,0.0,-0.0,,0.0,,0.0,,0.0,,,0.0,0.0,0.0,0.0,,0.0,,,,,,,,,,,,0.20921966277704554,,0.23839623279464178,0.11415686363910665,,1.0455009841640772,0.20713496379307736,,0.07021078393533395,0.22856818771357337,,0.22856818771357337,0.20713496379307736,,1.0455009841640774,0.07021078393533396,0.22856818771357337,,0.0,,0.0,,0.0
small_contiguous_read_heavy_freq_102mb,1.0,0.0,1,1,3,26214.0,0.0,26214,26214,3,0.0,0.0,0,0,3,26214.0,0.0,26214,26214,3,-1.0,0.0,-1,-1,3,0.0,0.0,0,0,3,107372544.0,0.0,107372544,107372544,3,0.0,0.0,0,0,3,26213.0,0.0,26213,26213,3,0.0,0.0,0,0,3,26213.0,0.0,26213,26213,3,0.0,0.0,0,0,3,0.0,0.0,0,0,3,8.0,0.0,8,8,3,26009.0,0.0,26009,26009,3,524288.0,0.0,524288,524288,3,4096.0,0.0,4096,4096,3,0.0,0.0,0,0,3,26214.0,0.0,26214,26214,3,0.0,0.0,0,0,3,0.0,0.0,0,0,3,0.0,0.0,0,0,3,0.0,0.0,0,0,3,0.0,0.0,0,0,3,0.0,0.0,0,0,3,0.0,0.0,0,0,3,0.0,0.0,0,0,3,0.0,0.0,0,0,3,0.0,0.0,0,0,3,0.0,0.0,0,0,3,0.5747660795847574,0.02919158472273207,0.554152250289917,0.6081695556640625,3,0.0,0.0,0.0,0.0,3,0.006027460098266533,0.0003248843991975326,0.0057291984558105,0.006373643875122,3,0.017213503519693966,0.0037433222216003994,0.0142254829406738,0.0214123725891113,3,0.0,0.0,0.0,0.0,3,0.0014331340789795002,0.00037503348591066943,0.0010054111480713,0.0017056465148926002,3,0.5824675559997559,0.029228119222736194,0.562009334564209,0.6159427165985109,3,0.0,0.0,0.0,0.0,3,0.001865386962890625,0.00010211081133445876,0.0017549991607666016,0.001956462860107422,3,176.08899526746862,8.606416908002421,166.24668940885658,182.20059917581509,3,,,,,0,176.08899526746862,8.606416908002421,166.24668940885658,182.20059917581509,3,0.02221971297778881,0.0011149812780474665,0.021439281855657626,0.02349670849921839,3,,,,,0,1.4331340789795002,0.37503348591066943,1.0054111480713,1.7056465148926003,3,1.865386962890625,0.10211081133445876,1.7549991607666016,1.9564628601074219,3,184642694.30158117,9024482.215725547,174322288.5935812,191051175.48137948,3,,,,,0,4096.0,0.0,4096.0,4096.0,3,,,,,0,0.9999618524452583,0.0,0.9999618524452583,0.9999618524452583,3,,,,,0,1.0,0.0,1.0,1.0,3,0.0,0.0,,0.0,-0.0,,0.0,,0.0,,0.0,,,0.0,0.0,0.0,0.0,,0.0,,,,,,,,,,,,0.05078863516758274,,0.05390071338522303,0.21746428420673716,,0.26168764766079783,0.050179823617074466,,0.05473974749787394,0.0488753819903952,,0.0488753819903952,0.050179823617074626,,0.26168764766079783,0.05473974749787394,0.0488753819903952,,0.0,,0.0,,0.0
small_contiguous_read_heavy_freq_10gb,1.0,0.0,1,1,3,2621440.0,0.0,2621440,2621440,3,0.0,0.0,0,0,3,2621440.0,0.0,2621440,2621440,3,-1.0,0.0,-1,-1,3,0.0,0.0,0,0,3,10737418240.0,0.0,10737418240,10737418240,3,0.0,0.0,0,0,3,2621439.0,0.0,2621439,2621439,3,0.0,0.0,0,0,3,2621439.0,0.0,2621439,2621439,3,0.0,0.0,0,0,3,0.0,0.0,0,0,3,8.0,0.0,8,8,3,2600960.0,0.0,2600960,2600960,3,524288.0,0.0,524288,524288,3,4096.0,0.0,4096,4096,3,0.0,0.0,0,0,3,2621440.0,0.0,2621440,2621440,3,0.0,0.0,0,0,3,0.0,0.0,0,0,3,0.0,0.0,0,0,3,0.0,0.0,0,0,3,0.0,0.0,0,0,3,0.0,0.0,0,0,3,0.0,0.0,0,0,3,0.0,0.0,0,0,3,0.0,0.0,0,0,3,0.0,0.0,0,0,3,0.0,0.0,0,0,3,68.09406558672588,13.192433184874517,56.37104415893555,82.37984895706177,3,0.0,0.0,0.0,0.0,3,0.28084222475687665,0.0037419914123082896,0.2765817642211914,0.2835960388183594,3,0.0665934880574544,0.009787946372345665,0.0584945678710937,0.077470064163208,3,0.0,0.0,0.0,0.0,3,0.0014518896738688,0.00013847057426552177,0.0013308525085449,0.0016028881072998,3,68.8772599697113,13.19122713894405,57.15488028526306,83.1615035533905,3,0.0,0.0,0.0,0.0,3,0.0017639001210530598,9.957261123887068e-05,0.0016596317291259766,0.0018579959869384766,3,152.2366048792635,28.077573115062773,123.1338968447801,179.1623033569769,3,,,,,0,152.2366048792635,28.077573115062773,123.1338968447801,179.1623033569769,3,0.026274589527019998,0.005032053809716816,0.021802856554131722,0.03172359602103825,3,,,,,0,1.4518896738688,0.13847057426552184,1.3308525085449,1.6028881072998,3,1.7639001210530598,0.09957261123887068,1.6596317291259766,1.8579959869384766,3,159631650.1978786,29441469.306700062,129115249.01791213,187865291.40484542,3,,,,,0,4096.0,0.0,4096.0,4096.0,3,,,,,0,0.9999996185302734,0.0,0.9999996185302734,0.9999996185302734,3,,,,,0,1.0,0.0,1.0,1.0,3,0.0,0.0,,0.0,-0.0,,0.0,,0.0,,0.0,,,0.0,0.0,0.0,0.0,,0.0,,,,,,,,,,,,0.19373836869928682,,0.013324176645971623,0.14698053305003317,,0.09537265589646632,0.19151788478149215,,0.056450254779406205,0.18443378409109074,,0.18443378409109074,0.19151788478149215,,0.09537265589646636,0.056450254779406205,0.18443378409109074,,0.0,,0.0,,0.0
small_contiguous_read_heavy_freq_1gb,1.0,0.0,1,1,3,262144.0,0.0,262144,262144,3,0.0,0.0,0,0,3,262144.0,0.0,262144,262144,3,-1.0,0.0,-1,-1,3,0.0,0.0,0,0,3,1073741824.0,0.0,1073741824,1073741824,3,0.0,0.0,0,0,3,262143.0,0.0,262143,262143,3,0.0,0.0,0,0,3,262143.0,0.0,262143,262143,3,0.0,0.0,0,0,3,0.0,0.0,0,0,3,8.0,0.0,8,8,3,260096.0,0.0,260096,260096,3,524288.0,0.0,524288,524288,3,4096.0,0.0,4096,4096,3,0.0,0.0,0,0,3,262144.0,0.0,262144,262144,3,0.0,0.0,0,0,3,0.0,0.0,0,0,3,0.0,0.0,0,0,3,0.0,0.0,0,0,3,0.0,0.0,0,0,3,0.0,0.0,0,0,3,0.0,0.0,0,0,3,0.0,0.0,0,0,3,0.0,0.0,0,0,3,0.0,0.0,0,0,3,0.0,0.0,0,0,3,8.540008703867594,3.671930673684227,4.7481653690338135,12.078951358795166,3,0.0,0.0,0.0,0.0,3,0.031216303507486932,0.0006609997770387654,0.0307064056396484,0.0319631099700927,3,0.0451745192209879,0.00984633344752558,0.0343427658081054,0.0535829067230224,3,0.0,0.0,0.0,0.0,3,0.0010521411895751999,0.00026408223805163516,0.0008070468902587997,0.0013318061828614,3,8.620582342147827,3.6724470102288005,4.8288328647613525,12.160794019699097,3,0.0,0.0,0.0,0.0,3,0.0014259020487473368,0.000344156317394984,0.0011682510375976562,0.0018167495727539062,3,137.22742862927083,66.65913404972552,84.20502792344291,212.05952425330162,3,,,,,0,137.22742862927083,66.65913404972552,84.20502792344291,212.05952425330162,3,0.032884911888686474,0.014009273568072512,0.018420535525365267,0.046389747694774996,3,,,,,0,1.0521411895751998,0.26408223805163517,0.8070468902587997,1.3318061828613998,3,1.4259020487473368,0.344156317394984,1.1682510375976562,1.8167495727539062,3,143893388.2023663,69897168.14532499,88295371.35985208,222360527.70343,3,,,,,0,4096.0,0.0,4096.0,4096.0,3,,,,,0,0.9999961853027344,0.0,0.9999961853027344,0.9999961853027344,3,,,,,0,1.0,0.0,1.0,1.0,3,0.0,0.0,,0.0,-0.0,,0.0,,0.0,,0.0,,,0.0,0.0,0.0,0.0,,0.0,,,,,,,,,,,,0.4299680247423267,,0.021174825420320214,0.2179621082265113,,0.2509950571921416,0.42600915628094405,,0.24136042002136635,0.4857566356490558,,0.4857566356490558,0.42600915628094405,,0.2509950571921416,0.24136042002136632,0.4857566356490558,,0.0,,0.0,,0.0
small_contiguous_write_heavy_freq_102mb,1.0,0.0,1,1,3,0.0,0.0,0,0,3,26214.0,0.0,26214,26214,3,26214.0,0.0,26214,26214,3,-1.0,0.0,-1,-1,3,0.0,0.0,0,0,3,0.0,0.0,0,0,3,107372544.0,0.0,107372544,107372544,3,0.0,0.0,0,0,3,26213.0,0.0,26213,26213,3,0.0,0.0,0,0,3,26213.0,0.0,26213,26213,3,0.0,0.0,0,0,3,8.0,0.0,8,8,3,26009.0,0.0,26009,26009,3,524288.0,0.0,524288,524288,3,0.0,0.0,0,0,3,4096.0,0.0,4096,4096,3,0.0,0.0,0,0,3,0.0,0.0,0,0,3,26214.0,0.0,26214,26214,3,0.0,0.0,0,0,3,0.0,0.0,0,0,3,0.0,0.0,0,0,3,0.0,0.0,0,0,3,0.0,0.0,0,0,3,0.0,0.0,0,0,3,0.0,0.0,0,0,3,0.0,0.0,0,0,3,0.0,0.0,0,0,3,0.0,0.0,0.0,0.0,3,7.055506070454915,0.4277172962388459,6.654760122299194,7.50586724281311,3,0.007381757100423133,0.0003455349340811014,0.0070185661315917,0.0077064037322998,3,0.0,0.0,0.0,0.0,3,0.07813930511474602,0.11600210278128728,0.0061297416687011,0.2119574546813964,3,0.0018824736277262665,0.0005939701314854132,0.0011985301971436002,0.0022687911987304995,3,0.0,0.0,0.0,0.0,3,7.071388800938924,0.4274965851202686,6.67139458656311,7.521898984909058,3,0.001470804214477835,0.00034002376417153324,0.0010807514190673828,0.00170469284057706,3,,,,,0,14.515704923188016,0.8698164898322306,13.613375785215764,15.348880383457038,3,14.515704923188016,0.8698164898322306,13.613375785215764,15.348880383457038,3,,,,,0,0.26975619138395224,0.016307949382782832,0.25449739019467116,0.28694205328866473,3,1.8824736277262664,0.5939701314854132,1.1985301971436002,2.2687911987304994,3,1.470804214477835,0.34002376417153324,1.0807514190673828,1.70469284057706,3,,,,,0,15220819.805536797,912068.695642321,14274659.127358405,16094467.596963847,3,,,,,0,4096.0,0.0,4096.0,4096.0,3,,,,,0,0.9999618524452583,0.0,0.9999618524452583,0.9999618524452583,3,1.0,0.0,1.0,1.0,3,0.0,,0.0,0.0,-0.0,,,0.0,,0.0,,0.0,,0.0,0.0,0.0,,0.0,,,0.0,,,,,,,,,,,0.06062177425229941,0.046809306968566444,,1.4845550854456728,0.3155264024616569,,0.06045440254444877,0.23118220686649887,,0.059922442239973346,0.059922442239973346,,0.060454402544448844,0.3155264024616569,0.23118220686649887,,0.059922442239973346,,0.0,,0.0,0.0
small_contiguous_write_heavy_freq_10gb,1.0,0.0,1,1,3,0.0,0.0,0,0,3,2621440.0,0.0,2621440,2621440,3,2621440.0,0.0,2621440,2621440,3,-1.0,0.0,-1,-1,3,0.0,0.0,0,0,3,0.0,0.0,0,0,3,10737418240.0,0.0,10737418240,10737418240,3,0.0,0.0,0,0,3,2621439.0,0.0,2621439,2621439,3,0.0,0.0,0,0,3,2621439.0,0.0,2621439,2621439,3,0.0,0.0,0,0,3,8.0,0.0,8,8,3,2600960.0,0.0,2600960,2600960,3,524288.0,0.0,524288,524288,3,0.0,0.0,0,0,3,4096.0,0.0,4096,4096,3,0.0,0.0,0,0,3,0.0,0.0,0,0,3,2621440.0,0.0,2621440,2621440,3,0.0,0.0,0,0,3,0.0,0.0,0,0,3,0.0,0.0,0,0,3,0.0,0.0,0,0,3,0.0,0.0,0,0,3,0.0,0.0,0,0,3,0.0,0.0,0,0,3,0.0,0.0,0,0,3,0.0,0.0,0,0,3,0.0,0.0,0.0,0.0,3,754.6036199728647,64.96819506778311,689.5952045917511,819.5315198898315,3,0.3836384614308675,0.0038241203371278754,0.3793919086456299,0.3868100643157959,3,0.0,0.0,0.0,0.0,3,0.17405939102172843,0.057732262170209964,0.1074192523956298,0.208906888961792,3,0.0016008218129475997,0.0008831637359845134,0.0007398128509521998,0.0025045871734619,3,0.0,0.0,0.0,0.0,3,756.1321405569712,64.98946598980763,691.0963535308838,821.075186252594,3,0.004009803136189778,0.0023775311144387024,0.0016641616821289062,0.006417989730834961,3,,,,,0,13.609811514757274,1.1743076258242553,12.47145227556516,14.817036651521551,3,13.609811514757274,1.1743076258242553,12.47145227556516,14.817036651521551,3,,,,,0,0.28844152090338565,0.02479151382057481,0.26363233700976707,0.3132153267870308,3,1.6008218129475997,0.8831637359845134,0.7398128509521998,2.5045871734619003,3,4.009803136189778,2.3775311144387024,1.6641616821289062,6.417989730834961,3,,,,,0,14270921.718898123,1231350.7930562943,13077265.541303013,15536789.023905862,3,,,,,0,4096.0,0.0,4096.0,4096.0,3,,,,,0,0.9999996185302734,0.0,0.9999996185302734,0.9999996185302734,3,1.0,0.0,1.0,1.0,3,0.0,,0.0,0.0,-0.0,,,0.0,,0.0,,0.0,,0.0,0.0,0.0,,0.0,,,0.0,,,,,,,,,,,0.08609579035695501,0.009968031679787638,,0.33168139812119096,0.5516939667122229,,0.08594987900122328,0.5929296361162248,,0.0862839007396201,0.0862839007396201,,0.08594987900122328,0.5516939667122229,0.5929296361162248,,0.0862839007396201,,0.0,,0.0,0.0
small_contiguous_write_heavy_freq_1gb,1.0,0.0,1,1,3,0.0,0.0,0,0,3,262144.0,0.0,262144,262144,3,262144.0,0.0,262144,262144,3,-1.0,0.0,-1,-1,3,0.0,0.0,0,0,3,0.0,0.0,0,0,3,1073741824.0,0.0,1073741824,1073741824,3,0.0,0.0,0,0,3,262143.0,0.0,262143,262143,3,0.0,0.0,0,0,3,262143.0,0.0,262143,262143,3,0.0,0.0,0,0,3,8.0,0.0,8,8,3,260096.0,0.0,260096,260096,3,524288.0,0.0,524288,524288,3,0.0,0.0,0,0,3,4096.0,0.0,4096,4096,3,0.0,0.0,0,0,3,0.0,0.0,0,0,3,262144.0,0.0,262144,262144,3,0.0,0.0,0,0,3,0.0,0.0,0,0,3,0.0,0.0,0,0,3,0.0,0.0,0,0,3,0.0,0.0,0,0,3,0.0,0.0,0,0,3,0.0,0.0,0,0,3,0.0,0.0,0,0,3,0.0,0.0,0,0,3,0.0,0.0,0.0,0.0,3,69.85259215037028,0.7375020058990019,69.37968444824219,70.70237946510315,3,0.04296620686848954,0.0015938239274672548,0.04179048538208,0.0447802543640136,3,0.0,0.0,0.0,0.0,3,0.11024014155069979,0.08935406340255242,0.0323617458343505,0.2077913284301757,3,0.0028131008148193338,0.0005618651876019963,0.0021777153015136996,0.003244400024414,3,0.0,0.0,0.0,0.0,3,70.00136470794678,0.7364246656892621,69.52983331680298,70.84996390342712,3,0.00238649050394694,0.0015824112727688589,0.0010559558868408203,0.004136323928833008,3,,,,,0,14.62935923100022,0.15299125828142598,14.453077229450324,14.72749108047314,3,14.62935923100022,0.15299125828142598,14.453077229450324,14.72749108047314,3,,,,,0,0.26703401454142295,0.002809237158543633,0.26523526503297035,0.2702711635720334,3,2.8131008148193337,0.5618651876019964,2.1777153015136994,3.244400024414,3,2.38649050394694,1.582411272768859,1.0559558868408203,4.136323928833008,3,,,,,0,15339994.985005287,160422.96164370453,15155149.908948103,15442893.687198203,3,,,,,0,4096.0,0.0,4096.0,4096.0,3,,,,,0,0.9999961853027344,0.0,0.9999961853027344,0.9999961853027344,3,1.0,0.0,1.0,1.0,3,0.0,,0.0,0.0,-0.0,,,0.0,,0.0,,0.0,,0.0,0.0,0.0,,0.0,,,0.0,,,,,,,,,,,0.010557976206686734,0.03709482506439566,,0.8105401729864271,0.19973162164758074,,0.010520147268009775,0.663070425024428,,0.010457823604278658,0.010457823604278658,,0.010520147268009775,0.19973162164758082,0.6630704250244281,,0.010457823604278658,,0.0,,0.0,0.0
small_contiguous_write_heavy_seldom_102mb,1.0,0.0,1,1,3,0.0,0.0,0,0,3,26214.0,0.0,26214,26214,3,26214.0,0.0,26214,26214,3,-1.0,0.0,-1,-1,3,0.0,0.0,0,0,3,0.0,0.0,0,0,3,107372544.0,0.0,107372544,107372544,3,0.0,0.0,0,0,3,26213.0,0.0,26213,26213,3,0.0,0.0,0,0,3,26213.0,0.0,26213,26213,3,0.0,0.0,0,0,3,8.0,0.0,8,8,3,26009.0,0.0,26009,26009,3,524288.0,0.0,524288,524288,3,0.0,0.0,0,0,3,4096.0,0.0,4096,4096,3,0.0,0.0,0,0,3,0.0,0.0,0,0,3,26214.0,0.0,26214,26214,3,0.0,0.0,0,0,3,0.0,0.0,0,0,3,0.0,0.0,0,0,3,0.0,0.0,0,0,3,0.0,0.0,0,0,3,0.0,0.0,0,0,3,0.0,0.0,0,0,3,0.0,0.0,0,0,3,0.0,0.0,0,0,3,0.0,0.0,0.0,0.0,3,8.12252108256022,0.11623998012920402,7.988313674926758,8.191360235214233,3,0.0081810156504313,0.0019096641988566416,0.0063936710357666,0.0101931095123291,3,0.0,0.0,0.0,0.0,3,0.009931087493896434,0.003358347424684145,0.0060532093048095,0.0118765830993652,3,0.0019665559132893665,0.0006288754678044041,0.0013270378112793,0.0025842189788818,3,0.0,0.0,0.0,0.0,3,8.138294617335001,0.116707910295367,8.003539562225342,8.206914186477661,3,0.002351840337117513,0.0012598775499246004,0.0013434886932373047,0.0037641525268554688,3,,,,,0,12.584036387173882,0.1819683156299748,12.477093725278557,12.794143978908334,3,12.584036387173882,0.1819683156299748,12.477093725278557,12.794143978908334,3,,,,,0,0.3104560394192035,0.004452121396786744,0.30531546357768147,0.3130737081894278,3,1.9665559132893666,0.6288754678044043,1.3270378112793,2.5842189788818,3,2.351840337117513,1.2598775499246002,1.3434886932373047,3.7641525268554688,3,,,,,0,13195318.53871724,190807.60853001644,13083181.030077688,13415632.316827785,3,,,,,0,4096.0,0.0,4096.0,4096.0,3,,,,,0,0.9999618524452583,0.0,0.9999618524452583,0.9999618524452583,3,1.0,0.0,1.0,1.0,3,0.0,,0.0,0.0,-0.0,,,0.0,,0.0,,0.0,,0.0,0.0,0.0,,0.0,,,0.0,,,,,,,,,,,0.014310825290288461,0.23342629820735825,,0.3381651230792356,0.31978519581094106,,0.014340585562824543,0.535698588905378,,0.014460250275137766,0.014460250275137766,,0.014340585562824628,0.3197851958109411,0.5356985889053779,,0.014460250275137766,,0.0,,0.0,0.0
small_contiguous_write_heavy_seldom_10gb,1.0,0.0,1,1,3,0.0,0.0,0,0,3,2621440.0,0.0,2621440,2621440,3,2621440.0,0.0,2621440,2621440,3,-1.0,0.0,-1,-1,3,0.0,0.0,0,0,3,0.0,0.0,0,0,3,10737418240.0,0.0,10737418240,10737418240,3,0.0,0.0,0,0,3,2621439.0,0.0,2621439,2621439,3,0.0,0.0,0,0,3,2621439.0,0.0,2621439,2621439,3,0.0,0.0,0,0,3,8.0,0.0,8,8,3,2600960.0,0.0,2600960,2600960,3,524288.0,0.0,524288,524288,3,0.0,0.0,0,0,3,4096.0,0.0,4096,4096,3,0.0,0.0,0,0,3,0.0,0.0,0,0,3,2621440.0,0.0,2621440,2621440,3,0.0,0.0,0,0,3,0.0,0.0,0,0,3,0.0,0.0,0,0,3,0.0,0.0,0,0,3,0.0,0.0,0,0,3,0.0,0.0,0,0,3,0.0,0.0,0,0,3,0.0,0.0,0,0,3,0.0,0.0,0,0,3,0.0,0.0,0.0,0.0,3,814.6890181700388,7.949649558406075,805.8122863769531,821.1521439552307,3,0.38108229637145996,0.002241653029874921,0.3788909912109375,0.3833711147308349,3,0.0,0.0,0.0,0.0,3,0.21108929316202793,0.0013101459376204426,0.2098670005798339,0.2124724388122558,3,0.0021753311157226667,0.0008488729031643936,0.0011961460113526,0.0027034282684326,3,0.0,0.0,0.0,0.0,3,816.1932799816132,7.959833186162347,807.3025403022766,822.6573140621185,3,0.0018848578135172527,0.00012302429485036058,0.0017616748809814453,0.002007722854614258,3,,,,,0,12.54684670619804,0.12286152918605851,12.447467280679621,12.684216249543644,3,12.54684670619804,0.12286152918605851,12.447467280679621,12.684216249543644,3,,,,,0,0.311353027336736,0.0030364353890084636,0.3079614793023211,0.31381886064991704,3,2.1753311157226665,0.8488729031643936,1.1961460113526,2.7034282684326,3,1.8848578135172527,0.12302429485036057,1.7616748809814453,2.007722854614258,3,,,,,0,13156322.331798317,128829.65082780049,13052115.451305915,13300364.738081476,3,,,,,0,4096.0,0.0,4096.0,4096.0,3,,,,,0,0.9999996185302734,0.0,0.9999996185302734,0.9999996185302734,3,1.0,0.0,1.0,1.0,3,0.0,,0.0,0.0,-0.0,,,0.0,,0.0,,0.0,,0.0,0.0,0.0,,0.0,,,0.0,,,,,,,,,,,0.009757894584442348,0.005882333163254243,,0.006206595881747544,0.3902269852295059,,0.009752387554993913,0.06526980123810516,,0.009792223660895284,0.009792223660895284,,0.009752387554993913,0.3902269852295059,0.06526980123810516,,0.009792223660895284,,0.0,,0.0,0.0
small_contiguous_write_heavy_seldom_1gb,1.0,0.0,1,1,3,0.0,0.0,0,0,3,262144.0,0.0,262144,262144,3,262144.0,0.0,262144,262144,3,-1.0,0.0,-1,-1,3,0.0,0.0,0,0,3,0.0,0.0,0,0,3,1073741824.0,0.0,1073741824,1073741824,3,0.0,0.0,0,0,3,262143.0,0.0,262143,262143,3,0.0,0.0,0,0,3,262143.0,0.0,262143,262143,3,0.0,0.0,0,0,3,8.0,0.0,8,8,3,260096.0,0.0,260096,260096,3,524288.0,0.0,524288,524288,3,0.0,0.0,0,0,3,4096.0,0.0,4096,4096,3,0.0,0.0,0,0,3,0.0,0.0,0,0,3,262144.0,0.0,262144,262144,3,0.0,0.0,0,0,3,0.0,0.0,0,0,3,0.0,0.0,0,0,3,0.0,0.0,0,0,3,0.0,0.0,0,0,3,0.0,0.0,0,0,3,0.0,0.0,0,0,3,0.0,0.0,0,0,3,0.0,0.0,0,0,3,0.0,0.0,0.0,0.0,3,81.75958490371704,0.6761608506151616,81.09505867958069,82.44680881500244,3,0.0420281092325846,0.0007326720993285946,0.041327953338623,0.0427894592285156,3,0.0,0.0,0.0,0.0,3,0.13035011291503903,0.052691566272678694,0.0934643745422363,0.190697431564331,3,0.0021166801452636333,0.0008109273059485954,0.0011882781982421003,0.0026865005493163997,3,0.0,0.0,0.0,0.0,3,81.91304143269856,0.6761931690304188,81.25002908706665,82.60168647766113,3,0.001951138178507487,4.546882549367063e-05,0.0019044876098632812,0.0019953250885009766,3,,,,,0,12.501629580935232,0.10315623934157857,12.396841319661572,12.603072411244218,3,12.501629580935232,0.10315623934157857,12.396841319661572,12.603072411244218,3,,,,,0,0.31247345517234254,0.002579472232934642,0.30994426379038487,0.31510042754234746,3,2.1166801452636332,0.8109273059485951,1.1882781982421002,2.6865005493163996,3,1.951138178507487,0.04546882549367063,1.9044876098632812,1.9953250885009766,3,,,,,0,13108908.739458742,108167.15682383509,12999030.283605453,13215279.256692817,3,,,,,0,4096.0,0.0,4096.0,4096.0,3,,,,,0,0.9999961853027344,0.0,0.9999961853027344,0.9999961853027344,3,1.0,0.0,1.0,1.0,3,0.0,,0.0,0.0,-0.0,,,0.0,,0.0,,0.0,,0.0,0.0,0.0,,0.0,,,0.0,,,,,,,,,,,0.008270111099651893,0.017432906516778306,,0.4042310750204149,0.3831128230513043,,0.008255012354607696,0.0233037444474854,,0.008251423438340394,0.008251423438340394,,0.008255012354607696,0.3831128230513042,0.0233037444474854,,0.008251423438340394,,0.0,,0.0,0.0
small_nd_strided_read_heavy_freq_102mb,1.0,0.0,1,1,3,26214.0,0.0,26214,26214,3,0.0,0.0,0,0,3,26214.0,0.0,26214,26214,3,-1.0,0.0,-1,-1,3,1.0,0.0,1,1,3,107372544.0,0.0,107372544,107372544,3,0.0,0.0,0,0,3,26175.0,0.0,26175,26175,3,0.0,0.0,0,0,3,26212.0,0.0,26212,26212,3,0.0,0.0,0,0,3,0.0,0.0,0,0,3,8.0,0.0,8,8,3,25990.0,0.0,25990,25990,3,524288.0,0.0,524288,524288,3,4096.0,0.0,4096,4096,3,0.0,0.0,0,0,3,26214.0,0.0,26214,26214,3,0.0,0.0,0,0,3,0.0,0.0,0,0,3,0.0,0.0,0,0,3,258048.0,0.0,258048,258048,3,0.0,0.0,0,0,3,0.0,0.0,0,0,3,0.0,0.0,0,0,3,37.0,0.0,37,37,3,0.0,0.0,0,0,3,0.0,0.0,0,0,3,0.0,0.0,0,0,3,7.366244951883952,2.261767282857673,5.2429962158203125,9.744855403900146,3,0.0018146038055419334,0.00030895690308755926,0.001601219177246,0.0021688938140869,3,0.007019519805908166,0.0004627689880394548,0.0065791606903076,0.0075018405914306,3,0.044907172520955364,0.04136985904457827,0.0159156322479248,0.0922827720642089,3,0.0,0.0,0.0,0.0,3,0.0012249151865641333,0.00031236986194868626,0.00091552734375,0.0015401840209960998,3,7.379640181859334,2.262615819511962,5.255678415298462,9.759202241897583,3,0.0,0.0,0.0,0.0,3,0.0018333594004316112,0.00021840369476005346,0.001621246337890625,0.0020575523376464844,3,14.783179740654413,4.5094139403252536,10.492500817371074,19.483390993241535,3,,,,,0,14.783179740654413,4.5094139403252536,10.492500817371074,19.483390993241535,3,0.28151522781183086,0.08631326083436186,0.20049128005258496,0.37228970175851006,3,,,,,0,1.2249151865641335,0.31236986194868616,0.91552734375,1.5401840209960997,3,1.8333594004316112,0.21840369476005345,1.621246337890625,2.0575523376464844,3,15501287.479736442,4728463.231890493,11002184.53707569,20429816.194129236,3,,,,,0,4096.0,0.0,4096.0,4096.0,3,,,,,0,0.9999237048905165,0.0,0.9999237048905165,0.9999237048905165,3,,,,,0,1.0,0.0,1.0,1.0,3,0.0,0.0,,0.0,-0.0,0.0,0.0,,0.0,,0.0,,,0.0,0.0,0.0,0.0,,0.0,,,,0.0,,,,0.0,,,,0.3070448101619558,0.17026135520270716,0.06592601785238257,0.9212305456388631,,0.255013461646172,0.30660245808107756,,0.11912759424509818,0.3050368066569712,,0.3050368066569712,0.3066024580810775,,0.2550134616461719,0.11912759424509818,0.3050368066569712,,0.0,,0.0,,0.0
small_nd_strided_read_heavy_freq_10gb,1.0,0.0,1,1,3,1780053.3333333333,1457324.455477686,97280,2621440,3,0.0,0.0,0,0,3,1780053.6666666667,1457323.8781274166,97281,2621440,3,-1.0,0.0,-1,-1,3,0.6666666666666666,0.5773502691896258,0,1,3,7291098453.333333,5969200969.636601,398458880,10737418240,3,0.0,0.0,0,0,3,1780052.3333333333,1457324.455477686,97279,2621439,3,0.0,0.0,0,0,3,1780052.3333333333,1457324.455477686,97279,2621439,3,0.0,0.0,0,0,3,0.0,0.0,0,0,3,8.0,0.0,8,8,3,1766146.6666666667,1445939.1081692663,96520,2600960,3,524288.0,0.0,524288,524288,3,4096.0,0.0,4096,4096,3,0.0,0.0,0,0,3,1780053.3333333333,1457324.455477686,97280,2621440,3,0.0,0.0,0,0,3,0.0,0.0,0,0,3,0.0,0.0,0,0,3,0.0,0.0,0,0,3,0.0,0.0,0,0,3,0.0,0.0,0,0,3,0.0,0.0,0,0,3,0.0,0.0,0,0,3,0.0,0.0,0,0,3,0.0,0.0,0,0,3,0.0,0.0,0,0,3,434.9883983929952,368.3996906324628,26.21035599708557,741.3269958496094,3,0.00030398368835446665,0.000272958037409265,0.0,0.0005280971527099,3,164.52348486582437,284.28546016695526,0.3883719444274902,492.788058757782,3,0.09438904126485183,0.04472825768344963,0.0427412986755371,0.1202199459075927,3,0.0,0.0,0.0,0.0,3,0.001109679539998367,0.0004286020984689128,0.0006351470947265,0.0014686584472657005,3,435.8538552920024,369.08249320903786,26.259942531585693,742.6140735149384,3,0.0,0.0,0.0,0.0,3,164.26142835617065,284.49853748946714,0.003683805465698242,492.77204275131226,3,15.756333616949307,2.8375725338318962,13.789127307447956,19.00916403811706,3,,,,,0,15.756333616949307,2.8375725338318962,13.789127307447956,19.00916403811706,3,0.252906541119732,0.04159978359989027,0.20549299233607599,0.2832847875652078,3,,,,,0,1.109679539998367,0.4286020984689128,0.6351470947265001,1.4686584472657005,3,164261.42835617065,284498.5374894672,3.683805465698242,492772.04275131226,3,16521713.278726237,2975410.4572353144,14458947.955534548,19932553.190432634,3,,,,,0,4096.0,0.0,4096.0,4096.0,3,,,,,0,0.9999963191517612,5.714691216493666e-06,0.9999897203947369,0.9999996185302734,3,,,,,0,1.0000034265350877,5.934932865921186e-06,1.0,1.0000102796052632,3,0.0,0.8186970739515403,,0.8186965962977988,-0.0,0.8660254037844388,0.8186970739515403,,0.8186975338801945,,0.8186975338801945,,,0.0,0.8186970739515402,0.0,0.0,,0.8186970739515403,,,,,,,,,,,,0.846918428154555,0.8979364612846478,1.7279324006466412,0.47387129993135485,,0.3862395250339964,0.8468033234712798,,1.7319862632180725,0.18009091472774352,,0.18009091472774352,0.16448678399423422,,0.38623952503399633,1.7319862632180727,0.18009091472774352,,0.0,,5.714712251482192e-06,,5.934912529735161e-06
small_nd_strided_read_heavy_freq_1gb,1.0,0.0,1,1,3,262144.0,0.0,262144,262144,3,0.0,0.0,0,0,3,262144.0,0.0,262144,262144,3,-1.0,0.0,-1,-1,3,1.0,0.0,1,1,3,1073741824.0,0.0,1073741824,1073741824,3,0.0,0.0,0,0,3,262143.0,0.0,262143,262143,3,0.0,0.0,0,0,3,262143.0,0.0,262143,262143,3,0.0,0.0,0,0,3,0.0,0.0,0,0,3,8.0,0.0,8,8,3,260096.0,0.0,260096,260096,3,524288.0,0.0,524288,524288,3,4096.0,0.0,4096,4096,3,0.0,0.0,0,0,3,262144.0,0.0,262144,262144,3,0.0,0.0,0,0,3,0.0,0.0,0,0,3,0.0,0.0,0,0,3,0.0,0.0,0,0,3,0.0,0.0,0,0,3,0.0,0.0,0,0,3,0.0,0.0,0,0,3,0.0,0.0,0,0,3,0.0,0.0,0,0,3,0.0,0.0,0,0,3,0.0,0.0,0,0,3,59.70220979054769,4.838935177204495,55.57685542106629,65.0285325050354,3,0.0004879633585611333,0.00012913603639413233,0.0003466606140136,0.0005998611450195,3,0.040421883265177365,0.0017875388302693895,0.0389058589935302,0.0423929691314697,3,0.06479175885518386,0.040758175639030066,0.040238618850708,0.1118402481079101,3,0.0,0.0,0.0,0.0,3,0.0007967154184977334,0.0004152254011438289,0.0005402565002442,0.0012757778167725,3,59.83003457387289,4.842316948742254,55.702150106430054,65.16023778915405,3,0.0,0.0,0.0,0.0,3,0.0016786257425944011,0.0003285010343289909,0.0013072490692138672,0.0019311904907226562,3,17.188246202238698,1.3557251218914463,15.715105327170019,18.383491445903687,3,,,,,0,17.188246202238698,1.3557251218914463,15.715105327170019,18.383491445903687,3,0.2282334692912021,0.01847197322365667,0.21248683970043203,0.24856658092176076,3,,,,,0,0.7967154184977333,0.41522540114382894,0.5402565002442,1.2757778167725,3,1.6786257425944011,0.3285010343289909,1.3072490692138672,1.9311904907226562,3,18023182.449758645,1421580.8254124452,16478482.28354263,19276487.926379904,3,,,,,0,4096.0,0.0,4096.0,4096.0,3,,,,,0,0.9999961853027344,0.0,0.9999961853027344,0.9999961853027344,3,,,,,0,1.0,0.0,1.0,1.0,3,0.0,0.0,,0.0,-0.0,0.0,0.0,,0.0,,0.0,,,0.0,0.0,0.0,0.0,,0.0,,,,,,,,,,,,0.08105119046984784,0.26464289608735825,0.04422205711056808,0.6290641951876738,,0.521171539427174,0.08093455040149417,,0.19569641164997023,0.07887512815093775,,0.07887512815093775,0.08093455040149417,,0.5211715394271741,0.19569641164997026,0.07887512815093775,,0.0,,0.0,,0.0
small_random_mixed_freq_102mb,1.0,0.0,1,1,3,16384.0,0.0,16384,16384,3,0.0,0.0,0,0,3,16384.0,0.0,16384,16384,3,-1.0,0.0,-1,-1,3,0.0,0.0,0,0,3,67108864.0,0.0,67108864,67108864,3,0.0,0.0,0,0,3,0.6666666666666666,0.5773502691896258,0,1,3,0.0,0.0,0,0,3,8189.666666666667,15.044378795195668,8174,8204,3,0.0,0.0,0,0,3,0.0,0.0,0,0,3,8.0,0.0,8,8,3,16256.0,0.0,16256,16256,3,524288.0,0.0,524288,524288,3,4096.0,0.0,4096,4096,3,0.0,0.0,0,0,3,16384.0,0.0,16384,16384,3,0.0,0.0,0,0,3,0.0,0.0,0,0,3,0.0,0.0,0,0,3,10222250.666666666,8507868.571469434,3436544,19767296,3,15253504.0,18228935.42480021,4026368,36286464,3,10403840.0,7541999.624706435,3878912,18661376,3,15107413.333333334,18741115.994435478,2215936,36605952,3,4.0,0.0,4,4,3,3.3333333333333335,0.5773502691896258,3,4,3,3.0,0.0,3,3,3,2.6666666666666665,0.5773502691896258,2,3,3,7.880863428115845,2.837238153661288,4.723131895065308,10.21568489074707,3,0.0,0.0,0.0,0.0,3,0.0063178539276122665,0.0014290090658336933,0.0053868293762207,0.0079631805419921,3,0.1640708446502685,0.03735220631164646,0.1212875843048095,0.1901934146881103,3,0.0,0.0,0.0,0.0,3,0.0014747778574625333,0.00042783908992596214,0.0009808540344238,0.0017304420471190999,3,7.892074426015218,2.8379018587117675,4.733492851257324,10.227148771286013,3,0.0,0.0,0.0,0.0,3,0.0023695627848304333,0.0011383566477964583,0.00155210494995206,0.00366973876953125,3,9.040564994461597,3.917651221426331,6.257853623845576,13.52067110083416,3,,,,,0,9.040564994461597,3.917651221426331,6.257853623845576,13.52067110083416,3,0.4816939957284679,0.17321178336863816,0.2889094757847488,0.6242156232474373,3,,,,,0,1.4747778574625332,0.42783908992596226,0.9808540344237999,1.7304420471190998,3,2.3695627848304333,1.1383566477964584,1.55210494995206,3.66973876953125,3,9479719.479632564,4107955.0471583363,6561835.121477499,14177451.22022828,3,,,,,0,4096.0,0.0,4096.0,4096.0,3,,,,,0,0.4998575846354167,0.0009182360104489543,0.4989013671875,0.500732421875,3,,,,,0,1.0,0.0,1.0,1.0,3,0.0,0.0,,0.0,-0.0,,0.0,,0.8660254037844388,,0.001836995253595466,,,0.0,0.0,0.0,0.0,,0.0,,,,0.8322891747521323,1.195065437082536,0.7249246071360608,1.2405244750327087,0.0,0.17320508075688776,0.0,0.2165063509461097,0.3600161555317822,,0.22618583496971809,0.22765901151582407,,0.2901040911084003,0.35958883628326993,,0.48040788582773064,0.43334141437248114,,0.43334141437248114,0.35958883628326993,,0.2901040911084004,0.4804078858277307,0.43334141437248114,,0.0,,0.001836995253595466,,0.0
small_random_read_heavy_freq_102mb,1.0,0.0,1,1,3,32768.0,0.0,32768,32768,3,0.0,0.0,0,0,3,32768.0,0.0,32768,32768,3,-1.0,0.0,-1,-1,3,0.0,0.0,0,0,3,134217728.0,0.0,134217728,134217728,3,0.0,0.0,0,0,3,2.3333333333333335,2.5166114784235836,0,5,3,0.0,0.0,0,0,3,16374.0,29.512709126747414,16344,16403,3,0.0,0.0,0,0,3,0.0,0.0,0,0,3,8.0,0.0,8,8,3,32512.0,0.0,32512,32512,3,524288.0,0.0,524288,524288,3,4096.0,0.0,4096,4096,3,0.0,0.0,0,0,3,32768.0,0.0,32768,32768,3,0.0,0.0,0,0,3,0.0,0.0,0,0,3,0.0,0.0,0,0,3,62644224.0,26483176.67417049,33886208,86028288,3,40206336.0,7815902.154196149,33595392,48832512,3,60361386.666666664,33612076.81789183,29802496,96362496,3,48321877.333333336,34949135.62152205,10567680,79544320,3,5.0,1.7320508075688772,4,7,3,4.0,1.0,3,5,3,2.6666666666666665,0.5773502691896258,2,3,3,2.6666666666666665,0.5773502691896258,2,3,3,7.098317702611287,1.2010890890794035,6.392484426498413,8.48514175415039,3,0.0,0.0,0.0,0.0,3,0.0105977853139241,0.004326457477654769,0.0080878734588623,0.0155935287475585,3,0.0035073757171630664,0.0009711509575279267,0.0026280879974365,0.0045497417449951,3,0.0,0.0,0.0,0.0,3,0.0016727447509765666,3.0149346775734805e-05,0.0016548633575438998,0.0017075538635254002,3,7.119101683298747,1.2008161132638564,6.413907766342163,8.505616188049316,3,0.0,0.0,0.0,0.0,3,0.004126310348510742,0.004134700098991676,0.0017313957214355469,0.008900642395019531,3,18.29604658291015,2.812371915911832,15.04888031273318,19.956632471657464,3,,,,,0,18.29604658291015,2.812371915911832,15.04888031273318,19.956632471657464,3,0.21725774179988852,0.036645999550288584,0.1957369313458912,0.2595708065200597,3,,,,,0,1.6727447509765667,0.030149346775734855,1.6548633575438998,1.7075538635254002,3,4.126310348510742,4.134700098991676,1.7313957214355469,8.900642395019531,3,19184795.341721594,2948985.694099165,15779894.722804507,20926045.850600697,3,,,,,0,4096.0,0.0,4096.0,4096.0,3,,,,,0,0.49969482421875,0.0009006564064559147,0.498779296875,0.500579833984375,3,,,,,0,1.0,0.0,1.0,1.0,3,0.0,0.0,,0.0,-0.0,,0.0,,1.07854777646725,,0.0018024129184528773,,,0.0,0.0,0.0,0.0,,0.0,,,,0.42275528345870306,0.19439478778161107,0.5568473269758961,0.7232569914541271,0.34641016151377546,0.25,0.2165063509461097,0.2165063509461097,0.16920756993414848,,0.40824166082798174,0.27688820241745876,,0.018023877676575154,0.16867522992134584,,1.002033233027167,0.15371473302537356,,0.15371473302537356,0.16867522992134584,,0.018023877676575182,1.002033233027167,0.15371473302537356,,0.0,,0.0018024129184528773,,0.0
small_random_read_heavy_seldom_102mb,1.0,0.0,1,1,3,32768.0,0.0,32768,32768,3,0.0,0.0,0,0,3,32768.0,0.0,32768,32768,3,-1.0,0.0,-1,-1,3,0.0,0.0,0,0,3,134217728.0,0.0,134217728,134217728,3,0.0,0.0,0,0,3,1.0,1.0,0,2,3,0.0,0.0,0,0,3,16358.666666666666,58.62024678669752,16319,16426,3,0.0,0.0,0,0,3,0.0,0.0,0,0,3,8.0,0.0,8,8,3,32512.0,0.0,32512,32512,3,524288.0,0.0,524288,524288,3,4096.0,0.0,4096,4096,3,0.0,0.0,0,0,3,32768.0,0.0,32768,32768,3,0.0,0.0,0,0,3,0.0,0.0,0,0,3,0.0,0.0,0,0,3,28053504.0,28595949.646180872,5128192,60096512,3,33424725.333333332,21215544.00517105,18296832,57675776,3,23685802.666666668,23380458.945557877,2338816,48672768,3,38156970.666666664,26522512.59629384,14356480,66748416,3,3.3333333333333335,0.5773502691896258,3,4,3,3.0,0.0,3,3,3,3.0,0.0,3,3,3,2.6666666666666665,0.5773502691896258,2,3,3,13.454391400019327,10.99276986146774,6.5728161334991455,26.132274389266968,3,0.0,0.0,0.0,0.0,3,0.008941888809204067,0.001241765284218969,0.007598876953125,0.0100483894348144,3,0.011463244756062765,0.012106472085197838,0.0040900707244873,0.025435447692871,3,0.0,0.0,0.0,0.0,3,0.0017126401265462668,0.00010223274503136401,0.0016269683837890998,0.0018258094787597999,3,13.476462602615356,10.99565941527269,6.592616558074951,26.1576509475708,3,0.0,0.0,0.0,0.0,3,0.002208709716796875,0.001432007146788823,0.0010304450988769531,0.0038025379180908203,3,13.65921382528438,7.714671771583431,4.893405767075849,19.415659757007937,3,,,,,0,13.65921382528438,7.714671771583431,4.893405767075849,19.415659757007937,3,0.41126900032395497,0.33556089524147614,0.20119069085922092,0.7982681563589722,3,,,,,0,1.7126401265462665,0.10223274503136401,1.6269683837890998,1.8258094787597998,3,2.208709716796875,1.4320071467888231,1.0304450988769531,3.8025379180908203,3,14322723.796061395,8089419.667559868,5131107.845617325,20358794.845364355,3,,,,,0,4096.0,0.0,4096.0,4096.0,3,,,,,0,0.4992268880208333,0.0017889479610198218,0.498016357421875,0.50128173828125,3,,,,,0,1.0,0.0,1.0,1.0,3,0.0,0.0,,0.0,-0.0,,0.0,,1.0,,0.0035834367177457935,,,0.0,0.0,0.0,0.0,,0.0,,,,1.019336110247792,0.6347260536502753,0.9871085761624407,0.6950895768951463,0.17320508075688776,0.0,0.0,0.2165063509461097,0.8170395475080314,,0.1388705798869692,1.0561121517356487,,0.05969306887461988,0.8159158482092163,,0.6483455638822266,0.5647961786280049,,0.5647961786280049,0.8159158482092163,,0.059693068874619885,0.6483455638822266,0.5647961786280049,,0.0,,0.0035834367177457935,,0.0
small_random_write_heavy_freq_102mb,1.0,0.0,1,1,3,0.0,0.0,0,0,3,32768.0,0.0,32768,32768,3,32768.0,0.0,32768,32768,3,-1.0,0.0,-1,-1,3,0.0,0.0,0,0,3,0.0,0.0,0,0,3,134217728.0,0.0,134217728,134217728,3,0.0,0.0,0,0,3,1.0,0.0,1,1,3,0.0,0.0,0,0,3,16413.666666666668,42.899106439800335,16365,16446,3,0.0,0.0,0,0,3,8.0,0.0,8,8,3,32512.0,0.0,32512,32512,3,524288.0,0.0,524288,524288,3,0.0,0.0,0,0,3,4096.0,0.0,4096,4096,3,0.0,0.0,0,0,3,0.0,0.0,0,0,3,32768.0,0.0,32768,32768,3,0.0,0.0,0,0,3,7213056.0,7381247.711441745,1785856,15618048,3,50956970.666666664,4079834.6393888737,46800896,54956032,3,26386432.0,15900942.637573157,8704000,39510016,3,47594154.666666664,31046799.81584378,26648576,83263488,3,5.0,1.0,4,6,3,4.0,1.0,3,5,3,3.6666666666666665,1.1547005383792517,3,5,3,3.0,0.0,3,3,3,0.0,0.0,0.0,0.0,3,12.4483962059021,1.097956628036069,11.5961754322052,13.68740177154541,3,0.009332577387491799,0.0003695571293456065,0.0089411735534667,0.0096755027770996,3,0.0,0.0,0.0,0.0,3,0.09332505861918124,0.09051900801558461,0.0400969982147216,0.1978414058685302,3,0.0025393962860107665,0.00016800256150095266,0.0024232864379883,0.0027320384979248,3,0.0,0.0,0.0,0.0,3,12.470857699712118,1.0976031537114848,11.61898684501648,13.70948600769043,3,0.0018177032470697203,0.00011616050703974297,0.0016899108886700986,0.0019168853759765625,3,,,,,0,10.315161056471643,0.8735749196021447,9.336600943915586,11.016451064741561,3,10.315161056471643,0.8735749196021447,9.336600943915586,11.016451064741561,3,,,,,0,0.38058037413672235,0.03349618999363661,0.3545833387761377,0.41838031029328704,3,2.5393962860107666,0.16800256150095255,2.4232864379883,2.7320384979248,3,1.8177032470697203,0.11616050703974296,1.6899108886700986,1.9168853759765625,3,,,,,0,10816230.31995081,916009.6948967385,9790135.67136723,11551586.191662448,3,,,,,0,4096.0,0.0,4096.0,4096.0,3,,,,,0,0.5009053548177084,0.0013091768322692973,0.499420166015625,0.50189208984375,3,1.0,0.0,1.0,1.0,3,0.0,,0.0,0.0,-0.0,,,0.0,,0.0,,0.0026136211555289495,,0.0,0.0,0.0,,0.0,,,0.0,,1.0233176772011399,0.08006430888674637,0.6026181424443121,0.652323799703662,0.2,0.25,0.31491832864888686,0.0,,0.08820064929452519,0.039598613973553964,,0.9699325063909482,0.06615846546931603,,0.08801344543742345,0.06390509959587891,,0.08468844207275575,0.08468844207275575,,0.08801344543742344,0.06615846546931597,0.06390509959587891,,0.08468844207275575,,0.0,,0.0026136211555289495,0.0
small_strided_read_heavy_freq_102mb,1.0,0.0,1,1,3,26214.0,0.0,26214,26214,3,0.0,0.0,0,0,3,26214.0,0.0,26214,26214,3,-1.0,0.0,-1,-1,3,1.0,0.0,1,1,3,107372544.0,0.0,107372544,107372544,3,0.0,0.0,0,0,3,0.0,0.0,0,0,3,0.0,0.0,0,0,3,26198.0,0.0,26198,26198,3,0.0,0.0,0,0,3,0.0,0.0,0,0,3,8.0,0.0,8,8,3,25804.0,0.0,25804,25804,3,524288.0,0.0,524288,524288,3,4096.0,0.0,4096,4096,3,0.0,0.0,0,0,3,26214.0,0.0,26214,26214,3,0.0,0.0,0,0,3,0.0,0.0,0,0,3,0.0,0.0,0,0,3,61440.0,0.0,61440,61440,3,0.0,0.0,0,0,3,0.0,0.0,0,0,3,0.0,0.0,0,0,3,26198.0,0.0,26198,26198,3,0.0,0.0,0,0,3,0.0,0.0,0,0,3,0.0,0.0,0,0,3,7.666667302449544,0.9277986565598474,6.5971081256866455,8.254764080047607,3,0.0008676052093505334,0.00023358658002090954,0.0006930828094482,0.0011329650878906,3,0.006360212961832634,0.0005018480217063596,0.0058465003967285,0.0068492889404296,3,0.008927265803019167,0.007075093691650437,0.0010378360748291,0.0147089958190917,3,0.0,0.0,0.0,0.0,3,0.0010796387990315334,0.0002845519831879787,0.0008020401000975999,0.0013706684112548004,3,7.6804854075113935,0.9277647841266091,6.610980272293091,8.268778324127197,3,0.0,0.0,0.0,0.0,3,0.0013355414072669565,0.0004446929199066025,0.0010509490966787993,0.001847982406616211,3,13.473036078409455,1.747891101834125,12.3837444282688,15.489145827458653,3,,,,,0,13.473036078409455,1.747891101834125,12.3837444282688,15.489145827458653,3,0.29299173752618424,0.035391957889929396,0.25219273183387086,0.31543367376696413,3,,,,,0,1.0796387990315333,0.28455198318797875,0.8020401000975999,1.3706684112548004,3,1.3355414072669565,0.44469291990660254,1.0509490966787993,1.847982406616211,3,14127502.278954273,1832796.6599968194,12985297.197616385,16241546.575173285,3,,,,,0,4096.0,0.0,4096.0,4096.0,3,,,,,0,0.9993896391241321,0.0,0.9993896391241321,0.9993896391241321,3,,,,,0,1.0,0.0,1.0,1.0,3,0.0,0.0,,0.0,-0.0,0.0,0.0,,,,0.0,,,0.0,0.0,0.0,0.0,,0.0,,,,0.0,,,,0.0,,,,0.12101720603728434,0.26923141712780446,0.07890427957647458,0.7925263846470962,,0.26356220565917965,0.12079507152233761,,0.33296827600172973,0.12973253331037396,,0.12973253331037396,0.12079507152233762,,0.2635622056591797,0.33296827600172973,0.12973253331037396,,0.0,,0.0,,0.0
small_strided_read_heavy_freq_10gb,1.0,0.0,1,1,3,2621440.0,0.0,2621440,2621440,3,0.0,0.0,0,0,3,2621440.0,0.0,2621440,2621440,3,-1.0,0.0,-1,-1,3,1.0,0.0,1,1,3,10737418240.0,0.0,10737418240,10737418240,3,0.0,0.0,0,0,3,0.0,0.0,0,0,3,0.0,0.0,0,0,3,2621424.0,0.0,2621424,2621424,3,0.0,0.0,0,0,3,0.0,0.0,0,0,3,8.0,0.0,8,8,3,2293760.0,0.0,2293760,2293760,3,524288.0,0.0,524288,524288,3,4096.0,0.0,4096,4096,3,0.0,0.0,0,0,3,2621440.0,0.0,2621440,2621440,3,0.0,0.0,0,0,3,0.0,0.0,0,0,3,0.0,0.0,0,0,3,61440.0,0.0,61440,61440,3,0.0,0.0,0,0,3,0.0,0.0,0,0,3,0.0,0.0,0,0,3,2621424.0,0.0,2621424,2621424,3,0.0,0.0,0,0,3,0.0,0.0,0,0,3,0.0,0.0,0,0,3,1260.8251087665558,86.16522983771753,1174.1649763584137,1346.486757993698,3,0.00026742617289220004,4.174595169885495e-05,0.0002264976501464,0.000309944152832,3,0.4065670172373454,0.011926442324112578,0.3932273387908935,0.4161999225616455,3,0.12305831909179683,0.011500353399066484,0.1138863563537597,0.1359608173370361,3,0.0,0.0,0.0,0.0,3,0.0011873245239257665,0.00020631556942937927,0.0009534358978270999,0.0013434886932372995,3,1262.2568074862163,86.21604118186696,1175.5484309196472,1347.9719309806824,3,0.0,0.0,0.0,0.0,3,0.0017952919006347656,3.915512546391408e-05,0.0017573833465576172,0.0018355846405029297,3,8.137833467185038,0.5577937219010827,7.596597350918243,8.710827840575748,3,,,,,0,8.137833467185038,0.5577937219010827,7.596597350918243,8.710827840575748,3,0.4815127592034211,0.03288880965494803,0.44843613850389374,0.514210483925126,3,,,,,0,1.1873245239257664,0.20631556942937931,0.9534358978270998,1.3434886932372996,3,1.7952919006347656,0.03915512546391408,1.7573833465576172,1.8355846405029297,3,8533136.865687018,584889.1097361497,7965609.6638364475,9133965.013759555,3,,,,,0,4096.0,0.0,4096.0,4096.0,3,,,,,0,0.999993896484375,0.0,0.999993896484375,0.999993896484375,3,,,,,0,1.0,0.0,1.0,1.0,3,0.0,0.0,,0.0,-0.0,0.0,0.0,,,,0.0,,,0.0,0.0,0.0,0.0,,0.0,,,,0.0,,,,0.0,,,,0.0683403504884286,0.15610271518069704,0.029334505305309032,0.09345449770435803,,0.17376510404014736,0.06830309067896108,,0.02180989367248296,0.068543270656782,,0.068543270656782,0.06830309067896109,,0.17376510404014744,0.02180989367248296,0.068543270656782,,0.0,,0.0,,0.0
small_strided_read_heavy_freq_1gb,1.0,0.0,1,1,3,262144.0,0.0,262144,262144,3,0.0,0.0,0,0,3,262144.0,0.0,262144,262144,3,-1.0,0.0,-1,-1,3,1.0,0.0,1,1,3,1073741824.0,0.0,1073741824,1073741824,3,0.0,0.0,0,0,3,0.0,0.0,0,0,3,0.0,0.0,0,0,3,262128.0,0.0,262128,262128,3,0.0,0.0,0,0,3,0.0,0.0,0,0,3,8.0,0.0,8,8,3,229376.0,0.0,229376,229376,3,524288.0,0.0,524288,524288,3,4096.0,0.0,4096,4096,3,0.0,0.0,0,0,3,262144.0,0.0,262144,262144,3,0.0,0.0,0,0,3,0.0,0.0,0,0,3,0.0,0.0,0,0,3,61440.0,0.0,61440,61440,3,0.0,0.0,0,0,3,0.0,0.0,0,0,3,0.0,0.0,0,0,3,262128.0,0.0,262128,262128,3,0.0,0.0,0,0,3,0.0,0.0,0,0,3,0.0,0.0,0,0,3,189.37810635566711,52.081912155621424,130.01090216636658,227.37897205352783,3,0.0003631114959716333,6.20603149229239e-05,0.0003235340118408,0.0004346370697021,3,0.0470665295918782,0.003902942887563606,0.0426316261291503,0.0499780178070068,3,0.10733310381571447,0.0024806745031156,0.1044692993164062,0.1088171005249023,3,0.0,0.0,0.0,0.0,3,0.001562754313151067,0.000263756509038314,0.0013718605041504002,0.0018637180328369002,3,189.53026596705118,52.09364558723941,130.14947772026062,227.538676738739,3,0.0,0.0,0.0,0.0,3,0.0033937295277913413,0.0013300062493286885,0.0018820762634277344,0.004384279251098633,3,5.741177005957659,1.850308509084475,4.500333809956017,7.867876367517623,3,,,,,0,5.741177005957659,1.850308509084475,4.500333809956017,7.867876367517623,3,0.7230005873376891,0.19872148737808001,0.49648085678200005,0.8679911679791985,3,,,,,0,1.5627543131510668,0.2637565090383141,1.3718605041504002,1.8637180328369003,3,3.3937295277913413,1.3300062493286886,1.8820762634277344,4.384279251098633,3,6020060.420199058,1940189.0952217625,4718942.025108441,8250066.329946159,3,,,,,0,4096.0,0.0,4096.0,4096.0,3,,,,,0,0.99993896484375,0.0,0.99993896484375,0.99993896484375,3,,,,,0,1.0,0.0,1.0,1.0,3,0.0,0.0,,0.0,-0.0,0.0,0.0,,,,0.0,,,0.0,0.0,0.0,0.0,,0.0,,,,0.0,,,,0.0,,,,0.27501548704794554,0.1709125588460359,0.08292395724534357,0.023111923674310145,,0.16877669561921566,0.2748566057322771,,0.39190107474306124,0.3222873127173047,,0.3222873127173047,0.2748566057322771,,0.1687766956192157,0.3919010747430613,0.3222873127173047,,0.0,,0.0,,0.0
small_strided_write_heavy_freq_102mb,1.0,0.0,1,1,3,0.0,0.0,0,0,3,26214.0,0.0,26214,26214,3,26214.0,0.0,26214,26214,3,-1.0,0.0,-1,-1,3,1.0,0.0,1,1,3,0.0,0.0,0,0,3,107372544.0,0.0,107372544,107372544,3,0.0,0.0,0,0,3,0.0,0.0,0,0,3,0.0,0.0,0,0,3,26198.0,0.0,26198,26198,3,0.0,0.0,0,0,3,8.0,0.0,8,8,3,25804.0,0.0,25804,25804,3,524288.0,0.0,524288,524288,3,0.0,0.0,0,0,3,4096.0,0.0,4096,4096,3,0.0,0.0,0,0,3,0.0,0.0,0,0,3,26214.0,0.0,26214,26214,3,0.0,0.0,0,0,3,61440.0,0.0,61440,61440,3,0.0,0.0,0,0,3,0.0,0.0,0,0,3,0.0,0.0,0,0,3,26198.0,0.0,26198,26198,3,0.0,0.0,0,0,3,0.0,0.0,0,0,3,0.0,0.0,0,0,3,0.0,0.0,0.0,0.0,3,9.34645668665568,0.7934830118084532,8.478663206100464,10.03494358062744,3,0.007734855016072534,0.0005969967101865885,0.0070905685424804,0.0082693099975585,3,0.0,0.0,0.0,0.0,3,0.03650665283203117,0.0224986045316551,0.0159752368927001,0.0605576038360595,3,0.0020929972330728666,0.0006868822436945115,0.00132417678833,0.0026462078094481997,3,0.0,0.0,0.0,0.0,3,9.317485491434732,0.790143192560691,8.4503812789917,9.996850490570068,3,0.0016934871673578062,0.0004219219435652082,0.0012156963348388672,0.0020148754119873047,3,,,,,0,11.044513162652832,0.9663456829256971,10.24306981449722,12.117611515893422,3,11.044513162652832,0.9663456829256971,10.24306981449722,12.117611515893422,3,,,,,0,0.3554392878398845,0.030142030692022977,0.32236138242891965,0.38135540133402257,3,2.092997233072867,0.6868822436945115,1.32417678833,2.6462078094481996,3,1.6934871673578062,0.42192194356520824,1.2156963348388672,2.0148754119873047,3,,,,,0,11581011.434041856,1013286.8908194958,10740637.173806237,12706236.612889461,3,,,,,0,4096.0,0.0,4096.0,4096.0,3,,,,,0,0.9993896391241321,0.0,0.9993896391241321,0.9993896391241321,3,1.0,0.0,1.0,1.0,3,0.0,,0.0,0.0,-0.0,0.0,,0.0,,,,0.0,,0.0,0.0,0.0,,0.0,,,0.0,,0.0,,,,0.0,,,,,0.08489666602118227,0.07718266327501518,,0.6162877937665839,0.32818115229232986,,0.08480219188825616,0.24914386816611936,,0.08749554359656231,0.08749554359656231,,0.0848021918882561,0.32818115229232986,0.2491438681661194,,0.08749554359656231,,0.0,,0.0,0.0
small_strided_write_heavy_freq_10gb,1.0,0.0,1,1,3,0.0,0.0,0,0,3,2621440.0,0.0,2621440,2621440,3,2621440.0,0.0,2621440,2621440,3,-1.0,0.0,-1,-1,3,1.0,0.0,1,1,3,0.0,0.0,0,0,3,10737418240.0,0.0,10737418240,10737418240,3,0.0,0.0,0,0,3,0.0,0.0,0,0,3,0.0,0.0,0,0,3,2621424.0,0.0,2621424,2621424,3,0.0,0.0,0,0,3,8.0,0.0,8,8,3,2293760.0,0.0,2293760,2293760,3,524288.0,0.0,524288,524288,3,0.0,0.0,0,0,3,4096.0,0.0,4096,4096,3,0.0,0.0,0,0,3,0.0,0.0,0,0,3,2621440.0,0.0,2621440,2621440,3,0.0,0.0,0,0,3,61440.0,0.0,61440,61440,3,0.0,0.0,0,0,3,0.0,0.0,0,0,3,0.0,0.0,0,0,3,2621424.0,0.0,2621424,2621424,3,0.0,0.0,0,0,3,0.0,0.0,0,0,3,0.0,0.0,0,0,3,0.0,0.0,0.0,0.0,3,909.9325723648071,7.114293650635212,903.774739742279,917.7204160690308,3,0.40080761909484863,0.004599290244657098,0.3958110809326172,0.4048645496368408,3,0.0,0.0,0.0,0.0,3,0.21783018112182614,0.00635249733060009,0.2105138301849365,0.2219438552856445,3,0.0015729268391927338,0.0010601249434219516,0.0005459785461425998,0.0026633739471436015,3,0.0,0.0,0.0,0.0,3,911.3140230178833,7.126022312629792,905.1613798141478,919.1220388412476,3,0.0016163190205891926,0.0001883784909368981,0.0013988018035888672,0.0017261505125816257,3,,,,,0,11.236978807246352,0.08764348216695307,11.14106676509437,11.3128998081011,3,11.236978807246352,0.08764348216695307,11.14106676509437,11.3128998081011,3,,,,,0,0.3476387111732038,0.0027183617830771637,0.34529166405263817,0.3506172328343382,3,1.5729268391927338,1.0601249434219515,0.5459785461425998,2.6633739471436013,3,1.6163190205891926,0.1883784909368981,1.3988018035888672,1.7261505125816257,3,,,,,0,11782826.28978715,91900.85195669498,11682255.224275595,11862435.22917942,3,,,,,0,4096.0,0.0,4096.0,4096.0,3,,,,,0,0.999993896484375,0.0,0.999993896484375,0.999993896484375,3,1.0,0.0,1.0,1.0,3,0.0,,0.0,0.0,-0.0,0.0,,0.0,,,,0.0,,0.0,0.0,0.0,,0.0,,,0.0,,0.0,,,,0.0,,,,,0.007818484431374959,0.01147505692392715,,0.029162613270046916,0.673982360149716,,0.007819502534407894,0.11654784020807289,,0.0077995592650254636,0.0077995592650254636,,0.007819502534407902,0.673982360149716,0.11654784020807289,,0.0077995592650254636,,0.0,,0.0,0.0
small_strided_write_heavy_freq_1gb,1.0,0.0,1,1,3,0.0,0.0,0,0,3,262144.0,0.0,262144,262144,3,262144.0,0.0,262144,262144,3,-1.0,0.0,-1,-1,3,1.0,0.0,1,1,3,0.0,0.0,0,0,3,1073741824.0,0.0,1073741824,1073741824,3,0.0,0.0,0,0,3,0.0,0.0,0,0,3,0.0,0.0,0,0,3,262128.0,0.0,262128,262128,3,0.0,0.0,0,0,3,8.0,0.0,8,8,3,229376.0,0.0,229376,229376,3,524288.0,0.0,524288,524288,3,0.0,0.0,0,0,3,4096.0,0.0,4096,4096,3,0.0,0.0,0,0,3,0.0,0.0,0,0,3,262144.0,0.0,262144,262144,3,0.0,0.0,0,0,3,61440.0,0.0,61440,61440,3,0.0,0.0,0,0,3,0.0,0.0,0,0,3,0.0,0.0,0,0,3,262128.0,0.0,262128,262128,3,0.0,0.0,0,0,3,0.0,0.0,0,0,3,0.0,0.0,0,0,3,0.0,0.0,0.0,0.0,3,91.80802925427754,0.4231486524804979,91.32371997833252,92.1062033176422,3,0.04378771781921383,0.001403628857233,0.0426771640777587,0.0453653335571289,3,0.0,0.0,0.0,0.0,3,0.09991526603698726,0.014336103356539594,0.0878016948699951,0.1157429218292236,3,0.0017646153767903662,9.316961651757552e-05,0.0016820430755615998,0.0018656253814696997,3,0.0,0.0,0.0,0.0,3,91.92378703753154,0.42066189689491257,91.44328045845032,92.2256155014038,3,0.002631823221847185,0.0012273859156194838,0.0018997192382954609,0.004048824310302734,3,,,,,0,11.139818795752047,0.05110027756225064,11.103205919882566,11.198198433675852,3,11.139818795752047,0.05110027756225064,11.103205919882566,11.198198433675852,3,,,,,0,0.3506614190579664,0.0016046977878376486,0.3488284319246304,0.35181280327378767,3,1.7646153767903663,0.09316961651757552,1.6820430755615998,1.8656253814696997,3,2.631823221847185,1.2273859156194837,1.8997192382954609,4.048824310302734,3,,,,,0,11680946.633574499,53582.52464511453,11642555.250646781,11742162.12079009,3,,,,,0,4096.0,0.0,4096.0,4096.0,3,,,,,0,0.99993896484375,0.0,0.99993896484375,0.99993896484375,3,1.0,0.0,1.0,1.0,3,0.0,,0.0,0.0,-0.0,0.0,,0.0,,,,0.0,,0.0,0.0,0.0,,0.0,,,0.0,,0.0,,,,0.0,,,,,0.004609059315591206,0.03205530973384264,,0.14348261206883606,0.05279882389273996,,0.004576202857299173,0.466363358082244,,0.004587173139812358,0.004587173139812358,,0.004576202857299173,0.05279882389273996,0.466363358082244,,0.004587173139812358,,0.0,,0.0,0.0
