run_id,mode,host,target_id,media,device,mount,workload,rw,block_size,jobs,repetition,session,attempt,completion_reason,io_bytes,gib,fio_runtime_ms,seconds,bw_bytes_s,bw_mib_s,iops,total_ios,clat_mean_ns,clat_p50_ns,clat_p95_ns,clat_p99_ns,clat_p99_9_ns,command_wall_seconds,preparation_generation,artifact
a711ca58c8ef48d0b95e7903975f6576,full,colva1,104,nvme,/dev/nvme1n1p1,/mnt/nvme0,rand_read_128k,randread,128k,1,1,1,1,byte_limit,10737418240,10.0,1905,1.905,5636440020,5375.32808303833,43002.624672,81920,734953.985937,452608,2441216,3293184,4079616,2.2161051742732525,1,raw/104__rand_read_128k__r1/attempt-1
a711ca58c8ef48d0b95e7903975f6576,full,colva1,104,nvme,/dev/nvme1n1p1,/mnt/nvme0,rand_read_4k,randread,4k,1,1,1,1,byte_limit,10737418240,10.0,6308,6.308,1702190589,1623.335446357727,415573.874445,2621440,74979.640257,72192,94720,112128,160768,6.618249028921127,1,raw/104__rand_read_4k__r1/attempt-1
a711ca58c8ef48d0b95e7903975f6576,full,colva1,104,nvme,/dev/nvme1n1p1,/mnt/nvme0,rand_write_4k,randwrite,4k,1,1,1,1,byte_limit,10737418240,10.0,8758,8.758,1226012587,1169.216715812683,299319.479333,2621440,104108.726641,107008,119296,130560,220160,9.067238938063383,1,raw/104__rand_write_4k__r1/attempt-1
a711ca58c8ef48d0b95e7903975f6576,full,colva1,104,nvme,/dev/nvme1n1p1,/mnt/nvme0,seq_read,read,1m,1,1,1,1,byte_limit,10737418240,10.0,4628,4.628,2320099014,2212.6188411712646,2212.618842,10240,14278874.188281,14221312,14483456,14483456,23199744,4.97014501132071,1,raw/104__seq_read__r1/attempt-1
a711ca58c8ef48d0b95e7903975f6576,full,colva1,104,nvme,/dev/nvme1n1p1,/mnt/nvme0,seq_write,write,1m,1,1,1,1,byte_limit,10737418240,10.0,2185,2.185,4914150224,4686.49885559082,4686.498856,10240,6746211.571191,6586368,6651904,10944512,12386304,2.517428508028388,1,raw/104__seq_write__r1/attempt-1
a711ca58c8ef48d0b95e7903975f6576,full,colva1,104,nvme,/dev/nvme1n1p1,/mnt/nvme0,rand_read_4k,randread,4k,1,2,1,1,byte_limit,10737418240,10.0,6310,6.31,1701651068,1622.8209190368652,415442.155309,2621440,75004.577439,72192,94720,111104,138240,6.618613930419087,1,raw/104__rand_read_4k__r2/attempt-1
a711ca58c8ef48d0b95e7903975f6576,full,colva1,104,nvme,/dev/nvme1n1p1,/mnt/nvme0,rand_write_4k,randwrite,4k,1,2,1,1,byte_limit,10737418240,10.0,8742,8.742,1228256490,1171.35666847229,299867.307252,2621440,103905.378859,107008,119296,130560,216064,9.034964516758919,1,raw/104__rand_write_4k__r2/attempt-1
a711ca58c8ef48d0b95e7903975f6576,full,colva1,104,nvme,/dev/nvme1n1p1,/mnt/nvme0,seq_read,read,1m,1,2,1,1,byte_limit,10737418240,10.0,4629,4.629,2319597805,2212.140851020813,2212.140851,10240,14282268.978417998,14221312,14483456,14614528,23199744,4.970658311620355,1,raw/104__seq_read__r2/attempt-1
a711ca58c8ef48d0b95e7903975f6576,full,colva1,104,nvme,/dev/nvme1n1p1,/mnt/nvme0,seq_write,write,1m,1,2,1,1,byte_limit,10737418240,10.0,2188,2.188,4907412358,4680.073125839233,4680.073126,10240,6751933.789647999,6586368,6651904,10813440,11468800,2.5668035820126534,1,raw/104__seq_write__r2/attempt-1
a711ca58c8ef48d0b95e7903975f6576,full,colva1,104,nvme,/dev/nvme1n1p1,/mnt/nvme0,rand_read_128k,randread,128k,1,2,1,1,byte_limit,10737418240,10.0,1906,1.906,5633482812,5372.507869720459,42980.062959,81920,734627.2698,448512,2375680,3391488,4145152,2.216220434755087,1,raw/104__rand_read_128k__r2/attempt-1
a711ca58c8ef48d0b95e7903975f6576,full,colva1,104,nvme,/dev/nvme1n1p1,/mnt/nvme0,rand_write_4k,randwrite,4k,1,3,1,1,byte_limit,10737418240,10.0,8740,8.74,1228537556,1171.624713897705,299935.926773,2621440,103877.673511,107008,119296,132096,222208,9.067124938592315,1,raw/104__rand_write_4k__r3/attempt-1
a711ca58c8ef48d0b95e7903975f6576,full,colva1,104,nvme,/dev/nvme1n1p1,/mnt/nvme0,seq_read,read,1m,1,3,1,1,byte_limit,10737418240,10.0,4622,4.622,2323110826,2215.491128921509,2215.491129,10240,14257690.251073997,14221312,14352384,14483456,23199744,4.920020464807749,1,raw/104__seq_read__r3/attempt-1
a711ca58c8ef48d0b95e7903975f6576,full,colva1,104,nvme,/dev/nvme1n1p1,/mnt/nvme0,seq_write,write,1m,1,3,1,1,byte_limit,10737418240,10.0,2197,2.197,4887309167,4660.901228904724,4660.901229,10240,6779115.370508,6586368,7176192,10813440,12255232,2.516935972496867,1,raw/104__seq_write__r3/attempt-1
a711ca58c8ef48d0b95e7903975f6576,full,colva1,104,nvme,/dev/nvme1n1p1,/mnt/nvme0,rand_read_128k,randread,128k,1,3,1,1,byte_limit,10737418240,10.0,1895,1.895,5666183767,5403.6939306259155,43229.551451,81920,729932.71886,436224,2441216,3391488,4227072,2.216501533985138,1,raw/104__rand_read_128k__r3/attempt-1
a711ca58c8ef48d0b95e7903975f6576,full,colva1,104,nvme,/dev/nvme1n1p1,/mnt/nvme0,rand_read_4k,randread,4k,1,3,1,1,byte_limit,10737418240,10.0,6298,6.298,1704893337,1625.9129877090454,416233.724992,2621440,74856.610381,72192,94720,112128,168960,6.618344683200121,1,raw/104__rand_read_4k__r3/attempt-1
a711ca58c8ef48d0b95e7903975f6576,full,colva1,104,nvme,/dev/nvme1n1p1,/mnt/nvme0,seq_read,read,1m,1,4,1,1,byte_limit,10737418240,10.0,1566,1.566,6856588914,6538.952745437622,6538.952746,10240,4810384.762305,4816896,4947968,5406720,7962624,1.8670490700751543,1,raw/104__seq_read__r4/attempt-1
a711ca58c8ef48d0b95e7903975f6576,full,colva1,104,nvme,/dev/nvme1n1p1,/mnt/nvme0,seq_write,write,1m,1,4,1,1,byte_limit,10737418240,10.0,2087,2.087,5144905721,4906.56444644928,4906.564447,10240,6436927.438574,6258688,6389760,10551296,11862016,2.4173043072223663,1,raw/104__seq_write__r4/attempt-1
a711ca58c8ef48d0b95e7903975f6576,full,colva1,104,nvme,/dev/nvme1n1p1,/mnt/nvme0,rand_read_128k,randread,128k,1,4,1,1,byte_limit,10737418240,10.0,1897,1.897,5660209931,5397.9968366622925,43183.974697,81920,731691.999231,440320,2473984,3391488,4046848,2.2165534645318985,1,raw/104__rand_read_128k__r4/attempt-1
a711ca58c8ef48d0b95e7903975f6576,full,colva1,104,nvme,/dev/nvme1n1p1,/mnt/nvme0,rand_read_4k,randread,4k,1,4,1,1,byte_limit,10737418240,10.0,6309,6.309,1701920786,1623.0781421661377,415508.004438,2621440,74987.535461,72192,94720,111104,138240,6.618128187954426,1,raw/104__rand_read_4k__r4/attempt-1
a711ca58c8ef48d0b95e7903975f6576,full,colva1,104,nvme,/dev/nvme1n1p1,/mnt/nvme0,rand_write_4k,randwrite,4k,1,4,1,1,byte_limit,10737418240,10.0,8773,8.773,1223916361,1167.2175989151,298807.70546,2621440,104280.693519,107008,120320,134144,220160,9.117204928770661,1,raw/104__rand_write_4k__r4/attempt-1
a711ca58c8ef48d0b95e7903975f6576,full,colva1,104,nvme,/dev/nvme1n1p1,/mnt/nvme0,seq_write,write,1m,1,5,1,1,byte_limit,10737418240,10.0,2193,2.193,4896223547,4669.40264415741,4669.402645,10240,6766355.759766,6586368,6717440,10813440,12255232,2.516866944730282,1,raw/104__seq_write__r5/attempt-1
a711ca58c8ef48d0b95e7903975f6576,full,colva1,104,nvme,/dev/nvme1n1p1,/mnt/nvme0,rand_read_128k,randread,128k,1,5,1,1,byte_limit,10737418240,10.0,1913,1.913,5612868917,5352.848927497864,42822.791427,81920,737336.636047,407552,2572288,3391488,4145152,2.216096695512533,1,raw/104__rand_read_128k__r5/attempt-1
a711ca58c8ef48d0b95e7903975f6576,full,colva1,104,nvme,/dev/nvme1n1p1,/mnt/nvme0,rand_read_4k,randread,4k,1,5,1,1,byte_limit,10737418240,10.0,6293,6.293,1706247932,1627.2048301696777,416564.436676,2621440,74801.203657,72192,94720,111104,138240,6.6183912586420774,1,raw/104__rand_read_4k__r5/attempt-1
a711ca58c8ef48d0b95e7903975f6576,full,colva1,104,nvme,/dev/nvme1n1p1,/mnt/nvme0,rand_write_4k,randwrite,4k,1,5,1,1,byte_limit,10737418240,10.0,8748,8.748,1227414064,1170.5532684326172,299661.636946,2621440,103983.131046,107008,119296,132096,152576,9.067860459908843,1,raw/104__rand_write_4k__r5/attempt-1
a711ca58c8ef48d0b95e7903975f6576,full,colva1,104,nvme,/dev/nvme1n1p1,/mnt/nvme0,seq_read,read,1m,1,5,1,1,byte_limit,10737418240,10.0,4627,4.627,2320600440,2213.097038269043,2213.097039,10240,14274535.750488002,14221312,14352384,14483456,23199744,4.96981537155807,1,raw/104__seq_read__r5/attempt-1
a711ca58c8ef48d0b95e7903975f6576,full,colva1,103,hdd,/dev/sdd1,/mnt/hdd4,rand_read_128k,randread,128k,1,1,1,1,time_limit,2539782144,2.3653564453125,60146,60.146,42226950,40.2707576751709,322.166063,19377,99216215.181504,55312384,346030080,566231040,893386752,60.44522160664201,1,raw/103__rand_read_128k__r1/attempt-1
a711ca58c8ef48d0b95e7903975f6576,full,colva1,103,hdd,/dev/sdd1,/mnt/hdd4,rand_read_4k,randread,4k,1,1,1,1,time_limit,107450368,0.10007095336914062,60105,60.105,1787710,1.7048931121826172,436.452874,26233,73257676.738497,43253760,242221056,404750336,641728512,60.39603625796735,1,raw/103__rand_read_4k__r1/attempt-1
a711ca58c8ef48d0b95e7903975f6576,full,colva1,103,hdd,/dev/sdd1,/mnt/hdd4,rand_write_4k,randwrite,4k,1,1,1,1,time_limit,112177152,0.10447311401367188,60067,60.067,1867533,1.7810182571411133,455.940866,27387,70119250.851133,68681728,81264640,95944704,641728512,60.39421742036939,1,raw/103__rand_write_4k__r1/attempt-1
a711ca58c8ef48d0b95e7903975f6576,full,colva1,103,hdd,/dev/sdd1,/mnt/hdd4,seq_read,read,1m,1,1,1,1,time_limit,10346299392,9.6357421875,60197,60.197,171874003,163.91182231903076,163.911823,9867,195057093.496098,189792256,200278016,1619001344,1853882368,60.5464121773839,1,raw/103__seq_read__r1/attempt-1
a711ca58c8ef48d0b95e7903975f6576,full,colva1,103,hdd,/dev/sdd1,/mnt/hdd4,seq_write,write,1m,1,1,1,1,time_limit,10504634368,9.783203125,60189,60.189,174527477,166.44237232208252,166.442373,10018,192053173.836994,191889408,198180864,261095424,725614592,60.548629039898515,1,raw/103__seq_write__r1/attempt-1
a711ca58c8ef48d0b95e7903975f6576,full,colva1,103,hdd,/dev/sdd1,/mnt/hdd4,rand_read_4k,randread,4k,1,2,1,1,time_limit,107474944,0.10009384155273438,60120,60.12,1787673,1.7048578262329102,436.443779,26239,73255015.33294,44302336,238026752,392167424,599785472,60.44446776248515,1,raw/103__rand_read_4k__r2/attempt-1
a711ca58c8ef48d0b95e7903975f6576,full,colva1,103,hdd,/dev/sdd1,/mnt/hdd4,rand_write_4k,randwrite,4k,1,2,1,1,time_limit,112627712,0.10489273071289062,60073,60.073,1874847,1.7879934310913086,457.726433,27497,69853689.517875,67633152,82313216,94896128,641728512,60.39385876990855,1,raw/103__rand_write_4k__r2/attempt-1
a711ca58c8ef48d0b95e7903975f6576,full,colva1,103,hdd,/dev/sdd1,/mnt/hdd4,seq_read,read,1m,1,2,1,1,time_limit,10359930880,9.6484375,60192,60.192,172114747,164.14141368865967,164.141414,9880,194783567.406882,189792256,200278016,1837105152,1853882368,60.54707275144756,1,raw/103__seq_read__r2/attempt-1
a711ca58c8ef48d0b95e7903975f6576,full,colva1,103,hdd,/dev/sdd1,/mnt/hdd4,seq_write,write,1m,1,2,1,1,time_limit,10510925824,9.7890625,60188,60.188,174634907,166.54482555389404,166.544826,10024,191934302.192737,191889408,198180864,252706816,750780416,60.498414328321815,1,raw/103__seq_write__r2/attempt-1
a711ca58c8ef48d0b95e7903975f6576,full,colva1,103,hdd,/dev/sdd1,/mnt/hdd4,rand_read_128k,randread,128k,1,2,1,1,time_limit,2547646464,2.3726806640625,60158,60.158,42349254,40.38739585876465,323.099172,19437,98927274.693831,54788096,341835776,566231040,851443712,60.49670506641269,1,raw/103__rand_read_128k__r2/attempt-1
a711ca58c8ef48d0b95e7903975f6576,full,colva1,103,hdd,/dev/sdd1,/mnt/hdd4,rand_write_4k,randwrite,4k,1,3,1,1,time_limit,113479680,0.10568618774414062,60065,60.065,1889281,1.8017587661743164,461.250312,27705,69319953.205594,67633152,80216064,94896128,608174080,60.3939950093627,1,raw/103__rand_write_4k__r3/attempt-1
a711ca58c8ef48d0b95e7903975f6576,full,colva1,103,hdd,/dev/sdd1,/mnt/hdd4,seq_read,read,1m,1,3,1,1,time_limit,10107224064,9.4130859375,60195,60.195,167908033,160.12957859039307,160.129579,9639,199666156.380434,191889408,200278016,1199570944,1870659584,60.49717251770198,1,raw/103__seq_read__r3/attempt-1
a711ca58c8ef48d0b95e7903975f6576,full,colva1,103,hdd,/dev/sdd1,/mnt/hdd4,seq_write,write,1m,1,3,1,1,time_limit,10503585792,9.7822265625,60190,60.19,174507157,166.42299365997314,166.422994,10017,192077840.300689,191889408,198180864,238026752,734003200,60.4993642270565,1,raw/103__seq_write__r3/attempt-1
a711ca58c8ef48d0b95e7903975f6576,full,colva1,103,hdd,/dev/sdd1,/mnt/hdd4,rand_read_128k,randread,128k,1,3,1,1,time_limit,2560491520,2.3846435546875,60172,60.172,42552873,40.58158206939697,324.652662,19535,98453376.350908,55312384,341835776,557842432,826277888,60.49573799595237,1,raw/103__rand_read_128k__r3/attempt-1
a711ca58c8ef48d0b95e7903975f6576,full,colva1,103,hdd,/dev/sdd1,/mnt/hdd4,rand_read_4k,randread,4k,1,3,1,1,time_limit,109019136,0.101531982421875,60099,60.099,1813992,1.7299575805664062,442.869266,26616,72198795.486511,43778048,238026752,392167424,616562688,60.394861433655024,1,raw/103__rand_read_4k__r3/attempt-1
a711ca58c8ef48d0b95e7903975f6576,full,colva1,103,hdd,/dev/sdd1,/mnt/hdd4,seq_read,read,1m,1,4,1,1,time_limit,10409213952,9.6943359375,60190,60.19,172939258,164.9277286529541,164.927729,9927,193854957.770122,191889408,198180864,206569472,362807296,60.496852312237024,1,raw/103__seq_read__r4/attempt-1
a711ca58c8ef48d0b95e7903975f6576,full,colva1,103,hdd,/dev/sdd1,/mnt/hdd4,seq_write,write,1m,1,4,1,1,time_limit,10499391488,9.7783203125,60186,60.186,174449066,166.3675937652588,166.367594,10013,192142949.863378,191889408,200278016,248512512,742391808,60.499455163255334,1,raw/103__seq_write__r4/attempt-1
a711ca58c8ef48d0b95e7903975f6576,full,colva1,103,hdd,/dev/sdd1,/mnt/hdd4,rand_read_128k,randread,128k,1,4,1,1,time_limit,2572943360,2.396240234375,60136,60.136,42785409,40.803345680236816,326.426766,19630,97920182.70973,54263808,341835776,549453824,884998144,60.44479677453637,1,raw/103__rand_read_128k__r4/attempt-1
a711ca58c8ef48d0b95e7903975f6576,full,colva1,103,hdd,/dev/sdd1,/mnt/hdd4,rand_read_4k,randread,4k,1,4,1,1,time_limit,109559808,0.1020355224609375,60114,60.114,1822533,1.738102912902832,444.954586,26748,71860327.717848,42729472,238026752,392167424,650117120,60.445777870714664,1,raw/103__rand_read_4k__r4/attempt-1
a711ca58c8ef48d0b95e7903975f6576,full,colva1,103,hdd,/dev/sdd1,/mnt/hdd4,rand_write_4k,randwrite,4k,1,4,1,1,time_limit,112893952,0.10514068603515625,60062,60.062,1879623,1.7925481796264648,458.892478,27562,69671758.697373,67633152,81264640,92798976,692060160,60.39535868912935,1,raw/103__rand_write_4k__r4/attempt-1
a711ca58c8ef48d0b95e7903975f6576,full,colva1,103,hdd,/dev/sdd1,/mnt/hdd4,seq_write,write,1m,1,5,1,1,time_limit,10380902400,9.66796875,60186,60.186,172480350,164.49007987976074,164.490081,9900,194332410.995353,191889408,200278016,329252864,884998144,60.49861258454621,1,raw/103__seq_write__r5/attempt-1
a711ca58c8ef48d0b95e7903975f6576,full,colva1,103,hdd,/dev/sdd1,/mnt/hdd4,rand_read_128k,randread,128k,1,5,1,1,time_limit,2600075264,2.4215087890625,60124,60.124,43245214,41.24184989929199,329.934801,19837,96876462.269446,54263808,333447168,557842432,876609536,60.44527074880898,1,raw/103__rand_read_128k__r5/attempt-1
a711ca58c8ef48d0b95e7903975f6576,full,colva1,103,hdd,/dev/sdd1,/mnt/hdd4,rand_read_4k,randread,4k,1,5,1,1,time_limit,110686208,0.10308456420898438,60124,60.124,1840965,1.755681037902832,449.454461,27023,71139150.011212,42205184,235929600,392167424,633339904,60.445261189714074,1,raw/103__rand_read_4k__r5/attempt-1
a711ca58c8ef48d0b95e7903975f6576,full,colva1,103,hdd,/dev/sdd1,/mnt/hdd4,rand_write_4k,randwrite,4k,1,5,1,1,time_limit,112381952,0.10466384887695312,60065,60.065,1871005,1.7843294143676758,456.788479,27437,69998522.867697,67633152,81264640,114819072,683671552,60.393446896225214,1,raw/103__rand_write_4k__r5/attempt-1
a711ca58c8ef48d0b95e7903975f6576,full,colva1,103,hdd,/dev/sdd1,/mnt/hdd4,seq_read,read,1m,1,5,1,1,time_limit,10333716480,9.6240234375,60194,60.194,171673530,163.72063636779785,163.720637,9855,195282937.082294,189792256,206569472,1702887424,1870659584,60.496493857353926,1,raw/103__seq_read__r5/attempt-1
a711ca58c8ef48d0b95e7903975f6576,full,colva1,105,nvme,/dev/nvme0n1p1,/mnt/nvme1,rand_read_128k,randread,128k,1,1,1,1,byte_limit,10737418240,10.0,1919,1.919,5595319562,5336.112558364868,42688.900469,81920,739485.336963,428032,2408448,3293184,4112384,2.2158851716667414,1,raw/105__rand_read_128k__r1/attempt-1
a711ca58c8ef48d0b95e7903975f6576,full,colva1,105,nvme,/dev/nvme0n1p1,/mnt/nvme1,rand_read_4k,randread,4k,1,1,1,1,byte_limit,10737418240,10.0,6297,6.297,1705164084,1626.1711921691895,416299.825314,2621440,74843.664599,72192,94720,111104,138240,6.617975749075413,1,raw/105__rand_read_4k__r1/attempt-1
a711ca58c8ef48d0b95e7903975f6576,full,colva1,105,nvme,/dev/nvme0n1p1,/mnt/nvme1,rand_write_4k,randwrite,4k,1,1,1,1,byte_limit,10737418240,10.0,8879,8.879,1209304903,1153.2830266952515,295240.455006,2621440,105552.666259,108032,119296,136192,234496,9.21746550872922,1,raw/105__rand_write_4k__r1/attempt-1
a711ca58c8ef48d0b95e7903975f6576,full,colva1,105,nvme,/dev/nvme0n1p1,/mnt/nvme1,seq_read,read,1m,1,1,1,1,byte_limit,10737418240,10.0,4627,4.627,2320600440,2213.097038269043,2213.097039,10240,14271280.900586,14221312,14483456,14483456,23199744,4.969703717157245,1,raw/105__seq_read__r1/attempt-1
a711ca58c8ef48d0b95e7903975f6576,full,colva1,105,nvme,/dev/nvme0n1p1,/mnt/nvme1,seq_write,write,1m,1,1,1,1,byte_limit,10737418240,10.0,2189,2.189,4905170507,4677.935130119324,4677.93513,10240,6753053.483398,6586368,6651904,10813440,15007744,2.516671070829034,1,raw/105__seq_write__r1/attempt-1
a711ca58c8ef48d0b95e7903975f6576,full,colva1,105,nvme,/dev/nvme0n1p1,/mnt/nvme1,rand_read_4k,randread,4k,1,2,1,1,byte_limit,10737418240,10.0,6279,6.279,1710052275,1630.8329343795776,417493.231406,2621440,74640.157106,72192,94720,110080,138240,6.567675167694688,1,raw/105__rand_read_4k__r2/attempt-1
a711ca58c8ef48d0b95e7903975f6576,full,colva1,105,nvme,/dev/nvme0n1p1,/mnt/nvme1,rand_write_4k,randwrite,4k,1,2,1,1,byte_limit,10737418240,10.0,8872,8.872,1210259044,1154.1929664611816,295473.399459,2621440,105460.63714,108032,119296,142336,264192,9.217433655634522,1,raw/105__rand_write_4k__r2/attempt-1
a711ca58c8ef48d0b95e7903975f6576,full,colva1,105,nvme,/dev/nvme0n1p1,/mnt/nvme1,seq_read,read,1m,1,2,1,1,byte_limit,10737418240,10.0,4628,4.628,2320099014,2212.6188411712646,2212.618842,10240,14267832.665625,14221312,14483456,14483456,23199744,4.919960759580135,1,raw/105__seq_read__r2/attempt-1
a711ca58c8ef48d0b95e7903975f6576,full,colva1,105,nvme,/dev/nvme0n1p1,/mnt/nvme1,seq_write,write,1m,1,2,1,1,byte_limit,10737418240,10.0,2191,2.191,4900692943,4673.6649923324585,4673.664993,10240,6757468.639844,6586368,6717440,10813440,12124160,2.517008688300848,1,raw/105__seq_write__r2/attempt-1
a711ca58c8ef48d0b95e7903975f6576,full,colva1,105,nvme,/dev/nvme0n1p1,/mnt/nvme1,rand_read_128k,randread,128k,1,2,1,1,byte_limit,10737418240,10.0,1905,1.905,5636440020,5375.32808303833,43002.624672,81920,734282.42478,448512,2408448,3325952,4145152,2.2665019147098064,1,raw/105__rand_read_128k__r2/attempt-1
a711ca58c8ef48d0b95e7903975f6576,full,colva1,105,nvme,/dev/nvme0n1p1,/mnt/nvme1,rand_write_4k,randwrite,4k,1,3,1,1,byte_limit,10737418240,10.0,8838,8.838,1214914940,1158.6331748962402,296610.092781,2621440,105059.09356400001,108032,118272,132096,238592,9.16726790368557,1,raw/105__rand_write_4k__r3/attempt-1
a711ca58c8ef48d0b95e7903975f6576,full,colva1,105,nvme,/dev/nvme0n1p1,/mnt/nvme1,seq_read,read,1m,1,3,1,1,byte_limit,10737418240,10.0,4629,4.629,2319597805,2212.140851020813,2212.140851,10240,14269508.243359,14221312,14483456,14483456,23199744,4.970315363258123,1,raw/105__seq_read__r3/attempt-1
a711ca58c8ef48d0b95e7903975f6576,full,colva1,105,nvme,/dev/nvme0n1p1,/mnt/nvme1,seq_write,write,1m,1,3,1,1,byte_limit,10737418240,10.0,2190,2.19,4902930703,4675.79908657074,4675.799087,10240,6760576.212207,6586368,6717440,10813440,12386304,2.516879588365555,1,raw/105__seq_write__r3/attempt-1
a711ca58c8ef48d0b95e7903975f6576,full,colva1,105,nvme,/dev/nvme0n1p1,/mnt/nvme1,rand_read_128k,randread,128k,1,3,1,1,byte_limit,10737418240,10.0,1908,1.908,5627577693,5366.876309394836,42935.010482,81920,734625.529089,448512,2408448,3325952,4177920,2.2158912252634764,1,raw/105__rand_read_128k__r3/attempt-1
a711ca58c8ef48d0b95e7903975f6576,full,colva1,105,nvme,/dev/nvme0n1p1,/mnt/nvme1,rand_read_4k,randread,4k,1,3,1,1,byte_limit,10737418240,10.0,6295,6.295,1705705836,1626.6878471374512,416432.088959,2621440,74829.44486,72192,94720,111104,138240,6.617888590320945,1,raw/105__rand_read_4k__r3/attempt-1
a711ca58c8ef48d0b95e7903975f6576,full,colva1,105,nvme,/dev/nvme0n1p1,/mnt/nvme1,seq_read,read,1m,1,4,1,1,byte_limit,10737418240,10.0,1539,1.539,6976879948,6653.671215057373,6653.671215,10240,4724968.084473,4685824,4816896,5013504,7831552,1.867484550923109,1,raw/105__seq_read__r4/attempt-1
a711ca58c8ef48d0b95e7903975f6576,full,colva1,105,nvme,/dev/nvme0n1p1,/mnt/nvme1,seq_write,write,1m,1,4,1,1,byte_limit,10737418240,10.0,2094,2.094,5127706895,4890.16236782074,4890.162369,10240,6459967.263965,6258688,6455296,12255232,12910592,2.4167395904660225,1,raw/105__seq_write__r4/attempt-1
a711ca58c8ef48d0b95e7903975f6576,full,colva1,105,nvme,/dev/nvme0n1p1,/mnt/nvme1,rand_read_128k,randread,128k,1,4,1,1,byte_limit,10737418240,10.0,1902,1.902,5645330304,5383.8065185546875,43070.452156,81920,733088.505847,432128,2473984,3391488,4227072,2.21620000526309,1,raw/105__rand_read_128k__r4/attempt-1
a711ca58c8ef48d0b95e7903975f6576,full,colva1,105,nvme,/dev/nvme0n1p1,/mnt/nvme1,rand_read_4k,randread,4k,1,4,1,1,byte_limit,10737418240,10.0,6300,6.3,1704352101,1625.396824836731,416101.587302,2621440,74877.538088,72192,94720,111104,148480,6.6180876940488815,1,raw/105__rand_read_4k__r4/attempt-1
a711ca58c8ef48d0b95e7903975f6576,full,colva1,105,nvme,/dev/nvme0n1p1,/mnt/nvme1,rand_write_4k,randwrite,4k,1,4,1,1,byte_limit,10737418240,10.0,8855,8.855,1212582522,1156.4088077545166,296040.654997,2621440,105252.30423699999,108032,119296,134144,234496,9.167389275506139,1,raw/105__rand_write_4k__r4/attempt-1
a711ca58c8ef48d0b95e7903975f6576,full,colva1,105,nvme,/dev/nvme0n1p1,/mnt/nvme1,seq_write,write,1m,1,5,1,1,byte_limit,10737418240,10.0,2198,2.198,4885085641,4658.780709266663,4658.78071,10240,6782883.112694999,6586368,6782976,10944512,12517376,2.5168064944446087,1,raw/105__seq_write__r5/attempt-1
a711ca58c8ef48d0b95e7903975f6576,full,colva1,105,nvme,/dev/nvme0n1p1,/mnt/nvme1,rand_read_128k,randread,128k,1,5,1,1,byte_limit,10737418240,10.0,1862,1.862,5766604854,5499.462942123413,43995.703545,81920,716468.508081,456704,2408448,4227072,5472256,2.1657903473824263,1,raw/105__rand_read_128k__r5/attempt-1
a711ca58c8ef48d0b95e7903975f6576,full,colva1,105,nvme,/dev/nvme0n1p1,/mnt/nvme1,rand_read_4k,randread,4k,1,5,1,1,byte_limit,10737418240,10.0,6278,6.278,1710324663,1631.092703819275,417559.732399,2621440,74618.965462,72192,94720,110080,138240,6.568122340366244,1,raw/105__rand_read_4k__r5/attempt-1
a711ca58c8ef48d0b95e7903975f6576,full,colva1,105,nvme,/dev/nvme0n1p1,/mnt/nvme1,rand_write_4k,randwrite,4k,1,5,1,1,byte_limit,10737418240,10.0,8842,8.842,1214365329,1158.1090250015259,296475.910428,2621440,105102.659864,107008,118272,134144,268288,9.167474061250687,1,raw/105__rand_write_4k__r5/attempt-1
a711ca58c8ef48d0b95e7903975f6576,full,colva1,105,nvme,/dev/nvme0n1p1,/mnt/nvme1,seq_read,read,1m,1,5,1,1,byte_limit,10737418240,10.0,4626,4.626,2321102083,2213.575442314148,2213.575443,10240,14268484.607617,14221312,14352384,14483456,23199744,4.919813644140959,1,raw/105__seq_read__r5/attempt-1
a711ca58c8ef48d0b95e7903975f6576,full,colva1,106,nvme,/dev/nvme2n1p1,/mnt/nvme2,rand_read_128k,randread,128k,1,1,1,1,byte_limit,10737418240,10.0,1919,1.919,5595319562,5336.112558364868,42688.900469,81920,738613.95271,423936,2441216,3293184,4079616,2.21582311950624,1,raw/106__rand_read_128k__r1/attempt-1
a711ca58c8ef48d0b95e7903975f6576,full,colva1,106,nvme,/dev/nvme2n1p1,/mnt/nvme2,rand_read_4k,randread,4k,1,1,1,1,byte_limit,10737418240,10.0,6277,6.277,1710597138,1631.3525562286377,417626.25458,2621440,74611.698609,72192,94720,111104,138240,6.568068031221628,1,raw/106__rand_read_4k__r1/attempt-1
a711ca58c8ef48d0b95e7903975f6576,full,colva1,106,nvme,/dev/nvme2n1p1,/mnt/nvme2,rand_write_4k,randwrite,4k,1,1,1,1,byte_limit,10737418240,10.0,8799,8.799,1220299834,1163.7686100006104,297924.764178,2621440,104592.307055,107008,118272,134144,234496,9.117192093282938,1,raw/106__rand_write_4k__r1/attempt-1
a711ca58c8ef48d0b95e7903975f6576,full,colva1,106,nvme,/dev/nvme2n1p1,/mnt/nvme2,seq_read,read,1m,1,1,1,1,byte_limit,10737418240,10.0,4629,4.629,2319597805,2212.140851020813,2212.140851,10240,14276431.290625,14221312,14483456,14483456,23199744,4.970207130536437,1,raw/106__seq_read__r1/attempt-1
a711ca58c8ef48d0b95e7903975f6576,full,colva1,106,nvme,/dev/nvme2n1p1,/mnt/nvme2,seq_write,write,1m,1,1,1,1,byte_limit,10737418240,10.0,2189,2.189,4905170507,4677.935130119324,4677.93513,10240,6755087.897363,6586368,6651904,10813440,15794176,2.5167977288365364,1,raw/106__seq_write__r1/attempt-1
a711ca58c8ef48d0b95e7903975f6576,full,colva1,106,nvme,/dev/nvme2n1p1,/mnt/nvme2,rand_read_4k,randread,4k,1,2,1,1,byte_limit,10737418240,10.0,6297,6.297,1705164084,1626.1711921691895,416299.825314,2621440,74851.180508,72192,94720,111104,140288,6.619339883327484,1,raw/106__rand_read_4k__r2/attempt-1
a711ca58c8ef48d0b95e7903975f6576,full,colva1,106,nvme,/dev/nvme2n1p1,/mnt/nvme2,rand_write_4k,randwrite,4k,1,2,1,1,byte_limit,10737418240,10.0,8908,8.908,1205368010,1149.528512954712,294279.299506,2621440,105894.534735,108032,119296,162816,244736,9.217478608712554,1,raw/106__rand_write_4k__r2/attempt-1
a711ca58c8ef48d0b95e7903975f6576,full,colva1,106,nvme,/dev/nvme2n1p1,/mnt/nvme2,seq_read,read,1m,1,2,1,1,byte_limit,10737418240,10.0,4629,4.629,2319597805,2212.140851020813,2212.140851,10240,14278841.415723,14221312,14483456,14483456,23199744,4.969827955588698,1,raw/106__seq_read__r2/attempt-1
a711ca58c8ef48d0b95e7903975f6576,full,colva1,106,nvme,/dev/nvme2n1p1,/mnt/nvme2,seq_write,write,1m,1,2,1,1,byte_limit,10737418240,10.0,2185,2.185,4914150224,4686.49885559082,4686.498856,10240,6742575.472461,6586368,6651904,10813440,12386304,2.516860531643033,1,raw/106__seq_write__r2/attempt-1
a711ca58c8ef48d0b95e7903975f6576,full,colva1,106,nvme,/dev/nvme2n1p1,/mnt/nvme2,rand_read_128k,randread,128k,1,2,1,1,byte_limit,10737418240,10.0,1904,1.904,5639400336,5378.151260375977,43025.210084,81920,734717.968945,448512,2408448,3325952,4145152,2.2160396445542574,1,raw/106__rand_read_128k__r2/attempt-1
a711ca58c8ef48d0b95e7903975f6576,full,colva1,106,nvme,/dev/nvme2n1p1,/mnt/nvme2,rand_write_4k,randwrite,4k,1,3,1,1,byte_limit,10737418240,10.0,8814,8.814,1218223081,1161.7880640029907,297417.744497,2621440,104768.15117,107008,118272,132096,232448,9.167111024260521,1,raw/106__rand_write_4k__r3/attempt-1
a711ca58c8ef48d0b95e7903975f6576,full,colva1,106,nvme,/dev/nvme2n1p1,/mnt/nvme2,seq_read,read,1m,1,3,1,1,byte_limit,10737418240,10.0,4628,4.628,2320099014,2212.6188411712646,2212.618842,10240,14270090.523242,14221312,14483456,14483456,23199744,4.96762702614069,1,raw/106__seq_read__r3/attempt-1
a711ca58c8ef48d0b95e7903975f6576,full,colva1,106,nvme,/dev/nvme2n1p1,/mnt/nvme2,seq_write,write,1m,1,3,1,1,byte_limit,10737418240,10.0,2189,2.189,4905170507,4677.935130119324,4677.93513,10240,6753496.994824,6586368,6651904,10944512,12124160,2.5169663671404123,1,raw/106__seq_write__r3/attempt-1
a711ca58c8ef48d0b95e7903975f6576,full,colva1,106,nvme,/dev/nvme2n1p1,/mnt/nvme2,rand_read_128k,randread,128k,1,3,1,1,byte_limit,10737418240,10.0,1898,1.898,5657227734,5395.152791976929,43161.222339,81920,730786.830652,440320,2408448,3358720,4177920,2.215872395783663,1,raw/106__rand_read_128k__r3/attempt-1
a711ca58c8ef48d0b95e7903975f6576,full,colva1,106,nvme,/dev/nvme2n1p1,/mnt/nvme2,rand_read_4k,randread,4k,1,3,1,1,byte_limit,10737418240,10.0,6275,6.275,1711142349,1631.8725099563599,417759.36255,2621440,74594.997714,72192,94720,110080,136192,6.56748572178185,1,raw/106__rand_read_4k__r3/attempt-1
a711ca58c8ef48d0b95e7903975f6576,full,colva1,106,nvme,/dev/nvme2n1p1,/mnt/nvme2,seq_read,read,1m,1,4,1,1,byte_limit,10737418240,10.0,1541,1.541,6967824944,6645.035690307617,6645.035691,10240,4733445.066699,4751360,4882432,5079040,7241728,1.8671527244150639,1,raw/106__seq_read__r4/attempt-1
a711ca58c8ef48d0b95e7903975f6576,full,colva1,106,nvme,/dev/nvme2n1p1,/mnt/nvme2,seq_write,write,1m,1,4,1,1,byte_limit,10737418240,10.0,2094,2.094,5127706895,4890.16236782074,4890.162369,10240,6459279.93457,6258688,6389760,12910592,15925248,2.4660050719976425,1,raw/106__seq_write__r4/attempt-1
a711ca58c8ef48d0b95e7903975f6576,full,colva1,106,nvme,/dev/nvme2n1p1,/mnt/nvme2,rand_read_128k,randread,128k,1,4,1,1,byte_limit,10737418240,10.0,1906,1.906,5633482812,5372.507869720459,42980.062959,81920,735440.639258,440320,2473984,3424256,4177920,2.216008022427559,1,raw/106__rand_read_128k__r4/attempt-1
a711ca58c8ef48d0b95e7903975f6576,full,colva1,106,nvme,/dev/nvme2n1p1,/mnt/nvme2,rand_read_4k,randread,4k,1,4,1,1,byte_limit,10737418240,10.0,6266,6.266,1713600102,1634.2164058685303,418359.399936,2621440,74472.825101,72192,94720,110080,136192,6.5678439643234015,1,raw/106__rand_read_4k__r4/attempt-1
a711ca58c8ef48d0b95e7903975f6576,full,colva1,106,nvme,/dev/nvme2n1p1,/mnt/nvme2,rand_write_4k,randwrite,4k,1,4,1,1,byte_limit,10737418240,10.0,8879,8.879,1209304903,1153.2830266952515,295240.455006,2621440,105541.908164,108032,120320,144384,240640,9.217407064512372,1,raw/106__rand_write_4k__r4/attempt-1
a711ca58c8ef48d0b95e7903975f6576,full,colva1,106,nvme,/dev/nvme2n1p1,/mnt/nvme2,seq_write,write,1m,1,5,1,1,byte_limit,10737418240,10.0,2188,2.188,4907412358,4680.073125839233,4680.073126,10240,6751269.357031,6586368,6651904,10813440,12386304,2.5165925081819296,1,raw/106__seq_write__r5/attempt-1
a711ca58c8ef48d0b95e7903975f6576,full,colva1,106,nvme,/dev/nvme2n1p1,/mnt/nvme2,rand_read_128k,randread,128k,1,5,1,1,byte_limit,10737418240,10.0,1910,1.91,5621684942,5361.256544113159,42890.052356,81920,737080.202637,407552,2572288,3391488,4079616,2.216183951124549,1,raw/106__rand_read_128k__r5/attempt-1
a711ca58c8ef48d0b95e7903975f6576,full,colva1,106,nvme,/dev/nvme2n1p1,/mnt/nvme2,rand_read_4k,randread,4k,1,5,1,1,byte_limit,10737418240,10.0,6295,6.295,1705705836,1626.6878471374512,416432.088959,2621440,74824.589719,72192,94720,111104,138240,6.618345737457275,1,raw/106__rand_read_4k__r5/attempt-1
a711ca58c8ef48d0b95e7903975f6576,full,colva1,106,nvme,/dev/nvme2n1p1,/mnt/nvme2,rand_write_4k,randwrite,4k,1,5,1,1,byte_limit,10737418240,10.0,8869,8.869,1210668422,1154.5833797454834,295573.34536,2621440,105426.070756,108032,119296,136192,240640,9.217296928167343,1,raw/106__rand_write_4k__r5/attempt-1
a711ca58c8ef48d0b95e7903975f6576,full,colva1,106,nvme,/dev/nvme2n1p1,/mnt/nvme2,seq_read,read,1m,1,5,1,1,byte_limit,10737418240,10.0,4628,4.628,2320099014,2212.6188411712646,2212.618842,10240,14278115.040723,14221312,14483456,14483456,23461888,4.969213867560029,1,raw/106__seq_read__r5/attempt-1
a711ca58c8ef48d0b95e7903975f6576,full,colva1,101,hdd,/dev/sdb1,/mnt/hdd2,rand_read_128k,randread,128k,1,1,1,1,time_limit,2651062272,2.468994140625,60132,60.132,44087378,42.045000076293945,336.360008,20226,95025313.495203,53215232,325058560,549453824,843055104,60.44610135816038,1,raw/101__rand_read_128k__r1/attempt-1
a711ca58c8ef48d0b95e7903975f6576,full,colva1,101,hdd,/dev/sdb1,/mnt/hdd2,rand_read_4k,randread,4k,1,1,1,1,time_limit,109404160,0.10189056396484375,60110,60.11,1820065,1.7357492446899414,444.352021,26710,71959133.0076,43778048,238026752,392167424,616562688,60.44595639593899,1,raw/101__rand_read_4k__r1/attempt-1
a711ca58c8ef48d0b95e7903975f6576,full,colva1,101,hdd,/dev/sdb1,/mnt/hdd2,rand_write_4k,randwrite,4k,1,1,1,1,time_limit,113201152,0.10542678833007812,60063,60.063,1884706,1.7973957061767578,460.133526,27637,69484487.522235,67633152,79167488,117964800,708837376,60.394291488453746,1,raw/101__rand_write_4k__r1/attempt-1
a711ca58c8ef48d0b95e7903975f6576,full,colva1,101,hdd,/dev/sdb1,/mnt/hdd2,seq_read,read,1m,1,1,1,1,byte_limit,10737418240,10.0,54512,54.512,196973478,187.84854698181152,187.848547,10240,170113649.441114,168820736,173015040,204472320,1098907648,54.84501154907048,1,raw/101__seq_read__r1/attempt-1
a711ca58c8ef48d0b95e7903975f6576,full,colva1,101,hdd,/dev/sdb1,/mnt/hdd2,seq_write,write,1m,1,1,1,1,byte_limit,10737418240,10.0,54039,54.039,198697574,189.49277305603027,189.492774,10240,168667305.67627,168820736,173015040,240123904,658505728,54.395996464416385,1,raw/101__seq_write__r1/attempt-1
a711ca58c8ef48d0b95e7903975f6576,full,colva1,101,hdd,/dev/sdb1,/mnt/hdd2,rand_read_4k,randread,4k,1,2,1,1,time_limit,110063616,0.10250473022460938,60130,60.13,1830427,1.745631217956543,446.881756,26871,71548523.569796,43778048,231735296,379584512,608174080,60.44599187374115,1,raw/101__rand_read_4k__r2/attempt-1
a711ca58c8ef48d0b95e7903975f6576,full,colva1,101,hdd,/dev/sdb1,/mnt/hdd2,rand_write_4k,randwrite,4k,1,2,1,1,time_limit,115011584,0.10711288452148438,60066,60.066,1914753,1.8260507583618164,467.469117,28079,68394603.833933,66846720,77070336,101187584,717225984,60.39550545066595,1,raw/101__rand_write_4k__r2/attempt-1
a711ca58c8ef48d0b95e7903975f6576,full,colva1,101,hdd,/dev/sdb1,/mnt/hdd2,seq_read,read,1m,1,2,1,1,byte_limit,10737418240,10.0,54540,54.54,196872354,187.75210762023926,187.752109,10240,170270737.444921,168820736,173015040,1266679808,1870659584,54.89550153911114,1,raw/101__seq_read__r2/attempt-1
a711ca58c8ef48d0b95e7903975f6576,full,colva1,101,hdd,/dev/sdb1,/mnt/hdd2,seq_write,write,1m,1,2,1,1,byte_limit,10737418240,10.0,53980,53.98,198914750,189.69988822937012,189.699889,10240,168483426.90332,168820736,173015040,202375168,666894336,54.29499014467001,1,raw/101__seq_write__r2/attempt-1
a711ca58c8ef48d0b95e7903975f6576,full,colva1,101,hdd,/dev/sdb1,/mnt/hdd2,rand_read_128k,randread,128k,1,2,1,1,time_limit,2674393088,2.49072265625,60193,60.193,44430300,42.37203598022461,338.976293,20404,94290751.608558,53739520,329252864,526385152,809500672,60.49628650769591,1,raw/101__rand_read_128k__r2/attempt-1
a711ca58c8ef48d0b95e7903975f6576,full,colva1,101,hdd,/dev/sdb1,/mnt/hdd2,rand_write_4k,randwrite,4k,1,3,1,1,time_limit,114823168,0.10693740844726562,60065,60.065,1911648,1.823089599609375,466.711063,28033,68502051.34067,66322432,80216064,101187584,641728512,60.394472075626254,1,raw/101__rand_write_4k__r3/attempt-1
a711ca58c8ef48d0b95e7903975f6576,full,colva1,101,hdd,/dev/sdb1,/mnt/hdd2,seq_read,read,1m,1,3,1,1,byte_limit,10737418240,10.0,57118,57.118,187986593,179.27798557281494,179.277986,10240,178326378.571388,168820736,196083712,1216348160,1904214016,57.44496661797166,1,raw/101__seq_read__r3/attempt-1
a711ca58c8ef48d0b95e7903975f6576,full,colva1,101,hdd,/dev/sdb1,/mnt/hdd2,seq_write,write,1m,1,3,1,1,byte_limit,10737418240,10.0,54061,54.061,198616715,189.41565990447998,189.41566,10240,168732912.577344,168820736,173015040,181403648,809500672,54.3951703812927,1,raw/101__seq_write__r3/attempt-1
a711ca58c8ef48d0b95e7903975f6576,full,colva1,101,hdd,/dev/sdb1,/mnt/hdd2,rand_read_128k,randread,128k,1,3,1,1,time_limit,2675834880,2.4920654296875,60130,60.13,44500829,42.439297676086426,339.514385,20415,94141361.98795,54263808,320864256,526385152,859832320,60.44662148505449,1,raw/101__rand_read_128k__r3/attempt-1
a711ca58c8ef48d0b95e7903975f6576,full,colva1,101,hdd,/dev/sdb1,/mnt/hdd2,rand_read_4k,randread,4k,1,3,1,1,time_limit,111001600,0.1033782958984375,60112,60.112,1846579,1.7610349655151367,450.825126,27100,70926356.440479,42205184,233832448,383778816,633339904,60.44498651660979,1,raw/101__rand_read_4k__r3/attempt-1
a711ca58c8ef48d0b95e7903975f6576,full,colva1,101,hdd,/dev/sdb1,/mnt/hdd2,seq_read,read,1m,1,4,1,1,byte_limit,10737418240,10.0,54323,54.323,197658786,188.50210762023926,188.502108,10240,169588811.929394,168820736,173015040,183500800,492830720,54.644689256325364,1,raw/101__seq_read__r4/attempt-1
a711ca58c8ef48d0b95e7903975f6576,full,colva1,101,hdd,/dev/sdb1,/mnt/hdd2,seq_write,write,1m,1,4,1,1,byte_limit,10737418240,10.0,54037,54.037,198704928,189.49978637695312,189.499787,10240,168658628.191016,168820736,173015040,227540992,675282944,54.395999716594815,1,raw/101__seq_write__r4/attempt-1
a711ca58c8ef48d0b95e7903975f6576,full,colva1,101,hdd,/dev/sdb1,/mnt/hdd2,rand_read_128k,randread,128k,1,4,1,1,time_limit,2681602048,2.4974365234375,60133,60.133,44594516,42.52864456176758,340.229159,20459,93959651.021898,54788096,312475648,526385152,801112064,60.44631177559495,1,raw/101__rand_read_128k__r4/attempt-1
a711ca58c8ef48d0b95e7903975f6576,full,colva1,101,hdd,/dev/sdb1,/mnt/hdd2,rand_read_4k,randread,4k,1,4,1,1,time_limit,111874048,0.10419082641601562,60107,60.107,1861248,1.7750244140625,454.406309,27313,70360344.946582,42729472,229638144,375390208,566231040,60.446447003632784,1,raw/101__rand_read_4k__r4/attempt-1
a711ca58c8ef48d0b95e7903975f6576,full,colva1,101,hdd,/dev/sdb1,/mnt/hdd2,rand_write_4k,randwrite,4k,1,4,1,1,time_limit,116318208,0.10832977294921875,60064,60.064,1936571,1.846858024597168,472.795685,28398,67620678.629235,66322432,77070336,87556096,641728512,60.394281251356006,1,raw/101__rand_write_4k__r4/attempt-1
a711ca58c8ef48d0b95e7903975f6576,full,colva1,101,hdd,/dev/sdb1,/mnt/hdd2,seq_write,write,1m,1,5,1,1,byte_limit,10737418240,10.0,54211,54.211,198067149,188.89155292510986,188.891553,10240,169203186.773926,168820736,173015040,287309824,658505728,54.54649880900979,1,raw/101__seq_write__r5/attempt-1
a711ca58c8ef48d0b95e7903975f6576,full,colva1,101,hdd,/dev/sdb1,/mnt/hdd2,rand_read_128k,randread,128k,1,5,1,1,time_limit,2683437056,2.4991455078125,60133,60.133,44625032,42.55774688720703,340.461976,20473,93878637.623553,53215232,325058560,541065216,801112064,60.44592806510627,1,raw/101__rand_read_128k__r5/attempt-1
a711ca58c8ef48d0b95e7903975f6576,full,colva1,101,hdd,/dev/sdb1,/mnt/hdd2,rand_read_4k,randread,4k,1,5,1,1,time_limit,110755840,0.1031494140625,60113,60.113,1842460,1.7571067810058594,449.819507,27040,71083358.502662,42205184,233832448,383778816,624951296,60.44499196112156,1,raw/101__rand_read_4k__r5/attempt-1
a711ca58c8ef48d0b95e7903975f6576,full,colva1,101,hdd,/dev/sdb1,/mnt/hdd2,rand_write_4k,randwrite,4k,1,5,1,1,time_limit,116523008,0.1085205078125,60073,60.073,1939690,1.849832534790039,473.557172,28448,67511647.037683,66322432,76021760,86507520,658505728,60.394153978675604,1,raw/101__rand_write_4k__r5/attempt-1
a711ca58c8ef48d0b95e7903975f6576,full,colva1,101,hdd,/dev/sdb1,/mnt/hdd2,seq_read,read,1m,1,5,1,1,byte_limit,10737418240,10.0,54498,54.498,197024078,187.89680290222168,187.896804,10240,170132097.490821,168820736,173015040,196083712,775946240,54.84542433358729,1,raw/101__seq_read__r5/attempt-1
a711ca58c8ef48d0b95e7903975f6576,full,colva1,102,hdd,/dev/sdc1,/mnt/hdd3,rand_read_128k,randread,128k,1,1,1,1,time_limit,2626682880,2.4462890625,60193,60.193,43637680,41.61613464355469,332.929078,20040,96016030.581637,54263808,333447168,534773760,801112064,60.49560557119548,1,raw/102__rand_read_128k__r1/attempt-1
a711ca58c8ef48d0b95e7903975f6576,full,colva1,102,hdd,/dev/sdc1,/mnt/hdd3,rand_read_4k,randread,4k,1,1,1,1,time_limit,109424640,0.10190963745117188,60093,60.093,1820921,1.7365655899047852,444.560931,26715,71927328.48658,42729472,238026752,392167424,633339904,60.394602101296186,1,raw/102__rand_read_4k__r1/attempt-1
a711ca58c8ef48d0b95e7903975f6576,full,colva1,102,hdd,/dev/sdc1,/mnt/hdd3,rand_write_4k,randwrite,4k,1,1,1,1,time_limit,113266688,0.10548782348632812,60456,60.456,1873539,1.7867460250854492,457.40704,27653,69904358.844863,67633152,80216064,86507520,633339904,60.79481805115938,1,raw/102__rand_write_4k__r1/attempt-1
a711ca58c8ef48d0b95e7903975f6576,full,colva1,102,hdd,/dev/sdc1,/mnt/hdd3,seq_read,read,1m,1,1,1,1,byte_limit,10737418240,10.0,57081,57.081,188108446,179.394193649292,179.394194,10240,178216761.606055,147849216,191889408,1853882368,1853882368,57.394219322130084,1,raw/102__seq_read__r1/attempt-1
a711ca58c8ef48d0b95e7903975f6576,full,colva1,102,hdd,/dev/sdc1,/mnt/hdd3,seq_write,write,1m,1,1,1,1,byte_limit,10737418240,10.0,56790,56.79,189072340,180.31343460083008,180.313435,10240,177262220.065137,175112192,191889408,291504128,725614592,57.095755556598306,1,raw/102__seq_write__r1/attempt-1
a711ca58c8ef48d0b95e7903975f6576,full,colva1,102,hdd,/dev/sdc1,/mnt/hdd3,rand_read_4k,randread,4k,1,2,1,1,time_limit,109096960,0.10160446166992188,60094,60.094,1815438,1.7313365936279297,443.222285,26635,72136642.655566,43778048,233832448,375390208,608174080,60.394652020186186,1,raw/102__rand_read_4k__r2/attempt-1
a711ca58c8ef48d0b95e7903975f6576,full,colva1,102,hdd,/dev/sdc1,/mnt/hdd3,rand_write_4k,randwrite,4k,1,2,1,1,time_limit,112918528,0.10516357421875,60063,60.063,1880001,1.7929086685180664,458.984733,27568,69655247.036419,67633152,81264640,123207680,650117120,60.3949892539531,1,raw/102__rand_write_4k__r2/attempt-1
a711ca58c8ef48d0b95e7903975f6576,full,colva1,102,hdd,/dev/sdc1,/mnt/hdd3,seq_read,read,1m,1,2,1,1,byte_limit,10737418240,10.0,57151,57.151,187878046,179.174467086792,179.174468,10240,178431124.642578,175112192,191889408,233832448,859832320,57.49567895196378,1,raw/102__seq_read__r2/attempt-1
a711ca58c8ef48d0b95e7903975f6576,full,colva1,102,hdd,/dev/sdc1,/mnt/hdd3,seq_write,write,1m,1,2,1,1,byte_limit,10737418240,10.0,56718,56.718,189312356,180.54233169555664,180.542332,10240,177039376.888867,175112192,191889408,227540992,700448768,57.034740440547466,1,raw/102__seq_write__r2/attempt-1
a711ca58c8ef48d0b95e7903975f6576,full,colva1,102,hdd,/dev/sdc1,/mnt/hdd3,rand_read_128k,randread,128k,1,2,1,1,time_limit,2633236480,2.452392578125,60165,60.165,43766915,41.73938274383545,333.915067,20090,95735058.070881,52690944,333447168,541065216,893386752,60.496316557750106,1,raw/102__rand_read_128k__r2/attempt-1
a711ca58c8ef48d0b95e7903975f6576,full,colva1,102,hdd,/dev/sdc1,/mnt/hdd3,rand_write_4k,randwrite,4k,1,3,1,1,time_limit,113254400,0.10547637939453125,60065,60.065,1885530,1.7981815338134766,460.334637,27650,69455666.542097,67633152,79167488,93847552,616562688,60.39351272955537,1,raw/102__rand_write_4k__r3/attempt-1
a711ca58c8ef48d0b95e7903975f6576,full,colva1,102,hdd,/dev/sdc1,/mnt/hdd3,seq_read,read,1m,1,3,1,1,byte_limit,10737418240,10.0,57462,57.462,186861199,178.20472621917725,178.204727,10240,179398571.91084,170917888,191889408,608174080,1870659584,57.7963953781873,1,raw/102__seq_read__r3/attempt-1
a711ca58c8ef48d0b95e7903975f6576,full,colva1,102,hdd,/dev/sdc1,/mnt/hdd3,seq_write,write,1m,1,3,1,1,byte_limit,10737418240,10.0,56631,56.631,189603189,180.81969165802002,180.819692,10240,176768858.171679,175112192,191889408,248512512,700448768,56.99898634850979,1,raw/102__seq_write__r3/attempt-1
a711ca58c8ef48d0b95e7903975f6576,full,colva1,102,hdd,/dev/sdc1,/mnt/hdd3,rand_read_128k,randread,128k,1,3,1,1,time_limit,2640183296,2.4588623046875,60144,60.144,43897700,41.86410903930664,334.912876,20143,95434621.839498,53739520,329252864,541065216,809500672,60.44539264589548,1,raw/102__rand_read_128k__r3/attempt-1
a711ca58c8ef48d0b95e7903975f6576,full,colva1,102,hdd,/dev/sdc1,/mnt/hdd3,rand_read_4k,randread,4k,1,3,1,1,time_limit,110907392,0.10329055786132812,60174,60.174,1843111,1.7577276229858398,449.978396,27077,71054301.472541,42205184,235929600,392167424,583008256,60.495992828160524,1,raw/102__rand_read_4k__r3/attempt-1
a711ca58c8ef48d0b95e7903975f6576,full,colva1,102,hdd,/dev/sdc1,/mnt/hdd3,seq_read,read,1m,1,4,1,1,byte_limit,10737418240,10.0,56899,56.899,188710139,179.96801280975342,179.968013,10240,177642196.102148,175112192,191889408,208666624,1820327936,57.24486635066569,1,raw/102__seq_read__r4/attempt-1
a711ca58c8ef48d0b95e7903975f6576,full,colva1,102,hdd,/dev/sdc1,/mnt/hdd3,seq_write,write,1m,1,4,1,1,byte_limit,10737418240,10.0,56869,56.869,188809689,180.06295108795166,180.062952,10240,177514853.42041,173015040,191889408,304087040,834666496,57.19835567101836,1,raw/102__seq_write__r4/attempt-1
a711ca58c8ef48d0b95e7903975f6576,full,colva1,102,hdd,/dev/sdc1,/mnt/hdd3,rand_read_128k,randread,128k,1,4,1,1,time_limit,2638086144,2.4569091796875,60142,60.142,43864290,41.83224678039551,334.657976,20127,95507657.066329,52690944,333447168,541065216,876609536,60.49605033174157,1,raw/102__rand_read_128k__r4/attempt-1
a711ca58c8ef48d0b95e7903975f6576,full,colva1,102,hdd,/dev/sdc1,/mnt/hdd3,rand_read_4k,randread,4k,1,4,1,1,time_limit,111214592,0.10357666015625,60143,60.143,1849169,1.763504981994629,451.45736,27152,70824038.618923,42729472,231735296,375390208,616562688,60.44476113282144,1,raw/102__rand_read_4k__r4/attempt-1
a711ca58c8ef48d0b95e7903975f6576,full,colva1,102,hdd,/dev/sdc1,/mnt/hdd3,rand_write_4k,randwrite,4k,1,4,1,1,time_limit,114561024,0.10669326782226562,60065,60.065,1907284,1.8189277648925781,465.645551,27969,68657032.553828,66846720,78118912,99090432,675282944,60.39446256868541,1,raw/102__rand_write_4k__r4/attempt-1
a711ca58c8ef48d0b95e7903975f6576,full,colva1,102,hdd,/dev/sdc1,/mnt/hdd3,seq_write,write,1m,1,5,1,1,byte_limit,10737418240,10.0,56819,56.819,188975839,180.22140407562256,180.221405,10240,177288402.772363,175112192,191889408,235929600,767557632,57.145475605502725,1,raw/102__seq_write__r5/attempt-1
a711ca58c8ef48d0b95e7903975f6576,full,colva1,102,hdd,/dev/sdc1,/mnt/hdd3,rand_read_128k,randread,128k,1,5,1,1,time_limit,2657746944,2.4752197265625,60208,60.208,44142754,42.09781074523926,336.782487,20277,94919637.191794,53739520,329252864,534773760,859832320,60.54524194821715,1,raw/102__rand_read_128k__r5/attempt-1
a711ca58c8ef48d0b95e7903975f6576,full,colva1,102,hdd,/dev/sdc1,/mnt/hdd3,rand_read_4k,randread,4k,1,5,1,1,time_limit,111878144,0.10419464111328125,60095,60.095,1861688,1.7754440307617188,454.513687,27314,70353997.73746,42205184,231735296,375390208,633339904,60.39489908143878,1,raw/102__rand_read_4k__r5/attempt-1
a711ca58c8ef48d0b95e7903975f6576,full,colva1,102,hdd,/dev/sdc1,/mnt/hdd3,rand_write_4k,randwrite,4k,1,5,1,1,time_limit,114020352,0.10618972778320312,60059,60.059,1898472,1.8105239868164062,463.494231,27837,68976032.266444,67633152,78118912,92798976,717225984,60.394782638177276,1,raw/102__rand_write_4k__r5/attempt-1
a711ca58c8ef48d0b95e7903975f6576,full,colva1,102,hdd,/dev/sdc1,/mnt/hdd3,seq_read,read,1m,1,5,1,1,byte_limit,10737418240,10.0,59114,59.114,181639175,173.22461605072021,173.224617,10240,184567876.348828,170917888,191889408,1837105152,1887436800,59.446134535595775,1,raw/102__seq_read__r5/attempt-1
a711ca58c8ef48d0b95e7903975f6576,full,colva1,107,nvme,/dev/nvme3n1p1,/mnt/nvme3,rand_read_128k,randread,128k,1,1,1,1,byte_limit,10737418240,10.0,1911,1.911,5618743192,5358.451072692871,42867.608582,81920,736215.718323,423936,2441216,3293184,4046848,2.2162012718617916,1,raw/107__rand_read_128k__r1/attempt-1
a711ca58c8ef48d0b95e7903975f6576,full,colva1,107,nvme,/dev/nvme3n1p1,/mnt/nvme3,rand_read_4k,randread,4k,1,1,1,1,byte_limit,10737418240,10.0,6305,6.305,1703000513,1624.107850074768,415771.609833,2621440,74939.691805,72192,94720,111104,138240,6.618055446073413,1,raw/107__rand_read_4k__r1/attempt-1
a711ca58c8ef48d0b95e7903975f6576,full,colva1,107,nvme,/dev/nvme3n1p1,/mnt/nvme3,rand_write_4k,randwrite,4k,1,1,1,1,byte_limit,10737418240,10.0,8822,8.822,1217118367,1160.7345266342163,297148.038993,2621440,104870.261721,107008,118272,134144,238592,9.117142476141453,1,raw/107__rand_write_4k__r1/attempt-1
a711ca58c8ef48d0b95e7903975f6576,full,colva1,107,nvme,/dev/nvme3n1p1,/mnt/nvme3,seq_read,read,1m,1,1,1,1,byte_limit,10737418240,10.0,4633,4.633,2317595130,2210.230951309204,2210.230952,10240,14285335.341309,14221312,14483456,14483456,23199744,4.919833032414317,1,raw/107__seq_read__r1/attempt-1
a711ca58c8ef48d0b95e7903975f6576,full,colva1,107,nvme,/dev/nvme3n1p1,/mnt/nvme3,seq_write,write,1m,1,1,1,1,byte_limit,10737418240,10.0,2191,2.191,4900692943,4673.6649923324585,4673.664993,10240,6759263.195801,6586368,6717440,10813440,12124160,2.516474761068821,1,raw/107__seq_write__r1/attempt-1
a711ca58c8ef48d0b95e7903975f6576,full,colva1,107,nvme,/dev/nvme3n1p1,/mnt/nvme3,rand_read_4k,randread,4k,1,2,1,1,byte_limit,10737418240,10.0,6334,6.334,1695203384,1616.6719284057617,413868.013893,2621440,75286.875358,72192,95744,112128,150528,6.668755564838648,1,raw/107__rand_read_4k__r2/attempt-1
a711ca58c8ef48d0b95e7903975f6576,full,colva1,107,nvme,/dev/nvme3n1p1,/mnt/nvme3,rand_write_4k,randwrite,4k,1,2,1,1,byte_limit,10737418240,10.0,8876,8.876,1209713636,1153.6728248596191,295340.243353,2621440,105517.719739,108032,119296,138240,234496,9.166778648272157,1,raw/107__rand_write_4k__r2/attempt-1
a711ca58c8ef48d0b95e7903975f6576,full,colva1,107,nvme,/dev/nvme3n1p1,/mnt/nvme3,seq_read,read,1m,1,2,1,1,byte_limit,10737418240,10.0,4627,4.627,2320600440,2213.097038269043,2213.097039,10240,14267344.310936999,14221312,14483456,14483456,23199744,4.970078671351075,1,raw/107__seq_read__r2/attempt-1
a711ca58c8ef48d0b95e7903975f6576,full,colva1,107,nvme,/dev/nvme3n1p1,/mnt/nvme3,seq_write,write,1m,1,2,1,1,byte_limit,10737418240,10.0,2189,2.189,4905170507,4677.935130119324,4677.93513,10240,6751376.605371,6586368,6717440,10813440,12255232,2.516472266986966,1,raw/107__seq_write__r2/attempt-1
a711ca58c8ef48d0b95e7903975f6576,full,colva1,107,nvme,/dev/nvme3n1p1,/mnt/nvme3,rand_read_128k,randread,128k,1,2,1,1,byte_limit,10737418240,10.0,1915,1.915,5607006913,5347.258484840393,42778.067885,81920,737778.250867,444416,2441216,3325952,4145152,2.215799931436777,1,raw/107__rand_read_128k__r2/attempt-1
a711ca58c8ef48d0b95e7903975f6576,full,colva1,107,nvme,/dev/nvme3n1p1,/mnt/nvme3,rand_write_4k,randwrite,4k,1,3,1,1,byte_limit,10737418240,10.0,8860,8.86,1211898221,1155.7562074661255,295873.589165,2621440,105321.2479,108032,119296,136192,232448,9.16764521598816,1,raw/107__rand_write_4k__r3/attempt-1
a711ca58c8ef48d0b95e7903975f6576,full,colva1,107,nvme,/dev/nvme3n1p1,/mnt/nvme3,seq_read,read,1m,1,3,1,1,byte_limit,10737418240,10.0,4627,4.627,2320600440,2213.097038269043,2213.097039,10240,14264279.790136999,14221312,14483456,14483456,23199744,4.969870520755649,1,raw/107__seq_read__r3/attempt-1
a711ca58c8ef48d0b95e7903975f6576,full,colva1,107,nvme,/dev/nvme3n1p1,/mnt/nvme3,seq_write,write,1m,1,3,1,1,byte_limit,10737418240,10.0,2194,2.194,4893991905,4667.274384498596,4667.274385,10240,6770437.560742,6586368,7110656,10813440,12124160,2.517094314098358,1,raw/107__seq_write__r3/attempt-1
a711ca58c8ef48d0b95e7903975f6576,full,colva1,107,nvme,/dev/nvme3n1p1,/mnt/nvme3,rand_read_128k,randread,128k,1,3,1,1,byte_limit,10737418240,10.0,1902,1.902,5645330304,5383.8065185546875,43070.452156,81920,732846.052759,452608,2408448,3293184,4079616,2.2159318197518587,1,raw/107__rand_read_128k__r3/attempt-1
a711ca58c8ef48d0b95e7903975f6576,full,colva1,107,nvme,/dev/nvme3n1p1,/mnt/nvme3,rand_read_4k,randread,4k,1,3,1,1,byte_limit,10737418240,10.0,6300,6.3,1704352101,1625.396824836731,416101.587302,2621440,74886.733452,72192,94720,111104,136192,6.61768027022481,1,raw/107__rand_read_4k__r3/attempt-1
a711ca58c8ef48d0b95e7903975f6576,full,colva1,107,nvme,/dev/nvme3n1p1,/mnt/nvme3,seq_read,read,1m,1,4,1,1,byte_limit,10737418240,10.0,1537,1.537,6985958516,6662.329212188721,6662.329213,10240,4725377.839941,4685824,4882432,5210112,7700480,1.8679177183657885,1,raw/107__seq_read__r4/attempt-1
a711ca58c8ef48d0b95e7903975f6576,full,colva1,107,nvme,/dev/nvme3n1p1,/mnt/nvme3,seq_write,write,1m,1,4,1,1,byte_limit,10737418240,10.0,2092,2.092,5132609101,4894.837475776672,4894.837476,10240,6455560.095313,6258688,6389760,12386304,13041664,2.417059015482664,1,raw/107__seq_write__r4/attempt-1
a711ca58c8ef48d0b95e7903975f6576,full,colva1,107,nvme,/dev/nvme3n1p1,/mnt/nvme3,rand_read_128k,randread,128k,1,4,1,1,byte_limit,10737418240,10.0,1908,1.908,5627577693,5366.876309394836,42935.010482,81920,736005.618713,440320,2473984,3391488,4112384,2.215824546292424,1,raw/107__rand_read_128k__r4/attempt-1
a711ca58c8ef48d0b95e7903975f6576,full,colva1,107,nvme,/dev/nvme3n1p1,/mnt/nvme3,rand_read_4k,randread,4k,1,4,1,1,byte_limit,10737418240,10.0,6334,6.334,1695203384,1616.6719284057617,413868.013893,2621440,75284.513609,72192,94720,111104,138240,6.6679383572191,1,raw/107__rand_read_4k__r4/attempt-1
a711ca58c8ef48d0b95e7903975f6576,full,colva1,107,nvme,/dev/nvme3n1p1,/mnt/nvme3,rand_write_4k,randwrite,4k,1,4,1,1,byte_limit,10737418240,10.0,8902,8.902,1206180435,1150.3033018112183,294477.645473,2621440,105828.697183,108032,120320,144384,238592,9.21732073277235,1,raw/107__rand_write_4k__r4/attempt-1
a711ca58c8ef48d0b95e7903975f6576,full,colva1,107,nvme,/dev/nvme3n1p1,/mnt/nvme3,seq_write,write,1m,1,5,1,1,byte_limit,10737418240,10.0,2181,2.181,4923162879,4695.093993186951,4695.093994,10240,6727682.331934,6586368,6914048,10813440,12255232,2.5159045066684484,1,raw/107__seq_write__r5/attempt-1
a711ca58c8ef48d0b95e7903975f6576,full,colva1,107,nvme,/dev/nvme3n1p1,/mnt/nvme3,rand_read_128k,randread,128k,1,5,1,1,byte_limit,10737418240,10.0,1914,1.914,5609936384,5350.05224609375,42800.417973,81920,737483.976953,407552,2539520,3391488,4177920,2.2158761881291866,1,raw/107__rand_read_128k__r5/attempt-1
a711ca58c8ef48d0b95e7903975f6576,full,colva1,107,nvme,/dev/nvme3n1p1,/mnt/nvme3,rand_read_4k,randread,4k,1,5,1,1,byte_limit,10737418240,10.0,6318,6.318,1699496397,1620.7660646438599,414916.112694,2621440,75091.122961,72192,94720,111104,138240,6.617772463709116,1,raw/107__rand_read_4k__r5/attempt-1
a711ca58c8ef48d0b95e7903975f6576,full,colva1,107,nvme,/dev/nvme3n1p1,/mnt/nvme3,rand_write_4k,randwrite,4k,1,5,1,1,byte_limit,10737418240,10.0,8894,8.894,1207265374,1151.3379802703857,294742.523049,2621440,105730.199933,108032,120320,138240,236544,9.217651821672916,1,raw/107__rand_write_4k__r5/attempt-1
a711ca58c8ef48d0b95e7903975f6576,full,colva1,107,nvme,/dev/nvme3n1p1,/mnt/nvme3,seq_read,read,1m,1,5,1,1,byte_limit,10737418240,10.0,4627,4.627,2320600440,2213.097038269043,2213.097039,10240,14271081.523436999,14221312,14352384,14483456,23199744,4.9702217746526,1,raw/107__seq_read__r5/attempt-1
7103b0b2110d40aba7b77428e4acfee1,full,colva2,204,hdd,/dev/sdd1,/mnt/hdd4,rand_read_128k,randread,128k,1,1,1,1,time_limit,2564161536,2.3880615234375,60173,60.173,42613157,40.63907337188721,325.112592,19563,98358384.466391,54788096,337641472,566231040,868220928,60.496103344950825,1,raw/204__rand_read_128k__r1/attempt-1
7103b0b2110d40aba7b77428e4acfee1,full,colva2,204,hdd,/dev/sdd1,/mnt/hdd4,rand_read_4k,randread,4k,1,1,1,1,time_limit,108417024,0.10097122192382812,60107,60.107,1803733,1.7201738357543945,440.364683,26469,72623407.692924,42729472,244318208,396361728,616562688,60.44802502298262,1,raw/204__rand_read_4k__r1/attempt-1
7103b0b2110d40aba7b77428e4acfee1,full,colva2,204,hdd,/dev/sdd1,/mnt/hdd4,rand_write_4k,randwrite,4k,1,1,1,1,time_limit,104443904,0.09727096557617188,60069,60.069,1738732,1.6581840515136719,424.495164,25499,75345122.187968,73924608,86507520,104333312,759169024,60.39549251599237,1,raw/204__rand_write_4k__r1/attempt-1
7103b0b2110d40aba7b77428e4acfee1,full,colva2,204,hdd,/dev/sdd1,/mnt/hdd4,seq_read,read,1m,1,1,1,1,time_limit,10497294336,9.7763671875,60196,60.196,174385247,166.30673122406006,166.306731,10011,192239789.975426,189792256,200278016,354418688,2164260864,60.54686383402441,1,raw/204__seq_read__r1/attempt-1
7103b0b2110d40aba7b77428e4acfee1,full,colva2,204,hdd,/dev/sdd1,/mnt/hdd4,seq_write,write,1m,1,1,1,1,time_limit,10595860480,9.8681640625,60202,60.202,176005124,167.85156631469727,167.851566,10105,190159834.488767,187695104,219152384,329252864,876609536,60.546721898019314,1,raw/204__seq_write__r1/attempt-1
7103b0b2110d40aba7b77428e4acfee1,full,colva2,204,hdd,/dev/sdd1,/mnt/hdd4,rand_read_4k,randread,4k,1,2,1,1,time_limit,108421120,0.10097503662109375,60141,60.141,1802782,1.7192668914794922,440.132356,26470,72662774.775594,43778048,238026752,392167424,616562688,60.496021489962004,1,raw/204__rand_read_4k__r2/attempt-1
7103b0b2110d40aba7b77428e4acfee1,full,colva2,204,hdd,/dev/sdd1,/mnt/hdd4,rand_write_4k,randwrite,4k,1,2,1,1,time_limit,104714240,0.09752273559570312,60073,60.073,1743116,1.6623649597167969,425.565562,25565,75157274.338587,73924608,87556096,126353408,624951296,60.39504085900262,1,raw/204__rand_write_4k__r2/attempt-1
7103b0b2110d40aba7b77428e4acfee1,full,colva2,204,hdd,/dev/sdd1,/mnt/hdd4,seq_read,read,1m,1,2,1,1,time_limit,10217324544,9.515625,60188,60.188,169756837,161.8927354812622,161.892736,9744,197480066.54023,189792256,200278016,599785472,1920991232,60.54675348801538,1,raw/204__seq_read__r2/attempt-1
7103b0b2110d40aba7b77428e4acfee1,full,colva2,204,hdd,/dev/sdd1,/mnt/hdd4,seq_write,write,1m,1,2,1,1,time_limit,10651435008,9.919921875,60181,60.181,176989996,168.79081344604492,168.790814,10158,189224558.11144,187695104,206569472,231735296,717225984,60.49432277097367,1,raw/204__seq_write__r2/attempt-1
7103b0b2110d40aba7b77428e4acfee1,full,colva2,204,hdd,/dev/sdd1,/mnt/hdd4,rand_read_128k,randread,128k,1,2,1,1,time_limit,2580676608,2.4034423828125,60144,60.144,42908296,40.92053985595703,327.364326,19689,97682912.727564,54263808,333447168,566231040,926941184,60.43970348499715,1,raw/204__rand_read_128k__r2/attempt-1
7103b0b2110d40aba7b77428e4acfee1,full,colva2,204,hdd,/dev/sdd1,/mnt/hdd4,rand_write_4k,randwrite,4k,1,3,1,1,time_limit,105586688,0.09833526611328125,60070,60.07,1757727,1.6762990951538086,429.132679,25778,74529274.709132,72876032,84410368,109576192,717225984,60.44526969594881,1,raw/204__rand_write_4k__r3/attempt-1
7103b0b2110d40aba7b77428e4acfee1,full,colva2,204,hdd,/dev/sdd1,/mnt/hdd4,seq_read,read,1m,1,3,1,1,time_limit,9934209024,9.251953125,60197,60.197,165028307,157.38325786590576,157.383258,9474,202953571.171944,189792256,200278016,1904214016,1920991232,60.5464972310001,1,raw/204__seq_read__r3/attempt-1
7103b0b2110d40aba7b77428e4acfee1,full,colva2,204,hdd,/dev/sdd1,/mnt/hdd4,seq_write,write,1m,1,3,1,1,time_limit,10653532160,9.921875,60181,60.181,177024844,168.82404708862305,168.824047,10160,189194336.843602,187695104,214958080,238026752,700448768,60.546855258056894,1,raw/204__seq_write__r3/attempt-1
7103b0b2110d40aba7b77428e4acfee1,full,colva2,204,hdd,/dev/sdd1,/mnt/hdd4,rand_read_128k,randread,128k,1,3,1,1,time_limit,2578710528,2.401611328125,60144,60.144,42875607,40.88936519622803,327.114924,19674,97755698.16194,54263808,341835776,557842432,851443712,60.49484066106379,1,raw/204__rand_read_128k__r3/attempt-1
7103b0b2110d40aba7b77428e4acfee1,full,colva2,204,hdd,/dev/sdd1,/mnt/hdd4,rand_read_4k,randread,4k,1,3,1,1,time_limit,108949504,0.10146713256835938,60114,60.114,1812381,1.7284212112426758,442.475962,26599,72278180.757735,43253760,240123904,392167424,658505728,60.44429029803723,1,raw/204__rand_read_4k__r3/attempt-1
7103b0b2110d40aba7b77428e4acfee1,full,colva2,204,hdd,/dev/sdd1,/mnt/hdd4,seq_read,read,1m,1,4,1,1,time_limit,10580131840,9.853515625,60195,60.195,175764296,167.62189483642578,167.621896,10090,190756810.829336,189792256,198180864,206569472,1837105152,60.54588615195826,1,raw/204__seq_read__r4/attempt-1
7103b0b2110d40aba7b77428e4acfee1,full,colva2,204,hdd,/dev/sdd1,/mnt/hdd4,seq_write,write,1m,1,4,1,1,time_limit,10655629312,9.923828125,60193,60.193,177024393,168.82361698150635,168.823617,10162,189193189.424719,187695104,214958080,238026752,692060160,60.59802949905861,1,raw/204__seq_write__r4/attempt-1
7103b0b2110d40aba7b77428e4acfee1,full,colva2,204,hdd,/dev/sdd1,/mnt/hdd4,rand_read_128k,randread,128k,1,4,1,1,time_limit,2598633472,2.420166015625,60144,60.144,43206861,41.20527362823486,329.642192,19826,97006711.493241,54788096,333447168,549453824,843055104,60.49419137195218,1,raw/204__rand_read_128k__r4/attempt-1
7103b0b2110d40aba7b77428e4acfee1,full,colva2,204,hdd,/dev/sdd1,/mnt/hdd4,rand_read_4k,randread,4k,1,4,1,1,time_limit,109707264,0.1021728515625,60139,60.139,1824228,1.7397193908691406,445.36823,26784,71806059.385156,42729472,235929600,392167424,633339904,60.49422523891553,1,raw/204__rand_read_4k__r4/attempt-1
7103b0b2110d40aba7b77428e4acfee1,full,colva2,204,hdd,/dev/sdd1,/mnt/hdd4,rand_write_4k,randwrite,4k,1,4,1,1,time_limit,105263104,0.09803390502929688,60079,60.079,1752078,1.6709117889404297,427.753458,25699,74774009.514495,72876032,85458944,99090432,809500672,60.44540179998148,1,raw/204__rand_write_4k__r4/attempt-1
7103b0b2110d40aba7b77428e4acfee1,full,colva2,204,hdd,/dev/sdd1,/mnt/hdd4,seq_write,write,1m,1,5,1,1,time_limit,10632560640,9.90234375,60196,60.196,176632345,168.4497308731079,168.449731,10140,189572624.441519,187695104,208666624,238026752,742391808,60.546288421028294,1,raw/204__seq_write__r5/attempt-1
7103b0b2110d40aba7b77428e4acfee1,full,colva2,204,hdd,/dev/sdd1,/mnt/hdd4,rand_read_128k,randread,128k,1,5,1,1,time_limit,2577793024,2.4007568359375,60140,60.14,42863202,40.87753486633301,327.020286,19667,97785130.876748,54263808,337641472,557842432,901775360,60.44645222800318,1,raw/204__rand_read_128k__r5/attempt-1
7103b0b2110d40aba7b77428e4acfee1,full,colva2,204,hdd,/dev/sdd1,/mnt/hdd4,rand_read_4k,randread,4k,1,5,1,1,time_limit,110264320,0.102691650390625,60122,60.122,1834009,1.7490472793579102,447.756229,26920,71424541.764896,43253760,233832448,387973120,608174080,60.444774026982486,1,raw/204__rand_read_4k__r5/attempt-1
7103b0b2110d40aba7b77428e4acfee1,full,colva2,204,hdd,/dev/sdd1,/mnt/hdd4,rand_write_4k,randwrite,4k,1,5,1,1,time_limit,105623552,0.09836959838867188,60389,60.389,1749052,1.6680259704589844,427.014854,25787,74904540.33544,72876032,84410368,91750400,708837376,60.745446770917624,1,raw/204__rand_write_4k__r5/attempt-1
7103b0b2110d40aba7b77428e4acfee1,full,colva2,204,hdd,/dev/sdd1,/mnt/hdd4,seq_read,read,1m,1,5,1,1,time_limit,10539237376,9.8154296875,60192,60.192,175093656,166.9823226928711,166.982323,10051,191428697.169336,189792256,198180864,221249536,1837105152,60.54597041301895,1,raw/204__seq_read__r5/attempt-1
7103b0b2110d40aba7b77428e4acfee1,full,colva2,203,hdd,/dev/sdc1,/mnt/hdd3,rand_read_128k,randread,128k,1,1,1,1,time_limit,2606497792,2.427490234375,60127,60.127,43349872,41.34165954589844,330.733281,19886,96690548.287439,56360960,325058560,522190848,801112064,60.49693764105905,1,raw/203__rand_read_128k__r1/attempt-1
7103b0b2110d40aba7b77428e4acfee1,full,colva2,203,hdd,/dev/sdc1,/mnt/hdd3,rand_read_4k,randread,4k,1,1,1,1,time_limit,110841856,0.10322952270507812,60124,60.124,1843554,1.7581501007080078,450.086488,27061,71054618.497801,43253760,233832448,383778816,574619648,60.443345813895576,1,raw/203__rand_read_4k__r1/attempt-1
7103b0b2110d40aba7b77428e4acfee1,full,colva2,203,hdd,/dev/sdc1,/mnt/hdd3,rand_write_4k,randwrite,4k,1,1,1,1,time_limit,105115648,0.09789657592773438,60275,60.275,1743934,1.6631450653076172,425.765243,25663,75126683.54148,72876032,86507520,94896128,717225984,60.59751306800172,1,raw/203__rand_write_4k__r1/attempt-1
7103b0b2110d40aba7b77428e4acfee1,full,colva2,203,hdd,/dev/sdc1,/mnt/hdd3,seq_read,read,1m,1,1,1,1,time_limit,10463739904,9.7451171875,60186,60.186,173856709,165.80267810821533,165.802678,9979,192837616.70518,191889408,196083712,219152384,1904214016,60.547185997013,1,raw/203__seq_read__r1/attempt-1
7103b0b2110d40aba7b77428e4acfee1,full,colva2,203,hdd,/dev/sdc1,/mnt/hdd3,seq_write,write,1m,1,1,1,1,time_limit,10563354624,9.837890625,60201,60.201,175468092,167.33941268920898,167.339413,10074,190977727.360732,191889408,212860928,214958080,708837376,60.5466523290379,1,raw/203__seq_write__r1/attempt-1
7103b0b2110d40aba7b77428e4acfee1,full,colva2,203,hdd,/dev/sdc1,/mnt/hdd3,rand_read_4k,randread,4k,1,2,1,1,time_limit,109764608,0.10222625732421875,60118,60.118,1825819,1.741236686706543,445.756679,26798,71745639.840175,42729472,235929600,392167424,624951296,60.44485760608222,1,raw/203__rand_read_4k__r2/attempt-1
7103b0b2110d40aba7b77428e4acfee1,full,colva2,203,hdd,/dev/sdc1,/mnt/hdd3,rand_write_4k,randwrite,4k,1,2,1,1,time_limit,105037824,0.0978240966796875,60073,60.073,1748503,1.6675024032592773,426.880629,25644,74927011.972002,72876032,86507520,111673344,700448768,60.3954793959856,1,raw/203__rand_write_4k__r2/attempt-1
7103b0b2110d40aba7b77428e4acfee1,full,colva2,203,hdd,/dev/sdc1,/mnt/hdd3,seq_read,read,1m,1,2,1,1,time_limit,10405019648,9.6904296875,60184,60.184,172886807,164.87770748138428,164.877708,9923,193857689.827572,193986560,196083712,212860928,517996544,60.541912956978194,1,raw/203__seq_read__r2/attempt-1
7103b0b2110d40aba7b77428e4acfee1,full,colva2,203,hdd,/dev/sdc1,/mnt/hdd3,seq_write,write,1m,1,2,1,1,time_limit,10542383104,9.818359375,60174,60.174,175198309,167.08212757110596,167.082128,10054,191163849.598767,191889408,214958080,238026752,725614592,60.54634512402117,1,raw/203__seq_write__r2/attempt-1
7103b0b2110d40aba7b77428e4acfee1,full,colva2,203,hdd,/dev/sdc1,/mnt/hdd3,rand_read_128k,randread,128k,1,2,1,1,time_limit,2600075264,2.4215087890625,60134,60.134,43238022,41.2349910736084,329.879935,19837,96939537.870242,53215232,337641472,557842432,935329792,60.48671558802016,1,raw/203__rand_read_128k__r2/attempt-1
7103b0b2110d40aba7b77428e4acfee1,full,colva2,203,hdd,/dev/sdc1,/mnt/hdd3,rand_write_4k,randwrite,4k,1,3,1,1,time_limit,105586688,0.09833526611328125,60079,60.079,1757464,1.6760482788085938,429.068393,25778,74542495.052409,72876032,84410368,108527616,775946240,60.393405267968774,1,raw/203__rand_write_4k__r3/attempt-1
7103b0b2110d40aba7b77428e4acfee1,full,colva2,203,hdd,/dev/sdc1,/mnt/hdd3,seq_read,read,1m,1,3,1,1,time_limit,10410262528,9.6953125,60184,60.184,172973922,164.960786819458,164.960787,9928,193784180.945909,191889408,198180864,229638144,1920991232,60.54359356709756,1,raw/203__seq_read__r3/attempt-1
7103b0b2110d40aba7b77428e4acfee1,full,colva2,203,hdd,/dev/sdc1,/mnt/hdd3,seq_write,write,1m,1,3,1,1,time_limit,10540285952,9.81640625,60190,60.19,175116895,167.00448513031006,167.004486,10052,191249898.75975,191889408,212860928,238026752,708837376,60.5474268370308,1,raw/203__seq_write__r3/attempt-1
7103b0b2110d40aba7b77428e4acfee1,full,colva2,203,hdd,/dev/sdc1,/mnt/hdd3,rand_read_128k,randread,128k,1,3,1,1,time_limit,2604007424,2.4251708984375,60138,60.138,43300532,41.29460525512695,330.356846,19867,96799388.288368,53739520,337641472,549453824,859832320,60.4960221479414,1,raw/203__rand_read_128k__r3/attempt-1
7103b0b2110d40aba7b77428e4acfee1,full,colva2,203,hdd,/dev/sdc1,/mnt/hdd3,rand_read_4k,randread,4k,1,3,1,1,time_limit,110768128,0.10316085815429688,60108,60.108,1842818,1.7574481964111328,449.906834,27043,71081668.978552,42205184,233832448,383778816,583008256,60.44445760198869,1,raw/203__rand_read_4k__r3/attempt-1
7103b0b2110d40aba7b77428e4acfee1,full,colva2,203,hdd,/dev/sdc1,/mnt/hdd3,seq_read,read,1m,1,4,1,1,time_limit,10458497024,9.740234375,60186,60.186,173769597,165.71960163116455,165.719603,9974,192944744.553539,193986560,196083712,221249536,346030080,60.54619701800402,1,raw/203__seq_read__r4/attempt-1
7103b0b2110d40aba7b77428e4acfee1,full,colva2,203,hdd,/dev/sdc1,/mnt/hdd3,seq_write,write,1m,1,4,1,1,time_limit,10486808576,9.7666015625,60196,60.196,174211053,166.140606880188,166.140607,10001,192131717.552645,191889408,212860928,337641472,876609536,60.54660076892469,1,raw/203__seq_write__r4/attempt-1
7103b0b2110d40aba7b77428e4acfee1,full,colva2,203,hdd,/dev/sdc1,/mnt/hdd3,rand_read_128k,randread,128k,1,4,1,1,time_limit,2616983552,2.437255859375,60147,60.147,43509793,41.49417209625244,331.953381,19966,96332972.586547,54263808,329252864,541065216,876609536,60.48581841692794,1,raw/203__rand_read_128k__r4/attempt-1
7103b0b2110d40aba7b77428e4acfee1,full,colva2,203,hdd,/dev/sdc1,/mnt/hdd3,rand_read_4k,randread,4k,1,4,1,1,time_limit,110608384,0.1030120849609375,60111,60.111,1840068,1.7548255920410156,449.235581,27004,71190441.543141,42729472,231735296,379584512,633339904,60.4421811059583,1,raw/203__rand_read_4k__r4/attempt-1
7103b0b2110d40aba7b77428e4acfee1,full,colva2,203,hdd,/dev/sdc1,/mnt/hdd3,rand_write_4k,randwrite,4k,1,4,1,1,time_limit,106078208,0.09879302978515625,60075,60.075,1765762,1.6839618682861328,431.094465,25898,74192284.856785,72876032,84410368,105381888,725614592,60.44477202591952,1,raw/203__rand_write_4k__r4/attempt-1
7103b0b2110d40aba7b77428e4acfee1,full,colva2,203,hdd,/dev/sdc1,/mnt/hdd3,seq_write,write,1m,1,5,1,1,time_limit,10505682944,9.7841796875,60170,60.17,174600015,166.511549949646,166.511551,10019,191794021.084939,191889408,212860928,312475648,734003200,60.5463808379136,1,raw/203__seq_write__r5/attempt-1
7103b0b2110d40aba7b77428e4acfee1,full,colva2,203,hdd,/dev/sdc1,/mnt/hdd3,rand_read_128k,randread,128k,1,5,1,1,time_limit,2615803904,2.4361572265625,60122,60.122,43508264,41.492713928222656,331.941719,19957,96336316.859398,54788096,325058560,541065216,834666496,60.44418015202973,1,raw/203__rand_read_128k__r5/attempt-1
7103b0b2110d40aba7b77428e4acfee1,full,colva2,203,hdd,/dev/sdc1,/mnt/hdd3,rand_read_4k,randread,4k,1,5,1,1,time_limit,111263744,0.1036224365234375,60117,60.117,1850786,1.7650470733642578,451.852222,27164,70776425.921882,41680896,233832448,396361728,616562688,60.4451268450357,1,raw/203__rand_read_4k__r5/attempt-1
7103b0b2110d40aba7b77428e4acfee1,full,colva2,203,hdd,/dev/sdc1,/mnt/hdd3,rand_write_4k,randwrite,4k,1,5,1,1,time_limit,105484288,0.09823989868164062,60068,60.068,1756081,1.674729347229004,428.730772,25753,74601637.838272,72876032,86507520,101187584,742391808,60.39116521098185,1,raw/203__rand_write_4k__r5/attempt-1
7103b0b2110d40aba7b77428e4acfee1,full,colva2,203,hdd,/dev/sdc1,/mnt/hdd3,seq_read,read,1m,1,5,1,1,time_limit,10410262528,9.6953125,60187,60.187,172965300,164.95256423950195,164.952565,9928,193809932.747682,189792256,198180864,278921216,2105540608,60.54626566800289,1,raw/203__seq_read__r5/attempt-1
7103b0b2110d40aba7b77428e4acfee1,full,colva2,205,nvme,/dev/nvme1n1p1,/mnt/nvme1,rand_read_128k,randread,128k,1,1,1,1,byte_limit,10737418240,10.0,1908,1.908,5627577693,5366.876309394836,42935.010482,81920,736766.01123,432128,2375680,3325952,4145152,2.2660762059967965,1,raw/205__rand_read_128k__r1/attempt-1
7103b0b2110d40aba7b77428e4acfee1,full,colva2,205,nvme,/dev/nvme1n1p1,/mnt/nvme1,rand_read_4k,randread,4k,1,1,1,1,byte_limit,10737418240,10.0,4753,4.753,2259082314,2154.4287815093994,551533.768146,2621440,56531.39549,52480,82432,104960,140288,5.065611711004749,1,raw/205__rand_read_4k__r1/attempt-1
7103b0b2110d40aba7b77428e4acfee1,full,colva2,205,nvme,/dev/nvme1n1p1,/mnt/nvme1,rand_write_4k,randwrite,4k,1,1,1,1,byte_limit,10737418240,10.0,7472,7.472,1437020642,1370.4496784210205,350835.117773,2621440,88785.015708,86528,99840,119296,346112,7.816812661010772,1,raw/205__rand_write_4k__r1/attempt-1
7103b0b2110d40aba7b77428e4acfee1,full,colva2,205,nvme,/dev/nvme1n1p1,/mnt/nvme1,seq_read,read,1m,1,1,1,1,byte_limit,10737418240,10.0,4629,4.629,2319597805,2212.140851020813,2212.140851,10240,14364211.796386998,14352384,14483456,14614528,23199744,4.969145274953917,1,raw/205__seq_read__r1/attempt-1
7103b0b2110d40aba7b77428e4acfee1,full,colva2,205,nvme,/dev/nvme1n1p1,/mnt/nvme1,seq_write,write,1m,1,1,1,1,byte_limit,10737418240,10.0,2199,2.199,4882864138,4656.662118911743,4656.662119,10240,6786953.466016,6586368,6717440,11599872,15663104,2.5672859150217846,1,raw/205__seq_write__r1/attempt-1
7103b0b2110d40aba7b77428e4acfee1,full,colva2,205,nvme,/dev/nvme1n1p1,/mnt/nvme1,rand_read_4k,randread,4k,1,2,1,1,byte_limit,10737418240,10.0,4772,4.772,2250087644,2145.8507957458496,549337.803856,2621440,56765.683791,52480,82432,105984,276480,5.115623516961932,1,raw/205__rand_read_4k__r2/attempt-1
7103b0b2110d40aba7b77428e4acfee1,full,colva2,205,nvme,/dev/nvme1n1p1,/mnt/nvme1,rand_write_4k,randwrite,4k,1,2,1,1,byte_limit,10737418240,10.0,7385,7.385,1453949660,1386.5944480895996,354968.178741,2621440,87739.355657,85504,97792,113152,242688,7.716659870930016,1,raw/205__rand_write_4k__r2/attempt-1
7103b0b2110d40aba7b77428e4acfee1,full,colva2,205,nvme,/dev/nvme1n1p1,/mnt/nvme1,seq_read,read,1m,1,2,1,1,byte_limit,10737418240,10.0,4628,4.628,2320099014,2212.6188411712646,2212.618842,10240,14355048.303418,14352384,14483456,14614528,23199744,4.968866707989946,1,raw/205__seq_read__r2/attempt-1
7103b0b2110d40aba7b77428e4acfee1,full,colva2,205,nvme,/dev/nvme1n1p1,/mnt/nvme1,seq_write,write,1m,1,2,1,1,byte_limit,10737418240,10.0,2203,2.203,4873998293,4648.206990242004,4648.20699,10240,6799640.897265999,6586368,7176192,11468800,17432576,2.56694140098989,1,raw/205__seq_write__r2/attempt-1
7103b0b2110d40aba7b77428e4acfee1,full,colva2,205,nvme,/dev/nvme1n1p1,/mnt/nvme1,rand_read_128k,randread,128k,1,2,1,1,byte_limit,10737418240,10.0,1895,1.895,5666183767,5403.6939306259155,43229.551451,81920,730482.24115,460800,2408448,3358720,4227072,2.215721328975633,1,raw/205__rand_read_128k__r2/attempt-1
7103b0b2110d40aba7b77428e4acfee1,full,colva2,205,nvme,/dev/nvme1n1p1,/mnt/nvme1,rand_write_4k,randwrite,4k,1,3,1,1,byte_limit,10737418240,10.0,7423,7.423,1446506566,1379.4961605072021,353151.017109,2621440,88188.557996,85504,99840,118272,242688,7.767210002988577,1,raw/205__rand_write_4k__r3/attempt-1
7103b0b2110d40aba7b77428e4acfee1,full,colva2,205,nvme,/dev/nvme1n1p1,/mnt/nvme1,seq_read,read,1m,1,3,1,1,byte_limit,10737418240,10.0,4627,4.627,2320600440,2213.097038269043,2213.097039,10240,14353134.869922,14352384,14483456,14614528,23199744,4.967315791989677,1,raw/205__seq_read__r3/attempt-1
7103b0b2110d40aba7b77428e4acfee1,full,colva2,205,nvme,/dev/nvme1n1p1,/mnt/nvme1,seq_write,write,1m,1,3,1,1,byte_limit,10737418240,10.0,2197,2.197,4887309167,4660.901228904724,4660.901229,10240,6778126.282617,6651904,6914048,10944512,12648448,2.566724229021929,1,raw/205__seq_write__r3/attempt-1
7103b0b2110d40aba7b77428e4acfee1,full,colva2,205,nvme,/dev/nvme1n1p1,/mnt/nvme1,rand_read_128k,randread,128k,1,3,1,1,byte_limit,10737418240,10.0,1895,1.895,5666183767,5403.6939306259155,43229.551451,81920,731494.307092,452608,2408448,3293184,4079616,2.215862828074023,1,raw/205__rand_read_128k__r3/attempt-1
7103b0b2110d40aba7b77428e4acfee1,full,colva2,205,nvme,/dev/nvme1n1p1,/mnt/nvme1,rand_read_4k,randread,4k,1,3,1,1,byte_limit,10737418240,10.0,4760,4.76,2255760134,2151.260503768921,550722.689076,2621440,56612.083624,52480,82432,104960,138240,5.065789763000794,1,raw/205__rand_read_4k__r3/attempt-1
7103b0b2110d40aba7b77428e4acfee1,full,colva2,205,nvme,/dev/nvme1n1p1,/mnt/nvme1,seq_read,read,1m,1,4,1,1,byte_limit,10737418240,10.0,1640,1.64,6547206243,6243.902438163757,6243.902439,10240,5050099.56582,5013504,5275648,5406720,7700480,1.9662973140366375,1,raw/205__seq_read__r4/attempt-1
7103b0b2110d40aba7b77428e4acfee1,full,colva2,205,nvme,/dev/nvme1n1p1,/mnt/nvme1,seq_write,write,1m,1,4,1,1,byte_limit,10737418240,10.0,2184,2.184,4916400293,4688.644688606262,4688.644689,10240,6740770.920215,6586368,6782976,10813440,13172736,2.5662058260058984,1,raw/205__seq_write__r4/attempt-1
7103b0b2110d40aba7b77428e4acfee1,full,colva2,205,nvme,/dev/nvme1n1p1,/mnt/nvme1,rand_read_128k,randread,128k,1,4,1,1,byte_limit,10737418240,10.0,1905,1.905,5636440020,5375.32808303833,43002.624672,81920,734315.439551,448512,2441216,3358720,4145152,2.2657733330270275,1,raw/205__rand_read_128k__r4/attempt-1
7103b0b2110d40aba7b77428e4acfee1,full,colva2,205,nvme,/dev/nvme1n1p1,/mnt/nvme1,rand_read_4k,randread,4k,1,4,1,1,byte_limit,10737418240,10.0,4748,4.748,2261461297,2156.6975564956665,552114.574558,2621440,56467.484125,52480,82432,104960,142336,5.065448992070742,1,raw/205__rand_read_4k__r4/attempt-1
7103b0b2110d40aba7b77428e4acfee1,full,colva2,205,nvme,/dev/nvme1n1p1,/mnt/nvme1,rand_write_4k,randwrite,4k,1,4,1,1,byte_limit,10737418240,10.0,7397,7.397,1451590947,1384.345004081726,354392.321211,2621440,87878.783556,86528,98816,112128,168960,7.716721024014987,1,raw/205__rand_write_4k__r4/attempt-1
7103b0b2110d40aba7b77428e4acfee1,full,colva2,205,nvme,/dev/nvme1n1p1,/mnt/nvme1,seq_write,write,1m,1,5,1,1,byte_limit,10737418240,10.0,2189,2.189,4905170507,4677.935130119324,4677.93513,10240,6759613.346777001,6586368,7372800,10944512,13828096,2.567101373919286,1,raw/205__seq_write__r5/attempt-1
7103b0b2110d40aba7b77428e4acfee1,full,colva2,205,nvme,/dev/nvme1n1p1,/mnt/nvme1,rand_read_128k,randread,128k,1,5,1,1,byte_limit,10737418240,10.0,1909,1.909,5624629774,5364.06495475769,42912.519644,81920,736829.799512,415744,2572288,3424256,4145152,2.265562352957204,1,raw/205__rand_read_128k__r5/attempt-1
7103b0b2110d40aba7b77428e4acfee1,full,colva2,205,nvme,/dev/nvme1n1p1,/mnt/nvme1,rand_read_4k,randread,4k,1,5,1,1,byte_limit,10737418240,10.0,4749,4.749,2260985100,2156.243419647217,551998.315435,2621440,56483.617082,51968,82432,104960,156672,5.065583121962845,1,raw/205__rand_read_4k__r5/attempt-1
7103b0b2110d40aba7b77428e4acfee1,full,colva2,205,nvme,/dev/nvme1n1p1,/mnt/nvme1,rand_write_4k,randwrite,4k,1,5,1,1,byte_limit,10737418240,10.0,7407,7.407,1449631192,1382.4760360717773,353913.865263,2621440,87988.598059,85504,98816,117248,209920,7.767254840000533,1,raw/205__rand_write_4k__r5/attempt-1
7103b0b2110d40aba7b77428e4acfee1,full,colva2,205,nvme,/dev/nvme1n1p1,/mnt/nvme1,seq_read,read,1m,1,5,1,1,byte_limit,10737418240,10.0,4630,4.63,2319096812,2211.6630668640137,2211.663067,10240,14354827.165039,14352384,14483456,14614528,23461888,4.9688793160021305,1,raw/205__seq_read__r5/attempt-1
7103b0b2110d40aba7b77428e4acfee1,full,colva2,206,nvme,/dev/nvme2n1p1,/mnt/nvme2,rand_read_128k,randread,128k,1,1,1,1,byte_limit,10737418240,10.0,1908,1.908,5627577693,5366.876309394836,42935.010482,81920,736589.240027,423936,2441216,3293184,4177920,2.2657641739351675,1,raw/206__rand_read_128k__r1/attempt-1
7103b0b2110d40aba7b77428e4acfee1,full,colva2,206,nvme,/dev/nvme2n1p1,/mnt/nvme2,rand_read_4k,randread,4k,1,1,1,1,byte_limit,10737418240,10.0,4732,4.732,2269107827,2163.9898557662964,553981.403212,2621440,56288.61675999999,51968,82432,104960,140288,5.116200628923252,1,raw/206__rand_read_4k__r1/attempt-1
7103b0b2110d40aba7b77428e4acfee1,full,colva2,206,nvme,/dev/nvme2n1p1,/mnt/nvme2,rand_write_4k,randwrite,4k,1,1,1,1,byte_limit,10737418240,10.0,7358,7.358,1459284892,1391.6825218200684,356270.725741,2621440,87417.176745,85504,97792,114176,173056,7.7166737540392205,1,raw/206__rand_write_4k__r1/attempt-1
7103b0b2110d40aba7b77428e4acfee1,full,colva2,206,nvme,/dev/nvme2n1p1,/mnt/nvme2,seq_read,read,1m,1,1,1,1,byte_limit,10737418240,10.0,4629,4.629,2319597805,2212.140851020813,2212.140851,10240,14367825.937792998,14352384,14483456,14614528,23199744,4.968919474980794,1,raw/206__seq_read__r1/attempt-1
7103b0b2110d40aba7b77428e4acfee1,full,colva2,206,nvme,/dev/nvme2n1p1,/mnt/nvme2,seq_write,write,1m,1,1,1,1,byte_limit,10737418240,10.0,2193,2.193,4896223547,4669.40264415741,4669.402645,10240,6762529.618164,6586368,7176192,10944512,12648448,2.566358231008053,1,raw/206__seq_write__r1/attempt-1
7103b0b2110d40aba7b77428e4acfee1,full,colva2,206,nvme,/dev/nvme2n1p1,/mnt/nvme2,rand_read_4k,randread,4k,1,2,1,1,byte_limit,10737418240,10.0,4734,4.734,2268149184,2163.0756225585938,553747.359527,2621440,56313.034535,51968,82432,104960,146432,5.065721806022339,1,raw/206__rand_read_4k__r2/attempt-1
7103b0b2110d40aba7b77428e4acfee1,full,colva2,206,nvme,/dev/nvme2n1p1,/mnt/nvme2,rand_write_4k,randwrite,4k,1,2,1,1,byte_limit,10737418240,10.0,7357,7.357,1459483245,1391.8716859817505,356319.151828,2621440,87410.940963,85504,97792,113152,189440,7.716568158008158,1,raw/206__rand_write_4k__r2/attempt-1
7103b0b2110d40aba7b77428e4acfee1,full,colva2,206,nvme,/dev/nvme2n1p1,/mnt/nvme2,seq_read,read,1m,1,2,1,1,byte_limit,10737418240,10.0,4628,4.628,2320099014,2212.6188411712646,2212.618842,10240,14342695.749219,14352384,14483456,14614528,23199744,4.968551670899615,1,raw/206__seq_read__r2/attempt-1
7103b0b2110d40aba7b77428e4acfee1,full,colva2,206,nvme,/dev/nvme2n1p1,/mnt/nvme2,seq_write,write,1m,1,2,1,1,byte_limit,10737418240,10.0,2193,2.193,4896223547,4669.40264415741,4669.402645,10240,6772320.376953,6586368,7045120,11206656,12910592,2.565827526967041,1,raw/206__seq_write__r2/attempt-1
7103b0b2110d40aba7b77428e4acfee1,full,colva2,206,nvme,/dev/nvme2n1p1,/mnt/nvme2,rand_read_128k,randread,128k,1,2,1,1,byte_limit,10737418240,10.0,1894,1.894,5669175417,5406.546990394592,43252.375924,81920,729669.187256,460800,2342912,3325952,4112384,2.215072861057706,1,raw/206__rand_read_128k__r2/attempt-1
7103b0b2110d40aba7b77428e4acfee1,full,colva2,206,nvme,/dev/nvme2n1p1,/mnt/nvme2,rand_write_4k,randwrite,4k,1,3,1,1,byte_limit,10737418240,10.0,7429,7.429,1445338301,1378.3820161819458,352865.796204,2621440,88274.780366,85504,100864,126464,254976,7.767162811011076,1,raw/206__rand_write_4k__r3/attempt-1
7103b0b2110d40aba7b77428e4acfee1,full,colva2,206,nvme,/dev/nvme2n1p1,/mnt/nvme2,seq_read,read,1m,1,3,1,1,byte_limit,10737418240,10.0,4628,4.628,2320099014,2212.6188411712646,2212.618842,10240,14350211.509276997,14352384,14483456,14614528,23199744,4.968315019039437,1,raw/206__seq_read__r3/attempt-1
7103b0b2110d40aba7b77428e4acfee1,full,colva2,206,nvme,/dev/nvme2n1p1,/mnt/nvme2,seq_write,write,1m,1,3,1,1,byte_limit,10737418240,10.0,2187,2.187,4909656259,4682.213076591492,4682.213077,10240,6750522.807616999,6586368,7110656,10944512,12648448,2.566254249890335,1,raw/206__seq_write__r3/attempt-1
7103b0b2110d40aba7b77428e4acfee1,full,colva2,206,nvme,/dev/nvme2n1p1,/mnt/nvme2,rand_read_128k,randread,128k,1,3,1,1,byte_limit,10737418240,10.0,1897,1.897,5660209931,5397.9968366622925,43183.974697,81920,732278.627197,456704,2375680,3260416,4014080,2.265476915985346,1,raw/206__rand_read_128k__r3/attempt-1
7103b0b2110d40aba7b77428e4acfee1,full,colva2,206,nvme,/dev/nvme2n1p1,/mnt/nvme2,rand_read_4k,randread,4k,1,3,1,1,byte_limit,10737418240,10.0,4735,4.735,2267670166,2162.6187953948975,553630.411827,2621440,56320.787029,51968,81408,103936,138240,5.065385940019041,1,raw/206__rand_read_4k__r3/attempt-1
7103b0b2110d40aba7b77428e4acfee1,full,colva2,206,nvme,/dev/nvme2n1p1,/mnt/nvme2,seq_read,read,1m,1,4,1,1,byte_limit,10737418240,10.0,1642,1.642,6539231571,6236.297198295593,6236.297199,10240,5055611.119922,5013504,5275648,5406720,7766016,1.9673584300326183,1,raw/206__seq_read__r4/attempt-1
7103b0b2110d40aba7b77428e4acfee1,full,colva2,206,nvme,/dev/nvme2n1p1,/mnt/nvme2,seq_write,write,1m,1,4,1,1,byte_limit,10737418240,10.0,2188,2.188,4907412358,4680.073125839233,4680.073126,10240,6751884.722559,6586368,6782976,12386304,15007744,2.567613527062349,1,raw/206__seq_write__r4/attempt-1
7103b0b2110d40aba7b77428e4acfee1,full,colva2,206,nvme,/dev/nvme2n1p1,/mnt/nvme2,rand_read_128k,randread,128k,1,4,1,1,byte_limit,10737418240,10.0,1906,1.906,5633482812,5372.507869720459,42980.062959,81920,735273.425037,452608,2441216,3358720,4079616,2.2155789169482887,1,raw/206__rand_read_128k__r4/attempt-1
7103b0b2110d40aba7b77428e4acfee1,full,colva2,206,nvme,/dev/nvme2n1p1,/mnt/nvme2,rand_read_4k,randread,4k,1,4,1,1,byte_limit,10737418240,10.0,4760,4.76,2255760134,2151.260503768921,550722.689076,2621440,56617.833288,52480,82432,104960,138240,5.115476835984737,1,raw/206__rand_read_4k__r4/attempt-1
7103b0b2110d40aba7b77428e4acfee1,full,colva2,206,nvme,/dev/nvme2n1p1,/mnt/nvme2,rand_write_4k,randwrite,4k,1,4,1,1,byte_limit,10737418240,10.0,7399,7.399,1451198572,1383.9708061218262,354296.526558,2621440,87907.271058,85504,99840,117248,191488,7.716692478978075,1,raw/206__rand_write_4k__r4/attempt-1
7103b0b2110d40aba7b77428e4acfee1,full,colva2,206,nvme,/dev/nvme2n1p1,/mnt/nvme2,seq_write,write,1m,1,5,1,1,byte_limit,10737418240,10.0,2188,2.188,4907412358,4680.073125839233,4680.073126,10240,6750004.413574,6586368,6651904,11075584,13172736,2.5167603419395164,1,raw/206__seq_write__r5/attempt-1
7103b0b2110d40aba7b77428e4acfee1,full,colva2,206,nvme,/dev/nvme2n1p1,/mnt/nvme2,rand_read_128k,randread,128k,1,5,1,1,byte_limit,10737418240,10.0,1909,1.909,5624629774,5364.06495475769,42912.519644,81920,735736.041772,419840,2506752,3358720,4079616,2.2669898479944095,1,raw/206__rand_read_128k__r5/attempt-1
7103b0b2110d40aba7b77428e4acfee1,full,colva2,206,nvme,/dev/nvme2n1p1,/mnt/nvme2,rand_read_4k,randread,4k,1,5,1,1,byte_limit,10737418240,10.0,4731,4.731,2269587452,2164.4472618103027,554098.49926,2621440,56282.396797,51968,82432,104960,138240,5.065697244019248,1,raw/206__rand_read_4k__r5/attempt-1
7103b0b2110d40aba7b77428e4acfee1,full,colva2,206,nvme,/dev/nvme2n1p1,/mnt/nvme2,rand_write_4k,randwrite,4k,1,5,1,1,byte_limit,10737418240,10.0,7391,7.391,1452769346,1385.4688129425049,354680.016236,2621440,87807.548157,86528,97792,112128,160768,7.7664335250156,1,raw/206__rand_write_4k__r5/attempt-1
7103b0b2110d40aba7b77428e4acfee1,full,colva2,206,nvme,/dev/nvme2n1p1,/mnt/nvme2,seq_read,read,1m,1,5,1,1,byte_limit,10737418240,10.0,4627,4.627,2320600440,2213.097038269043,2213.097039,10240,14343401.60127,14352384,14483456,14614528,23199744,4.969294081092812,1,raw/206__seq_read__r5/attempt-1
7103b0b2110d40aba7b77428e4acfee1,full,colva2,201,hdd,/dev/sda1,/mnt/hdd1,rand_read_128k,randread,128k,1,1,1,1,time_limit,2582773760,2.4053955078125,60137,60.137,42948164,40.958560943603516,327.66849,19705,97591774.118752,54788096,341835776,541065216,817889280,60.49597663292661,1,raw/201__rand_read_128k__r1/attempt-1
7103b0b2110d40aba7b77428e4acfee1,full,colva2,201,hdd,/dev/sda1,/mnt/hdd1,rand_read_4k,randread,4k,1,1,1,1,time_limit,109563904,0.10203933715820312,60136,60.136,1821935,1.737532615661621,444.808434,26749,71895083.51157,42729472,240123904,396361728,599785472,60.495814876048826,1,raw/201__rand_read_4k__r1/attempt-1
7103b0b2110d40aba7b77428e4acfee1,full,colva2,201,hdd,/dev/sda1,/mnt/hdd1,rand_write_4k,randwrite,4k,1,1,1,1,time_limit,106229760,0.09893417358398438,60074,60.074,1768315,1.686396598815918,431.717548,25935,74083960.285791,71827456,86507520,102236160,742391808,60.39419189700857,1,raw/201__rand_write_4k__r1/attempt-1
7103b0b2110d40aba7b77428e4acfee1,full,colva2,201,hdd,/dev/sda1,/mnt/hdd1,seq_read,read,1m,1,1,1,1,time_limit,10402922496,9.6884765625,60195,60.195,172820375,164.81435298919678,164.814353,9921,193986813.544199,191889408,200278016,256901120,1820327936,60.54415441292804,1,raw/201__seq_read__r1/attempt-1
7103b0b2110d40aba7b77428e4acfee1,full,colva2,201,hdd,/dev/sda1,/mnt/hdd1,seq_write,write,1m,1,1,1,1,time_limit,10524557312,9.8017578125,60173,60.173,174904979,166.8023862838745,166.802386,10037,191479798.538109,189792256,212860928,242221056,750780416,60.54482927208301,1,raw/201__seq_write__r1/attempt-1
7103b0b2110d40aba7b77428e4acfee1,full,colva2,201,hdd,/dev/sda1,/mnt/hdd1,rand_read_4k,randread,4k,1,2,1,1,time_limit,108605440,0.10114669799804688,60098,60.098,1807139,1.7234220504760742,441.196046,26515,72490917.703752,43778048,233832448,375390208,616562688,60.4459131519543,1,raw/201__rand_read_4k__r2/attempt-1
7103b0b2110d40aba7b77428e4acfee1,full,colva2,201,hdd,/dev/sda1,/mnt/hdd1,rand_write_4k,randwrite,4k,1,2,1,1,time_limit,106909696,0.09956741333007812,60088,60.088,1779218,1.6967945098876953,434.379577,26101,73633000.964177,71827456,85458944,95944704,717225984,60.39523518097121,1,raw/201__rand_write_4k__r2/attempt-1
7103b0b2110d40aba7b77428e4acfee1,full,colva2,201,hdd,/dev/sda1,/mnt/hdd1,seq_read,read,1m,1,2,1,1,time_limit,10101981184,9.408203125,60188,60.188,167840452,160.06512832641602,160.065129,9634,199741469.643865,191889408,200278016,876609536,1920991232,60.54479697602801,1,raw/201__seq_read__r2/attempt-1
7103b0b2110d40aba7b77428e4acfee1,full,colva2,201,hdd,/dev/sda1,/mnt/hdd1,seq_write,write,1m,1,2,1,1,time_limit,10522460160,9.7998046875,60203,60.203,174782986,166.68604469299316,166.686046,10035,191616097.810663,189792256,210763776,261095424,742391808,60.545696904999204,1,raw/201__seq_write__r2/attempt-1
7103b0b2110d40aba7b77428e4acfee1,full,colva2,201,hdd,/dev/sda1,/mnt/hdd1,rand_read_128k,randread,128k,1,2,1,1,time_limit,2589851648,2.4119873046875,60120,60.12,43078038,41.08241844177246,328.659348,19759,97297283.368339,53739520,333447168,541065216,843055104,60.493810235057026,1,raw/201__rand_read_128k__r2/attempt-1
7103b0b2110d40aba7b77428e4acfee1,full,colva2,201,hdd,/dev/sda1,/mnt/hdd1,rand_write_4k,randwrite,4k,1,3,1,1,time_limit,107417600,0.10004043579101562,60067,60.067,1788296,1.7054519653320312,436.595801,26225,73261327.5796,71827456,84410368,98041856,675282944,60.3953716539545,1,raw/201__rand_write_4k__r3/attempt-1
7103b0b2110d40aba7b77428e4acfee1,full,colva2,201,hdd,/dev/sda1,/mnt/hdd1,seq_read,read,1m,1,3,1,1,time_limit,9825157120,9.150390625,60195,60.195,163222146,155.66076850891113,155.660769,9370,205391993.312914,191889408,206569472,1753219072,1920991232,60.547758294967934,1,raw/201__seq_read__r3/attempt-1
7103b0b2110d40aba7b77428e4acfee1,full,colva2,201,hdd,/dev/sda1,/mnt/hdd1,seq_write,write,1m,1,3,1,1,time_limit,10449059840,9.7314453125,60211,60.211,173540712,165.5013198852539,165.50132,9965,193016077.793677,191889408,214958080,240123904,767557632,60.59502175799571,1,raw/201__seq_write__r3/attempt-1
7103b0b2110d40aba7b77428e4acfee1,full,colva2,201,hdd,/dev/sda1,/mnt/hdd1,rand_read_128k,randread,128k,1,3,1,1,time_limit,2565865472,2.3896484375,60160,60.16,42650689,40.674866676330566,325.398936,19576,98272133.829536,53739520,341835776,549453824,834666496,60.496072965092026,1,raw/201__rand_read_128k__r3/attempt-1
7103b0b2110d40aba7b77428e4acfee1,full,colva2,201,hdd,/dev/sda1,/mnt/hdd1,rand_read_4k,randread,4k,1,3,1,1,time_limit,109674496,0.102142333984375,60101,60.101,1824836,1.7402992248535156,445.516714,26776,71783103.091238,42205184,238026752,396361728,658505728,60.44462535600178,1,raw/201__rand_read_4k__r3/attempt-1
7103b0b2110d40aba7b77428e4acfee1,full,colva2,201,hdd,/dev/sda1,/mnt/hdd1,seq_read,read,1m,1,4,1,1,time_limit,10412359680,9.697265625,60191,60.191,172988647,164.9748296737671,164.97483,9930,193757841.430212,191889408,196083712,210763776,396361728,60.546226578066126,1,raw/201__seq_read__r4/attempt-1
7103b0b2110d40aba7b77428e4acfee1,full,colva2,201,hdd,/dev/sda1,/mnt/hdd1,seq_write,write,1m,1,4,1,1,time_limit,10519314432,9.796875,60175,60.175,174812038,166.7137508392334,166.713752,10032,191586250.12191,189792256,212860928,240123904,725614592,60.54631252505351,1,raw/201__seq_write__r4/attempt-1
7103b0b2110d40aba7b77428e4acfee1,full,colva2,201,hdd,/dev/sda1,/mnt/hdd1,rand_read_128k,randread,128k,1,4,1,1,time_limit,2577530880,2.4005126953125,60102,60.102,42885941,40.89922046661377,327.193771,19665,97735832.565319,54263808,333447168,557842432,876609536,60.44495583709795,1,raw/201__rand_read_128k__r4/attempt-1
7103b0b2110d40aba7b77428e4acfee1,full,colva2,201,hdd,/dev/sda1,/mnt/hdd1,rand_read_4k,randread,4k,1,4,1,1,time_limit,109817856,0.10227584838867188,60115,60.115,1826796,1.7421684265136719,445.995176,26811,71707857.364887,42205184,238026752,387973120,650117120,60.43222661293112,1,raw/201__rand_read_4k__r4/attempt-1
7103b0b2110d40aba7b77428e4acfee1,full,colva2,201,hdd,/dev/sda1,/mnt/hdd1,rand_write_4k,randwrite,4k,1,4,1,1,time_limit,106995712,0.09964752197265625,60070,60.07,1781183,1.6986684799194336,434.859331,26122,73550983.105659,71827456,84410368,99090432,767557632,60.39382792101242,1,raw/201__rand_write_4k__r4/attempt-1
7103b0b2110d40aba7b77428e4acfee1,full,colva2,201,hdd,/dev/sda1,/mnt/hdd1,seq_write,write,1m,1,5,1,1,time_limit,10484711424,9.7646484375,60199,60.199,174167534,166.0991039276123,166.099105,9999,192273453.967197,191889408,212860928,242221056,742391808,60.545102870091796,1,raw/201__seq_write__r5/attempt-1
7103b0b2110d40aba7b77428e4acfee1,full,colva2,201,hdd,/dev/sda1,/mnt/hdd1,rand_read_128k,randread,128k,1,5,1,1,time_limit,2596929536,2.4185791015625,60134,60.134,43185710,41.185102462768555,329.480826,19813,97055985.838187,54263808,333447168,557842432,876609536,60.44582500203978,1,raw/201__rand_read_128k__r5/attempt-1
7103b0b2110d40aba7b77428e4acfee1,full,colva2,201,hdd,/dev/sda1,/mnt/hdd1,rand_read_4k,randread,4k,1,5,1,1,time_limit,110108672,0.10254669189453125,60132,60.132,1831116,1.7462882995605469,447.049824,26882,71536778.045755,41680896,235929600,400556032,616562688,60.49445822602138,1,raw/201__rand_read_4k__r5/attempt-1
7103b0b2110d40aba7b77428e4acfee1,full,colva2,201,hdd,/dev/sda1,/mnt/hdd1,rand_write_4k,randwrite,4k,1,5,1,1,time_limit,106278912,0.09897994995117188,60070,60.07,1769251,1.6872892379760742,431.946063,25947,74044910.385093,71827456,87556096,115867648,666894336,60.39352725096978,1,raw/201__rand_write_4k__r5/attempt-1
7103b0b2110d40aba7b77428e4acfee1,full,colva2,201,hdd,/dev/sda1,/mnt/hdd1,seq_read,read,1m,1,5,1,1,time_limit,10342105088,9.6318359375,60195,60.195,171810035,163.8508176803589,163.850818,9863,195088055.514145,191889408,198180864,442499072,1920991232,60.54804714303464,1,raw/201__seq_read__r5/attempt-1
7103b0b2110d40aba7b77428e4acfee1,full,colva2,202,hdd,/dev/sdb1,/mnt/hdd2,rand_read_128k,randread,128k,1,1,1,1,time_limit,2546860032,2.3719482421875,60133,60.133,42353782,40.391714096069336,323.13372,19431,98963927.366887,56885248,337641472,549453824,834666496,60.44445869908668,1,raw/202__rand_read_128k__r1/attempt-1
7103b0b2110d40aba7b77428e4acfee1,full,colva2,202,hdd,/dev/sdb1,/mnt/hdd2,rand_read_4k,randread,4k,1,1,1,1,time_limit,106876928,0.09953689575195312,60118,60.118,1777785,1.6954278945922852,434.029742,26093,73682048.603725,44302336,240123904,392167424,633339904,60.444734148913994,1,raw/202__rand_read_4k__r1/attempt-1
7103b0b2110d40aba7b77428e4acfee1,full,colva2,202,hdd,/dev/sdb1,/mnt/hdd2,rand_write_4k,randwrite,4k,1,1,1,1,time_limit,104931328,0.09772491455078125,60068,60.068,1746875,1.665949821472168,426.483319,25618,74995158.057186,73924608,86507520,102236160,700448768,60.39609681197908,1,raw/202__rand_write_4k__r1/attempt-1
7103b0b2110d40aba7b77428e4acfee1,full,colva2,202,hdd,/dev/sdb1,/mnt/hdd2,seq_read,read,1m,1,1,1,1,time_limit,10483662848,9.763671875,60192,60.192,174170368,166.101806640625,166.101808,9998,192461066.668834,189792256,200278016,235929600,1518338048,60.546247654012404,1,raw/202__seq_read__r1/attempt-1
7103b0b2110d40aba7b77428e4acfee1,full,colva2,202,hdd,/dev/sdb1,/mnt/hdd2,seq_write,write,1m,1,1,1,1,time_limit,10599006208,9.87109375,60179,60.179,176124664,167.96556854248047,167.965569,10108,190162926.541255,189792256,214958080,235929600,734003200,60.54785035189707,1,raw/202__seq_write__r1/attempt-1
7103b0b2110d40aba7b77428e4acfee1,full,colva2,202,hdd,/dev/sdb1,/mnt/hdd2,rand_read_4k,randread,4k,1,2,1,1,time_limit,106336256,0.09903335571289062,60135,60.135,1768292,1.6863746643066406,431.711981,25961,74079634.628866,44302336,244318208,400556032,666894336,60.44510221492965,1,raw/202__rand_read_4k__r2/attempt-1
7103b0b2110d40aba7b77428e4acfee1,full,colva2,202,hdd,/dev/sdb1,/mnt/hdd2,rand_write_4k,randwrite,4k,1,2,1,1,time_limit,104980480,0.09777069091796875,60082,60.082,1747286,1.666341781616211,426.583669,25630,74975454.839329,72876032,86507520,106430464,767557632,60.39571263291873,1,raw/202__rand_write_4k__r2/attempt-1
7103b0b2110d40aba7b77428e4acfee1,full,colva2,202,hdd,/dev/sdb1,/mnt/hdd2,seq_read,read,1m,1,2,1,1,time_limit,10494148608,9.7734375,60191,60.191,174347470,166.27070426940918,166.270705,10008,192254245.723722,189792256,198180864,225443840,1870659584,60.54176415503025,1,raw/202__seq_read__r2/attempt-1
7103b0b2110d40aba7b77428e4acfee1,full,colva2,202,hdd,/dev/sdb1,/mnt/hdd2,seq_write,write,1m,1,2,1,1,time_limit,10559160320,9.833984375,60200,60.2,175401334,167.27574729919434,167.275748,10070,190831407.584012,189792256,212860928,350224384,868220928,60.54665929591283,1,raw/202__seq_write__r2/attempt-1
7103b0b2110d40aba7b77428e4acfee1,full,colva2,202,hdd,/dev/sdb1,/mnt/hdd2,rand_read_128k,randread,128k,1,2,1,1,time_limit,2535063552,2.3609619140625,60168,60.168,42133086,40.18124198913574,321.44994,19341,99480457.795564,55312384,346030080,566231040,868220928,60.48309656896163,1,raw/202__rand_read_128k__r2/attempt-1
7103b0b2110d40aba7b77428e4acfee1,full,colva2,202,hdd,/dev/sdb1,/mnt/hdd2,rand_write_4k,randwrite,4k,1,3,1,1,time_limit,107061248,0.09970855712890625,60068,60.068,1782334,1.6997661590576172,435.140174,26138,73503561.053982,71827456,84410368,99090432,624951296,60.39097721700091,1,raw/202__rand_write_4k__r3/attempt-1
7103b0b2110d40aba7b77428e4acfee1,full,colva2,202,hdd,/dev/sdb1,/mnt/hdd2,seq_read,read,1m,1,3,1,1,time_limit,10431234048,9.71484375,60188,60.188,173310860,165.2821159362793,165.282116,9948,193409701.941998,187695104,200278016,263192576,1920991232,60.544806724996306,1,raw/202__seq_read__r3/attempt-1
7103b0b2110d40aba7b77428e4acfee1,full,colva2,202,hdd,/dev/sdb1,/mnt/hdd2,seq_write,write,1m,1,3,1,1,time_limit,10606346240,9.8779296875,60188,60.188,176220280,168.05675506591797,168.056755,10115,190066747.69135,189792256,214958080,238026752,717225984,60.54641099704895,1,raw/202__seq_write__r3/attempt-1
7103b0b2110d40aba7b77428e4acfee1,full,colva2,202,hdd,/dev/sdb1,/mnt/hdd2,rand_read_128k,randread,128k,1,3,1,1,time_limit,2536636416,2.3624267578125,60139,60.139,42179557,40.22556018829346,321.804486,19353,99372261.343202,55312384,333447168,566231040,834666496,60.49628903798293,1,raw/202__rand_read_128k__r3/attempt-1
7103b0b2110d40aba7b77428e4acfee1,full,colva2,202,hdd,/dev/sdb1,/mnt/hdd2,rand_read_4k,randread,4k,1,3,1,1,time_limit,107683840,0.10028839111328125,60105,60.105,1791595,1.7085981369018555,437.401215,26290,73117900.226208,43778048,238026752,400556032,633339904,60.44345152901951,1,raw/202__rand_read_4k__r3/attempt-1
7103b0b2110d40aba7b77428e4acfee1,full,colva2,202,hdd,/dev/sdb1,/mnt/hdd2,seq_read,read,1m,1,4,1,1,time_limit,10531897344,9.80859375,60188,60.188,174983341,166.87711811065674,166.877118,10044,191616207.675328,191889408,198180864,204472320,325058560,60.54468822001945,1,raw/202__seq_read__r4/attempt-1
7103b0b2110d40aba7b77428e4acfee1,full,colva2,202,hdd,/dev/sdb1,/mnt/hdd2,seq_write,write,1m,1,4,1,1,time_limit,10591666176,9.8642578125,60190,60.19,175970529,167.8185739517212,167.818575,10101,190317577.389268,189792256,214958080,242221056,717225984,60.54377045901492,1,raw/202__seq_write__r4/attempt-1
7103b0b2110d40aba7b77428e4acfee1,full,colva2,202,hdd,/dev/sdb1,/mnt/hdd2,rand_read_128k,randread,128k,1,4,1,1,time_limit,2545418240,2.37060546875,60132,60.132,42330510,40.36952018737793,322.956163,19420,99016043.917611,54788096,341835776,566231040,884998144,60.4461265100399,1,raw/202__rand_read_128k__r4/attempt-1
7103b0b2110d40aba7b77428e4acfee1,full,colva2,202,hdd,/dev/sdb1,/mnt/hdd2,rand_read_4k,randread,4k,1,4,1,1,time_limit,106860544,0.09952163696289062,60106,60.106,1777868,1.6955070495605469,434.049845,26089,73680095.147725,43778048,246415360,404750336,683671552,60.445246387971565,1,raw/202__rand_read_4k__r4/attempt-1
7103b0b2110d40aba7b77428e4acfee1,full,colva2,202,hdd,/dev/sdb1,/mnt/hdd2,rand_write_4k,randwrite,4k,1,4,1,1,time_limit,105971712,0.09869384765625,60070,60.07,1764137,1.6824121475219727,430.69752,25872,74259587.611781,71827456,89653248,115867648,767557632,60.39626202301588,1,raw/202__rand_write_4k__r4/attempt-1
7103b0b2110d40aba7b77428e4acfee1,full,colva2,202,hdd,/dev/sdb1,/mnt/hdd2,seq_write,write,1m,1,5,1,1,time_limit,10535043072,9.8115234375,60200,60.2,175000715,166.89368724822998,166.893688,10047,191340211.559272,189792256,214958080,316669952,742391808,60.54543726204429,1,raw/202__seq_write__r5/attempt-1
7103b0b2110d40aba7b77428e4acfee1,full,colva2,202,hdd,/dev/sdb1,/mnt/hdd2,rand_read_128k,randread,128k,1,5,1,1,time_limit,2499411968,2.3277587890625,60123,60.123,41571644,39.645809173583984,317.166475,19069,100823898.836803,56885248,346030080,574619648,859832320,60.44485215691384,1,raw/202__rand_read_128k__r5/attempt-1
7103b0b2110d40aba7b77428e4acfee1,full,colva2,202,hdd,/dev/sdb1,/mnt/hdd2,rand_read_4k,randread,4k,1,5,1,1,time_limit,106401792,0.09909439086914062,60135,60.135,1769382,1.6874141693115234,431.978049,25977,74034654.489972,43778048,248512512,413138944,641728512,60.494256741018035,1,raw/202__rand_read_4k__r5/attempt-1
7103b0b2110d40aba7b77428e4acfee1,full,colva2,202,hdd,/dev/sdb1,/mnt/hdd2,rand_write_4k,randwrite,4k,1,5,1,1,time_limit,107188224,0.09982681274414062,60074,60.074,1784269,1.7016115188598633,435.612744,26169,73423911.025144,70778880,86507520,131596288,742391808,60.39624325197656,1,raw/202__rand_write_4k__r5/attempt-1
7103b0b2110d40aba7b77428e4acfee1,full,colva2,202,hdd,/dev/sdb1,/mnt/hdd2,seq_read,read,1m,1,5,1,1,time_limit,10392436736,9.6787109375,60184,60.184,172677733,164.67831897735596,164.67832,9911,194129091.414791,191889408,227540992,248512512,1920991232,60.495260819094256,1,raw/202__seq_read__r5/attempt-1
7103b0b2110d40aba7b77428e4acfee1,full,colva2,207,nvme,/dev/nvme3n1p1,/mnt/nvme3,rand_read_128k,randread,128k,1,1,1,1,byte_limit,10737418240,10.0,1908,1.908,5627577693,5366.876309394836,42935.010482,81920,735772.239136,432128,2408448,3227648,4014080,2.2655643459875137,1,raw/207__rand_read_128k__r1/attempt-1
7103b0b2110d40aba7b77428e4acfee1,full,colva2,207,nvme,/dev/nvme3n1p1,/mnt/nvme3,rand_read_4k,randread,4k,1,1,1,1,byte_limit,10737418240,10.0,4783,4.783,2244912866,2140.9157428741455,548074.430274,2621440,56888.662254,52992,82432,104960,140288,5.11505123693496,1,raw/207__rand_read_4k__r1/attempt-1
7103b0b2110d40aba7b77428e4acfee1,full,colva2,207,nvme,/dev/nvme3n1p1,/mnt/nvme3,rand_write_4k,randwrite,4k,1,1,1,1,byte_limit,10737418240,10.0,7477,7.477,1436059681,1369.5332345962524,350600.508225,2621440,88853.712205,86528,100864,117248,164864,7.816927085979842,1,raw/207__rand_write_4k__r1/attempt-1
7103b0b2110d40aba7b77428e4acfee1,full,colva2,207,nvme,/dev/nvme3n1p1,/mnt/nvme3,seq_read,read,1m,1,1,1,1,byte_limit,10737418240,10.0,4629,4.629,2319597805,2212.140851020813,2212.140851,10240,14348363.814745998,14352384,14483456,14614528,23461888,4.96815604402218,1,raw/207__seq_read__r1/attempt-1
7103b0b2110d40aba7b77428e4acfee1,full,colva2,207,nvme,/dev/nvme3n1p1,/mnt/nvme3,seq_write,write,1m,1,1,1,1,byte_limit,10737418240,10.0,2193,2.193,4896223547,4669.40264415741,4669.402645,10240,6763450.024219001,6586368,6848512,10944512,17956864,2.566126478021033,1,raw/207__seq_write__r1/attempt-1
7103b0b2110d40aba7b77428e4acfee1,full,colva2,207,nvme,/dev/nvme3n1p1,/mnt/nvme3,rand_read_4k,randread,4k,1,2,1,1,byte_limit,10737418240,10.0,4795,4.795,2239294732,2135.557872772217,546702.815433,2621440,57031.820035,52992,82432,105984,156672,5.115972838015296,1,raw/207__rand_read_4k__r2/attempt-1
7103b0b2110d40aba7b77428e4acfee1,full,colva2,207,nvme,/dev/nvme3n1p1,/mnt/nvme3,rand_write_4k,randwrite,4k,1,2,1,1,byte_limit,10737418240,10.0,7504,7.504,1430892622,1364.6055431365967,349339.01919,2621440,89176.618577,86528,100864,122368,218112,7.866358938044868,1,raw/207__rand_write_4k__r2/attempt-1
7103b0b2110d40aba7b77428e4acfee1,full,colva2,207,nvme,/dev/nvme3n1p1,/mnt/nvme3,seq_read,read,1m,1,2,1,1,byte_limit,10737418240,10.0,4627,4.627,2320600440,2213.097038269043,2213.097039,10240,14352684.727245998,14352384,14483456,14614528,23199744,4.968733980087563,1,raw/207__seq_read__r2/attempt-1
7103b0b2110d40aba7b77428e4acfee1,full,colva2,207,nvme,/dev/nvme3n1p1,/mnt/nvme3,seq_write,write,1m,1,2,1,1,byte_limit,10737418240,10.0,2192,2.192,4898457226,4671.532846450806,4671.532847,10240,6761763.408398,6586368,6914048,11206656,13434880,2.5157014139695093,1,raw/207__seq_write__r2/attempt-1
7103b0b2110d40aba7b77428e4acfee1,full,colva2,207,nvme,/dev/nvme3n1p1,/mnt/nvme3,rand_read_128k,randread,128k,1,2,1,1,byte_limit,10737418240,10.0,1894,1.894,5669175417,5406.546990394592,43252.375924,81920,730564.729797,460800,2408448,3391488,4177920,2.2152573500061408,1,raw/207__rand_read_128k__r2/attempt-1
7103b0b2110d40aba7b77428e4acfee1,full,colva2,207,nvme,/dev/nvme3n1p1,/mnt/nvme3,rand_write_4k,randwrite,4k,1,3,1,1,byte_limit,10737418240,10.0,7416,7.416,1447871930,1380.7982730865479,353484.358145,2621440,88121.947197,86528,98816,113152,230400,7.716997985029593,1,raw/207__rand_write_4k__r3/attempt-1
7103b0b2110d40aba7b77428e4acfee1,full,colva2,207,nvme,/dev/nvme3n1p1,/mnt/nvme3,seq_read,read,1m,1,3,1,1,byte_limit,10737418240,10.0,4628,4.628,2320099014,2212.6188411712646,2212.618842,10240,14355416.457813,14352384,14483456,14614528,23461888,4.968400299898349,1,raw/207__seq_read__r3/attempt-1
7103b0b2110d40aba7b77428e4acfee1,full,colva2,207,nvme,/dev/nvme3n1p1,/mnt/nvme3,seq_write,write,1m,1,3,1,1,byte_limit,10737418240,10.0,2189,2.189,4905170507,4677.935130119324,4677.93513,10240,6754994.000879,6586368,6717440,10944512,13697024,2.515906597021967,1,raw/207__seq_write__r3/attempt-1
7103b0b2110d40aba7b77428e4acfee1,full,colva2,207,nvme,/dev/nvme3n1p1,/mnt/nvme3,rand_read_128k,randread,128k,1,3,1,1,byte_limit,10737418240,10.0,1898,1.898,5657227734,5395.152791976929,43161.222339,81920,732249.61864,460800,2342912,3260416,4112384,2.2156163440085948,1,raw/207__rand_read_128k__r3/attempt-1
7103b0b2110d40aba7b77428e4acfee1,full,colva2,207,nvme,/dev/nvme3n1p1,/mnt/nvme3,rand_read_4k,randread,4k,1,3,1,1,byte_limit,10737418240,10.0,4781,4.781,2245851964,2141.811336517334,548303.702154,2621440,56860.068744000004,52992,82432,104960,146432,5.115032545058057,1,raw/207__rand_read_4k__r3/attempt-1
7103b0b2110d40aba7b77428e4acfee1,full,colva2,207,nvme,/dev/nvme3n1p1,/mnt/nvme3,seq_read,read,1m,1,4,1,1,byte_limit,10737418240,10.0,1642,1.642,6539231571,6236.297198295593,6236.297199,10240,5054916.948633,5013504,5275648,5406720,8028160,1.966895841062069,1,raw/207__seq_read__r4/attempt-1
7103b0b2110d40aba7b77428e4acfee1,full,colva2,207,nvme,/dev/nvme3n1p1,/mnt/nvme3,seq_write,write,1m,1,4,1,1,byte_limit,10737418240,10.0,2181,2.181,4923162879,4695.093993186951,4695.093994,10240,6730655.47793,6586368,6651904,10813440,13172736,2.5158456719946116,1,raw/207__seq_write__r4/attempt-1
7103b0b2110d40aba7b77428e4acfee1,full,colva2,207,nvme,/dev/nvme3n1p1,/mnt/nvme3,rand_read_128k,randread,128k,1,4,1,1,byte_limit,10737418240,10.0,1905,1.905,5636440020,5375.32808303833,43002.624672,81920,734499.775232,452608,2408448,3358720,4112384,2.264730072929524,1,raw/207__rand_read_128k__r4/attempt-1
7103b0b2110d40aba7b77428e4acfee1,full,colva2,207,nvme,/dev/nvme3n1p1,/mnt/nvme3,rand_read_4k,randread,4k,1,4,1,1,byte_limit,10737418240,10.0,4827,4.827,2224449604,2121.4004554748535,543078.516677,2621440,57406.18182,53504,82432,104960,150528,5.165560950990766,1,raw/207__rand_read_4k__r4/attempt-1
7103b0b2110d40aba7b77428e4acfee1,full,colva2,207,nvme,/dev/nvme3n1p1,/mnt/nvme3,rand_write_4k,randwrite,4k,1,4,1,1,byte_limit,10737418240,10.0,7457,7.457,1439911256,1373.2063827514648,351540.834116,2621440,88600.776011,86528,99840,117248,185344,7.767119589960203,1,raw/207__rand_write_4k__r4/attempt-1
7103b0b2110d40aba7b77428e4acfee1,full,colva2,207,nvme,/dev/nvme3n1p1,/mnt/nvme3,seq_write,write,1m,1,5,1,1,byte_limit,10737418240,10.0,2208,2.208,4862961159,4637.68115901947,4637.681159,10240,6813578.822266,6586368,6717440,13041664,17956864,2.566247288021259,1,raw/207__seq_write__r5/attempt-1
7103b0b2110d40aba7b77428e4acfee1,full,colva2,207,nvme,/dev/nvme3n1p1,/mnt/nvme3,rand_read_128k,randread,128k,1,5,1,1,byte_limit,10737418240,10.0,1904,1.904,5639400336,5378.151260375977,43025.210084,81920,735201.080371,411648,2539520,3391488,4046848,2.264867644989863,1,raw/207__rand_read_128k__r5/attempt-1
7103b0b2110d40aba7b77428e4acfee1,full,colva2,207,nvme,/dev/nvme3n1p1,/mnt/nvme3,rand_read_4k,randread,4k,1,5,1,1,byte_limit,10737418240,10.0,4805,4.805,2234634389,2131.113423347473,545565.03642,2621440,57142.074198,52992,82432,104960,140288,5.115423576091416,1,raw/207__rand_read_4k__r5/attempt-1
7103b0b2110d40aba7b77428e4acfee1,full,colva2,207,nvme,/dev/nvme3n1p1,/mnt/nvme3,rand_write_4k,randwrite,4k,1,5,1,1,byte_limit,10737418240,10.0,7468,7.468,1437790337,1371.1837167739868,351023.031601,2621440,88741.435176,86528,99840,118272,226304,7.817188287037425,1,raw/207__rand_write_4k__r5/attempt-1
7103b0b2110d40aba7b77428e4acfee1,full,colva2,207,nvme,/dev/nvme3n1p1,/mnt/nvme3,seq_read,read,1m,1,5,1,1,byte_limit,10737418240,10.0,4627,4.627,2320600440,2213.097038269043,2213.097039,10240,14360314.932031,14352384,14483456,14614528,23199744,4.9686693960102275,1,raw/207__seq_read__r5/attempt-1
80f163c26e8b4f5eb3c12eea782069ab,full,colva3,304,hdd,/dev/sdd1,/mnt/hdd4,rand_read_128k,randread,128k,1,1,1,1,time_limit,2554200064,2.3787841796875,60111,60.111,42491391,40.522948265075684,324.183594,19487,98691375.792785,57933824,329252864,541065216,884998144,60.475546453963034,1,raw/304__rand_read_128k__r1/attempt-1
80f163c26e8b4f5eb3c12eea782069ab,full,colva3,304,hdd,/dev/sdd1,/mnt/hdd4,rand_read_4k,randread,4k,1,1,1,1,time_limit,104087552,0.0969390869140625,60117,60.117,1731416,1.6512069702148438,422.709051,25412,75690755.370022,45350912,248512512,404750336,683671552,60.424477444030344,1,raw/304__rand_read_4k__r1/attempt-1
80f163c26e8b4f5eb3c12eea782069ab,full,colva3,304,hdd,/dev/sdd1,/mnt/hdd4,rand_write_4k,randwrite,4k,1,1,1,1,time_limit,103608320,0.09649276733398438,60067,60.067,1724879,1.644972801208496,421.11309,25295,75979587.315794,74973184,90701824,104333312,717225984,60.424417241010815,1,raw/304__rand_write_4k__r1/attempt-1
80f163c26e8b4f5eb3c12eea782069ab,full,colva3,304,hdd,/dev/sdd1,/mnt/hdd4,seq_read,read,1m,1,1,1,1,byte_limit,10737418240,10.0,54725,54.725,196206820,187.11740493774414,187.117405,10240,170952133.162695,162529280,175112192,666894336,1904214016,55.04134778492153,1,raw/304__seq_read__r1/attempt-1
80f163c26e8b4f5eb3c12eea782069ab,full,colva3,304,hdd,/dev/sdd1,/mnt/hdd4,seq_write,write,1m,1,1,1,1,byte_limit,10737418240,10.0,52478,52.478,204607992,195.12938690185547,195.129388,10240,163743220.20918,162529280,179306496,223346688,616562688,52.776850356021896,1,raw/304__seq_write__r1/attempt-1
80f163c26e8b4f5eb3c12eea782069ab,full,colva3,304,hdd,/dev/sdd1,/mnt/hdd4,rand_read_4k,randread,4k,1,2,1,1,time_limit,104144896,0.09699249267578125,60120,60.12,1732283,1.652033805847168,422.920825,25426,75651901.370762,45350912,250609664,417333248,641728512,60.42582599504385,1,raw/304__rand_read_4k__r2/attempt-1
80f163c26e8b4f5eb3c12eea782069ab,full,colva3,304,hdd,/dev/sdd1,/mnt/hdd4,rand_write_4k,randwrite,4k,1,2,1,1,time_limit,104652800,0.09746551513671875,60092,60.092,1741542,1.6608638763427734,425.181389,25550,75251830.716634,73924608,88604672,105381888,692060160,60.42602613102645,1,raw/304__rand_write_4k__r2/attempt-1
80f163c26e8b4f5eb3c12eea782069ab,full,colva3,304,hdd,/dev/sdd1,/mnt/hdd4,seq_read,read,1m,1,2,1,1,byte_limit,10737418240,10.0,53161,53.161,201979237,192.62241077423096,192.622411,10240,166031496.271876,162529280,173015040,329252864,1904214016,53.476481330930255,1,raw/304__seq_read__r2/attempt-1
80f163c26e8b4f5eb3c12eea782069ab,full,colva3,304,hdd,/dev/sdd1,/mnt/hdd4,seq_write,write,1m,1,2,1,1,byte_limit,10737418240,10.0,52179,52.179,205780452,196.24753189086914,196.247533,10240,162936767.346289,162529280,177209344,185597952,599785472,52.52401487901807,1,raw/304__seq_write__r2/attempt-1
80f163c26e8b4f5eb3c12eea782069ab,full,colva3,304,hdd,/dev/sdd1,/mnt/hdd4,rand_read_128k,randread,128k,1,2,1,1,time_limit,2573205504,2.396484375,60137,60.137,42789056,40.80682373046875,326.454595,19632,98003643.879279,55312384,333447168,557842432,859832320,60.4747265499318,1,raw/304__rand_read_128k__r2/attempt-1
80f163c26e8b4f5eb3c12eea782069ab,full,colva3,304,hdd,/dev/sdd1,/mnt/hdd4,rand_write_4k,randwrite,4k,1,3,1,1,time_limit,103600128,0.09648513793945312,60070,60.07,1724656,1.6447601318359375,421.058765,25293,75989897.678488,73924608,87556096,137363456,859832320,60.42513833101839,1,raw/304__rand_write_4k__r3/attempt-1
80f163c26e8b4f5eb3c12eea782069ab,full,colva3,304,hdd,/dev/sdd1,/mnt/hdd4,seq_read,read,1m,1,3,1,1,byte_limit,10737418240,10.0,52947,52.947,202795592,193.40094757080078,193.400948,10240,165365227.921386,162529280,168820736,221249536,1887436800,53.27302717696875,1,raw/304__seq_read__r3/attempt-1
80f163c26e8b4f5eb3c12eea782069ab,full,colva3,304,hdd,/dev/sdd1,/mnt/hdd4,seq_write,write,1m,1,3,1,1,byte_limit,10737418240,10.0,52300,52.3,205304364,195.79349899291992,195.793499,10240,163218062.14795,162529280,179306496,227540992,624951296,52.626739667961374,1,raw/304__seq_write__r3/attempt-1
80f163c26e8b4f5eb3c12eea782069ab,full,colva3,304,hdd,/dev/sdd1,/mnt/hdd4,rand_read_128k,randread,128k,1,3,1,1,time_limit,2567438336,2.39111328125,60126,60.126,42700966,40.72281455993652,325.782523,19588,98206608.812946,54263808,337641472,574619648,834666496,60.42706542299129,1,raw/304__rand_read_128k__r3/attempt-1
80f163c26e8b4f5eb3c12eea782069ab,full,colva3,304,hdd,/dev/sdd1,/mnt/hdd4,rand_read_4k,randread,4k,1,3,1,1,time_limit,105066496,0.09785079956054688,60142,60.142,1746973,1.6660432815551758,426.507266,25651,75014322.860902,43778048,248512512,413138944,675282944,60.47616484097671,1,raw/304__rand_read_4k__r3/attempt-1
80f163c26e8b4f5eb3c12eea782069ab,full,colva3,304,hdd,/dev/sdd1,/mnt/hdd4,seq_read,read,1m,1,4,1,1,byte_limit,10737418240,10.0,52586,52.586,204187773,194.72863483428955,194.728635,10240,164284090.655078,164626432,166723584,185597952,304087040,52.924298301921226,1,raw/304__seq_read__r4/attempt-1
80f163c26e8b4f5eb3c12eea782069ab,full,colva3,304,hdd,/dev/sdd1,/mnt/hdd4,seq_write,write,1m,1,4,1,1,byte_limit,10737418240,10.0,52151,52.151,205890936,196.35289764404297,196.352898,10240,162855279.820214,162529280,177209344,181403648,624951296,52.5245515210554,1,raw/304__seq_write__r4/attempt-1
80f163c26e8b4f5eb3c12eea782069ab,full,colva3,304,hdd,/dev/sdd1,/mnt/hdd4,rand_read_128k,randread,128k,1,4,1,1,time_limit,2593259520,2.4151611328125,60139,60.139,43121094,41.12347984313965,328.987845,19785,97250444.382613,55836672,329252864,541065216,910163968,60.474329881952144,1,raw/304__rand_read_128k__r4/attempt-1
80f163c26e8b4f5eb3c12eea782069ab,full,colva3,304,hdd,/dev/sdd1,/mnt/hdd4,rand_read_4k,randread,4k,1,4,1,1,time_limit,105971712,0.09869384765625,60103,60.103,1763168,1.681488037109375,430.461042,25872,74328776.615376,43253760,248512512,425721856,734003200,60.42430721502751,1,raw/304__rand_read_4k__r4/attempt-1
80f163c26e8b4f5eb3c12eea782069ab,full,colva3,304,hdd,/dev/sdd1,/mnt/hdd4,rand_write_4k,randwrite,4k,1,4,1,1,time_limit,104755200,0.09756088256835938,60072,60.072,1743827,1.6630430221557617,425.739113,25575,75153485.084145,73924608,87556096,102236160,708837376,60.37438254104927,1,raw/304__rand_write_4k__r4/attempt-1
80f163c26e8b4f5eb3c12eea782069ab,full,colva3,304,hdd,/dev/sdd1,/mnt/hdd4,seq_write,write,1m,1,5,1,1,byte_limit,10737418240,10.0,52607,52.607,204106264,194.6509017944336,194.650902,10240,164145654.499999,162529280,179306496,283115520,624951296,52.97562102600932,1,raw/304__seq_write__r5/attempt-1
80f163c26e8b4f5eb3c12eea782069ab,full,colva3,304,hdd,/dev/sdd1,/mnt/hdd4,rand_read_128k,randread,128k,1,5,1,1,time_limit,2570715136,2.3941650390625,60142,60.142,42744091,40.76394176483154,326.111536,19613,98106404.570591,55312384,333447168,557842432,868220928,60.47774652100634,1,raw/304__rand_read_128k__r5/attempt-1
80f163c26e8b4f5eb3c12eea782069ab,full,colva3,304,hdd,/dev/sdd1,/mnt/hdd4,rand_read_4k,randread,4k,1,5,1,1,time_limit,105897984,0.09862518310546875,60120,60.12,1761443,1.6798429489135742,430.03992,25854,74398829.967433,44302336,246415360,404750336,683671552,60.424907963955775,1,raw/304__rand_read_4k__r5/attempt-1
80f163c26e8b4f5eb3c12eea782069ab,full,colva3,304,hdd,/dev/sdd1,/mnt/hdd4,rand_write_4k,randwrite,4k,1,5,1,1,time_limit,105484288,0.09823989868164062,60073,60.073,1755935,1.6745901107788086,428.695088,25753,74636053.408147,72876032,86507520,100139008,633339904,60.42456340393983,1,raw/304__rand_write_4k__r5/attempt-1
80f163c26e8b4f5eb3c12eea782069ab,full,colva3,304,hdd,/dev/sdd1,/mnt/hdd4,seq_read,read,1m,1,5,1,1,byte_limit,10737418240,10.0,53023,53.023,202504917,193.1237382888794,193.123739,10240,165614083.726854,162529280,168820736,404750336,1904214016,53.32411589100957,1,raw/304__seq_read__r5/attempt-1
80f163c26e8b4f5eb3c12eea782069ab,full,colva3,303,hdd,/dev/sdc1,/mnt/hdd3,rand_read_128k,randread,128k,1,1,1,1,time_limit,2506227712,2.3341064453125,60120,60.12,41687087,39.75590419769287,318.047239,19121,100595041.413629,56360960,341835776,549453824,910163968,60.47529830294661,1,raw/303__rand_read_128k__r1/attempt-1
80f163c26e8b4f5eb3c12eea782069ab,full,colva3,303,hdd,/dev/sdc1,/mnt/hdd3,rand_read_4k,randread,4k,1,1,1,1,time_limit,107307008,0.09993743896484375,60118,60.118,1784939,1.7022504806518555,435.776307,26198,73420875.525879,43778048,240123904,396361728,624951296,60.42456134792883,1,raw/303__rand_read_4k__r1/attempt-1
80f163c26e8b4f5eb3c12eea782069ab,full,colva3,303,hdd,/dev/sdc1,/mnt/hdd3,rand_write_4k,randwrite,4k,1,1,1,1,time_limit,103321600,0.09622573852539062,60068,60.068,1720077,1.6403932571411133,419.940734,25225,76192050.956194,73924608,87556096,112721920,843055104,60.4246153680142,1,raw/303__rand_write_4k__r1/attempt-1
80f163c26e8b4f5eb3c12eea782069ab,full,colva3,303,hdd,/dev/sdc1,/mnt/hdd3,seq_read,read,1m,1,1,1,1,time_limit,9717153792,9.0498046875,60197,60.197,161422559,153.94454860687256,153.944549,9267,207708169.960505,204472320,221249536,283115520,1384120320,60.525291522964835,1,raw/303__seq_read__r1/attempt-1
80f163c26e8b4f5eb3c12eea782069ab,full,colva3,303,hdd,/dev/sdc1,/mnt/hdd3,seq_write,write,1m,1,1,1,1,time_limit,9892265984,9.212890625,60210,60.21,164296063,156.68493556976318,156.684936,9434,203954196.05406,204472320,225443840,283115520,792723456,60.57468472700566,1,raw/303__seq_write__r1/attempt-1
80f163c26e8b4f5eb3c12eea782069ab,full,colva3,303,hdd,/dev/sdc1,/mnt/hdd3,rand_read_4k,randread,4k,1,2,1,1,time_limit,106426368,0.09911727905273438,60119,60.119,1770261,1.6882524490356445,432.192818,25983,74028943.829273,43253760,248512512,396361728,624951296,60.42454351205379,1,raw/303__rand_read_4k__r2/attempt-1
80f163c26e8b4f5eb3c12eea782069ab,full,colva3,303,hdd,/dev/sdc1,/mnt/hdd3,rand_write_4k,randwrite,4k,1,2,1,1,time_limit,103378944,0.09627914428710938,60071,60.071,1720945,1.641221046447754,420.152819,25239,76153055.964301,73924608,87556096,111673344,700448768,60.37499718903564,1,raw/303__rand_write_4k__r2/attempt-1
80f163c26e8b4f5eb3c12eea782069ab,full,colva3,303,hdd,/dev/sdc1,/mnt/hdd3,seq_read,read,1m,1,2,1,1,time_limit,9756999680,9.0869140625,60202,60.202,162071022,154.5629711151123,154.562971,9305,206925137.22418,206569472,210763776,299892736,1920991232,60.5256560939597,1,raw/303__seq_read__r2/attempt-1
80f163c26e8b4f5eb3c12eea782069ab,full,colva3,303,hdd,/dev/sdc1,/mnt/hdd3,seq_write,write,1m,1,2,1,1,time_limit,9890168832,9.2109375,60199,60.199,164291247,156.68034267425537,156.680344,9432,203957743.448792,204472320,225443840,261095424,767557632,60.52479823795147,1,raw/303__seq_write__r2/attempt-1
80f163c26e8b4f5eb3c12eea782069ab,full,colva3,303,hdd,/dev/sdc1,/mnt/hdd3,rand_read_128k,randread,128k,1,2,1,1,time_limit,2506358784,2.334228515625,60175,60.175,41651163,39.72164440155029,317.773162,19122,100678655.22644,56360960,346030080,549453824,817889280,60.47566275799181,1,raw/303__rand_read_128k__r2/attempt-1
80f163c26e8b4f5eb3c12eea782069ab,full,colva3,303,hdd,/dev/sdc1,/mnt/hdd3,rand_write_4k,randwrite,4k,1,3,1,1,time_limit,103305216,0.09621047973632812,60071,60.071,1719718,1.6400508880615234,419.853174,25221,76207071.242615,73924608,86507520,108527616,750780416,60.373937038937584,1,raw/303__rand_write_4k__r3/attempt-1
80f163c26e8b4f5eb3c12eea782069ab,full,colva3,303,hdd,/dev/sdc1,/mnt/hdd3,seq_read,read,1m,1,3,1,1,time_limit,9720299520,9.052734375,60200,60.2,161466769,153.98671054840088,153.986711,9270,207725693.716936,204472320,223346688,522190848,1920991232,60.52438150194939,1,raw/303__seq_read__r3/attempt-1
80f163c26e8b4f5eb3c12eea782069ab,full,colva3,303,hdd,/dev/sdc1,/mnt/hdd3,seq_write,write,1m,1,3,1,1,time_limit,9832497152,9.1572265625,60301,60.301,163056950,155.5032253265381,155.503225,9377,205565780.092461,204472320,225443840,238026752,859832320,60.67562321200967,1,raw/303__seq_write__r3/attempt-1
80f163c26e8b4f5eb3c12eea782069ab,full,colva3,303,hdd,/dev/sdc1,/mnt/hdd3,rand_read_128k,randread,128k,1,3,1,1,time_limit,2495873024,2.324462890625,60128,60.128,41509330,39.586381912231445,316.691059,19042,101026707.934933,56360960,350224384,566231040,876609536,60.4753697309643,1,raw/303__rand_read_128k__r3/attempt-1
80f163c26e8b4f5eb3c12eea782069ab,full,colva3,303,hdd,/dev/sdc1,/mnt/hdd3,rand_read_4k,randread,4k,1,3,1,1,time_limit,107933696,0.10052108764648438,60100,60.1,1795901,1.7127046585083008,438.452579,26351,72973032.27627,43253760,242221056,400556032,633339904,60.425593257998116,1,raw/303__rand_read_4k__r3/attempt-1
80f163c26e8b4f5eb3c12eea782069ab,full,colva3,303,hdd,/dev/sdc1,/mnt/hdd3,seq_read,read,1m,1,4,1,1,time_limit,9823059968,9.1484375,60201,60.201,163171043,155.61203289031982,155.612033,9368,205588330.413535,206569472,210763776,225443840,362807296,60.52536071103532,1,raw/303__seq_read__r4/attempt-1
80f163c26e8b4f5eb3c12eea782069ab,full,colva3,303,hdd,/dev/sdc1,/mnt/hdd3,seq_write,write,1m,1,4,1,1,time_limit,9891217408,9.2119140625,60211,60.211,164275919,156.6657247543335,156.665726,9433,203981388.199088,204472320,225443840,263192576,792723456,60.525817704969086,1,raw/303__seq_write__r4/attempt-1
80f163c26e8b4f5eb3c12eea782069ab,full,colva3,303,hdd,/dev/sdc1,/mnt/hdd3,rand_read_128k,randread,128k,1,4,1,1,time_limit,2492989440,2.32177734375,60165,60.165,41435875,39.516329765319824,316.130641,19020,101202947.326447,54788096,350224384,566231040,901775360,60.4761552719865,1,raw/303__rand_read_128k__r4/attempt-1
80f163c26e8b4f5eb3c12eea782069ab,full,colva3,303,hdd,/dev/sdc1,/mnt/hdd3,rand_read_4k,randread,4k,1,4,1,1,time_limit,108396544,0.1009521484375,60098,60.098,1803663,1.720107078552246,440.347433,26464,72659223.001247,42729472,244318208,392167424,641728512,60.424756306107156,1,raw/303__rand_read_4k__r4/attempt-1
80f163c26e8b4f5eb3c12eea782069ab,full,colva3,303,hdd,/dev/sdc1,/mnt/hdd3,rand_write_4k,randwrite,4k,1,4,1,1,time_limit,103940096,0.0968017578125,60092,60.092,1729682,1.6495532989501953,422.285828,25376,75766294.055643,73924608,85458944,111673344,759169024,60.425301453098655,1,raw/303__rand_write_4k__r4/attempt-1
80f163c26e8b4f5eb3c12eea782069ab,full,colva3,303,hdd,/dev/sdc1,/mnt/hdd3,seq_write,write,1m,1,5,1,1,time_limit,9805234176,9.1318359375,60213,60.213,162842478,155.2986888885498,155.29869,9351,205704443.120949,204472320,225443840,312475648,1098907648,60.57464281306602,1,raw/303__seq_write__r5/attempt-1
80f163c26e8b4f5eb3c12eea782069ab,full,colva3,303,hdd,/dev/sdc1,/mnt/hdd3,rand_read_128k,randread,128k,1,5,1,1,time_limit,2516844544,2.343994140625,60164,60.164,41833065,39.89511966705322,319.16096,19202,100241351.229976,55836672,341835776,549453824,826277888,60.52570061094593,1,raw/303__rand_read_128k__r5/attempt-1
80f163c26e8b4f5eb3c12eea782069ab,full,colva3,303,hdd,/dev/sdc1,/mnt/hdd3,rand_read_4k,randread,4k,1,5,1,1,time_limit,108974080,0.10149002075195312,60110,60.11,1812910,1.7289257049560547,442.605224,26605,72288953.686976,42205184,244318208,392167424,641728512,60.4258877109969,1,raw/303__rand_read_4k__r5/attempt-1
80f163c26e8b4f5eb3c12eea782069ab,full,colva3,303,hdd,/dev/sdc1,/mnt/hdd3,rand_write_4k,randwrite,4k,1,5,1,1,time_limit,103641088,0.09652328491210938,60072,60.072,1725281,1.6453561782836914,421.211213,25303,75961565.71612,73924608,86507520,120061952,775946240,60.42447750992142,1,raw/303__rand_write_4k__r5/attempt-1
80f163c26e8b4f5eb3c12eea782069ab,full,colva3,303,hdd,/dev/sdc1,/mnt/hdd3,seq_read,read,1m,1,5,1,1,time_limit,9756999680,9.0869140625,60200,60.2,162076406,154.56810569763184,154.568106,9305,206921075.924449,206569472,210763776,252706816,1920991232,60.52596418000758,1,raw/303__seq_read__r5/attempt-1
80f163c26e8b4f5eb3c12eea782069ab,full,colva3,305,nvme,/dev/nvme1n1p1,/mnt/nvme1,rand_read_128k,randread,128k,1,1,1,1,byte_limit,10737418240,10.0,1902,1.902,5645330304,5383.8065185546875,43070.452156,81920,739611.253638,423936,2441216,3391488,4358144,2.214394456008449,1,raw/305__rand_read_128k__r1/attempt-1
80f163c26e8b4f5eb3c12eea782069ab,full,colva3,305,nvme,/dev/nvme1n1p1,/mnt/nvme1,rand_read_4k,randread,4k,1,1,1,1,byte_limit,10737418240,10.0,4696,4.696,2286503032,2180.579216003418,558228.279387,2621440,55875.219154000006,51456,81408,104960,138240,5.008410925976932,1,raw/305__rand_read_4k__r1/attempt-1
80f163c26e8b4f5eb3c12eea782069ab,full,colva3,305,nvme,/dev/nvme1n1p1,/mnt/nvme1,rand_write_4k,randwrite,4k,1,1,1,1,byte_limit,10737418240,10.0,7342,7.342,1462465028,1394.7153358459473,357047.126124,2621440,87237.355915,85504,97792,112128,154624,7.666118251974694,1,raw/305__rand_write_4k__r1/attempt-1
80f163c26e8b4f5eb3c12eea782069ab,full,colva3,305,nvme,/dev/nvme1n1p1,/mnt/nvme1,seq_read,read,1m,1,1,1,1,byte_limit,10737418240,10.0,4628,4.628,2320099014,2212.6188411712646,2212.618842,10240,14437184.123242,14483456,14614528,14614528,23461888,4.965937418979593,1,raw/305__seq_read__r1/attempt-1
80f163c26e8b4f5eb3c12eea782069ab,full,colva3,305,nvme,/dev/nvme1n1p1,/mnt/nvme1,seq_write,write,1m,1,1,1,1,byte_limit,10737418240,10.0,2196,2.196,4889534717,4663.023678779602,4663.023679,10240,6821348.919336,6651904,6848512,10944512,12648448,2.5146313009317964,1,raw/305__seq_write__r1/attempt-1
80f163c26e8b4f5eb3c12eea782069ab,full,colva3,305,nvme,/dev/nvme1n1p1,/mnt/nvme1,rand_read_4k,randread,4k,1,2,1,1,byte_limit,10737418240,10.0,4707,4.707,2281159600,2175.4833221435547,556923.730614,2621440,56001.995649000004,51968,82432,103936,136192,5.032588500063866,1,raw/305__rand_read_4k__r2/attempt-1
80f163c26e8b4f5eb3c12eea782069ab,full,colva3,305,nvme,/dev/nvme1n1p1,/mnt/nvme1,rand_write_4k,randwrite,4k,1,2,1,1,byte_limit,10737418240,10.0,7356,7.356,1459681653,1392.06090259552,356367.591082,2621440,87404.464866,85504,96768,112128,146432,7.716399576980621,1,raw/305__rand_write_4k__r2/attempt-1
80f163c26e8b4f5eb3c12eea782069ab,full,colva3,305,nvme,/dev/nvme1n1p1,/mnt/nvme1,seq_read,read,1m,1,2,1,1,byte_limit,10737418240,10.0,4627,4.627,2320600440,2213.097038269043,2213.097039,10240,14432015.034766,14352384,14614528,14614528,23461888,4.965668890043162,1,raw/305__seq_read__r2/attempt-1
80f163c26e8b4f5eb3c12eea782069ab,full,colva3,305,nvme,/dev/nvme1n1p1,/mnt/nvme1,seq_write,write,1m,1,2,1,1,byte_limit,10737418240,10.0,2202,2.202,4876211734,4650.317892074585,4650.317893,10240,6840040.719043,6651904,6848512,11206656,12779520,2.5151261650025845,1,raw/305__seq_write__r2/attempt-1
80f163c26e8b4f5eb3c12eea782069ab,full,colva3,305,nvme,/dev/nvme1n1p1,/mnt/nvme1,rand_read_128k,randread,128k,1,2,1,1,byte_limit,10737418240,10.0,1890,1.89,5681173671,5417.989417076111,43343.915344,81920,734797.967688,444416,2473984,3457024,4358144,2.214207345037721,1,raw/305__rand_read_128k__r2/attempt-1
80f163c26e8b4f5eb3c12eea782069ab,full,colva3,305,nvme,/dev/nvme1n1p1,/mnt/nvme1,rand_write_4k,randwrite,4k,1,3,1,1,byte_limit,10737418240,10.0,7305,7.305,1469872449,1401.7796030044556,358855.578371,2621440,86800.860797,85504,96768,111104,140288,7.61591461498756,1,raw/305__rand_write_4k__r3/attempt-1
80f163c26e8b4f5eb3c12eea782069ab,full,colva3,305,nvme,/dev/nvme1n1p1,/mnt/nvme1,seq_read,read,1m,1,3,1,1,byte_limit,10737418240,10.0,4627,4.627,2320600440,2213.097038269043,2213.097039,10240,14432839.458203,14352384,14614528,14614528,23461888,4.966125490958802,1,raw/305__seq_read__r3/attempt-1
80f163c26e8b4f5eb3c12eea782069ab,full,colva3,305,nvme,/dev/nvme1n1p1,/mnt/nvme1,seq_write,write,1m,1,3,1,1,byte_limit,10737418240,10.0,2204,2.204,4871786860,4646.098003387451,4646.098004,10240,6847591.553223001,6651904,8159232,10944512,15532032,2.564821506035514,1,raw/305__seq_write__r3/attempt-1
80f163c26e8b4f5eb3c12eea782069ab,full,colva3,305,nvme,/dev/nvme1n1p1,/mnt/nvme1,rand_read_128k,randread,128k,1,3,1,1,byte_limit,10737418240,10.0,1893,1.893,5672170227,5409.403063774109,43275.224511,81920,736012.341907,448512,2441216,3325952,4227072,2.214537537074648,1,raw/305__rand_read_128k__r3/attempt-1
80f163c26e8b4f5eb3c12eea782069ab,full,colva3,305,nvme,/dev/nvme1n1p1,/mnt/nvme1,rand_read_4k,randread,4k,1,3,1,1,byte_limit,10737418240,10.0,4681,4.681,2293830002,2187.566759109497,560017.090365,2621440,55691.36958,51456,81408,103936,136192,5.001153904013336,1,raw/305__rand_read_4k__r3/attempt-1
80f163c26e8b4f5eb3c12eea782069ab,full,colva3,305,nvme,/dev/nvme1n1p1,/mnt/nvme1,seq_read,read,1m,1,4,1,1,byte_limit,10737418240,10.0,1638,1.638,6555200390,6251.526250839233,6251.526252,10240,5094039.849316,5079040,5341184,6520832,8978432,1.9656010320177302,1,raw/305__seq_read__r4/attempt-1
80f163c26e8b4f5eb3c12eea782069ab,full,colva3,305,nvme,/dev/nvme1n1p1,/mnt/nvme1,seq_write,write,1m,1,4,1,1,byte_limit,10737418240,10.0,2206,2.206,4867370009,4641.885766029358,4641.885766,10240,6853049.176367,6651904,6782976,13303808,13434880,2.564773205900565,1,raw/305__seq_write__r4/attempt-1
80f163c26e8b4f5eb3c12eea782069ab,full,colva3,305,nvme,/dev/nvme1n1p1,/mnt/nvme1,rand_read_128k,randread,128k,1,4,1,1,byte_limit,10737418240,10.0,1900,1.9,5651272757,5389.473683357239,43115.789474,81920,738825.844617,432128,2506752,3424256,4145152,2.2141957849962637,1,raw/305__rand_read_128k__r4/attempt-1
80f163c26e8b4f5eb3c12eea782069ab,full,colva3,305,nvme,/dev/nvme1n1p1,/mnt/nvme1,rand_read_4k,randread,4k,1,4,1,1,byte_limit,10737418240,10.0,4699,4.699,2285043251,2179.18706035614,557871.887636,2621440,55907.859426,51456,82432,103936,136192,5.032381452969275,1,raw/305__rand_read_4k__r4/attempt-1
80f163c26e8b4f5eb3c12eea782069ab,full,colva3,305,nvme,/dev/nvme1n1p1,/mnt/nvme1,rand_write_4k,randwrite,4k,1,4,1,1,byte_limit,10737418240,10.0,7287,7.287,1473503257,1405.242211341858,359742.006313,2621440,86579.251341,85504,96768,111104,150528,7.615653387038037,1,raw/305__rand_write_4k__r4/attempt-1
80f163c26e8b4f5eb3c12eea782069ab,full,colva3,305,nvme,/dev/nvme1n1p1,/mnt/nvme1,seq_write,write,1m,1,5,1,1,byte_limit,10737418240,10.0,2199,2.199,4882864138,4656.662118911743,4656.662119,10240,6832467.537207,6651904,6848512,11075584,12648448,2.5646613109856844,1,raw/305__seq_write__r5/attempt-1
80f163c26e8b4f5eb3c12eea782069ab,full,colva3,305,nvme,/dev/nvme1n1p1,/mnt/nvme1,rand_read_128k,randread,128k,1,5,1,1,byte_limit,10737418240,10.0,1905,1.905,5636440020,5375.32808303833,43002.624672,81920,740914.630334,403456,2605056,3489792,4145152,2.2645504829706624,1,raw/305__rand_read_128k__r5/attempt-1
80f163c26e8b4f5eb3c12eea782069ab,full,colva3,305,nvme,/dev/nvme1n1p1,/mnt/nvme1,rand_read_4k,randread,4k,1,5,1,1,byte_limit,10737418240,10.0,4707,4.707,2281159600,2175.4833221435547,556923.730614,2621440,55999.07483099999,51968,81408,103936,136192,5.065225864993408,1,raw/305__rand_read_4k__r5/attempt-1
80f163c26e8b4f5eb3c12eea782069ab,full,colva3,305,nvme,/dev/nvme1n1p1,/mnt/nvme1,rand_write_4k,randwrite,4k,1,5,1,1,byte_limit,10737418240,10.0,7349,7.349,1461072015,1393.3868551254272,356707.034971,2621440,87315.565947,85504,95744,112128,158720,7.665633143973537,1,raw/305__rand_write_4k__r5/attempt-1
80f163c26e8b4f5eb3c12eea782069ab,full,colva3,305,nvme,/dev/nvme1n1p1,/mnt/nvme1,seq_read,read,1m,1,5,1,1,byte_limit,10737418240,10.0,4626,4.626,2321102083,2213.575442314148,2213.575443,10240,14427852.593848,14352384,14614528,14614528,23461888,4.965689203003421,1,raw/305__seq_read__r5/attempt-1
80f163c26e8b4f5eb3c12eea782069ab,full,colva3,306,nvme,/dev/nvme2n1p1,/mnt/nvme2,rand_read_128k,randread,128k,1,1,1,1,byte_limit,10737418240,10.0,1889,1.889,5684181175,5420.8575963974,43366.860773,81920,734526.085339,415744,2473984,3391488,4079616,2.2143461799714714,1,raw/306__rand_read_128k__r1/attempt-1
80f163c26e8b4f5eb3c12eea782069ab,full,colva3,306,nvme,/dev/nvme2n1p1,/mnt/nvme2,rand_read_4k,randread,4k,1,1,1,1,byte_limit,10737418240,10.0,4683,4.683,2292850360,2186.632499694824,559777.920137,2621440,55717.557860999994,51456,81408,104960,138240,5.001028254977427,1,raw/306__rand_read_4k__r1/attempt-1
80f163c26e8b4f5eb3c12eea782069ab,full,colva3,306,nvme,/dev/nvme2n1p1,/mnt/nvme2,rand_write_4k,randwrite,4k,1,1,1,1,byte_limit,10737418240,10.0,7296,7.296,1471685614,1403.5087718963623,359298.245614,2621440,86692.372412,85504,95744,111104,148480,7.615755176986568,1,raw/306__rand_write_4k__r1/attempt-1
80f163c26e8b4f5eb3c12eea782069ab,full,colva3,306,nvme,/dev/nvme2n1p1,/mnt/nvme2,seq_read,read,1m,1,1,1,1,byte_limit,10737418240,10.0,4628,4.628,2320099014,2212.6188411712646,2212.618842,10240,14434324.667675998,14352384,14614528,14614528,23199744,4.965346304001287,1,raw/306__seq_read__r1/attempt-1
80f163c26e8b4f5eb3c12eea782069ab,full,colva3,306,nvme,/dev/nvme2n1p1,/mnt/nvme2,seq_write,write,1m,1,1,1,1,byte_limit,10737418240,10.0,2200,2.2,4880644654,4654.545454025269,4654.545455,10240,6834209.803125,6651904,6848512,11075584,12517376,2.5649077229900286,1,raw/306__seq_write__r1/attempt-1
80f163c26e8b4f5eb3c12eea782069ab,full,colva3,306,nvme,/dev/nvme2n1p1,/mnt/nvme2,rand_read_4k,randread,4k,1,2,1,1,byte_limit,10737418240,10.0,4700,4.7,2284557072,2178.723403930664,557753.191489,2621440,55913.983588999996,51968,81408,103936,136192,5.008542243973352,1,raw/306__rand_read_4k__r2/attempt-1
80f163c26e8b4f5eb3c12eea782069ab,full,colva3,306,nvme,/dev/nvme2n1p1,/mnt/nvme2,rand_write_4k,randwrite,4k,1,2,1,1,byte_limit,10737418240,10.0,7275,7.275,1475933778,1407.560136795044,360335.395189,2621440,86446.811745,84480,96768,111104,154624,7.615624955971725,1,raw/306__rand_write_4k__r2/attempt-1
80f163c26e8b4f5eb3c12eea782069ab,full,colva3,306,nvme,/dev/nvme2n1p1,/mnt/nvme2,seq_read,read,1m,1,2,1,1,byte_limit,10737418240,10.0,4627,4.627,2320600440,2213.097038269043,2213.097039,10240,14432611.325487997,14352384,14614528,14745600,23199744,4.965582720935345,1,raw/306__seq_read__r2/attempt-1
80f163c26e8b4f5eb3c12eea782069ab,full,colva3,306,nvme,/dev/nvme2n1p1,/mnt/nvme2,seq_write,write,1m,1,2,1,1,byte_limit,10737418240,10.0,2195,2.195,4891762296,4665.148063659668,4665.148064,10240,6817800.253613,6651904,6848512,10944512,12648448,2.51463439501822,1,raw/306__seq_write__r2/attempt-1
80f163c26e8b4f5eb3c12eea782069ab,full,colva3,306,nvme,/dev/nvme2n1p1,/mnt/nvme2,rand_read_128k,randread,128k,1,2,1,1,byte_limit,10737418240,10.0,1898,1.898,5657227734,5395.152791976929,43161.222339,81920,737937.548828,448512,2473984,3358720,4177920,2.2141293480526656,1,raw/306__rand_read_128k__r2/attempt-1
80f163c26e8b4f5eb3c12eea782069ab,full,colva3,306,nvme,/dev/nvme2n1p1,/mnt/nvme2,rand_write_4k,randwrite,4k,1,3,1,1,byte_limit,10737418240,10.0,7328,7.328,1465259039,1397.3799123764038,357729.257642,2621440,87067.620867,85504,95744,111104,160768,7.665657386998646,1,raw/306__rand_write_4k__r3/attempt-1
80f163c26e8b4f5eb3c12eea782069ab,full,colva3,306,nvme,/dev/nvme2n1p1,/mnt/nvme2,seq_read,read,1m,1,3,1,1,byte_limit,10737418240,10.0,4627,4.627,2320600440,2213.097038269043,2213.097039,10240,14430846.755371,14352384,14614528,14614528,23461888,4.9659646729705855,1,raw/306__seq_read__r3/attempt-1
80f163c26e8b4f5eb3c12eea782069ab,full,colva3,306,nvme,/dev/nvme2n1p1,/mnt/nvme2,seq_write,write,1m,1,3,1,1,byte_limit,10737418240,10.0,2203,2.203,4873998293,4648.206990242004,4648.20699,10240,6843433.20625,6651904,6848512,11468800,15138816,2.51492794288788,1,raw/306__seq_write__r3/attempt-1
80f163c26e8b4f5eb3c12eea782069ab,full,colva3,306,nvme,/dev/nvme2n1p1,/mnt/nvme2,rand_read_128k,randread,128k,1,3,1,1,byte_limit,10737418240,10.0,1894,1.894,5669175417,5406.546990394592,43252.375924,81920,736367.512671,452608,2408448,3325952,4112384,2.2145468579838052,1,raw/306__rand_read_128k__r3/attempt-1
80f163c26e8b4f5eb3c12eea782069ab,full,colva3,306,nvme,/dev/nvme2n1p1,/mnt/nvme2,rand_read_4k,randread,4k,1,3,1,1,byte_limit,10737418240,10.0,4688,4.688,2290404914,2184.300340652466,559180.887372,2621440,55777.982248,51456,81408,103936,136192,5.002832783968188,1,raw/306__rand_read_4k__r3/attempt-1
80f163c26e8b4f5eb3c12eea782069ab,full,colva3,306,nvme,/dev/nvme2n1p1,/mnt/nvme2,seq_read,read,1m,1,4,1,1,byte_limit,10737418240,10.0,1643,1.643,6535251515,6232.501521110535,6232.501522,10240,5109610.665332,5079040,5341184,5472256,10158080,1.9653797120554373,1,raw/306__seq_read__r4/attempt-1
80f163c26e8b4f5eb3c12eea782069ab,full,colva3,306,nvme,/dev/nvme2n1p1,/mnt/nvme2,seq_write,write,1m,1,4,1,1,byte_limit,10737418240,10.0,2204,2.204,4871786860,4646.098003387451,4646.098004,10240,6845034.937012,6651904,6848512,13172736,16580608,2.5649833870120347,1,raw/306__seq_write__r4/attempt-1
80f163c26e8b4f5eb3c12eea782069ab,full,colva3,306,nvme,/dev/nvme2n1p1,/mnt/nvme2,rand_read_128k,randread,128k,1,4,1,1,byte_limit,10737418240,10.0,1901,1.901,5648299968,5386.638610839844,43093.10889,81920,738817.581787,444416,2506752,3489792,4227072,2.2141994719859213,1,raw/306__rand_read_128k__r4/attempt-1
80f163c26e8b4f5eb3c12eea782069ab,full,colva3,306,nvme,/dev/nvme2n1p1,/mnt/nvme2,rand_read_4k,randread,4k,1,4,1,1,byte_limit,10737418240,10.0,4677,4.677,2295791798,2189.4376735687256,560496.044473,2621440,55654.434710999994,51456,81408,104960,138240,5.004455609014258,1,raw/306__rand_read_4k__r4/attempt-1
80f163c26e8b4f5eb3c12eea782069ab,full,colva3,306,nvme,/dev/nvme2n1p1,/mnt/nvme2,rand_write_4k,randwrite,4k,1,4,1,1,byte_limit,10737418240,10.0,7316,7.316,1467662416,1399.6719512939453,358316.019683,2621440,86923.660395,85504,95744,111104,154624,7.615852374932729,1,raw/306__rand_write_4k__r4/attempt-1
80f163c26e8b4f5eb3c12eea782069ab,full,colva3,306,nvme,/dev/nvme2n1p1,/mnt/nvme2,seq_write,write,1m,1,5,1,1,byte_limit,10737418240,10.0,2213,2.213,4851973899,4627.2028913497925,4627.202892,10240,6876618.769922,6651904,8355840,12124160,15007744,2.5647961129434407,1,raw/306__seq_write__r5/attempt-1
80f163c26e8b4f5eb3c12eea782069ab,full,colva3,306,nvme,/dev/nvme2n1p1,/mnt/nvme2,rand_read_128k,randread,128k,1,5,1,1,byte_limit,10737418240,10.0,1905,1.905,5636440020,5375.32808303833,43002.624672,81920,740632.821606,407552,2572288,3457024,4177920,2.2144310389412567,1,raw/306__rand_read_128k__r5/attempt-1
80f163c26e8b4f5eb3c12eea782069ab,full,colva3,306,nvme,/dev/nvme2n1p1,/mnt/nvme2,rand_read_4k,randread,4k,1,5,1,1,byte_limit,10737418240,10.0,4690,4.69,2289428196,2183.368869781494,558942.430704,2621440,55800.354771,51456,81408,103936,136192,5.004183114040643,1,raw/306__rand_read_4k__r5/attempt-1
80f163c26e8b4f5eb3c12eea782069ab,full,colva3,306,nvme,/dev/nvme2n1p1,/mnt/nvme2,rand_write_4k,randwrite,4k,1,5,1,1,byte_limit,10737418240,10.0,7323,7.323,1466259489,1398.3340158462524,357973.508125,2621440,87010.98402,85504,95744,111104,144384,7.666071265935898,1,raw/306__rand_write_4k__r5/attempt-1
80f163c26e8b4f5eb3c12eea782069ab,full,colva3,306,nvme,/dev/nvme2n1p1,/mnt/nvme2,seq_read,read,1m,1,5,1,1,byte_limit,10737418240,10.0,4631,4.631,2318596035,2211.1854887008667,2211.185489,10240,14443732.788477,14483456,14614528,14614528,23199744,4.965451039024629,1,raw/306__seq_read__r5/attempt-1
80f163c26e8b4f5eb3c12eea782069ab,full,colva3,301,hdd,/dev/sda1,/mnt/hdd1,rand_read_128k,randread,128k,1,1,1,1,time_limit,2531393536,2.3575439453125,60133,60.133,42096578,40.14642524719238,321.171403,19313,99615847.309066,54788096,350224384,574619648,918552576,60.47572540107649,1,raw/301__rand_read_128k__r1/attempt-1
80f163c26e8b4f5eb3c12eea782069ab,full,colva3,301,hdd,/dev/sda1,/mnt/hdd1,rand_read_4k,randread,4k,1,1,1,1,time_limit,107515904,0.10013198852539062,60119,60.119,1788384,1.705535888671875,436.617376,26249,73278796.293078,43778048,242221056,400556032,641728512,60.47584802506026,1,raw/301__rand_read_4k__r1/attempt-1
80f163c26e8b4f5eb3c12eea782069ab,full,colva3,301,hdd,/dev/sda1,/mnt/hdd1,rand_write_4k,randwrite,4k,1,1,1,1,time_limit,103088128,0.09600830078125,60082,60.082,1715790,1.6363048553466797,418.894178,25168,76381560.742451,73924608,88604672,122159104,801112064,60.3751052179141,1,raw/301__rand_write_4k__r1/attempt-1
80f163c26e8b4f5eb3c12eea782069ab,full,colva3,301,hdd,/dev/sda1,/mnt/hdd1,seq_read,read,1m,1,1,1,1,time_limit,10039066624,9.349609375,60198,60.198,166767444,159.04182815551758,159.041829,9574,201098207.745665,191889408,202375168,383778816,1920991232,60.525139405042864,1,raw/301__seq_read__r1/attempt-1
80f163c26e8b4f5eb3c12eea782069ab,full,colva3,301,hdd,/dev/sda1,/mnt/hdd1,seq_write,write,1m,1,1,1,1,time_limit,10470031360,9.7509765625,60193,60.193,173941012,165.88307571411133,165.883076,9985,192656629.09975,193986560,212860928,238026752,734003200,60.52684001601301,1,raw/301__seq_write__r1/attempt-1
80f163c26e8b4f5eb3c12eea782069ab,full,colva3,301,hdd,/dev/sda1,/mnt/hdd1,rand_read_4k,randread,4k,1,2,1,1,time_limit,107032576,0.09968185424804688,60116,60.116,1780434,1.6979541778564453,434.676293,26131,73606753.969882,44302336,240123904,392167424,616562688,60.476363282999955,1,raw/301__rand_read_4k__r2/attempt-1
80f163c26e8b4f5eb3c12eea782069ab,full,colva3,301,hdd,/dev/sda1,/mnt/hdd1,rand_write_4k,randwrite,4k,1,2,1,1,time_limit,104026112,0.09688186645507812,60067,60.067,1731834,1.6516056060791016,422.811194,25397,75673634.267316,72876032,87556096,100139008,750780416,60.42531870002858,1,raw/301__rand_write_4k__r2/attempt-1
80f163c26e8b4f5eb3c12eea782069ab,full,colva3,301,hdd,/dev/sda1,/mnt/hdd1,seq_read,read,1m,1,2,1,1,time_limit,10364125184,9.65234375,60189,60.189,172193011,164.2160520553589,164.216053,9884,194774974.905301,193986560,202375168,229638144,1920991232,60.525948366033845,1,raw/301__seq_read__r2/attempt-1
80f163c26e8b4f5eb3c12eea782069ab,full,colva3,301,hdd,/dev/sda1,/mnt/hdd1,seq_write,write,1m,1,2,1,1,time_limit,10472128512,9.7529296875,60191,60.191,173981633,165.92181491851807,165.921816,9987,192609538.743366,193986560,217055232,235929600,767557632,60.52585801493842,1,raw/301__seq_write__r2/attempt-1
80f163c26e8b4f5eb3c12eea782069ab,full,colva3,301,hdd,/dev/sda1,/mnt/hdd1,rand_read_128k,randread,128k,1,2,1,1,time_limit,2541617152,2.3670654296875,60172,60.172,42239200,40.282440185546875,322.259523,19391,99277710.684493,54263808,346030080,574619648,918552576,60.47677964507602,1,raw/301__rand_read_128k__r2/attempt-1
80f163c26e8b4f5eb3c12eea782069ab,full,colva3,301,hdd,/dev/sda1,/mnt/hdd1,rand_write_4k,randwrite,4k,1,3,1,1,time_limit,104591360,0.09740829467773438,60070,60.07,1741157,1.660496711730957,425.087398,25535,75269882.331428,72876032,86507520,100139008,767557632,60.426241692039184,1,raw/301__rand_write_4k__r3/attempt-1
80f163c26e8b4f5eb3c12eea782069ab,full,colva3,301,hdd,/dev/sda1,/mnt/hdd1,seq_read,read,1m,1,3,1,1,time_limit,10255073280,9.55078125,60190,60.19,170378356,162.4854621887207,162.485463,9780,196871630.414212,189792256,210763776,379584512,1920991232,60.52506990998518,1,raw/301__seq_read__r3/attempt-1
80f163c26e8b4f5eb3c12eea782069ab,full,colva3,301,hdd,/dev/sda1,/mnt/hdd1,seq_write,write,1m,1,3,1,1,time_limit,10424942592,9.708984375,60189,60.189,173203452,165.17968368530273,165.179684,9942,193374808.317743,193986560,212860928,341835776,926941184,60.52514882409014,1,raw/301__seq_write__r3/attempt-1
80f163c26e8b4f5eb3c12eea782069ab,full,colva3,301,hdd,/dev/sda1,/mnt/hdd1,rand_read_128k,randread,128k,1,3,1,1,time_limit,2547122176,2.3721923828125,60150,60.15,42346170,40.38445472717285,323.075644,19433,99028509.342304,54263808,346030080,566231040,876609536,60.47539745003451,1,raw/301__rand_read_128k__r3/attempt-1
80f163c26e8b4f5eb3c12eea782069ab,full,colva3,301,hdd,/dev/sda1,/mnt/hdd1,rand_read_4k,randread,4k,1,3,1,1,time_limit,108417024,0.10097122192382812,60092,60.092,1804183,1.7206029891967773,440.474606,26469,72638551.74831,42729472,238026752,396361728,641728512,60.42499543901067,1,raw/301__rand_read_4k__r3/attempt-1
80f163c26e8b4f5eb3c12eea782069ab,full,colva3,301,hdd,/dev/sda1,/mnt/hdd1,seq_read,read,1m,1,4,1,1,time_limit,10393485312,9.6796875,60191,60.191,172675072,164.67578125,164.675782,9912,194272670.541162,196083712,200278016,225443840,1837105152,60.52524816908408,1,raw/301__seq_read__r4/attempt-1
80f163c26e8b4f5eb3c12eea782069ab,full,colva3,301,hdd,/dev/sda1,/mnt/hdd1,seq_write,write,1m,1,4,1,1,time_limit,10371465216,9.6591796875,60157,60.157,172406622,164.41976737976074,164.419768,9891,194388047.754019,193986560,217055232,238026752,759169024,60.52509749797173,1,raw/301__seq_write__r4/attempt-1
80f163c26e8b4f5eb3c12eea782069ab,full,colva3,301,hdd,/dev/sda1,/mnt/hdd1,rand_read_128k,randread,128k,1,4,1,1,time_limit,2555248640,2.3797607421875,60126,60.126,42498231,40.5294713973999,324.235772,19495,98674703.415748,53739520,341835776,574619648,910163968,60.47604705195408,1,raw/301__rand_read_128k__r4/attempt-1
80f163c26e8b4f5eb3c12eea782069ab,full,colva3,301,hdd,/dev/sda1,/mnt/hdd1,rand_read_4k,randread,4k,1,4,1,1,time_limit,108838912,0.1013641357421875,60114,60.114,1810541,1.7266664505004883,442.026816,26572,72382449.637437,42729472,242221056,400556032,650117120,60.47571730602067,1,raw/301__rand_read_4k__r4/attempt-1
80f163c26e8b4f5eb3c12eea782069ab,full,colva3,301,hdd,/dev/sda1,/mnt/hdd1,rand_write_4k,randwrite,4k,1,4,1,1,time_limit,104730624,0.09753799438476562,60071,60.071,1743447,1.6626806259155273,425.646319,25569,75169988.959874,72876032,86507520,110624768,868220928,60.374866257072426,1,raw/301__rand_write_4k__r4/attempt-1
80f163c26e8b4f5eb3c12eea782069ab,full,colva3,301,hdd,/dev/sda1,/mnt/hdd1,seq_write,write,1m,1,5,1,1,time_limit,10424942592,9.708984375,60185,60.185,173214963,165.1906614303589,165.190662,9942,193412618.337558,193986560,217055232,263192576,843055104,60.52551098295953,1,raw/301__seq_write__r5/attempt-1
80f163c26e8b4f5eb3c12eea782069ab,full,colva3,301,hdd,/dev/sda1,/mnt/hdd1,rand_read_128k,randread,128k,1,5,1,1,time_limit,2589458432,2.41162109375,60131,60.131,43063618,41.06866645812988,328.549334,19756,97379644.606652,56885248,325058560,541065216,834666496,60.42595978197642,1,raw/301__rand_read_128k__r5/attempt-1
80f163c26e8b4f5eb3c12eea782069ab,full,colva3,301,hdd,/dev/sda1,/mnt/hdd1,rand_read_4k,randread,4k,1,5,1,1,time_limit,107892736,0.10048294067382812,60121,60.121,1794593,1.7114572525024414,438.133098,26341,73025156.898333,43778048,238026752,387973120,633339904,60.42633049795404,1,raw/301__rand_read_4k__r5/attempt-1
80f163c26e8b4f5eb3c12eea782069ab,full,colva3,301,hdd,/dev/sda1,/mnt/hdd1,rand_write_4k,randwrite,4k,1,5,1,1,time_limit,104386560,0.09721755981445312,60073,60.073,1737661,1.6571626663208008,424.233849,25485,75420397.02217,73924608,86507520,115867648,658505728,60.375555698992684,1,raw/301__rand_write_4k__r5/attempt-1
80f163c26e8b4f5eb3c12eea782069ab,full,colva3,301,hdd,/dev/sda1,/mnt/hdd1,seq_read,read,1m,1,5,1,1,time_limit,10363076608,9.6513671875,60187,60.187,172181311,164.20489406585693,164.204895,9883,194778318.71962,193986560,200278016,225443840,1853882368,60.52537436306011,1,raw/301__seq_read__r5/attempt-1
80f163c26e8b4f5eb3c12eea782069ab,full,colva3,302,hdd,/dev/sdb1,/mnt/hdd2,rand_read_128k,randread,128k,1,1,1,1,time_limit,2551054336,2.3758544921875,60141,60.141,42417890,40.45285224914551,323.62282,19463,98861174.585727,53739520,346030080,574619648,926941184,60.52568033791613,1,raw/302__rand_read_128k__r1/attempt-1
80f163c26e8b4f5eb3c12eea782069ab,full,colva3,302,hdd,/dev/sdb1,/mnt/hdd2,rand_read_4k,randread,4k,1,1,1,1,time_limit,108277760,0.10084152221679688,60159,60.159,1799859,1.7164793014526367,439.418873,26435,72810319.69234,43778048,238026752,396361728,641728512,60.52525148598943,1,raw/302__rand_read_4k__r1/attempt-1
80f163c26e8b4f5eb3c12eea782069ab,full,colva3,302,hdd,/dev/sdb1,/mnt/hdd2,rand_write_4k,randwrite,4k,1,1,1,1,time_limit,104357888,0.09719085693359375,60070,60.07,1737271,1.6567907333374023,424.138505,25478,75437952.775061,73924608,87556096,109576192,717225984,60.42517787206452,1,raw/302__rand_write_4k__r1/attempt-1
80f163c26e8b4f5eb3c12eea782069ab,full,colva3,302,hdd,/dev/sdb1,/mnt/hdd2,seq_read,read,1m,1,1,1,1,time_limit,10504634368,9.783203125,60189,60.189,174527477,166.44237232208252,166.442373,10018,192184347.740867,191889408,193986560,246415360,2038431744,60.5751694010105,1,raw/302__seq_read__r1/attempt-1
80f163c26e8b4f5eb3c12eea782069ab,full,colva3,302,hdd,/dev/sdb1,/mnt/hdd2,seq_write,write,1m,1,1,1,1,time_limit,10637803520,9.9072265625,60211,60.211,176675416,168.49080657958984,168.490807,10145,189680886.129621,189792256,212860928,238026752,717225984,60.52596924896352,1,raw/302__seq_write__r1/attempt-1
80f163c26e8b4f5eb3c12eea782069ab,full,colva3,302,hdd,/dev/sdb1,/mnt/hdd2,rand_read_4k,randread,4k,1,2,1,1,time_limit,105627648,0.0983734130859375,60101,60.101,1757502,1.6760845184326172,429.077719,25788,74567613.38677,45350912,240123904,392167424,633339904,60.42544917797204,1,raw/302__rand_read_4k__r2/attempt-1
80f163c26e8b4f5eb3c12eea782069ab,full,colva3,302,hdd,/dev/sdb1,/mnt/hdd2,rand_write_4k,randwrite,4k,1,2,1,1,time_limit,103186432,0.096099853515625,60078,60.078,1717541,1.637974739074707,419.321549,25192,76303405.646395,72876032,88604672,129499136,742391808,60.37468213099055,1,raw/302__rand_write_4k__r2/attempt-1
80f163c26e8b4f5eb3c12eea782069ab,full,colva3,302,hdd,/dev/sdb1,/mnt/hdd2,seq_read,read,1m,1,2,1,1,time_limit,10283384832,9.5771484375,60188,60.188,170854403,162.93945598602295,162.939456,9807,196271531.577649,191889408,233832448,291504128,633339904,60.52561658399645,1,raw/302__seq_read__r2/attempt-1
80f163c26e8b4f5eb3c12eea782069ab,full,colva3,302,hdd,/dev/sdb1,/mnt/hdd2,seq_write,write,1m,1,2,1,1,time_limit,10633609216,9.9033203125,60183,60.183,176687922,168.50273323059082,168.502733,10141,189664427.927128,189792256,212860928,235929600,725614592,60.52479573304299,1,raw/302__seq_write__r2/attempt-1
80f163c26e8b4f5eb3c12eea782069ab,full,colva3,302,hdd,/dev/sdb1,/mnt/hdd2,rand_read_128k,randread,128k,1,2,1,1,time_limit,2591424512,2.4134521484375,60129,60.129,43097748,41.10121536254883,328.809726,19771,97302603.200799,54788096,333447168,566231040,952107008,60.474948602961376,1,raw/302__rand_read_128k__r2/attempt-1
80f163c26e8b4f5eb3c12eea782069ab,full,colva3,302,hdd,/dev/sdb1,/mnt/hdd2,rand_write_4k,randwrite,4k,1,3,1,1,time_limit,105324544,0.09809112548828125,60077,60.077,1753159,1.6719427108764648,428.017378,25714,74753077.403438,72876032,85458944,98041856,641728512,60.42490393295884,1,raw/302__rand_write_4k__r3/attempt-1
80f163c26e8b4f5eb3c12eea782069ab,full,colva3,302,hdd,/dev/sdb1,/mnt/hdd2,seq_read,read,1m,1,3,1,1,time_limit,10509877248,9.7880859375,60187,60.187,174620387,166.53097820281982,166.530978,10023,192082670.169211,191889408,196083712,254803968,1904214016,60.526085569988936,1,raw/302__seq_read__r3/attempt-1
80f163c26e8b4f5eb3c12eea782069ab,full,colva3,302,hdd,/dev/sdb1,/mnt/hdd2,seq_write,write,1m,1,3,1,1,time_limit,10634657792,9.904296875,60187,60.187,176693601,168.5081491470337,168.50815,10142,189656558.47466,189792256,212860928,240123904,725614592,60.52537980908528,1,raw/302__seq_write__r3/attempt-1
80f163c26e8b4f5eb3c12eea782069ab,full,colva3,302,hdd,/dev/sdb1,/mnt/hdd2,rand_read_128k,randread,128k,1,3,1,1,time_limit,2593390592,2.415283203125,60133,60.133,43127577,41.12966251373291,329.037301,19786,97234223.260134,53215232,337641472,557842432,893386752,60.4757189740194,1,raw/302__rand_read_128k__r3/attempt-1
80f163c26e8b4f5eb3c12eea782069ab,full,colva3,302,hdd,/dev/sdb1,/mnt/hdd2,rand_read_4k,randread,4k,1,3,1,1,time_limit,109535232,0.10201263427734375,60127,60.127,1821731,1.7373380661010742,444.758594,26742,71937639.580847,42205184,238026752,396361728,675282944,60.47539733198937,1,raw/302__rand_read_4k__r3/attempt-1
80f163c26e8b4f5eb3c12eea782069ab,full,colva3,302,hdd,/dev/sdb1,/mnt/hdd2,seq_read,read,1m,1,4,1,1,time_limit,10516168704,9.7939453125,60189,60.189,174719113,166.62513065338135,166.625131,10029,191939033.985142,191889408,193986560,214958080,1904214016,60.52507324598264,1,raw/302__seq_read__r4/attempt-1
80f163c26e8b4f5eb3c12eea782069ab,full,colva3,302,hdd,/dev/sdb1,/mnt/hdd2,seq_write,write,1m,1,4,1,1,time_limit,10636754944,9.90625,60180,60.18,176749002,168.5609836578369,168.560984,10144,189597894.464905,189792256,206569472,235929600,725614592,60.52475548489019,1,raw/302__seq_write__r4/attempt-1
80f163c26e8b4f5eb3c12eea782069ab,full,colva3,302,hdd,/dev/sdb1,/mnt/hdd2,rand_read_128k,randread,128k,1,4,1,1,time_limit,2596012032,2.417724609375,60153,60.153,43156817,41.15754795074463,329.260386,19806,97167341.592851,54788096,333447168,541065216,834666496,60.47697704192251,1,raw/302__rand_read_128k__r4/attempt-1
80f163c26e8b4f5eb3c12eea782069ab,full,colva3,302,hdd,/dev/sdb1,/mnt/hdd2,rand_read_4k,randread,4k,1,4,1,1,time_limit,110596096,0.10300064086914062,60161,60.161,1838335,1.7531728744506836,448.812354,27001,71286863.135736,41680896,235929600,387973120,658505728,60.476760698948056,1,raw/302__rand_read_4k__r4/attempt-1
80f163c26e8b4f5eb3c12eea782069ab,full,colva3,302,hdd,/dev/sdb1,/mnt/hdd2,rand_write_4k,randwrite,4k,1,4,1,1,time_limit,104701952,0.09751129150390625,60082,60.082,1742650,1.6619205474853516,425.451882,25562,75204952.682497,72876032,86507520,106430464,717225984,60.42629403597675,1,raw/302__rand_write_4k__r4/attempt-1
80f163c26e8b4f5eb3c12eea782069ab,full,colva3,302,hdd,/dev/sdb1,/mnt/hdd2,seq_write,write,1m,1,5,1,1,time_limit,10580131840,9.853515625,60180,60.18,175808106,167.66367530822754,167.663676,10090,190573565.021901,189792256,206569472,242221056,734003200,60.52568753506057,1,raw/302__seq_write__r5/attempt-1
80f163c26e8b4f5eb3c12eea782069ab,full,colva3,302,hdd,/dev/sdb1,/mnt/hdd2,rand_read_128k,randread,128k,1,5,1,1,time_limit,2591817728,2.413818359375,60151,60.151,43088522,41.092416763305664,328.739339,19774,97320978.03631,54263808,333447168,549453824,843055104,60.474559494061396,1,raw/302__rand_read_128k__r5/attempt-1
80f163c26e8b4f5eb3c12eea782069ab,full,colva3,302,hdd,/dev/sdb1,/mnt/hdd2,rand_read_4k,randread,4k,1,5,1,1,time_limit,110440448,0.10285568237304688,60108,60.108,1837366,1.752248764038086,448.575897,26963,71326084.821051,42729472,231735296,387973120,616562688,60.425044510979205,1,raw/302__rand_read_4k__r5/attempt-1
80f163c26e8b4f5eb3c12eea782069ab,full,colva3,302,hdd,/dev/sdb1,/mnt/hdd2,rand_write_4k,randwrite,4k,1,5,1,1,time_limit,104767488,0.09757232666015625,60070,60.07,1744090,1.6632938385009766,425.80323,25578,75142827.164634,72876032,85458944,116916224,742391808,60.37493872491177,1,raw/302__rand_write_4k__r5/attempt-1
80f163c26e8b4f5eb3c12eea782069ab,full,colva3,302,hdd,/dev/sdb1,/mnt/hdd2,seq_read,read,1m,1,5,1,1,time_limit,10407116800,9.6923828125,60189,60.189,172907288,164.8972396850586,164.89724,9925,193957010.281108,191889408,200278016,375390208,1837105152,60.52605025598314,1,raw/302__seq_read__r5/attempt-1
80f163c26e8b4f5eb3c12eea782069ab,full,colva3,307,nvme,/dev/nvme3n1p1,/mnt/nvme3,rand_read_128k,randread,128k,1,1,1,1,byte_limit,10737418240,10.0,1905,1.905,5636440020,5375.32808303833,43002.624672,81920,740891.878174,415744,2473984,3358720,4145152,2.2644157640170306,1,raw/307__rand_read_128k__r1/attempt-1
80f163c26e8b4f5eb3c12eea782069ab,full,colva3,307,nvme,/dev/nvme3n1p1,/mnt/nvme3,rand_read_4k,randread,4k,1,1,1,1,byte_limit,10737418240,10.0,4745,4.745,2262891093,2158.061116218567,552463.645943,2621440,56445.233975,52480,82432,104960,138240,5.064800631022081,1,raw/307__rand_read_4k__r1/attempt-1
80f163c26e8b4f5eb3c12eea782069ab,full,colva3,307,nvme,/dev/nvme3n1p1,/mnt/nvme3,rand_write_4k,randwrite,4k,1,1,1,1,byte_limit,10737418240,10.0,7360,7.36,1458888347,1391.304347038269,356173.913043,2621440,87450.90096,85504,96768,112128,164864,7.665931705036201,1,raw/307__rand_write_4k__r1/attempt-1
80f163c26e8b4f5eb3c12eea782069ab,full,colva3,307,nvme,/dev/nvme3n1p1,/mnt/nvme3,seq_read,read,1m,1,1,1,1,byte_limit,10737418240,10.0,4631,4.631,2318596035,2211.1854887008667,2211.185489,10240,14445647.018847998,14483456,14614528,14745600,23461888,4.966143016004935,1,raw/307__seq_read__r1/attempt-1
80f163c26e8b4f5eb3c12eea782069ab,full,colva3,307,nvme,/dev/nvme3n1p1,/mnt/nvme3,seq_write,write,1m,1,1,1,1,byte_limit,10737418240,10.0,2198,2.198,4885085641,4658.780709266663,4658.78071,10240,6828049.400976999,6651904,7110656,10944512,12648448,2.514782143989578,1,raw/307__seq_write__r1/attempt-1
80f163c26e8b4f5eb3c12eea782069ab,full,colva3,307,nvme,/dev/nvme3n1p1,/mnt/nvme3,rand_read_4k,randread,4k,1,2,1,1,byte_limit,10737418240,10.0,4729,4.729,2270547312,2165.3626556396484,554332.839924,2621440,56265.858796,51968,81408,104960,138240,5.064808023045771,1,raw/307__rand_read_4k__r2/attempt-1
80f163c26e8b4f5eb3c12eea782069ab,full,colva3,307,nvme,/dev/nvme3n1p1,/mnt/nvme3,rand_write_4k,randwrite,4k,1,2,1,1,byte_limit,10737418240,10.0,7387,7.387,1453556009,1386.219033241272,354872.07256,2621440,87776.562006,86528,96768,112128,162816,7.715786235989071,1,raw/307__rand_write_4k__r2/attempt-1
80f163c26e8b4f5eb3c12eea782069ab,full,colva3,307,nvme,/dev/nvme3n1p1,/mnt/nvme3,seq_read,read,1m,1,2,1,1,byte_limit,10737418240,10.0,4632,4.632,2318095474,2210.708116531372,2210.708117,10240,14449168.056641001,14483456,14614528,14745600,23199744,4.9662516409298405,1,raw/307__seq_read__r2/attempt-1
80f163c26e8b4f5eb3c12eea782069ab,full,colva3,307,nvme,/dev/nvme3n1p1,/mnt/nvme3,seq_write,write,1m,1,2,1,1,byte_limit,10737418240,10.0,2195,2.195,4891762296,4665.148063659668,4665.148064,10240,6819729.009472999,6651904,6782976,11075584,12648448,2.5149135540705174,1,raw/307__seq_write__r2/attempt-1
80f163c26e8b4f5eb3c12eea782069ab,full,colva3,307,nvme,/dev/nvme3n1p1,/mnt/nvme3,rand_read_128k,randread,128k,1,2,1,1,byte_limit,10737418240,10.0,1899,1.899,5654248678,5392.311742782593,43138.493944,81920,738639.078442,452608,2473984,3391488,4177920,2.2650051889941096,1,raw/307__rand_read_128k__r2/attempt-1
80f163c26e8b4f5eb3c12eea782069ab,full,colva3,307,nvme,/dev/nvme3n1p1,/mnt/nvme3,rand_write_4k,randwrite,4k,1,3,1,1,byte_limit,10737418240,10.0,7354,7.354,1460078629,1392.4394884109497,356464.509111,2621440,87391.173524,85504,96768,112128,166912,7.665901234024204,1,raw/307__rand_write_4k__r3/attempt-1
80f163c26e8b4f5eb3c12eea782069ab,full,colva3,307,nvme,/dev/nvme3n1p1,/mnt/nvme3,seq_read,read,1m,1,3,1,1,byte_limit,10737418240,10.0,4631,4.631,2318596035,2211.1854887008667,2211.185489,10240,14445749.613476997,14483456,14614528,14745600,23724032,4.965534180984832,1,raw/307__seq_read__r3/attempt-1
80f163c26e8b4f5eb3c12eea782069ab,full,colva3,307,nvme,/dev/nvme3n1p1,/mnt/nvme3,seq_write,write,1m,1,3,1,1,byte_limit,10737418240,10.0,2198,2.198,4885085641,4658.780709266663,4658.78071,10240,6829407.637402,6651904,6848512,10944512,13172736,2.564624145044945,1,raw/307__seq_write__r3/attempt-1
80f163c26e8b4f5eb3c12eea782069ab,full,colva3,307,nvme,/dev/nvme3n1p1,/mnt/nvme3,rand_read_128k,randread,128k,1,3,1,1,byte_limit,10737418240,10.0,1890,1.89,5681173671,5417.989417076111,43343.915344,81920,735167.390955,444416,2441216,3391488,4292608,2.2145073920255527,1,raw/307__rand_read_128k__r3/attempt-1
80f163c26e8b4f5eb3c12eea782069ab,full,colva3,307,nvme,/dev/nvme3n1p1,/mnt/nvme3,rand_read_4k,randread,4k,1,3,1,1,byte_limit,10737418240,10.0,4742,4.742,2264322699,2159.42640209198,552813.159005,2621440,56413.81548800001,52480,82432,104960,138240,5.114873128011823,1,raw/307__rand_read_4k__r3/attempt-1
80f163c26e8b4f5eb3c12eea782069ab,full,colva3,307,nvme,/dev/nvme3n1p1,/mnt/nvme3,seq_read,read,1m,1,4,1,1,byte_limit,10737418240,10.0,1638,1.638,6555200390,6251.526250839233,6251.526252,10240,5095449.700586,5079040,5341184,5406720,9109504,1.9656745739048347,1,raw/307__seq_read__r4/attempt-1
80f163c26e8b4f5eb3c12eea782069ab,full,colva3,307,nvme,/dev/nvme3n1p1,/mnt/nvme3,seq_write,write,1m,1,4,1,1,byte_limit,10737418240,10.0,2197,2.197,4887309167,4660.901228904724,4660.901229,10240,6825020.896777001,6651904,6782976,11993088,12648448,2.514807011000812,1,raw/307__seq_write__r4/attempt-1
80f163c26e8b4f5eb3c12eea782069ab,full,colva3,307,nvme,/dev/nvme3n1p1,/mnt/nvme3,rand_read_128k,randread,128k,1,4,1,1,byte_limit,10737418240,10.0,1901,1.901,5648299968,5386.638610839844,43093.10889,81920,739129.979382,436224,2506752,3391488,4112384,2.2644032520474866,1,raw/307__rand_read_128k__r4/attempt-1
80f163c26e8b4f5eb3c12eea782069ab,full,colva3,307,nvme,/dev/nvme3n1p1,/mnt/nvme3,rand_read_4k,randread,4k,1,4,1,1,byte_limit,10737418240,10.0,4713,4.713,2278255514,2172.7137699127197,556214.725228,2621440,56061.667564,51968,81408,103936,138240,5.032542089000344,1,raw/307__rand_read_4k__r4/attempt-1
80f163c26e8b4f5eb3c12eea782069ab,full,colva3,307,nvme,/dev/nvme3n1p1,/mnt/nvme3,rand_write_4k,randwrite,4k,1,4,1,1,byte_limit,10737418240,10.0,7344,7.344,1462066753,1394.3355112075806,356949.891068,2621440,87263.131162,85504,96768,112128,156672,7.666248281020671,1,raw/307__rand_write_4k__r4/attempt-1
80f163c26e8b4f5eb3c12eea782069ab,full,colva3,307,nvme,/dev/nvme3n1p1,/mnt/nvme3,seq_write,write,1m,1,5,1,1,byte_limit,10737418240,10.0,2202,2.202,4876211734,4650.317892074585,4650.317893,10240,6840004.427344,6651904,6848512,10944512,12910592,2.514719614991918,1,raw/307__seq_write__r5/attempt-1
80f163c26e8b4f5eb3c12eea782069ab,full,colva3,307,nvme,/dev/nvme3n1p1,/mnt/nvme3,rand_read_128k,randread,128k,1,5,1,1,byte_limit,10737418240,10.0,1908,1.908,5627577693,5366.876309394836,42935.010482,81920,742114.050183,407552,2605056,3489792,4227072,2.264330078032799,1,raw/307__rand_read_128k__r5/attempt-1
80f163c26e8b4f5eb3c12eea782069ab,full,colva3,307,nvme,/dev/nvme3n1p1,/mnt/nvme3,rand_read_4k,randread,4k,1,5,1,1,byte_limit,10737418240,10.0,4717,4.717,2276323561,2170.8713159561157,555743.057028,2621440,56108.535564,51968,81408,103936,138240,5.01672362908721,1,raw/307__rand_read_4k__r5/attempt-1
80f163c26e8b4f5eb3c12eea782069ab,full,colva3,307,nvme,/dev/nvme3n1p1,/mnt/nvme3,rand_write_4k,randwrite,4k,1,5,1,1,byte_limit,10737418240,10.0,7353,7.353,1460277198,1392.6288585662842,356512.987896,2621440,87371.448162,85504,95744,111104,154624,7.665774073917419,1,raw/307__rand_write_4k__r5/attempt-1
80f163c26e8b4f5eb3c12eea782069ab,full,colva3,307,nvme,/dev/nvme3n1p1,/mnt/nvme3,seq_read,read,1m,1,5,1,1,byte_limit,10737418240,10.0,4630,4.63,2319096812,2211.6630668640137,2211.663067,10240,14441777.385937,14483456,14614528,14745600,23461888,4.966025757021271,1,raw/307__seq_read__r5/attempt-1
53de53e105eb4d65b19bfaed802af211,full,colva4,404,nvme,/dev/nvme0n1p1,/mnt/nvme0,rand_read_128k,randread,128k,1,1,1,1,byte_limit,10737418240,10.0,1896,1.896,5663195274,5400.843881607056,43206.751055,81920,731328.001697,440320,2473984,3391488,4145152,2.216512388549745,1,raw/404__rand_read_128k__r1/attempt-1
53de53e105eb4d65b19bfaed802af211,full,colva4,404,nvme,/dev/nvme0n1p1,/mnt/nvme0,rand_read_4k,randread,4k,1,1,1,1,byte_limit,10737418240,10.0,6287,6.287,1707876290,1628.7577533721924,416961.985049,2621440,74719.445947,72192,95744,114176,144384,6.568050600588322,1,raw/404__rand_read_4k__r1/attempt-1
53de53e105eb4d65b19bfaed802af211,full,colva4,404,nvme,/dev/nvme0n1p1,/mnt/nvme0,rand_write_4k,randwrite,4k,1,1,1,1,byte_limit,10737418240,10.0,8634,8.634,1243620365,1186.008801460266,303618.253417,2621440,102584.576371,104960,114176,134144,209920,8.919340442866087,1,raw/404__rand_write_4k__r1/attempt-1
53de53e105eb4d65b19bfaed802af211,full,colva4,404,nvme,/dev/nvme0n1p1,/mnt/nvme0,seq_read,read,1m,1,1,1,1,byte_limit,10737418240,10.0,4631,4.631,2318596035,2211.1854887008667,2211.185489,10240,14287077.58457,14221312,14483456,14483456,23199744,4.920000882819295,1,raw/404__seq_read__r1/attempt-1
53de53e105eb4d65b19bfaed802af211,full,colva4,404,nvme,/dev/nvme0n1p1,/mnt/nvme0,seq_write,write,1m,1,1,1,1,byte_limit,10737418240,10.0,2192,2.192,4898457226,4671.532846450806,4671.532847,10240,6764059.374023,6586368,6717440,10813440,12124160,2.5175845781341195,1,raw/404__seq_write__r1/attempt-1
53de53e105eb4d65b19bfaed802af211,full,colva4,404,nvme,/dev/nvme0n1p1,/mnt/nvme0,rand_read_4k,randread,4k,1,2,1,1,byte_limit,10737418240,10.0,6307,6.307,1702460478,1623.5928325653076,415639.76534,2621440,74955.117081,72192,95744,113152,142336,6.618119705468416,1,raw/404__rand_read_4k__r2/attempt-1
53de53e105eb4d65b19bfaed802af211,full,colva4,404,nvme,/dev/nvme0n1p1,/mnt/nvme0,rand_write_4k,randwrite,4k,1,2,1,1,byte_limit,10737418240,10.0,8636,8.636,1243332357,1185.7341356277466,303547.938861,2621440,102616.278452,104960,114176,136192,228352,8.918920829892159,1,raw/404__rand_write_4k__r2/attempt-1
53de53e105eb4d65b19bfaed802af211,full,colva4,404,nvme,/dev/nvme0n1p1,/mnt/nvme0,seq_read,read,1m,1,2,1,1,byte_limit,10737418240,10.0,4626,4.626,2321102083,2213.575442314148,2213.575443,10240,14268155.099315997,14221312,14352384,14483456,23199744,4.919502585195005,1,raw/404__seq_read__r2/attempt-1
53de53e105eb4d65b19bfaed802af211,full,colva4,404,nvme,/dev/nvme0n1p1,/mnt/nvme0,seq_write,write,1m,1,2,1,1,byte_limit,10737418240,10.0,2191,2.191,4900692943,4673.6649923324585,4673.664993,10240,6760453.970703,6586368,6717440,10813440,12648448,2.5175994327291846,1,raw/404__seq_write__r2/attempt-1
53de53e105eb4d65b19bfaed802af211,full,colva4,404,nvme,/dev/nvme0n1p1,/mnt/nvme0,rand_read_128k,randread,128k,1,2,1,1,byte_limit,10737418240,10.0,1834,1.834,5854644623,5583.424208641052,44667.393675,81920,705716.93866,610304,1286144,2408448,4882432,2.115498473867774,1,raw/404__rand_read_128k__r2/attempt-1
53de53e105eb4d65b19bfaed802af211,full,colva4,404,nvme,/dev/nvme0n1p1,/mnt/nvme0,rand_write_4k,randwrite,4k,1,3,1,1,byte_limit,10737418240,10.0,8654,8.654,1240746272,1183.2678527832031,302916.570372,2621440,102824.704782,104960,115200,134144,199680,8.970186143182218,1,raw/404__rand_write_4k__r3/attempt-1
53de53e105eb4d65b19bfaed802af211,full,colva4,404,nvme,/dev/nvme0n1p1,/mnt/nvme0,seq_read,read,1m,1,3,1,1,byte_limit,10737418240,10.0,4627,4.627,2320600440,2213.097038269043,2213.097039,10240,14266291.755469,14221312,14352384,14483456,23199744,4.919491333886981,1,raw/404__seq_read__r3/attempt-1
53de53e105eb4d65b19bfaed802af211,full,colva4,404,nvme,/dev/nvme0n1p1,/mnt/nvme0,seq_write,write,1m,1,3,1,1,byte_limit,10737418240,10.0,2184,2.184,4916400293,4688.644688606262,4688.644689,10240,6740155.761621,6586368,6651904,10813440,11862016,2.517550661228597,1,raw/404__seq_write__r3/attempt-1
53de53e105eb4d65b19bfaed802af211,full,colva4,404,nvme,/dev/nvme0n1p1,/mnt/nvme0,rand_read_128k,randread,128k,1,3,1,1,byte_limit,10737418240,10.0,1904,1.904,5639400336,5378.151260375977,43025.210084,81920,734816.647803,452608,2408448,3293184,4079616,2.2158825835213065,1,raw/404__rand_read_128k__r3/attempt-1
53de53e105eb4d65b19bfaed802af211,full,colva4,404,nvme,/dev/nvme0n1p1,/mnt/nvme0,rand_read_4k,randread,4k,1,3,1,1,byte_limit,10737418240,10.0,6287,6.287,1707876290,1628.7577533721924,416961.985049,2621440,74715.299051,72192,95744,113152,142336,6.568015601485968,1,raw/404__rand_read_4k__r3/attempt-1
53de53e105eb4d65b19bfaed802af211,full,colva4,404,nvme,/dev/nvme0n1p1,/mnt/nvme0,seq_read,read,1m,1,4,1,1,byte_limit,10737418240,10.0,1566,1.566,6856588914,6538.952745437622,6538.952746,10240,4812508.030566,4816896,4947968,5341184,9109504,1.8683904679492116,1,raw/404__seq_read__r4/attempt-1
53de53e105eb4d65b19bfaed802af211,full,colva4,404,nvme,/dev/nvme0n1p1,/mnt/nvme0,seq_write,write,1m,1,4,1,1,byte_limit,10737418240,10.0,2096,2.096,5122814045,4885.496182441711,4885.496183,10240,6466929.219434,6258688,6389760,12910592,13041664,2.4172004302963614,1,raw/404__seq_write__r4/attempt-1
53de53e105eb4d65b19bfaed802af211,full,colva4,404,nvme,/dev/nvme0n1p1,/mnt/nvme0,rand_read_128k,randread,128k,1,4,1,1,byte_limit,10737418240,10.0,1915,1.915,5607006913,5347.258484840393,42778.067885,81920,738000.318042,432128,2506752,3424256,4227072,2.2157922396436334,1,raw/404__rand_read_128k__r4/attempt-1
53de53e105eb4d65b19bfaed802af211,full,colva4,404,nvme,/dev/nvme0n1p1,/mnt/nvme0,rand_read_4k,randread,4k,1,4,1,1,byte_limit,10737418240,10.0,6276,6.276,1710869700,1631.612491607666,417692.79796,2621440,74594.261831,72192,95744,113152,144384,6.567935979925096,1,raw/404__rand_read_4k__r4/attempt-1
53de53e105eb4d65b19bfaed802af211,full,colva4,404,nvme,/dev/nvme0n1p1,/mnt/nvme0,rand_write_4k,randwrite,4k,1,4,1,1,byte_limit,10737418240,10.0,8661,8.661,1239743475,1182.311511039734,302671.746911,2621440,102912.827547,104960,115200,136192,226304,8.969865255057812,1,raw/404__rand_write_4k__r4/attempt-1
53de53e105eb4d65b19bfaed802af211,full,colva4,404,nvme,/dev/nvme0n1p1,/mnt/nvme0,seq_write,write,1m,1,5,1,1,byte_limit,10737418240,10.0,2200,2.2,4880644654,4654.545454025269,4654.545455,10240,6788665.027733999,6586368,7176192,10813440,12779520,2.5171799790114164,1,raw/404__seq_write__r5/attempt-1
53de53e105eb4d65b19bfaed802af211,full,colva4,404,nvme,/dev/nvme0n1p1,/mnt/nvme0,rand_read_128k,randread,128k,1,5,1,1,byte_limit,10737418240,10.0,1913,1.913,5612868917,5352.848927497864,42822.791427,81920,737350.85863,407552,2572288,3424256,4112384,2.216617239639163,1,raw/404__rand_read_128k__r5/attempt-1
53de53e105eb4d65b19bfaed802af211,full,colva4,404,nvme,/dev/nvme0n1p1,/mnt/nvme0,rand_read_4k,randread,4k,1,5,1,1,byte_limit,10737418240,10.0,6350,6.35,1690932006,1612.598424911499,412825.19685,2621440,75470.355569,72192,96768,122368,144384,6.668010392226279,1,raw/404__rand_read_4k__r5/attempt-1
53de53e105eb4d65b19bfaed802af211,full,colva4,404,nvme,/dev/nvme0n1p1,/mnt/nvme0,rand_write_4k,randwrite,4k,1,5,1,1,byte_limit,10737418240,10.0,8640,8.64,1242756740,1185.1851844787598,303407.407407,2621440,102659.734811,104960,114176,134144,209920,8.919816459529102,1,raw/404__rand_write_4k__r5/attempt-1
53de53e105eb4d65b19bfaed802af211,full,colva4,404,nvme,/dev/nvme0n1p1,/mnt/nvme0,seq_read,read,1m,1,5,1,1,byte_limit,10737418240,10.0,4627,4.627,2320600440,2213.097038269043,2213.097039,10240,14269793.34248,14221312,14352384,14483456,23199744,4.9198394026607275,1,raw/404__seq_read__r5/attempt-1
53de53e105eb4d65b19bfaed802af211,full,colva4,403,hdd,/dev/sdd1,/mnt/hdd4,rand_read_128k,randread,128k,1,1,1,1,time_limit,2697723904,2.512451171875,60178,60.178,44829072,42.75233459472656,342.018678,20582,93451727.959625,53215232,316669952,517996544,834666496,60.500065385363996,1,raw/403__rand_read_128k__r1/attempt-1
53de53e105eb4d65b19bfaed802af211,full,colva4,403,hdd,/dev/sdd1,/mnt/hdd4,rand_read_4k,randread,4k,1,1,1,1,time_limit,111611904,0.10394668579101562,60093,60.093,1857319,1.7712774276733398,453.447157,27249,70510729.690961,42205184,229638144,379584512,624951296,60.39626847114414,1,raw/403__rand_read_4k__r1/attempt-1
53de53e105eb4d65b19bfaed802af211,full,colva4,403,hdd,/dev/sdd1,/mnt/hdd4,rand_write_4k,randwrite,4k,1,1,1,1,time_limit,114024448,0.10619354248046875,60068,60.068,1898256,1.8103179931640625,463.441433,27838,68973126.628924,67633152,81264640,94896128,641728512,60.34867565147579,1,raw/403__rand_write_4k__r1/attempt-1
53de53e105eb4d65b19bfaed802af211,full,colva4,403,hdd,/dev/sdd1,/mnt/hdd4,seq_read,read,1m,1,1,1,1,byte_limit,10737418240,10.0,53113,53.113,202161772,192.79648971557617,192.796491,10240,165731270.885351,160432128,168820736,1753219072,1837105152,53.3948034318164,1,raw/403__seq_read__r1/attempt-1
53de53e105eb4d65b19bfaed802af211,full,colva4,403,hdd,/dev/sdd1,/mnt/hdd4,seq_write,write,1m,1,1,1,1,byte_limit,10737418240,10.0,52725,52.725,203649468,194.21526718139648,194.215268,10240,164571736.133594,164626432,170917888,252706816,650117120,53.0327561525628,1,raw/403__seq_write__r1/attempt-1
53de53e105eb4d65b19bfaed802af211,full,colva4,403,hdd,/dev/sdd1,/mnt/hdd4,rand_read_4k,randread,4k,1,2,1,1,time_limit,110399488,0.10281753540039062,60108,60.108,1836685,1.7515993118286133,448.40953,26953,71300530.376025,42729472,233832448,379584512,608174080,60.39751051738858,1,raw/403__rand_read_4k__r2/attempt-1
53de53e105eb4d65b19bfaed802af211,full,colva4,403,hdd,/dev/sdd1,/mnt/hdd4,rand_write_4k,randwrite,4k,1,2,1,1,time_limit,114769920,0.1068878173828125,60065,60.065,1910762,1.822244644165039,466.494631,28020,68519367.249037,66846720,80216064,95944704,675282944,60.35278700850904,1,raw/403__rand_write_4k__r2/attempt-1
53de53e105eb4d65b19bfaed802af211,full,colva4,403,hdd,/dev/sdd1,/mnt/hdd4,seq_read,read,1m,1,2,1,1,byte_limit,10737418240,10.0,53247,53.247,201653017,192.3113031387329,192.311304,10240,166226546.644824,164626432,168820736,492830720,1837105152,53.54434779752046,1,raw/403__seq_read__r2/attempt-1
53de53e105eb4d65b19bfaed802af211,full,colva4,403,hdd,/dev/sdd1,/mnt/hdd4,seq_write,write,1m,1,2,1,1,byte_limit,10737418240,10.0,52738,52.738,203599268,194.1673927307129,194.167394,10240,164522238.66748,164626432,170917888,229638144,616562688,53.04502698034048,1,raw/403__seq_write__r2/attempt-1
53de53e105eb4d65b19bfaed802af211,full,colva4,403,hdd,/dev/sdd1,/mnt/hdd4,rand_read_128k,randread,128k,1,2,1,1,time_limit,2724855808,2.5377197265625,60130,60.13,45316078,43.216779708862305,345.734242,20789,92452895.616096,52690944,312475648,513802240,817889280,60.44503242056817,1,raw/403__rand_read_128k__r2/attempt-1
53de53e105eb4d65b19bfaed802af211,full,colva4,403,hdd,/dev/sdd1,/mnt/hdd4,rand_write_4k,randwrite,4k,1,3,1,1,time_limit,115126272,0.10721969604492188,60064,60.064,1916726,1.827932357788086,467.950852,28107,68307024.894688,66322432,80216064,93847552,641728512,60.39533058460802,1,raw/403__rand_write_4k__r3/attempt-1
53de53e105eb4d65b19bfaed802af211,full,colva4,403,hdd,/dev/sdd1,/mnt/hdd4,seq_read,read,1m,1,3,1,1,byte_limit,10737418240,10.0,54848,54.848,195766814,186.6977825164795,186.697783,10240,171216641.297266,162529280,168820736,1837105152,1887436800,55.14207495842129,1,raw/403__seq_read__r3/attempt-1
53de53e105eb4d65b19bfaed802af211,full,colva4,403,hdd,/dev/sdd1,/mnt/hdd4,seq_write,write,1m,1,3,1,1,byte_limit,10737418240,10.0,52493,52.493,204549525,195.07362842559814,195.073629,10240,163746563.742871,164626432,168820736,202375168,608174080,52.79525351524353,1,raw/403__seq_write__r3/attempt-1
53de53e105eb4d65b19bfaed802af211,full,colva4,403,hdd,/dev/sdd1,/mnt/hdd4,rand_read_128k,randread,128k,1,3,1,1,time_limit,2709651456,2.5235595703125,60152,60.152,45046739,42.95991802215576,343.679346,20673,93004356.065834,53215232,320864256,530579456,876609536,60.44553381204605,1,raw/403__rand_read_128k__r3/attempt-1
53de53e105eb4d65b19bfaed802af211,full,colva4,403,hdd,/dev/sdd1,/mnt/hdd4,rand_read_4k,randread,4k,1,3,1,1,time_limit,113020928,0.10525894165039062,60103,60.103,1880454,1.7933406829833984,459.09522,27593,69639612.66959,41680896,229638144,379584512,624951296,60.39279973413795,1,raw/403__rand_read_4k__r3/attempt-1
53de53e105eb4d65b19bfaed802af211,full,colva4,403,hdd,/dev/sdd1,/mnt/hdd4,seq_read,read,1m,1,4,1,1,byte_limit,10737418240,10.0,53735,53.735,199821684,190.5648078918457,190.564809,10240,167743894.744139,164626432,168820736,509607936,1853882368,54.027667629532516,1,raw/403__seq_read__r4/attempt-1
53de53e105eb4d65b19bfaed802af211,full,colva4,403,hdd,/dev/sdd1,/mnt/hdd4,seq_write,write,1m,1,4,1,1,byte_limit,10737418240,10.0,52667,52.667,203873739,194.42914867401123,194.429149,10240,164386199.453418,164626432,170917888,229638144,624951296,52.99919152073562,1,raw/403__seq_write__r4/attempt-1
53de53e105eb4d65b19bfaed802af211,full,colva4,403,hdd,/dev/sdd1,/mnt/hdd4,rand_read_128k,randread,128k,1,4,1,1,time_limit,2712666112,2.5263671875,60142,60.142,45104354,43.01486396789551,344.118919,20696,92889878.462988,54263808,312475648,513802240,809500672,60.44497381988913,1,raw/403__rand_read_128k__r4/attempt-1
53de53e105eb4d65b19bfaed802af211,full,colva4,403,hdd,/dev/sdd1,/mnt/hdd4,rand_read_4k,randread,4k,1,4,1,1,time_limit,112570368,0.10483932495117188,60119,60.119,1872459,1.7857160568237305,457.143332,27483,69947951.629153,41680896,231735296,367001600,583008256,60.395728973671794,1,raw/403__rand_read_4k__r4/attempt-1
53de53e105eb4d65b19bfaed802af211,full,colva4,403,hdd,/dev/sdd1,/mnt/hdd4,rand_write_4k,randwrite,4k,1,4,1,1,time_limit,115486720,0.10755538940429688,60062,60.062,1922791,1.8337163925170898,469.431587,28195,68090318.816031,66322432,79167488,91750400,624951296,60.35292308777571,1,raw/403__rand_write_4k__r4/attempt-1
53de53e105eb4d65b19bfaed802af211,full,colva4,403,hdd,/dev/sdd1,/mnt/hdd4,seq_write,write,1m,1,5,1,1,byte_limit,10737418240,10.0,52886,52.886,203029501,193.62402057647705,193.624021,10240,165073025.118262,164626432,183500800,240123904,616562688,53.19320955593139,1,raw/403__seq_write__r5/attempt-1
53de53e105eb4d65b19bfaed802af211,full,colva4,403,hdd,/dev/sdd1,/mnt/hdd4,rand_read_128k,randread,128k,1,5,1,1,time_limit,2699296768,2.513916015625,60143,60.143,44881312,42.802154541015625,342.417239,20594,93344267.589249,51642368,325058560,541065216,817889280,60.44971967488527,1,raw/403__rand_read_128k__r5/attempt-1
53de53e105eb4d65b19bfaed802af211,full,colva4,403,hdd,/dev/sdd1,/mnt/hdd4,rand_read_4k,randread,4k,1,5,1,1,time_limit,112828416,0.10507965087890625,60105,60.105,1877188,1.7902259826660156,458.297979,27546,69775172.228309,41156608,229638144,375390208,616562688,60.398368331603706,1,raw/403__rand_read_4k__r5/attempt-1
53de53e105eb4d65b19bfaed802af211,full,colva4,403,hdd,/dev/sdd1,/mnt/hdd4,rand_write_4k,randwrite,4k,1,5,1,1,time_limit,115904512,0.10794448852539062,60073,60.073,1929394,1.8400135040283203,471.043564,28297,67862629.931901,65798144,78118912,92798976,616562688,60.39273664075881,1,raw/403__rand_write_4k__r5/attempt-1
53de53e105eb4d65b19bfaed802af211,full,colva4,403,hdd,/dev/sdd1,/mnt/hdd4,seq_read,read,1m,1,5,1,1,byte_limit,10737418240,10.0,56597,56.597,189717091,180.92831707000732,180.928318,10240,176698502.320215,162529280,168820736,1837105152,1887436800,56.895313133485615,1,raw/403__seq_read__r5/attempt-1
53de53e105eb4d65b19bfaed802af211,full,colva4,405,nvme,/dev/nvme1n1,/mnt/nvme1,rand_read_128k,randread,128k,1,1,1,1,byte_limit,10737418240,10.0,1906,1.906,5633482812,5372.507869720459,42980.062959,81920,734422.62218,452608,2408448,3293184,4046848,2.2157781571149826,1,raw/405__rand_read_128k__r1/attempt-1
53de53e105eb4d65b19bfaed802af211,full,colva4,405,nvme,/dev/nvme1n1,/mnt/nvme1,rand_read_4k,randread,4k,1,1,1,1,byte_limit,10737418240,10.0,6276,6.276,1710869700,1631.612491607666,417692.79796,2621440,74580.064949,72192,95744,114176,150528,6.568299354985356,1,raw/405__rand_read_4k__r1/attempt-1
53de53e105eb4d65b19bfaed802af211,full,colva4,405,nvme,/dev/nvme1n1,/mnt/nvme1,rand_write_4k,randwrite,4k,1,1,1,1,byte_limit,10737418240,10.0,8664,8.664,1239314201,1181.902123451233,302566.943675,2621440,102956.649581,104960,115200,136192,224256,8.969512961804867,1,raw/405__rand_write_4k__r1/attempt-1
53de53e105eb4d65b19bfaed802af211,full,colva4,405,nvme,/dev/nvme1n1,/mnt/nvme1,seq_read,read,1m,1,1,1,1,byte_limit,10737418240,10.0,4629,4.629,2319597805,2212.140851020813,2212.140851,10240,14275597.850683998,14221312,14483456,14483456,23199744,4.919517534784973,1,raw/405__seq_read__r1/attempt-1
53de53e105eb4d65b19bfaed802af211,full,colva4,405,nvme,/dev/nvme1n1,/mnt/nvme1,seq_write,write,1m,1,1,1,1,byte_limit,10737418240,10.0,2198,2.198,4885085641,4658.780709266663,4658.78071,10240,6782676.864355,6586368,6717440,11206656,15663104,2.5175966592505574,1,raw/405__seq_write__r1/attempt-1
53de53e105eb4d65b19bfaed802af211,full,colva4,405,nvme,/dev/nvme1n1,/mnt/nvme1,rand_read_4k,randread,4k,1,2,1,1,byte_limit,10737418240,10.0,6276,6.276,1710869700,1631.612491607666,417692.79796,2621440,74592.835125,72192,95744,112128,138240,6.567618649452925,1,raw/405__rand_read_4k__r2/attempt-1
53de53e105eb4d65b19bfaed802af211,full,colva4,405,nvme,/dev/nvme1n1,/mnt/nvme1,rand_write_4k,randwrite,4k,1,2,1,1,byte_limit,10737418240,10.0,8673,8.673,1238028160,1180.6756591796875,302252.968984,2621440,103074.32159,104960,115200,134144,218112,8.969092899933457,1,raw/405__rand_write_4k__r2/attempt-1
53de53e105eb4d65b19bfaed802af211,full,colva4,405,nvme,/dev/nvme1n1,/mnt/nvme1,seq_read,read,1m,1,2,1,1,byte_limit,10737418240,10.0,4627,4.627,2320600440,2213.097038269043,2213.097039,10240,14270597.270020002,14221312,14352384,14483456,23199744,4.9198996582999825,1,raw/405__seq_read__r2/attempt-1
53de53e105eb4d65b19bfaed802af211,full,colva4,405,nvme,/dev/nvme1n1,/mnt/nvme1,seq_write,write,1m,1,2,1,1,byte_limit,10737418240,10.0,2209,2.209,4860759728,4635.58171081543,4635.581711,10240,6816940.289258,6651904,7241728,11337728,15269888,2.5168932359665632,1,raw/405__seq_write__r2/attempt-1
53de53e105eb4d65b19bfaed802af211,full,colva4,405,nvme,/dev/nvme1n1,/mnt/nvme1,rand_read_128k,randread,128k,1,2,1,1,byte_limit,10737418240,10.0,1912,1.912,5615804518,5355.64853477478,42845.188285,81920,736478.169214,448512,2408448,3325952,4145152,2.215864204801619,1,raw/405__rand_read_128k__r2/attempt-1
53de53e105eb4d65b19bfaed802af211,full,colva4,405,nvme,/dev/nvme1n1,/mnt/nvme1,rand_write_4k,randwrite,4k,1,3,1,1,byte_limit,10737418240,10.0,8784,8.784,1222383679,1165.755919456482,298433.515483,2621440,104405.542104,107008,117248,138240,218112,9.066893703304231,1,raw/405__rand_write_4k__r3/attempt-1
53de53e105eb4d65b19bfaed802af211,full,colva4,405,nvme,/dev/nvme1n1,/mnt/nvme1,seq_read,read,1m,1,3,1,1,byte_limit,10737418240,10.0,4621,4.621,2323613555,2215.9705686569214,2215.970569,10240,14255638.259473,14221312,14483456,14483456,23199744,4.91974385548383,1,raw/405__seq_read__r3/attempt-1
53de53e105eb4d65b19bfaed802af211,full,colva4,405,nvme,/dev/nvme1n1,/mnt/nvme1,seq_write,write,1m,1,3,1,1,byte_limit,10737418240,10.0,2209,2.209,4860759728,4635.58171081543,4635.581711,10240,6814882.909082,6651904,6717440,12255232,14876672,2.516779972240329,1,raw/405__seq_write__r3/attempt-1
53de53e105eb4d65b19bfaed802af211,full,colva4,405,nvme,/dev/nvme1n1,/mnt/nvme1,rand_read_128k,randread,128k,1,3,1,1,byte_limit,10737418240,10.0,1907,1.907,5630528704,5369.690612792969,42957.524908,81920,735133.796362,448512,2408448,3358720,4177920,2.2156364172697067,1,raw/405__rand_read_128k__r3/attempt-1
53de53e105eb4d65b19bfaed802af211,full,colva4,405,nvme,/dev/nvme1n1,/mnt/nvme1,rand_read_4k,randread,4k,1,3,1,1,byte_limit,10737418240,10.0,6267,6.267,1713326669,1633.9556398391724,418292.644008,2621440,74485.901817,72192,94720,111104,140288,6.568359795026481,1,raw/405__rand_read_4k__r3/attempt-1
53de53e105eb4d65b19bfaed802af211,full,colva4,405,nvme,/dev/nvme1n1,/mnt/nvme1,seq_read,read,1m,1,4,1,1,byte_limit,10737418240,10.0,1538,1.538,6981416280,6657.997398376465,6657.997399,10240,4724043.812402,4685824,4816896,5079040,8093696,1.868325955234468,1,raw/405__seq_read__r4/attempt-1
53de53e105eb4d65b19bfaed802af211,full,colva4,405,nvme,/dev/nvme1n1,/mnt/nvme1,seq_write,write,1m,1,4,1,1,byte_limit,10737418240,10.0,2065,2.065,5199718276,4958.837772369385,4958.837772,10240,6371856.739746,6193152,6258688,10682368,12910592,2.3670418560504913,1,raw/405__seq_write__r4/attempt-1
53de53e105eb4d65b19bfaed802af211,full,colva4,405,nvme,/dev/nvme1n1,/mnt/nvme1,rand_read_128k,randread,128k,1,4,1,1,byte_limit,10737418240,10.0,1853,1.853,5794613189,5526.173771858215,44209.390178,81920,714486.863477,493568,2244608,3948544,5210112,2.165891531854868,1,raw/405__rand_read_128k__r4/attempt-1
53de53e105eb4d65b19bfaed802af211,full,colva4,405,nvme,/dev/nvme1n1,/mnt/nvme1,rand_read_4k,randread,4k,1,4,1,1,byte_limit,10737418240,10.0,6271,6.271,1712233812,1632.9134101867676,418025.8332,2621440,74531.120414,71168,95744,113152,148480,6.568354012444615,1,raw/405__rand_read_4k__r4/attempt-1
53de53e105eb4d65b19bfaed802af211,full,colva4,405,nvme,/dev/nvme1n1,/mnt/nvme1,rand_write_4k,randwrite,4k,1,4,1,1,byte_limit,10737418240,10.0,8746,8.746,1227694745,1170.8209466934204,299730.16236,2621440,103939.323351,105984,116224,144384,246784,9.03502377960831,1,raw/405__rand_write_4k__r4/attempt-1
53de53e105eb4d65b19bfaed802af211,full,colva4,405,nvme,/dev/nvme1n1,/mnt/nvme1,seq_write,write,1m,1,5,1,1,byte_limit,10737418240,10.0,2206,2.206,4867370009,4641.885766029358,4641.885766,10240,6806631.129199,6651904,6717440,11337728,14614528,2.516932889819145,1,raw/405__seq_write__r5/attempt-1
53de53e105eb4d65b19bfaed802af211,full,colva4,405,nvme,/dev/nvme1n1,/mnt/nvme1,rand_read_128k,randread,128k,1,5,1,1,byte_limit,10737418240,10.0,1913,1.913,5612868917,5352.848927497864,42822.791427,81920,737660.113586,407552,2572288,3424256,4145152,2.21582243591547,1,raw/405__rand_read_128k__r5/attempt-1
53de53e105eb4d65b19bfaed802af211,full,colva4,405,nvme,/dev/nvme1n1,/mnt/nvme1,rand_read_4k,randread,4k,1,5,1,1,byte_limit,10737418240,10.0,6261,6.261,1714968573,1635.521481513977,418693.499441,2621440,74411.555086,71168,95744,114176,140288,6.568022849969566,1,raw/405__rand_read_4k__r5/attempt-1
53de53e105eb4d65b19bfaed802af211,full,colva4,405,nvme,/dev/nvme1n1,/mnt/nvme1,rand_write_4k,randwrite,4k,1,5,1,1,byte_limit,10737418240,10.0,8676,8.676,1237600073,1180.2674036026,302148.455509,2621440,103108.539498,104960,115200,136192,222208,8.969448741525412,1,raw/405__rand_write_4k__r5/attempt-1
53de53e105eb4d65b19bfaed802af211,full,colva4,405,nvme,/dev/nvme1n1,/mnt/nvme1,seq_read,read,1m,1,5,1,1,byte_limit,10737418240,10.0,4625,4.625,2321603943,2214.0540533065796,2214.054054,10240,14266304.14873,14221312,14352384,14483456,23199744,4.919754425995052,1,raw/405__seq_read__r5/attempt-1
53de53e105eb4d65b19bfaed802af211,full,colva4,406,nvme,/dev/nvme2n1,/mnt/nvme2,rand_read_128k,randread,128k,1,1,1,1,byte_limit,10737418240,10.0,1909,1.909,5624629774,5364.06495475769,42912.519644,81920,735763.391541,448512,2441216,3325952,4177920,2.2157391123473644,1,raw/406__rand_read_128k__r1/attempt-1
53de53e105eb4d65b19bfaed802af211,full,colva4,406,nvme,/dev/nvme2n1,/mnt/nvme2,rand_read_4k,randread,4k,1,1,1,1,byte_limit,10737418240,10.0,6279,6.279,1710052275,1630.8329343795776,417493.231406,2621440,74626.649575,72192,95744,113152,152576,6.568088007159531,1,raw/406__rand_read_4k__r1/attempt-1
53de53e105eb4d65b19bfaed802af211,full,colva4,406,nvme,/dev/nvme2n1,/mnt/nvme2,rand_write_4k,randwrite,4k,1,1,1,1,byte_limit,10737418240,10.0,8699,8.699,1234327881,1177.14679813385,301349.580412,2621440,103381.631743,104960,115200,136192,224256,9.00327561609447,1,raw/406__rand_write_4k__r1/attempt-1
53de53e105eb4d65b19bfaed802af211,full,colva4,406,nvme,/dev/nvme2n1,/mnt/nvme2,seq_read,read,1m,1,1,1,1,byte_limit,10737418240,10.0,4628,4.628,2320099014,2212.6188411712646,2212.618842,10240,14273927.189941,14221312,14352384,14483456,23199744,4.9192932629957795,1,raw/406__seq_read__r1/attempt-1
53de53e105eb4d65b19bfaed802af211,full,colva4,406,nvme,/dev/nvme2n1,/mnt/nvme2,seq_write,write,1m,1,1,1,1,byte_limit,10737418240,10.0,2199,2.199,4882864138,4656.662118911743,4656.662119,10240,6784762.274316,6586368,6717440,11468800,16318464,2.517013647593558,1,raw/406__seq_write__r1/attempt-1
53de53e105eb4d65b19bfaed802af211,full,colva4,406,nvme,/dev/nvme2n1,/mnt/nvme2,rand_read_4k,randread,4k,1,2,1,1,byte_limit,10737418240,10.0,6287,6.287,1707876290,1628.7577533721924,416961.985049,2621440,74721.403828,72192,95744,112128,138240,6.567775492556393,1,raw/406__rand_read_4k__r2/attempt-1
53de53e105eb4d65b19bfaed802af211,full,colva4,406,nvme,/dev/nvme2n1,/mnt/nvme2,rand_write_4k,randwrite,4k,1,2,1,1,byte_limit,10737418240,10.0,8654,8.654,1240746272,1183.2678527832031,302916.570372,2621440,102837.004694,104960,115200,134144,222208,8.969359600916505,1,raw/406__rand_write_4k__r2/attempt-1
53de53e105eb4d65b19bfaed802af211,full,colva4,406,nvme,/dev/nvme2n1,/mnt/nvme2,seq_read,read,1m,1,2,1,1,byte_limit,10737418240,10.0,4628,4.628,2320099014,2212.6188411712646,2212.618842,10240,14254932.68291,14221312,14352384,14483456,23199744,4.919508459977806,1,raw/406__seq_read__r2/attempt-1
53de53e105eb4d65b19bfaed802af211,full,colva4,406,nvme,/dev/nvme2n1,/mnt/nvme2,seq_write,write,1m,1,2,1,1,byte_limit,10737418240,10.0,2191,2.191,4900692943,4673.6649923324585,4673.664993,10240,6759856.51416,6586368,6651904,11206656,14745600,2.516801642253995,1,raw/406__seq_write__r2/attempt-1
53de53e105eb4d65b19bfaed802af211,full,colva4,406,nvme,/dev/nvme2n1,/mnt/nvme2,rand_read_128k,randread,128k,1,2,1,1,byte_limit,10737418240,10.0,1907,1.907,5630528704,5369.690612792969,42957.524908,81920,734921.773901,444416,2408448,3358720,4145152,2.2157276654616,1,raw/406__rand_read_128k__r2/attempt-1
53de53e105eb4d65b19bfaed802af211,full,colva4,406,nvme,/dev/nvme2n1,/mnt/nvme2,rand_write_4k,randwrite,4k,1,3,1,1,byte_limit,10737418240,10.0,8685,8.685,1236317586,1179.0443286895752,301835.348302,2621440,103213.960059,104960,115200,136192,222208,8.969868773594499,1,raw/406__rand_write_4k__r3/attempt-1
53de53e105eb4d65b19bfaed802af211,full,colva4,406,nvme,/dev/nvme2n1,/mnt/nvme2,seq_read,read,1m,1,3,1,1,byte_limit,10737418240,10.0,4627,4.627,2320600440,2213.097038269043,2213.097039,10240,14271208.912988001,14221312,14352384,14483456,23199744,4.919040694832802,1,raw/406__seq_read__r3/attempt-1
53de53e105eb4d65b19bfaed802af211,full,colva4,406,nvme,/dev/nvme2n1,/mnt/nvme2,seq_write,write,1m,1,3,1,1,byte_limit,10737418240,10.0,2197,2.197,4887309167,4660.901228904724,4660.901229,10240,6778938.657813,6586368,6717440,11075584,11993088,2.517647893168032,1,raw/406__seq_write__r3/attempt-1
53de53e105eb4d65b19bfaed802af211,full,colva4,406,nvme,/dev/nvme2n1,/mnt/nvme2,rand_read_128k,randread,128k,1,3,1,1,byte_limit,10737418240,10.0,1906,1.906,5633482812,5372.507869720459,42980.062959,81920,735023.706189,452608,2408448,3293184,4177920,2.215841442346573,1,raw/406__rand_read_128k__r3/attempt-1
53de53e105eb4d65b19bfaed802af211,full,colva4,406,nvme,/dev/nvme2n1,/mnt/nvme2,rand_read_4k,randread,4k,1,3,1,1,byte_limit,10737418240,10.0,6285,6.285,1708419767,1629.27605342865,417094.669849,2621440,74696.550615,72192,95744,113152,152576,6.567839614115655,1,raw/406__rand_read_4k__r3/attempt-1
53de53e105eb4d65b19bfaed802af211,full,colva4,406,nvme,/dev/nvme2n1,/mnt/nvme2,seq_read,read,1m,1,4,1,1,byte_limit,10737418240,10.0,1544,1.544,6954286424,6632.124351501465,6632.124352,10240,4745069.861133,4751360,4882432,5275648,7962624,1.8670931765809655,1,raw/406__seq_read__r4/attempt-1
53de53e105eb4d65b19bfaed802af211,full,colva4,406,nvme,/dev/nvme2n1,/mnt/nvme2,seq_write,write,1m,1,4,1,1,byte_limit,10737418240,10.0,2092,2.092,5132609101,4894.837475776672,4894.837476,10240,6451947.89209,6258688,6389760,11862016,13041664,2.4166722167283297,1,raw/406__seq_write__r4/attempt-1
53de53e105eb4d65b19bfaed802af211,full,colva4,406,nvme,/dev/nvme2n1,/mnt/nvme2,rand_read_128k,randread,128k,1,4,1,1,byte_limit,10737418240,10.0,1911,1.911,5618743192,5358.451072692871,42867.608582,81920,736525.317615,428032,2506752,3457024,4177920,2.2164089335128665,1,raw/406__rand_read_128k__r4/attempt-1
53de53e105eb4d65b19bfaed802af211,full,colva4,406,nvme,/dev/nvme2n1,/mnt/nvme2,rand_read_4k,randread,4k,1,4,1,1,byte_limit,10737418240,10.0,6255,6.255,1716613627,1637.0903272628784,419095.123901,2621440,74345.196714,71168,95744,112128,144384,6.567911919206381,1,raw/406__rand_read_4k__r4/attempt-1
53de53e105eb4d65b19bfaed802af211,full,colva4,406,nvme,/dev/nvme2n1,/mnt/nvme2,rand_write_4k,randwrite,4k,1,4,1,1,byte_limit,10737418240,10.0,8682,8.682,1236744786,1179.451738357544,301939.645243,2621440,103174.512064,104960,115200,138240,226304,8.969478068873286,1,raw/406__rand_write_4k__r4/attempt-1
53de53e105eb4d65b19bfaed802af211,full,colva4,406,nvme,/dev/nvme2n1,/mnt/nvme2,seq_write,write,1m,1,5,1,1,byte_limit,10737418240,10.0,2195,2.195,4891762296,4665.148063659668,4665.148064,10240,6773994.40459,6586368,6717440,10944512,12255232,2.517247942276299,1,raw/406__seq_write__r5/attempt-1
53de53e105eb4d65b19bfaed802af211,full,colva4,406,nvme,/dev/nvme2n1,/mnt/nvme2,rand_read_128k,randread,128k,1,5,1,1,byte_limit,10737418240,10.0,1909,1.909,5624629774,5364.06495475769,42912.519644,81920,735540.144629,407552,2605056,3489792,4292608,2.2155345641076565,1,raw/406__rand_read_128k__r5/attempt-1
53de53e105eb4d65b19bfaed802af211,full,colva4,406,nvme,/dev/nvme2n1,/mnt/nvme2,rand_read_4k,randread,4k,1,5,1,1,byte_limit,10737418240,10.0,6299,6.299,1704622676,1625.6548652648926,416167.645658,2621440,74862.006775,72192,95744,113152,150528,6.618598332628608,1,raw/406__rand_read_4k__r5/attempt-1
53de53e105eb4d65b19bfaed802af211,full,colva4,406,nvme,/dev/nvme2n1,/mnt/nvme2,rand_write_4k,randwrite,4k,1,5,1,1,byte_limit,10737418240,10.0,8706,8.706,1233335428,1176.2003211975098,301107.282334,2621440,103456.827611,104960,116224,140288,228352,9.003685831092298,1,raw/406__rand_write_4k__r5/attempt-1
53de53e105eb4d65b19bfaed802af211,full,colva4,406,nvme,/dev/nvme2n1,/mnt/nvme2,seq_read,read,1m,1,5,1,1,byte_limit,10737418240,10.0,4627,4.627,2320600440,2213.097038269043,2213.097039,10240,14270835.524511999,14221312,14352384,14483456,23199744,4.921004815027118,1,raw/406__seq_read__r5/attempt-1
53de53e105eb4d65b19bfaed802af211,full,colva4,401,hdd,/dev/sda1,/mnt/hdd1,rand_read_128k,randread,128k,1,1,1,1,time_limit,2637824000,2.4566650390625,60149,60.149,43854827,41.823222160339355,334.585779,20125,95533005.577342,52166656,333447168,566231040,884998144,60.445704678073525,1,raw/401__rand_read_128k__r1/attempt-1
53de53e105eb4d65b19bfaed802af211,full,colva4,401,hdd,/dev/sda1,/mnt/hdd1,rand_read_4k,randread,4k,1,1,1,1,time_limit,109789184,0.1022491455078125,60115,60.115,1826319,1.741713523864746,445.878732,26804,71700561.960342,42729472,235929600,387973120,650117120,60.403233690187335,1,raw/401__rand_read_4k__r1/attempt-1
53de53e105eb4d65b19bfaed802af211,full,colva4,401,hdd,/dev/sda1,/mnt/hdd1,rand_write_4k,randwrite,4k,1,1,1,1,time_limit,112549888,0.10482025146484375,60068,60.068,1873707,1.7869062423706055,457.448225,27478,69886286.443991,67633152,81264640,91750400,725614592,60.38643293082714,1,raw/401__rand_write_4k__r1/attempt-1
53de53e105eb4d65b19bfaed802af211,full,colva4,401,hdd,/dev/sda1,/mnt/hdd1,seq_read,read,1m,1,1,1,1,byte_limit,10737418240,10.0,52290,52.29,205343626,195.83094215393066,195.830943,10240,163225617.860547,160432128,168820736,1736441856,1837105152,52.592700788751245,1,raw/401__seq_read__r1/attempt-1
53de53e105eb4d65b19bfaed802af211,full,colva4,401,hdd,/dev/sda1,/mnt/hdd1,seq_write,write,1m,1,1,1,1,byte_limit,10737418240,10.0,51529,51.529,208376219,198.72304821014404,198.723049,10240,160832044.379297,160432128,166723584,183500800,599785472,51.84991128835827,1,raw/401__seq_write__r1/attempt-1
53de53e105eb4d65b19bfaed802af211,full,colva4,401,hdd,/dev/sda1,/mnt/hdd1,rand_read_4k,randread,4k,1,2,1,1,time_limit,109953024,0.1024017333984375,60149,60.149,1828010,1.743326187133789,446.291709,26844,71633135.728207,42205184,238026752,408944640,675282944,60.44427427928895,1,raw/401__rand_read_4k__r2/attempt-1
53de53e105eb4d65b19bfaed802af211,full,colva4,401,hdd,/dev/sda1,/mnt/hdd1,rand_write_4k,randwrite,4k,1,2,1,1,time_limit,114778112,0.10689544677734375,60073,60.073,1910643,1.8221311569213867,466.4658,28022,68528074.042538,66846720,78118912,92798976,675282944,60.39242618344724,1,raw/401__rand_write_4k__r2/attempt-1
53de53e105eb4d65b19bfaed802af211,full,colva4,401,hdd,/dev/sda1,/mnt/hdd1,seq_read,read,1m,1,2,1,1,byte_limit,10737418240,10.0,52335,52.335,205167062,195.6625576019287,195.662559,10240,163294634.34619,160432128,168820736,261095424,1535115264,52.64226733800024,1,raw/401__seq_read__r2/attempt-1
53de53e105eb4d65b19bfaed802af211,full,colva4,401,hdd,/dev/sda1,/mnt/hdd1,seq_write,write,1m,1,2,1,1,byte_limit,10737418240,10.0,51732,51.732,207558537,197.94324588775635,197.943246,10240,161462543.642188,160432128,166723584,233832448,633339904,52.05970272235572,1,raw/401__seq_write__r2/attempt-1
53de53e105eb4d65b19bfaed802af211,full,colva4,401,hdd,/dev/sda1,/mnt/hdd1,rand_read_128k,randread,128k,1,2,1,1,time_limit,2681864192,2.4976806640625,60138,60.138,44595167,42.52926540374756,340.234128,20461,93948075.429353,52690944,320864256,534773760,851443712,60.445721285417676,1,raw/401__rand_read_128k__r2/attempt-1
53de53e105eb4d65b19bfaed802af211,full,colva4,401,hdd,/dev/sda1,/mnt/hdd1,rand_write_4k,randwrite,4k,1,3,1,1,time_limit,114769920,0.1068878173828125,60065,60.065,1910762,1.822244644165039,466.494631,28020,68520807.598322,67633152,78118912,91750400,658505728,60.39217065088451,1,raw/401__rand_write_4k__r3/attempt-1
53de53e105eb4d65b19bfaed802af211,full,colva4,401,hdd,/dev/sda1,/mnt/hdd1,seq_read,read,1m,1,3,1,1,byte_limit,10737418240,10.0,52638,52.638,203986060,194.5362663269043,194.536267,10240,164321328.086133,160432128,168820736,1518338048,1870659584,52.948714977130294,1,raw/401__seq_read__r3/attempt-1
53de53e105eb4d65b19bfaed802af211,full,colva4,401,hdd,/dev/sda1,/mnt/hdd1,seq_write,write,1m,1,3,1,1,byte_limit,10737418240,10.0,51558,51.558,208259013,198.61127185821533,198.611273,10240,160918739.363574,160432128,166723584,193986560,591396864,51.894902341999114,1,raw/401__seq_write__r3/attempt-1
53de53e105eb4d65b19bfaed802af211,full,colva4,401,hdd,/dev/sda1,/mnt/hdd1,rand_read_128k,randread,128k,1,3,1,1,time_limit,2679767040,2.4957275390625,60163,60.163,44541778,42.478349685668945,339.826804,20445,94070087.729029,52690944,325058560,541065216,826277888,60.44908194988966,1,raw/401__rand_read_128k__r3/attempt-1
53de53e105eb4d65b19bfaed802af211,full,colva4,401,hdd,/dev/sda1,/mnt/hdd1,rand_read_4k,randread,4k,1,3,1,1,time_limit,111267840,0.10362625122070312,60101,60.101,1851347,1.7655820846557617,451.989152,27165,70739013.608688,41680896,233832448,387973120,616562688,60.39706056844443,1,raw/401__rand_read_4k__r3/attempt-1
53de53e105eb4d65b19bfaed802af211,full,colva4,401,hdd,/dev/sda1,/mnt/hdd1,seq_read,read,1m,1,4,1,1,byte_limit,10737418240,10.0,52078,52.078,206179542,196.6281337738037,196.628135,10240,162572874.290234,158334976,166723584,1837105152,1887436800,52.392673533409834,1,raw/401__seq_read__r4/attempt-1
53de53e105eb4d65b19bfaed802af211,full,colva4,401,hdd,/dev/sda1,/mnt/hdd1,seq_write,write,1m,1,4,1,1,byte_limit,10737418240,10.0,51718,51.718,207614722,197.99682807922363,197.996829,10240,161418464.05,160432128,168820736,235929600,624951296,52.02808274887502,1,raw/401__seq_write__r4/attempt-1
53de53e105eb4d65b19bfaed802af211,full,colva4,401,hdd,/dev/sda1,/mnt/hdd1,rand_read_128k,randread,128k,1,4,1,1,time_limit,2658926592,2.476318359375,60189,60.189,44176287,42.12979030609131,337.038329,20286,94835327.356896,52166656,325058560,541065216,843055104,60.49607614427805,1,raw/401__rand_read_128k__r4/attempt-1
53de53e105eb4d65b19bfaed802af211,full,colva4,401,hdd,/dev/sda1,/mnt/hdd1,rand_read_4k,randread,4k,1,4,1,1,time_limit,111611904,0.10394668579101562,60097,60.097,1857195,1.7711591720581055,453.416976,27249,70516139.989944,42205184,235929600,383778816,583008256,60.39507901202887,1,raw/401__rand_read_4k__r4/attempt-1
53de53e105eb4d65b19bfaed802af211,full,colva4,401,hdd,/dev/sda1,/mnt/hdd1,rand_write_4k,randwrite,4k,1,4,1,1,time_limit,115048448,0.107147216796875,60072,60.072,1915175,1.8264532089233398,467.572247,28088,68360974.592424,66846720,77070336,91750400,616562688,60.34946470335126,1,raw/401__rand_write_4k__r4/attempt-1
53de53e105eb4d65b19bfaed802af211,full,colva4,401,hdd,/dev/sda1,/mnt/hdd1,seq_write,write,1m,1,5,1,1,byte_limit,10737418240,10.0,52236,52.236,205555904,196.03338623046875,196.033387,10240,163044957.954394,160432128,175112192,206569472,717225984,52.54397070594132,1,raw/401__seq_write__r5/attempt-1
53de53e105eb4d65b19bfaed802af211,full,colva4,401,hdd,/dev/sda1,/mnt/hdd1,rand_read_128k,randread,128k,1,5,1,1,time_limit,2692218880,2.50732421875,60177,60.177,44738336,42.665802001953125,341.32642,20540,93641981.603798,52690944,325058560,526385152,826277888,60.49575041607022,1,raw/401__rand_read_128k__r5/attempt-1
53de53e105eb4d65b19bfaed802af211,full,colva4,401,hdd,/dev/sda1,/mnt/hdd1,rand_read_4k,randread,4k,1,5,1,1,time_limit,111702016,0.10403060913085938,60134,60.134,1857551,1.771498680114746,453.503841,27271,70492637.20674,41680896,233832448,400556032,658505728,60.44528814032674,1,raw/401__rand_read_4k__r5/attempt-1
53de53e105eb4d65b19bfaed802af211,full,colva4,401,hdd,/dev/sda1,/mnt/hdd1,rand_write_4k,randwrite,4k,1,5,1,1,time_limit,114847744,0.10696029663085938,60064,60.064,1912089,1.8235101699829102,466.818727,28039,68472682.69118,66846720,78118912,91750400,650117120,60.38710720092058,1,raw/401__rand_write_4k__r5/attempt-1
53de53e105eb4d65b19bfaed802af211,full,colva4,401,hdd,/dev/sda1,/mnt/hdd1,seq_read,read,1m,1,5,1,1,byte_limit,10737418240,10.0,52185,52.185,205756792,196.22496795654297,196.224969,10240,162899990.699902,158334976,166723584,1837105152,1870659584,52.49179759435356,1,raw/401__seq_read__r5/attempt-1
53de53e105eb4d65b19bfaed802af211,full,colva4,402,hdd,/dev/sdc1,/mnt/hdd3,rand_read_128k,randread,128k,1,1,1,1,time_limit,2155347968,2.00732421875,60156,60.156,35829309,34.1694917678833,273.355941,16444,116957612.25444,68681728,383778816,591396864,918552576,60.4499785117805,1,raw/402__rand_read_128k__r1/attempt-1
53de53e105eb4d65b19bfaed802af211,full,colva4,402,hdd,/dev/sdc1,/mnt/hdd3,rand_read_4k,randread,4k,1,1,1,1,time_limit,102723584,0.09566879272460938,60105,60.105,1709068,1.6298942565917969,417.25314,25079,76626255.746361,45875200,250609664,400556032,675282944,60.395179462619126,1,raw/402__rand_read_4k__r1/attempt-1
53de53e105eb4d65b19bfaed802af211,full,colva4,402,hdd,/dev/sdc1,/mnt/hdd3,rand_write_4k,randwrite,4k,1,1,1,1,time_limit,106549248,0.09923171997070312,60076,60.076,1773574,1.6914119720458984,433.001531,26013,73825438.342291,71827456,84410368,126353408,683671552,60.38885018415749,1,raw/402__rand_write_4k__r1/attempt-1
53de53e105eb4d65b19bfaed802af211,full,colva4,402,hdd,/dev/sdc1,/mnt/hdd3,seq_read,read,1m,1,1,1,1,time_limit,6757023744,6.29296875,60297,60.297,112062353,106.87098789215088,106.870989,6444,299179020.994103,295698432,333447168,1853882368,1904214016,60.59678468853235,1,raw/402__seq_read__r1/attempt-1
53de53e105eb4d65b19bfaed802af211,full,colva4,402,hdd,/dev/sdc1,/mnt/hdd3,seq_write,write,1m,1,1,1,1,time_limit,6850347008,6.3798828125,60298,60.298,113608196,108.34521865844727,108.345219,6533,295121138.365376,299892736,316669952,574619648,1132462080,60.648144057020545,1,raw/402__seq_write__r1/attempt-1
53de53e105eb4d65b19bfaed802af211,full,colva4,402,hdd,/dev/sdc1,/mnt/hdd3,rand_read_4k,randread,4k,1,2,1,1,time_limit,101220352,0.094268798828125,60115,60.115,1683778,1.6057758331298828,411.078766,24712,77774334.854038,45875200,258998272,434110464,708837376,60.39561754371971,1,raw/402__rand_read_4k__r2/attempt-1
53de53e105eb4d65b19bfaed802af211,full,colva4,402,hdd,/dev/sdc1,/mnt/hdd3,rand_write_4k,randwrite,4k,1,2,1,1,time_limit,107069440,0.0997161865234375,60073,60.073,1782322,1.6997547149658203,435.13725,26140,73465079.143306,71827456,83361792,124256256,725614592,60.39506440330297,1,raw/402__rand_write_4k__r2/attempt-1
53de53e105eb4d65b19bfaed802af211,full,colva4,402,hdd,/dev/sdc1,/mnt/hdd3,seq_read,read,1m,1,2,1,1,time_limit,6791626752,6.3251953125,60313,60.313,112606349,107.38978290557861,107.389783,6477,297758741.201021,291504128,333447168,1837105152,1853882368,60.646564056165516,1,raw/402__seq_read__r2/attempt-1
53de53e105eb4d65b19bfaed802af211,full,colva4,402,hdd,/dev/sdc1,/mnt/hdd3,seq_write,write,1m,1,2,1,1,time_limit,6846152704,6.3759765625,60308,60.308,113519810,108.26092720031738,108.260927,6529,295260821.715271,299892736,316669952,574619648,1132462080,60.648152800276875,1,raw/402__seq_write__r2/attempt-1
53de53e105eb4d65b19bfaed802af211,full,colva4,402,hdd,/dev/sdc1,/mnt/hdd3,rand_read_128k,randread,128k,1,2,1,1,time_limit,2136997888,1.990234375,60136,60.136,35536083,33.88984966278076,271.118797,16304,117922177.683942,68681728,392167424,633339904,1019215872,60.447110161185265,1,raw/402__rand_read_128k__r2/attempt-1
53de53e105eb4d65b19bfaed802af211,full,colva4,402,hdd,/dev/sdc1,/mnt/hdd3,rand_write_4k,randwrite,4k,1,3,1,1,time_limit,107098112,0.09974288940429688,60073,60.073,1782799,1.700209617614746,435.253775,26147,73448253.878915,71827456,84410368,117964800,641728512,60.39043992385268,1,raw/402__rand_write_4k__r3/attempt-1
53de53e105eb4d65b19bfaed802af211,full,colva4,402,hdd,/dev/sdc1,/mnt/hdd3,seq_read,read,1m,1,3,1,1,time_limit,6701449216,6.2412109375,60281,60.281,111170173,106.02013874053955,106.020139,6391,301609368.667031,295698432,658505728,1266679808,1468006400,60.606824648566544,1,raw/402__seq_read__r3/attempt-1
53de53e105eb4d65b19bfaed802af211,full,colva4,402,hdd,/dev/sdc1,/mnt/hdd3,seq_write,write,1m,1,3,1,1,time_limit,6848249856,6.3779296875,60305,60.305,113560233,108.29947757720947,108.299478,6531,295161154.39213,299892736,316669952,566231040,1115684864,60.64788321405649,1,raw/402__seq_write__r3/attempt-1
53de53e105eb4d65b19bfaed802af211,full,colva4,402,hdd,/dev/sdc1,/mnt/hdd3,rand_read_128k,randread,128k,1,3,1,1,time_limit,2141585408,1.9945068359375,60144,60.144,35607631,33.958083152770996,271.664671,16339,117695289.624028,68681728,383778816,591396864,910163968,60.44547701533884,1,raw/402__rand_read_128k__r3/attempt-1
53de53e105eb4d65b19bfaed802af211,full,colva4,402,hdd,/dev/sdc1,/mnt/hdd3,rand_read_4k,randread,4k,1,3,1,1,time_limit,102776832,0.0957183837890625,60122,60.122,1709471,1.6302785873413086,417.351386,25092,76609835.42372,45350912,254803968,404750336,658505728,60.44597984291613,1,raw/402__rand_read_4k__r3/attempt-1
53de53e105eb4d65b19bfaed802af211,full,colva4,402,hdd,/dev/sdc1,/mnt/hdd3,seq_read,read,1m,1,4,1,1,time_limit,6818889728,6.3505859375,60318,60.318,113049002,107.81192970275879,107.81193,6503,296596552.192681,295698432,299892736,337641472,624951296,60.59681086614728,1,raw/402__seq_read__r4/attempt-1
53de53e105eb4d65b19bfaed802af211,full,colva4,402,hdd,/dev/sdc1,/mnt/hdd3,seq_write,write,1m,1,4,1,1,time_limit,6851395584,6.380859375,60310,60.31,113602977,108.34024143218994,108.340242,6534,295130201.282981,295698432,316669952,599785472,1098907648,60.64947073813528,1,raw/402__seq_write__r4/attempt-1
53de53e105eb4d65b19bfaed802af211,full,colva4,402,hdd,/dev/sdc1,/mnt/hdd3,rand_read_128k,randread,128k,1,4,1,1,time_limit,2154168320,2.0062255859375,60145,60.145,35816249,34.157036781311035,273.256297,16435,116997295.497475,67633152,387973120,583008256,859832320,60.444849360734224,1,raw/402__rand_read_128k__r4/attempt-1
53de53e105eb4d65b19bfaed802af211,full,colva4,402,hdd,/dev/sdc1,/mnt/hdd3,rand_read_4k,randread,4k,1,4,1,1,time_limit,102592512,0.09554672241210938,60122,60.122,1706405,1.627354621887207,416.602907,25047,76743498.513714,45350912,252706816,417333248,692060160,60.44469320215285,1,raw/402__rand_read_4k__r4/attempt-1
53de53e105eb4d65b19bfaed802af211,full,colva4,402,hdd,/dev/sdc1,/mnt/hdd3,rand_write_4k,randwrite,4k,1,4,1,1,time_limit,105377792,0.09814071655273438,60066,60.066,1754366,1.6730937957763672,428.31219,25727,74635568.200685,71827456,85458944,141557760,859832320,60.346080291084945,1,raw/402__rand_write_4k__r4/attempt-1
53de53e105eb4d65b19bfaed802af211,full,colva4,402,hdd,/dev/sdc1,/mnt/hdd3,seq_write,write,1m,1,5,1,1,time_limit,6800015360,6.3330078125,60280,60.28,112807155,107.58128643035889,107.581287,6485,297229993.558366,299892736,320864256,566231040,1149239296,60.59815846942365,1,raw/402__seq_write__r5/attempt-1
53de53e105eb4d65b19bfaed802af211,full,colva4,402,hdd,/dev/sdc1,/mnt/hdd3,rand_read_128k,randread,128k,1,5,1,1,time_limit,2142633984,1.9954833984375,60193,60.193,35596065,33.94705295562744,271.576429,16347,117723680.8259,66846720,392167424,616562688,985661440,60.495551289990544,1,raw/402__rand_read_128k__r5/attempt-1
53de53e105eb4d65b19bfaed802af211,full,colva4,402,hdd,/dev/sdc1,/mnt/hdd3,rand_read_4k,randread,4k,1,5,1,1,time_limit,101396480,0.09443283081054688,60126,60.126,1686399,1.6082754135131836,411.718724,24755,77654234.650414,45350912,258998272,429916160,683671552,60.44586310535669,1,raw/402__rand_read_4k__r5/attempt-1
53de53e105eb4d65b19bfaed802af211,full,colva4,402,hdd,/dev/sdc1,/mnt/hdd3,rand_write_4k,randwrite,4k,1,5,1,1,time_limit,106020864,0.0987396240234375,60086,60.086,1764485,1.682744026184082,430.782545,25884,74208434.518622,70778880,88604672,143654912,742391808,60.395508200861514,1,raw/402__rand_write_4k__r5/attempt-1
53de53e105eb4d65b19bfaed802af211,full,colva4,402,hdd,/dev/sdc1,/mnt/hdd3,seq_read,read,1m,1,5,1,1,time_limit,6682574848,6.2236328125,60286,60.286,110847872,105.7127685546875,105.712769,6373,302491928.924839,295698432,375390208,497025024,1853882368,60.59819760918617,1,raw/402__seq_read__r5/attempt-1
53de53e105eb4d65b19bfaed802af211,full,colva4,407,nvme,/dev/nvme3n1,/mnt/nvme3,rand_read_128k,randread,128k,1,1,1,1,byte_limit,10737418240,10.0,1914,1.914,5609936384,5350.05224609375,42800.417973,81920,737013.924573,456704,2408448,3260416,4014080,2.2159325052052736,1,raw/407__rand_read_128k__r1/attempt-1
53de53e105eb4d65b19bfaed802af211,full,colva4,407,nvme,/dev/nvme3n1,/mnt/nvme3,rand_read_4k,randread,4k,1,1,1,1,byte_limit,10737418240,10.0,6336,6.336,1694668282,1616.161615371704,413737.373737,2621440,75290.436255,72192,95744,112128,146432,6.617948619648814,1,raw/407__rand_read_4k__r1/attempt-1
53de53e105eb4d65b19bfaed802af211,full,colva4,407,nvme,/dev/nvme3n1,/mnt/nvme3,rand_write_4k,randwrite,4k,1,1,1,1,byte_limit,10737418240,10.0,8757,8.757,1226152591,1169.3502340316772,299353.659929,2621440,104079.106889,105984,116224,136192,216064,9.066920487210155,1,raw/407__rand_write_4k__r1/attempt-1
53de53e105eb4d65b19bfaed802af211,full,colva4,407,nvme,/dev/nvme3n1,/mnt/nvme3,seq_read,read,1m,1,1,1,1,byte_limit,10737418240,10.0,4635,4.635,2316595089,2209.277237892151,2209.277238,10240,14292770.580957,14221312,14483456,14614528,23199744,4.919384874403477,1,raw/407__seq_read__r1/attempt-1
53de53e105eb4d65b19bfaed802af211,full,colva4,407,nvme,/dev/nvme3n1,/mnt/nvme3,seq_write,write,1m,1,1,1,1,byte_limit,10737418240,10.0,2188,2.188,4907412358,4680.073125839233,4680.073126,10240,6752215.583984,6586368,6651904,10813440,15007744,2.5166484899818897,1,raw/407__seq_write__r1/attempt-1
53de53e105eb4d65b19bfaed802af211,full,colva4,407,nvme,/dev/nvme3n1,/mnt/nvme3,rand_read_4k,randread,4k,1,2,1,1,byte_limit,10737418240,10.0,6313,6.313,1700842426,1622.0497379302979,415244.73309,2621440,75019.965199,72192,95744,112128,142336,6.617880068719387,1,raw/407__rand_read_4k__r2/attempt-1
53de53e105eb4d65b19bfaed802af211,full,colva4,407,nvme,/dev/nvme3n1,/mnt/nvme3,rand_write_4k,randwrite,4k,1,2,1,1,byte_limit,10737418240,10.0,8727,8.727,1230367622,1173.3700008392334,300382.720293,2621440,103717.999931,105984,116224,138240,222208,9.01863325573504,1,raw/407__rand_write_4k__r2/attempt-1
53de53e105eb4d65b19bfaed802af211,full,colva4,407,nvme,/dev/nvme3n1,/mnt/nvme3,seq_read,read,1m,1,2,1,1,byte_limit,10737418240,10.0,4627,4.627,2320600440,2213.097038269043,2213.097039,10240,14277121.690625,14221312,14352384,14483456,23199744,4.919942978769541,1,raw/407__seq_read__r2/attempt-1
53de53e105eb4d65b19bfaed802af211,full,colva4,407,nvme,/dev/nvme3n1,/mnt/nvme3,seq_write,write,1m,1,2,1,1,byte_limit,10737418240,10.0,2187,2.187,4909656259,4682.213076591492,4682.213077,10240,6747807.694140999,6586368,6651904,10944512,11993088,2.516785998828709,1,raw/407__seq_write__r2/attempt-1
53de53e105eb4d65b19bfaed802af211,full,colva4,407,nvme,/dev/nvme3n1,/mnt/nvme3,rand_read_128k,randread,128k,1,2,1,1,byte_limit,10737418240,10.0,1908,1.908,5627577693,5366.876309394836,42935.010482,81920,735877.859802,452608,2408448,3325952,4112384,2.215983919799328,1,raw/407__rand_read_128k__r2/attempt-1
53de53e105eb4d65b19bfaed802af211,full,colva4,407,nvme,/dev/nvme3n1,/mnt/nvme3,rand_write_4k,randwrite,4k,1,3,1,1,byte_limit,10737418240,10.0,8754,8.754,1226572794,1169.750970840454,299456.248572,2621440,104045.263865,105984,116224,138240,234496,9.034973207861185,1,raw/407__rand_write_4k__r3/attempt-1
53de53e105eb4d65b19bfaed802af211,full,colva4,407,nvme,/dev/nvme3n1,/mnt/nvme3,seq_read,read,1m,1,3,1,1,byte_limit,10737418240,10.0,4627,4.627,2320600440,2213.097038269043,2213.097039,10240,14271171.292675998,14221312,14483456,14483456,23199744,4.919563448056579,1,raw/407__seq_read__r3/attempt-1
53de53e105eb4d65b19bfaed802af211,full,colva4,407,nvme,/dev/nvme3n1,/mnt/nvme3,seq_write,write,1m,1,3,1,1,byte_limit,10737418240,10.0,2193,2.193,4896223547,4669.40264415741,4669.402645,10240,6767280.848047,6586368,6717440,10944512,13172736,2.5175227634608746,1,raw/407__seq_write__r3/attempt-1
53de53e105eb4d65b19bfaed802af211,full,colva4,407,nvme,/dev/nvme3n1,/mnt/nvme3,rand_read_128k,randread,128k,1,3,1,1,byte_limit,10737418240,10.0,1883,1.883,5702293276,5438.130641937256,43505.045141,81920,724956.896179,436224,2441216,3620864,4489216,2.1656964337453246,1,raw/407__rand_read_128k__r3/attempt-1
53de53e105eb4d65b19bfaed802af211,full,colva4,407,nvme,/dev/nvme3n1,/mnt/nvme3,rand_read_4k,randread,4k,1,3,1,1,byte_limit,10737418240,10.0,6325,6.325,1697615532,1618.9723320007324,414456.916996,2621440,75168.588234,72192,95744,114176,148480,6.617739514447749,1,raw/407__rand_read_4k__r3/attempt-1
53de53e105eb4d65b19bfaed802af211,full,colva4,407,nvme,/dev/nvme3n1,/mnt/nvme3,seq_read,read,1m,1,4,1,1,byte_limit,10737418240,10.0,1538,1.538,6981416280,6657.997398376465,6657.997399,10240,4722821.587109,4685824,4816896,5013504,8978432,1.867680092342198,1,raw/407__seq_read__r4/attempt-1
53de53e105eb4d65b19bfaed802af211,full,colva4,407,nvme,/dev/nvme3n1,/mnt/nvme3,seq_write,write,1m,1,4,1,1,byte_limit,10737418240,10.0,2091,2.091,5135063720,4897.178382873535,4897.178384,10240,6451491.473926,6258688,6389760,11993088,13041664,2.416710096411407,1,raw/407__seq_write__r4/attempt-1
53de53e105eb4d65b19bfaed802af211,full,colva4,407,nvme,/dev/nvme3n1,/mnt/nvme3,rand_read_128k,randread,128k,1,4,1,1,byte_limit,10737418240,10.0,1905,1.905,5636440020,5375.32808303833,43002.624672,81920,733598.124097,428032,2506752,3424256,4227072,2.2157798754051328,1,raw/407__rand_read_128k__r4/attempt-1
53de53e105eb4d65b19bfaed802af211,full,colva4,407,nvme,/dev/nvme3n1,/mnt/nvme3,rand_read_4k,randread,4k,1,4,1,1,byte_limit,10737418240,10.0,6315,6.315,1700303759,1621.5360250473022,415113.222486,2621440,75048.51506,72192,95744,112128,142336,6.618033821694553,1,raw/407__rand_read_4k__r4/attempt-1
53de53e105eb4d65b19bfaed802af211,full,colva4,407,nvme,/dev/nvme3n1,/mnt/nvme3,rand_write_4k,randwrite,4k,1,4,1,1,byte_limit,10737418240,10.0,8672,8.672,1238170922,1180.8118076324463,302287.822878,2621440,103047.143439,104960,115200,134144,218112,8.969397678039968,1,raw/407__rand_write_4k__r4/attempt-1
53de53e105eb4d65b19bfaed802af211,full,colva4,407,nvme,/dev/nvme3n1,/mnt/nvme3,seq_write,write,1m,1,5,1,1,byte_limit,10737418240,10.0,2194,2.194,4893991905,4667.274384498596,4667.274385,10240,6769732.208203,6586368,6717440,11075584,12648448,2.5171077148988843,1,raw/407__seq_write__r5/attempt-1
53de53e105eb4d65b19bfaed802af211,full,colva4,407,nvme,/dev/nvme3n1,/mnt/nvme3,rand_read_128k,randread,128k,1,5,1,1,byte_limit,10737418240,10.0,1904,1.904,5639400336,5378.151260375977,43025.210084,81920,734196.076892,399360,2637824,3522560,4292608,2.2159542962908745,1,raw/407__rand_read_128k__r5/attempt-1
53de53e105eb4d65b19bfaed802af211,full,colva4,407,nvme,/dev/nvme3n1,/mnt/nvme3,rand_read_4k,randread,4k,1,5,1,1,byte_limit,10737418240,10.0,6320,6.32,1698958582,1620.2531642913818,414784.810127,2621440,75107.820782,72192,95744,112128,138240,6.617963940836489,1,raw/407__rand_read_4k__r5/attempt-1
53de53e105eb4d65b19bfaed802af211,full,colva4,407,nvme,/dev/nvme3n1,/mnt/nvme3,rand_write_4k,randwrite,4k,1,5,1,1,byte_limit,10737418240,10.0,8822,8.822,1217118367,1160.7345266342163,297148.038993,2621440,104851.230403,105984,119296,193536,240640,9.117697886191308,1,raw/407__rand_write_4k__r5/attempt-1
53de53e105eb4d65b19bfaed802af211,full,colva4,407,nvme,/dev/nvme3n1,/mnt/nvme3,seq_read,read,1m,1,5,1,1,byte_limit,10737418240,10.0,4627,4.627,2320600440,2213.097038269043,2213.097039,10240,14250803.75127,14221312,14352384,14483456,23199744,4.9196687657386065,1,raw/407__seq_read__r5/attempt-1
